# WaveFront *.obj file (generated by Cinema 4D)

v 0.000000 -1.000000 0.000000
v 0.000000 1.000000 0.000000
v 0.062791 -0.998027 0.000000
v 0.062667 -0.998027 -0.003943
v 0.062295 -0.998027 -0.007870
v 0.061678 -0.998027 -0.011766
v 0.060818 -0.998027 -0.015615
v 0.059717 -0.998027 -0.019403
v 0.058381 -0.998027 -0.023115
v 0.056815 -0.998027 -0.026735
v 0.055024 -0.998027 -0.030250
v 0.053016 -0.998027 -0.033645
v 0.050799 -0.998027 -0.036907
v 0.048381 -0.998027 -0.040024
v 0.045772 -0.998027 -0.042983
v 0.042983 -0.998027 -0.045772
v 0.040024 -0.998027 -0.048381
v 0.036907 -0.998027 -0.050799
v 0.033645 -0.998027 -0.053016
v 0.030250 -0.998027 -0.055024
v 0.026735 -0.998027 -0.056815
v 0.023115 -0.998027 -0.058381
v 0.019403 -0.998027 -0.059717
v 0.015615 -0.998027 -0.060818
v 0.011766 -0.998027 -0.061678
v 0.007870 -0.998027 -0.062295
v 0.003943 -0.998027 -0.062667
v -0.000000 -0.998027 -0.062791
v -0.003943 -0.998027 -0.062667
v -0.007870 -0.998027 -0.062295
v -0.011766 -0.998027 -0.061678
v -0.015615 -0.998027 -0.060818
v -0.019403 -0.998027 -0.059717
v -0.023115 -0.998027 -0.058381
v -0.026735 -0.998027 -0.056815
v -0.030250 -0.998027 -0.055024
v -0.033645 -0.998027 -0.053016
v -0.036907 -0.998027 -0.050799
v -0.040024 -0.998027 -0.048381
v -0.042983 -0.998027 -0.045772
v -0.045772 -0.998027 -0.042983
v -0.048381 -0.998027 -0.040024
v -0.050799 -0.998027 -0.036907
v -0.053016 -0.998027 -0.033645
v -0.055024 -0.998027 -0.030250
v -0.056815 -0.998027 -0.026735
v -0.058381 -0.998027 -0.023115
v -0.059717 -0.998027 -0.019403
v -0.060818 -0.998027 -0.015615
v -0.061678 -0.998027 -0.011766
v -0.062295 -0.998027 -0.007870
v -0.062667 -0.998027 -0.003943
v -0.062791 -0.998027 0.000000
v -0.062667 -0.998027 0.003943
v -0.062295 -0.998027 0.007870
v -0.061678 -0.998027 0.011766
v -0.060818 -0.998027 0.015615
v -0.059717 -0.998027 0.019403
v -0.058381 -0.998027 0.023115
v -0.056815 -0.998027 0.026735
v -0.055024 -0.998027 0.030250
v -0.053016 -0.998027 0.033645
v -0.050799 -0.998027 0.036907
v -0.048381 -0.998027 0.040024
v -0.045772 -0.998027 0.042983
v -0.042983 -0.998027 0.045772
v -0.040024 -0.998027 0.048381
v -0.036907 -0.998027 0.050799
v -0.033645 -0.998027 0.053016
v -0.030250 -0.998027 0.055024
v -0.026735 -0.998027 0.056815
v -0.023115 -0.998027 0.058381
v -0.019403 -0.998027 0.059717
v -0.015615 -0.998027 0.060818
v -0.011766 -0.998027 0.061678
v -0.007870 -0.998027 0.062295
v -0.003943 -0.998027 0.062667
v -0.000000 -0.998027 0.062791
v 0.003943 -0.998027 0.062667
v 0.007870 -0.998027 0.062295
v 0.011766 -0.998027 0.061678
v 0.015615 -0.998027 0.060818
v 0.019403 -0.998027 0.059717
v 0.023115 -0.998027 0.058381
v 0.026735 -0.998027 0.056815
v 0.030250 -0.998027 0.055024
v 0.033645 -0.998027 0.053016
v 0.036907 -0.998027 0.050799
v 0.040024 -0.998027 0.048381
v 0.042983 -0.998027 0.045772
v 0.045772 -0.998027 0.042983
v 0.048381 -0.998027 0.040024
v 0.050799 -0.998027 0.036907
v 0.053016 -0.998027 0.033645
v 0.055024 -0.998027 0.030250
v 0.056815 -0.998027 0.026735
v 0.058381 -0.998027 0.023115
v 0.059717 -0.998027 0.019403
v 0.060818 -0.998027 0.015615
v 0.061678 -0.998027 0.011766
v 0.062295 -0.998027 0.007870
v 0.062667 -0.998027 0.003943
v 0.125333 -0.992115 0.000000
v 0.125086 -0.992115 -0.007870
v 0.124345 -0.992115 -0.015708
v 0.123113 -0.992115 -0.023485
v 0.121396 -0.992115 -0.031169
v 0.119199 -0.992115 -0.038730
v 0.116532 -0.992115 -0.046138
v 0.113405 -0.992115 -0.053364
v 0.109830 -0.992115 -0.060380
v 0.105822 -0.992115 -0.067157
v 0.101397 -0.992115 -0.073669
v 0.096571 -0.992115 -0.079890
v 0.091364 -0.992115 -0.085797
v 0.085797 -0.992115 -0.091364
v 0.079890 -0.992115 -0.096571
v 0.073669 -0.992115 -0.101397
v 0.067157 -0.992115 -0.105822
v 0.060380 -0.992115 -0.109830
v 0.053364 -0.992115 -0.113405
v 0.046138 -0.992115 -0.116532
v 0.038730 -0.992115 -0.119199
v 0.031169 -0.992115 -0.121396
v 0.023485 -0.992115 -0.123113
v 0.015708 -0.992115 -0.124345
v 0.007870 -0.992115 -0.125086
v -0.000000 -0.992115 -0.125333
v -0.007870 -0.992115 -0.125086
v -0.015708 -0.992115 -0.124345
v -0.023485 -0.992115 -0.123113
v -0.031169 -0.992115 -0.121396
v -0.038730 -0.992115 -0.119199
v -0.046138 -0.992115 -0.116532
v -0.053364 -0.992115 -0.113405
v -0.060380 -0.992115 -0.109830
v -0.067157 -0.992115 -0.105822
v -0.073669 -0.992115 -0.101397
v -0.079890 -0.992115 -0.096571
v -0.085797 -0.992115 -0.091364
v -0.091364 -0.992115 -0.085797
v -0.096571 -0.992115 -0.079890
v -0.101397 -0.992115 -0.073669
v -0.105822 -0.992115 -0.067157
v -0.109830 -0.992115 -0.060380
v -0.113405 -0.992115 -0.053364
v -0.116532 -0.992115 -0.046138
v -0.119199 -0.992115 -0.038730
v -0.121396 -0.992115 -0.031169
v -0.123113 -0.992115 -0.023485
v -0.124345 -0.992115 -0.015708
v -0.125086 -0.992115 -0.007870
v -0.125333 -0.992115 0.000000
v -0.125086 -0.992115 0.007870
v -0.124345 -0.992115 0.015708
v -0.123113 -0.992115 0.023485
v -0.121396 -0.992115 0.031169
v -0.119199 -0.992115 0.038730
v -0.116532 -0.992115 0.046138
v -0.113405 -0.992115 0.053364
v -0.109830 -0.992115 0.060380
v -0.105822 -0.992115 0.067157
v -0.101397 -0.992115 0.073669
v -0.096571 -0.992115 0.079890
v -0.091364 -0.992115 0.085797
v -0.085797 -0.992115 0.091364
v -0.079890 -0.992115 0.096571
v -0.073669 -0.992115 0.101397
v -0.067157 -0.992115 0.105822
v -0.060380 -0.992115 0.109830
v -0.053364 -0.992115 0.113405
v -0.046138 -0.992115 0.116532
v -0.038730 -0.992115 0.119199
v -0.031169 -0.992115 0.121396
v -0.023485 -0.992115 0.123113
v -0.015708 -0.992115 0.124345
v -0.007870 -0.992115 0.125086
v -0.000000 -0.992115 0.125333
v 0.007870 -0.992115 0.125086
v 0.015708 -0.992115 0.124345
v 0.023485 -0.992115 0.123113
v 0.031169 -0.992115 0.121396
v 0.038730 -0.992115 0.119199
v 0.046138 -0.992115 0.116532
v 0.053364 -0.992115 0.113405
v 0.060380 -0.992115 0.109830
v 0.067157 -0.992115 0.105822
v 0.073669 -0.992115 0.101397
v 0.079890 -0.992115 0.096571
v 0.085797 -0.992115 0.091364
v 0.091364 -0.992115 0.085797
v 0.096571 -0.992115 0.079890
v 0.101397 -0.992115 0.073669
v 0.105822 -0.992115 0.067157
v 0.109830 -0.992115 0.060380
v 0.113405 -0.992115 0.053364
v 0.116532 -0.992115 0.046138
v 0.119199 -0.992115 0.038730
v 0.121396 -0.992115 0.031169
v 0.123113 -0.992115 0.023485
v 0.124345 -0.992115 0.015708
v 0.125086 -0.992115 0.007870
v 0.187381 -0.982287 0.000000
v 0.187012 -0.982287 -0.011766
v 0.185904 -0.982287 -0.023485
v 0.184062 -0.982287 -0.035112
v 0.181494 -0.982287 -0.046600
v 0.178210 -0.982287 -0.057904
v 0.174223 -0.982287 -0.068980
v 0.169548 -0.982287 -0.079783
v 0.164203 -0.982287 -0.090272
v 0.158211 -0.982287 -0.100404
v 0.151595 -0.982287 -0.110140
v 0.144380 -0.982287 -0.119441
v 0.136595 -0.982287 -0.128271
v 0.128271 -0.982287 -0.136595
v 0.119441 -0.982287 -0.144380
v 0.110140 -0.982287 -0.151595
v 0.100404 -0.982287 -0.158211
v 0.090272 -0.982287 -0.164203
v 0.079783 -0.982287 -0.169548
v 0.068980 -0.982287 -0.174223
v 0.057904 -0.982287 -0.178210
v 0.046600 -0.982287 -0.181494
v 0.035112 -0.982287 -0.184062
v 0.023485 -0.982287 -0.185904
v 0.011766 -0.982287 -0.187012
v -0.000000 -0.982287 -0.187381
v -0.011766 -0.982287 -0.187012
v -0.023485 -0.982287 -0.185904
v -0.035112 -0.982287 -0.184062
v -0.046600 -0.982287 -0.181494
v -0.057904 -0.982287 -0.178210
v -0.068980 -0.982287 -0.174223
v -0.079783 -0.982287 -0.169548
v -0.090272 -0.982287 -0.164203
v -0.100404 -0.982287 -0.158211
v -0.110140 -0.982287 -0.151595
v -0.119441 -0.982287 -0.144380
v -0.128271 -0.982287 -0.136595
v -0.136595 -0.982287 -0.128271
v -0.144380 -0.982287 -0.119441
v -0.151595 -0.982287 -0.110140
v -0.158211 -0.982287 -0.100404
v -0.164203 -0.982287 -0.090272
v -0.169548 -0.982287 -0.079783
v -0.174223 -0.982287 -0.068980
v -0.178210 -0.982287 -0.057904
v -0.181494 -0.982287 -0.046600
v -0.184062 -0.982287 -0.035112
v -0.185904 -0.982287 -0.023485
v -0.187012 -0.982287 -0.011766
v -0.187381 -0.982287 0.000000
v -0.187012 -0.982287 0.011766
v -0.185904 -0.982287 0.023485
v -0.184062 -0.982287 0.035112
v -0.181494 -0.982287 0.046600
v -0.178210 -0.982287 0.057904
v -0.174223 -0.982287 0.068980
v -0.169548 -0.982287 0.079783
v -0.164203 -0.982287 0.090272
v -0.158211 -0.982287 0.100404
v -0.151595 -0.982287 0.110140
v -0.144380 -0.982287 0.119441
v -0.136595 -0.982287 0.128271
v -0.128271 -0.982287 0.136595
v -0.119441 -0.982287 0.144380
v -0.110140 -0.982287 0.151595
v -0.100404 -0.982287 0.158211
v -0.090272 -0.982287 0.164203
v -0.079783 -0.982287 0.169548
v -0.068980 -0.982287 0.174223
v -0.057904 -0.982287 0.178210
v -0.046600 -0.982287 0.181494
v -0.035112 -0.982287 0.184062
v -0.023485 -0.982287 0.185904
v -0.011766 -0.982287 0.187012
v -0.000000 -0.982287 0.187381
v 0.011766 -0.982287 0.187012
v 0.023485 -0.982287 0.185904
v 0.035112 -0.982287 0.184062
v 0.046600 -0.982287 0.181494
v 0.057904 -0.982287 0.178210
v 0.068980 -0.982287 0.174223
v 0.079783 -0.982287 0.169548
v 0.090272 -0.982287 0.164203
v 0.100404 -0.982287 0.158211
v 0.110140 -0.982287 0.151595
v 0.119441 -0.982287 0.144380
v 0.128271 -0.982287 0.136595
v 0.136595 -0.982287 0.128271
v 0.144380 -0.982287 0.119441
v 0.151595 -0.982287 0.110140
v 0.158211 -0.982287 0.100404
v 0.164203 -0.982287 0.090272
v 0.169548 -0.982287 0.079783
v 0.174223 -0.982287 0.068980
v 0.178210 -0.982287 0.057904
v 0.181494 -0.982287 0.046600
v 0.184062 -0.982287 0.035112
v 0.185904 -0.982287 0.023485
v 0.187012 -0.982287 0.011766
v 0.248690 -0.968583 0.000000
v 0.248199 -0.968583 -0.015615
v 0.246729 -0.968583 -0.031169
v 0.244285 -0.968583 -0.046600
v 0.240877 -0.968583 -0.061847
v 0.236518 -0.968583 -0.076849
v 0.231226 -0.968583 -0.091549
v 0.225021 -0.968583 -0.105887
v 0.217929 -0.968583 -0.119807
v 0.209976 -0.968583 -0.133255
v 0.201194 -0.968583 -0.146176
v 0.191619 -0.968583 -0.158521
v 0.181287 -0.968583 -0.170240
v 0.170240 -0.968583 -0.181287
v 0.158521 -0.968583 -0.191619
v 0.146176 -0.968583 -0.201194
v 0.133255 -0.968583 -0.209976
v 0.119807 -0.968583 -0.217929
v 0.105887 -0.968583 -0.225021
v 0.091549 -0.968583 -0.231226
v 0.076849 -0.968583 -0.236518
v 0.061847 -0.968583 -0.240877
v 0.046600 -0.968583 -0.244285
v 0.031169 -0.968583 -0.246729
v 0.015615 -0.968583 -0.248199
v -0.000000 -0.968583 -0.248690
v -0.015615 -0.968583 -0.248199
v -0.031169 -0.968583 -0.246729
v -0.046600 -0.968583 -0.244285
v -0.061847 -0.968583 -0.240877
v -0.076849 -0.968583 -0.236518
v -0.091549 -0.968583 -0.231226
v -0.105887 -0.968583 -0.225021
v -0.119807 -0.968583 -0.217929
v -0.133255 -0.968583 -0.209976
v -0.146176 -0.968583 -0.201194
v -0.158521 -0.968583 -0.191619
v -0.170240 -0.968583 -0.181287
v -0.181287 -0.968583 -0.170240
v -0.191619 -0.968583 -0.158521
v -0.201194 -0.968583 -0.146176
v -0.209976 -0.968583 -0.133255
v -0.217929 -0.968583 -0.119807
v -0.225021 -0.968583 -0.105887
v -0.231226 -0.968583 -0.091549
v -0.236518 -0.968583 -0.076849
v -0.240877 -0.968583 -0.061847
v -0.244285 -0.968583 -0.046600
v -0.246729 -0.968583 -0.031169
v -0.248199 -0.968583 -0.015615
v -0.248690 -0.968583 0.000000
v -0.248199 -0.968583 0.015615
v -0.246729 -0.968583 0.031169
v -0.244285 -0.968583 0.046600
v -0.240877 -0.968583 0.061847
v -0.236518 -0.968583 0.076849
v -0.231226 -0.968583 0.091549
v -0.225021 -0.968583 0.105887
v -0.217929 -0.968583 0.119807
v -0.209976 -0.968583 0.133255
v -0.201194 -0.968583 0.146176
v -0.191619 -0.968583 0.158521
v -0.181287 -0.968583 0.170240
v -0.170240 -0.968583 0.181287
v -0.158521 -0.968583 0.191619
v -0.146176 -0.968583 0.201194
v -0.133255 -0.968583 0.209976
v -0.119807 -0.968583 0.217929
v -0.105887 -0.968583 0.225021
v -0.091549 -0.968583 0.231226
v -0.076849 -0.968583 0.236518
v -0.061847 -0.968583 0.240877
v -0.046600 -0.968583 0.244285
v -0.031169 -0.968583 0.246729
v -0.015615 -0.968583 0.248199
v -0.000000 -0.968583 0.248690
v 0.015615 -0.968583 0.248199
v 0.031169 -0.968583 0.246729
v 0.046600 -0.968583 0.244285
v 0.061847 -0.968583 0.240877
v 0.076849 -0.968583 0.236518
v 0.091549 -0.968583 0.231226
v 0.105887 -0.968583 0.225021
v 0.119807 -0.968583 0.217929
v 0.133255 -0.968583 0.209976
v 0.146176 -0.968583 0.201194
v 0.158521 -0.968583 0.191619
v 0.170240 -0.968583 0.181287
v 0.181287 -0.968583 0.170240
v 0.191619 -0.968583 0.158521
v 0.201194 -0.968583 0.146176
v 0.209976 -0.968583 0.133255
v 0.217929 -0.968583 0.119807
v 0.225021 -0.968583 0.105887
v 0.231226 -0.968583 0.091549
v 0.236518 -0.968583 0.076849
v 0.240877 -0.968583 0.061847
v 0.244285 -0.968583 0.046600
v 0.246729 -0.968583 0.031169
v 0.248199 -0.968583 0.015615
v 0.309017 -0.951057 0.000000
v 0.308407 -0.951057 -0.019403
v 0.306580 -0.951057 -0.038730
v 0.303543 -0.951057 -0.057904
v 0.299309 -0.951057 -0.076849
v 0.293893 -0.951057 -0.095492
v 0.287317 -0.951057 -0.113757
v 0.279607 -0.951057 -0.131573
v 0.270794 -0.951057 -0.148870
v 0.260912 -0.951057 -0.165580
v 0.250000 -0.951057 -0.181636
v 0.238102 -0.951057 -0.196975
v 0.225264 -0.951057 -0.211537
v 0.211537 -0.951057 -0.225264
v 0.196975 -0.951057 -0.238102
v 0.181636 -0.951057 -0.250000
v 0.165580 -0.951057 -0.260912
v 0.148870 -0.951057 -0.270794
v 0.131573 -0.951057 -0.279607
v 0.113757 -0.951057 -0.287317
v 0.095492 -0.951057 -0.293893
v 0.076849 -0.951057 -0.299309
v 0.057904 -0.951057 -0.303543
v 0.038730 -0.951057 -0.306580
v 0.019403 -0.951057 -0.308407
v -0.000000 -0.951057 -0.309017
v -0.019403 -0.951057 -0.308407
v -0.038730 -0.951057 -0.306580
v -0.057904 -0.951057 -0.303543
v -0.076849 -0.951057 -0.299309
v -0.095492 -0.951057 -0.293893
v -0.113757 -0.951057 -0.287317
v -0.131573 -0.951057 -0.279607
v -0.148870 -0.951057 -0.270794
v -0.165580 -0.951057 -0.260912
v -0.181636 -0.951057 -0.250000
v -0.196975 -0.951057 -0.238102
v -0.211537 -0.951057 -0.225264
v -0.225264 -0.951057 -0.211537
v -0.238102 -0.951057 -0.196975
v -0.250000 -0.951057 -0.181636
v -0.260912 -0.951057 -0.165580
v -0.270794 -0.951057 -0.148870
v -0.279607 -0.951057 -0.131573
v -0.287317 -0.951057 -0.113757
v -0.293893 -0.951057 -0.095492
v -0.299309 -0.951057 -0.076849
v -0.303543 -0.951057 -0.057904
v -0.306580 -0.951057 -0.038730
v -0.308407 -0.951057 -0.019403
v -0.309017 -0.951057 0.000000
v -0.308407 -0.951057 0.019403
v -0.306580 -0.951057 0.038730
v -0.303543 -0.951057 0.057904
v -0.299309 -0.951057 0.076849
v -0.293893 -0.951057 0.095492
v -0.287317 -0.951057 0.113757
v -0.279607 -0.951057 0.131573
v -0.270794 -0.951057 0.148870
v -0.260912 -0.951057 0.165580
v -0.250000 -0.951057 0.181636
v -0.238102 -0.951057 0.196975
v -0.225264 -0.951057 0.211537
v -0.211537 -0.951057 0.225264
v -0.196975 -0.951057 0.238102
v -0.181636 -0.951057 0.250000
v -0.165580 -0.951057 0.260912
v -0.148870 -0.951057 0.270794
v -0.131573 -0.951057 0.279607
v -0.113757 -0.951057 0.287317
v -0.095492 -0.951057 0.293893
v -0.076849 -0.951057 0.299309
v -0.057904 -0.951057 0.303543
v -0.038730 -0.951057 0.306580
v -0.019403 -0.951057 0.308407
v -0.000000 -0.951057 0.309017
v 0.019403 -0.951057 0.308407
v 0.038730 -0.951057 0.306580
v 0.057904 -0.951057 0.303543
v 0.076849 -0.951057 0.299309
v 0.095492 -0.951057 0.293893
v 0.113757 -0.951057 0.287317
v 0.131573 -0.951057 0.279607
v 0.148870 -0.951057 0.270794
v 0.165580 -0.951057 0.260912
v 0.181636 -0.951057 0.250000
v 0.196975 -0.951057 0.238102
v 0.211537 -0.951057 0.225264
v 0.225264 -0.951057 0.211537
v 0.238102 -0.951057 0.196975
v 0.250000 -0.951057 0.181636
v 0.260912 -0.951057 0.165580
v 0.270794 -0.951057 0.148870
v 0.279607 -0.951057 0.131573
v 0.287317 -0.951057 0.113757
v 0.293893 -0.951057 0.095492
v 0.299309 -0.951057 0.076849
v 0.303543 -0.951057 0.057904
v 0.306580 -0.951057 0.038730
v 0.308407 -0.951057 0.019403
v 0.368125 -0.929776 0.000000
v 0.367398 -0.929776 -0.023115
v 0.365222 -0.929776 -0.046138
v 0.361604 -0.929776 -0.068980
v 0.356559 -0.929776 -0.091549
v 0.350107 -0.929776 -0.113757
v 0.342274 -0.929776 -0.135516
v 0.333089 -0.929776 -0.156740
v 0.322590 -0.929776 -0.177345
v 0.310818 -0.929776 -0.197251
v 0.297819 -0.929776 -0.216378
v 0.283645 -0.929776 -0.234651
v 0.268351 -0.929776 -0.251999
v 0.251999 -0.929776 -0.268351
v 0.234651 -0.929776 -0.283645
v 0.216378 -0.929776 -0.297819
v 0.197251 -0.929776 -0.310818
v 0.177345 -0.929776 -0.322590
v 0.156740 -0.929776 -0.333089
v 0.135516 -0.929776 -0.342274
v 0.113757 -0.929776 -0.350107
v 0.091549 -0.929776 -0.356559
v 0.068980 -0.929776 -0.361604
v 0.046138 -0.929776 -0.365222
v 0.023115 -0.929776 -0.367398
v -0.000000 -0.929776 -0.368125
v -0.023115 -0.929776 -0.367398
v -0.046138 -0.929776 -0.365222
v -0.068980 -0.929776 -0.361604
v -0.091549 -0.929776 -0.356559
v -0.113757 -0.929776 -0.350107
v -0.135516 -0.929776 -0.342274
v -0.156740 -0.929776 -0.333089
v -0.177345 -0.929776 -0.322590
v -0.197251 -0.929776 -0.310818
v -0.216378 -0.929776 -0.297819
v -0.234651 -0.929776 -0.283645
v -0.251999 -0.929776 -0.268351
v -0.268351 -0.929776 -0.251999
v -0.283645 -0.929776 -0.234651
v -0.297819 -0.929776 -0.216378
v -0.310818 -0.929776 -0.197251
v -0.322590 -0.929776 -0.177345
v -0.333089 -0.929776 -0.156740
v -0.342274 -0.929776 -0.135516
v -0.350107 -0.929776 -0.113757
v -0.356559 -0.929776 -0.091549
v -0.361604 -0.929776 -0.068980
v -0.365222 -0.929776 -0.046138
v -0.367398 -0.929776 -0.023115
v -0.368125 -0.929776 0.000000
v -0.367398 -0.929776 0.023115
v -0.365222 -0.929776 0.046138
v -0.361604 -0.929776 0.068980
v -0.356559 -0.929776 0.091549
v -0.350107 -0.929776 0.113757
v -0.342274 -0.929776 0.135516
v -0.333089 -0.929776 0.156740
v -0.322590 -0.929776 0.177345
v -0.310818 -0.929776 0.197251
v -0.297819 -0.929776 0.216378
v -0.283645 -0.929776 0.234651
v -0.268351 -0.929776 0.251999
v -0.251999 -0.929776 0.268351
v -0.234651 -0.929776 0.283645
v -0.216378 -0.929776 0.297819
v -0.197251 -0.929776 0.310818
v -0.177345 -0.929776 0.322590
v -0.156740 -0.929776 0.333089
v -0.135516 -0.929776 0.342274
v -0.113757 -0.929776 0.350107
v -0.091549 -0.929776 0.356559
v -0.068980 -0.929776 0.361604
v -0.046138 -0.929776 0.365222
v -0.023115 -0.929776 0.367398
v -0.000000 -0.929776 0.368125
v 0.023115 -0.929776 0.367398
v 0.046138 -0.929776 0.365222
v 0.068980 -0.929776 0.361604
v 0.091549 -0.929776 0.356559
v 0.113757 -0.929776 0.350107
v 0.135516 -0.929776 0.342274
v 0.156740 -0.929776 0.333089
v 0.177345 -0.929776 0.322590
v 0.197251 -0.929776 0.310818
v 0.216378 -0.929776 0.297819
v 0.234651 -0.929776 0.283645
v 0.251999 -0.929776 0.268351
v 0.268351 -0.929776 0.251999
v 0.283645 -0.929776 0.234651
v 0.297819 -0.929776 0.216378
v 0.310818 -0.929776 0.197251
v 0.322590 -0.929776 0.177345
v 0.333089 -0.929776 0.156740
v 0.342274 -0.929776 0.135516
v 0.350107 -0.929776 0.113757
v 0.356559 -0.929776 0.091549
v 0.361604 -0.929776 0.068980
v 0.365222 -0.929776 0.046138
v 0.367398 -0.929776 0.023115
v 0.425779 -0.904827 0.000000
v 0.424939 -0.904827 -0.026735
v 0.422422 -0.904827 -0.053364
v 0.418238 -0.904827 -0.079783
v 0.412403 -0.904827 -0.105887
v 0.404940 -0.904827 -0.131573
v 0.395880 -0.904827 -0.156740
v 0.385257 -0.904827 -0.181288
v 0.373113 -0.904827 -0.205121
v 0.359497 -0.904827 -0.228144
v 0.344463 -0.904827 -0.250267
v 0.328069 -0.904827 -0.271402
v 0.310380 -0.904827 -0.291466
v 0.291466 -0.904827 -0.310380
v 0.271402 -0.904827 -0.328069
v 0.250267 -0.904827 -0.344463
v 0.228144 -0.904827 -0.359497
v 0.205121 -0.904827 -0.373113
v 0.181288 -0.904827 -0.385257
v 0.156740 -0.904827 -0.395880
v 0.131573 -0.904827 -0.404940
v 0.105887 -0.904827 -0.412403
v 0.079783 -0.904827 -0.418238
v 0.053364 -0.904827 -0.422422
v 0.026735 -0.904827 -0.424939
v -0.000000 -0.904827 -0.425779
v -0.026735 -0.904827 -0.424939
v -0.053364 -0.904827 -0.422422
v -0.079783 -0.904827 -0.418238
v -0.105887 -0.904827 -0.412403
v -0.131573 -0.904827 -0.404940
v -0.156740 -0.904827 -0.395880
v -0.181288 -0.904827 -0.385257
v -0.205121 -0.904827 -0.373113
v -0.228144 -0.904827 -0.359497
v -0.250267 -0.904827 -0.344463
v -0.271402 -0.904827 -0.328069
v -0.291466 -0.904827 -0.310380
v -0.310380 -0.904827 -0.291466
v -0.328069 -0.904827 -0.271402
v -0.344463 -0.904827 -0.250267
v -0.359497 -0.904827 -0.228144
v -0.373113 -0.904827 -0.205121
v -0.385257 -0.904827 -0.181288
v -0.395880 -0.904827 -0.156740
v -0.404940 -0.904827 -0.131573
v -0.412403 -0.904827 -0.105887
v -0.418238 -0.904827 -0.079783
v -0.422422 -0.904827 -0.053364
v -0.424939 -0.904827 -0.026735
v -0.425779 -0.904827 0.000000
v -0.424939 -0.904827 0.026735
v -0.422422 -0.904827 0.053364
v -0.418238 -0.904827 0.079783
v -0.412403 -0.904827 0.105887
v -0.404940 -0.904827 0.131573
v -0.395880 -0.904827 0.156740
v -0.385257 -0.904827 0.181288
v -0.373113 -0.904827 0.205121
v -0.359497 -0.904827 0.228144
v -0.344463 -0.904827 0.250267
v -0.328069 -0.904827 0.271402
v -0.310380 -0.904827 0.291466
v -0.291466 -0.904827 0.310380
v -0.271402 -0.904827 0.328069
v -0.250267 -0.904827 0.344463
v -0.228144 -0.904827 0.359497
v -0.205121 -0.904827 0.373113
v -0.181288 -0.904827 0.385257
v -0.156740 -0.904827 0.395880
v -0.131573 -0.904827 0.404940
v -0.105887 -0.904827 0.412403
v -0.079783 -0.904827 0.418238
v -0.053364 -0.904827 0.422422
v -0.026735 -0.904827 0.424939
v -0.000000 -0.904827 0.425779
v 0.026735 -0.904827 0.424939
v 0.053364 -0.904827 0.422422
v 0.079783 -0.904827 0.418238
v 0.105887 -0.904827 0.412403
v 0.131573 -0.904827 0.404940
v 0.156740 -0.904827 0.395880
v 0.181288 -0.904827 0.385257
v 0.205121 -0.904827 0.373113
v 0.228144 -0.904827 0.359497
v 0.250267 -0.904827 0.344463
v 0.271402 -0.904827 0.328069
v 0.291466 -0.904827 0.310380
v 0.310380 -0.904827 0.291466
v 0.328069 -0.904827 0.271402
v 0.344463 -0.904827 0.250267
v 0.359497 -0.904827 0.228144
v 0.373113 -0.904827 0.205121
v 0.385257 -0.904827 0.181288
v 0.395880 -0.904827 0.156740
v 0.404940 -0.904827 0.131573
v 0.412403 -0.904827 0.105887
v 0.418238 -0.904827 0.079783
v 0.422422 -0.904827 0.053364
v 0.424939 -0.904827 0.026735
v 0.481754 -0.876307 0.000000
v 0.480803 -0.876307 -0.030250
v 0.477955 -0.876307 -0.060380
v 0.473220 -0.876307 -0.090272
v 0.466618 -0.876307 -0.119807
v 0.458175 -0.876307 -0.148870
v 0.447923 -0.876307 -0.177345
v 0.435904 -0.876307 -0.205121
v 0.422164 -0.876307 -0.232087
v 0.406758 -0.876307 -0.258137
v 0.389747 -0.876307 -0.283168
v 0.371198 -0.876307 -0.307081
v 0.351183 -0.876307 -0.329783
v 0.329783 -0.876307 -0.351183
v 0.307081 -0.876307 -0.371198
v 0.283168 -0.876307 -0.389747
v 0.258137 -0.876307 -0.406758
v 0.232087 -0.876307 -0.422164
v 0.205121 -0.876307 -0.435904
v 0.177345 -0.876307 -0.447923
v 0.148870 -0.876307 -0.458175
v 0.119807 -0.876307 -0.466618
v 0.090272 -0.876307 -0.473220
v 0.060380 -0.876307 -0.477955
v 0.030250 -0.876307 -0.480803
v -0.000000 -0.876307 -0.481754
v -0.030250 -0.876307 -0.480803
v -0.060380 -0.876307 -0.477955
v -0.090272 -0.876307 -0.473220
v -0.119807 -0.876307 -0.466618
v -0.148870 -0.876307 -0.458175
v -0.177345 -0.876307 -0.447923
v -0.205121 -0.876307 -0.435904
v -0.232087 -0.876307 -0.422164
v -0.258137 -0.876307 -0.406758
v -0.283168 -0.876307 -0.389747
v -0.307081 -0.876307 -0.371198
v -0.329783 -0.876307 -0.351183
v -0.351183 -0.876307 -0.329783
v -0.371198 -0.876307 -0.307081
v -0.389747 -0.876307 -0.283168
v -0.406758 -0.876307 -0.258137
v -0.422164 -0.876307 -0.232087
v -0.435904 -0.876307 -0.205121
v -0.447923 -0.876307 -0.177345
v -0.458175 -0.876307 -0.148870
v -0.466618 -0.876307 -0.119807
v -0.473220 -0.876307 -0.090272
v -0.477955 -0.876307 -0.060380
v -0.480803 -0.876307 -0.030250
v -0.481754 -0.876307 0.000000
v -0.480803 -0.876307 0.030250
v -0.477955 -0.876307 0.060380
v -0.473220 -0.876307 0.090272
v -0.466618 -0.876307 0.119807
v -0.458175 -0.876307 0.148870
v -0.447923 -0.876307 0.177345
v -0.435904 -0.876307 0.205121
v -0.422164 -0.876307 0.232087
v -0.406758 -0.876307 0.258137
v -0.389747 -0.876307 0.283168
v -0.371198 -0.876307 0.307081
v -0.351183 -0.876307 0.329783
v -0.329783 -0.876307 0.351183
v -0.307081 -0.876307 0.371198
v -0.283168 -0.876307 0.389747
v -0.258137 -0.876307 0.406758
v -0.232087 -0.876307 0.422164
v -0.205121 -0.876307 0.435904
v -0.177345 -0.876307 0.447923
v -0.148870 -0.876307 0.458175
v -0.119807 -0.876307 0.466618
v -0.090272 -0.876307 0.473220
v -0.060380 -0.876307 0.477955
v -0.030250 -0.876307 0.480803
v -0.000000 -0.876307 0.481754
v 0.030250 -0.876307 0.480803
v 0.060380 -0.876307 0.477955
v 0.090272 -0.876307 0.473220
v 0.119807 -0.876307 0.466618
v 0.148870 -0.876307 0.458175
v 0.177345 -0.876307 0.447923
v 0.205121 -0.876307 0.435904
v 0.232087 -0.876307 0.422164
v 0.258137 -0.876307 0.406758
v 0.283168 -0.876307 0.389747
v 0.307081 -0.876307 0.371198
v 0.329783 -0.876307 0.351183
v 0.351183 -0.876307 0.329783
v 0.371198 -0.876307 0.307081
v 0.389747 -0.876307 0.283168
v 0.406758 -0.876307 0.258137
v 0.422164 -0.876307 0.232087
v 0.435904 -0.876307 0.205121
v 0.447923 -0.876307 0.177345
v 0.458175 -0.876307 0.148870
v 0.466618 -0.876307 0.119807
v 0.473220 -0.876307 0.090272
v 0.477955 -0.876307 0.060380
v 0.480803 -0.876307 0.030250
v 0.535827 -0.844328 0.000000
v 0.534769 -0.844328 -0.033645
v 0.531602 -0.844328 -0.067157
v 0.526336 -0.844328 -0.100404
v 0.518993 -0.844328 -0.133255
v 0.509602 -0.844328 -0.165580
v 0.498199 -0.844328 -0.197251
v 0.484831 -0.844328 -0.228144
v 0.469549 -0.844328 -0.258137
v 0.452414 -0.844328 -0.287110
v 0.433493 -0.844328 -0.314951
v 0.412862 -0.844328 -0.341549
v 0.390601 -0.844328 -0.366799
v 0.366799 -0.844328 -0.390601
v 0.341549 -0.844328 -0.412862
v 0.314951 -0.844328 -0.433493
v 0.287110 -0.844328 -0.452414
v 0.258137 -0.844328 -0.469549
v 0.228144 -0.844328 -0.484831
v 0.197251 -0.844328 -0.498199
v 0.165580 -0.844328 -0.509602
v 0.133255 -0.844328 -0.518993
v 0.100404 -0.844328 -0.526336
v 0.067157 -0.844328 -0.531602
v 0.033645 -0.844328 -0.534769
v -0.000000 -0.844328 -0.535827
v -0.033645 -0.844328 -0.534769
v -0.067157 -0.844328 -0.531602
v -0.100404 -0.844328 -0.526336
v -0.133255 -0.844328 -0.518993
v -0.165580 -0.844328 -0.509602
v -0.197251 -0.844328 -0.498199
v -0.228144 -0.844328 -0.484831
v -0.258137 -0.844328 -0.469549
v -0.287110 -0.844328 -0.452414
v -0.314951 -0.844328 -0.433493
v -0.341549 -0.844328 -0.412862
v -0.366799 -0.844328 -0.390601
v -0.390601 -0.844328 -0.366799
v -0.412862 -0.844328 -0.341549
v -0.433493 -0.844328 -0.314951
v -0.452414 -0.844328 -0.287110
v -0.469549 -0.844328 -0.258137
v -0.484831 -0.844328 -0.228144
v -0.498199 -0.844328 -0.197251
v -0.509602 -0.844328 -0.165580
v -0.518993 -0.844328 -0.133255
v -0.526336 -0.844328 -0.100404
v -0.531602 -0.844328 -0.067157
v -0.534769 -0.844328 -0.033645
v -0.535827 -0.844328 0.000000
v -0.534769 -0.844328 0.033645
v -0.531602 -0.844328 0.067157
v -0.526336 -0.844328 0.100404
v -0.518993 -0.844328 0.133255
v -0.509602 -0.844328 0.165580
v -0.498199 -0.844328 0.197251
v -0.484831 -0.844328 0.228144
v -0.469549 -0.844328 0.258137
v -0.452414 -0.844328 0.287110
v -0.433493 -0.844328 0.314951
v -0.412862 -0.844328 0.341549
v -0.390601 -0.844328 0.366799
v -0.366799 -0.844328 0.390601
v -0.341549 -0.844328 0.412862
v -0.314951 -0.844328 0.433493
v -0.287110 -0.844328 0.452414
v -0.258137 -0.844328 0.469549
v -0.228144 -0.844328 0.484831
v -0.197251 -0.844328 0.498199
v -0.165580 -0.844328 0.509602
v -0.133255 -0.844328 0.518993
v -0.100404 -0.844328 0.526336
v -0.067157 -0.844328 0.531602
v -0.033645 -0.844328 0.534769
v -0.000000 -0.844328 0.535827
v 0.033645 -0.844328 0.534769
v 0.067157 -0.844328 0.531602
v 0.100404 -0.844328 0.526336
v 0.133255 -0.844328 0.518993
v 0.165580 -0.844328 0.509602
v 0.197251 -0.844328 0.498199
v 0.228144 -0.844328 0.484831
v 0.258137 -0.844328 0.469549
v 0.287110 -0.844328 0.452414
v 0.314951 -0.844328 0.433493
v 0.341549 -0.844328 0.412862
v 0.366799 -0.844328 0.390601
v 0.390601 -0.844328 0.366799
v 0.412862 -0.844328 0.341549
v 0.433493 -0.844328 0.314951
v 0.452414 -0.844328 0.287110
v 0.469549 -0.844328 0.258137
v 0.484831 -0.844328 0.228144
v 0.498199 -0.844328 0.197251
v 0.509602 -0.844328 0.165580
v 0.518993 -0.844328 0.133255
v 0.526336 -0.844328 0.100404
v 0.531602 -0.844328 0.067157
v 0.534769 -0.844328 0.033645
v 0.587785 -0.809017 0.000000
v 0.586625 -0.809017 -0.036907
v 0.583150 -0.809017 -0.073669
v 0.577374 -0.809017 -0.110140
v 0.569319 -0.809017 -0.146176
v 0.559017 -0.809017 -0.181636
v 0.546509 -0.809017 -0.216378
v 0.531844 -0.809017 -0.250267
v 0.515080 -0.809017 -0.283168
v 0.496284 -0.809017 -0.314951
v 0.475528 -0.809017 -0.345492
v 0.452896 -0.809017 -0.374668
v 0.428477 -0.809017 -0.402367
v 0.402367 -0.809017 -0.428477
v 0.374668 -0.809017 -0.452896
v 0.345492 -0.809017 -0.475528
v 0.314951 -0.809017 -0.496284
v 0.283168 -0.809017 -0.515080
v 0.250267 -0.809017 -0.531844
v 0.216378 -0.809017 -0.546509
v 0.181636 -0.809017 -0.559017
v 0.146176 -0.809017 -0.569319
v 0.110140 -0.809017 -0.577374
v 0.073669 -0.809017 -0.583150
v 0.036907 -0.809017 -0.586625
v -0.000000 -0.809017 -0.587785
v -0.036907 -0.809017 -0.586625
v -0.073669 -0.809017 -0.583150
v -0.110140 -0.809017 -0.577374
v -0.146176 -0.809017 -0.569319
v -0.181636 -0.809017 -0.559017
v -0.216378 -0.809017 -0.546509
v -0.250267 -0.809017 -0.531844
v -0.283168 -0.809017 -0.515080
v -0.314951 -0.809017 -0.496284
v -0.345492 -0.809017 -0.475528
v -0.374668 -0.809017 -0.452896
v -0.402367 -0.809017 -0.428477
v -0.428477 -0.809017 -0.402367
v -0.452896 -0.809017 -0.374668
v -0.475528 -0.809017 -0.345492
v -0.496284 -0.809017 -0.314951
v -0.515080 -0.809017 -0.283168
v -0.531844 -0.809017 -0.250267
v -0.546509 -0.809017 -0.216378
v -0.559017 -0.809017 -0.181636
v -0.569319 -0.809017 -0.146176
v -0.577374 -0.809017 -0.110140
v -0.583150 -0.809017 -0.073669
v -0.586625 -0.809017 -0.036907
v -0.587785 -0.809017 0.000000
v -0.586625 -0.809017 0.036907
v -0.583150 -0.809017 0.073669
v -0.577374 -0.809017 0.110140
v -0.569319 -0.809017 0.146176
v -0.559017 -0.809017 0.181636
v -0.546509 -0.809017 0.216378
v -0.531844 -0.809017 0.250267
v -0.515080 -0.809017 0.283168
v -0.496284 -0.809017 0.314951
v -0.475528 -0.809017 0.345492
v -0.452896 -0.809017 0.374668
v -0.428477 -0.809017 0.402367
v -0.402367 -0.809017 0.428477
v -0.374668 -0.809017 0.452896
v -0.345492 -0.809017 0.475528
v -0.314951 -0.809017 0.496284
v -0.283168 -0.809017 0.515080
v -0.250267 -0.809017 0.531844
v -0.216378 -0.809017 0.546509
v -0.181636 -0.809017 0.559017
v -0.146176 -0.809017 0.569319
v -0.110140 -0.809017 0.577374
v -0.073669 -0.809017 0.583150
v -0.036907 -0.809017 0.586625
v -0.000000 -0.809017 0.587785
v 0.036907 -0.809017 0.586625
v 0.073669 -0.809017 0.583150
v 0.110140 -0.809017 0.577374
v 0.146176 -0.809017 0.569319
v 0.181636 -0.809017 0.559017
v 0.216378 -0.809017 0.546509
v 0.250267 -0.809017 0.531844
v 0.283168 -0.809017 0.515080
v 0.314951 -0.809017 0.496284
v 0.345492 -0.809017 0.475528
v 0.374668 -0.809017 0.452896
v 0.402367 -0.809017 0.428477
v 0.428477 -0.809017 0.402367
v 0.452896 -0.809017 0.374668
v 0.475528 -0.809017 0.345492
v 0.496284 -0.809017 0.314951
v 0.515080 -0.809017 0.283168
v 0.531844 -0.809017 0.250267
v 0.546509 -0.809017 0.216378
v 0.559017 -0.809017 0.181636
v 0.569319 -0.809017 0.146176
v 0.577374 -0.809017 0.110140
v 0.583150 -0.809017 0.073669
v 0.586625 -0.809017 0.036907
v 0.637424 -0.770513 0.000000
v 0.636166 -0.770513 -0.040024
v 0.632398 -0.770513 -0.079890
v 0.626133 -0.770513 -0.119441
v 0.617398 -0.770513 -0.158521
v 0.606226 -0.770513 -0.196975
v 0.592662 -0.770513 -0.234651
v 0.576758 -0.770513 -0.271402
v 0.558579 -0.770513 -0.307081
v 0.538195 -0.770513 -0.341549
v 0.515687 -0.770513 -0.374668
v 0.491144 -0.770513 -0.406309
v 0.464662 -0.770513 -0.436347
v 0.436347 -0.770513 -0.464662
v 0.406309 -0.770513 -0.491144
v 0.374668 -0.770513 -0.515687
v 0.341549 -0.770513 -0.538195
v 0.307081 -0.770513 -0.558579
v 0.271402 -0.770513 -0.576758
v 0.234651 -0.770513 -0.592662
v 0.196975 -0.770513 -0.606226
v 0.158521 -0.770513 -0.617398
v 0.119441 -0.770513 -0.626133
v 0.079890 -0.770513 -0.632398
v 0.040024 -0.770513 -0.636166
v -0.000000 -0.770513 -0.637424
v -0.040024 -0.770513 -0.636166
v -0.079890 -0.770513 -0.632398
v -0.119441 -0.770513 -0.626133
v -0.158521 -0.770513 -0.617398
v -0.196975 -0.770513 -0.606226
v -0.234651 -0.770513 -0.592662
v -0.271402 -0.770513 -0.576758
v -0.307081 -0.770513 -0.558579
v -0.341549 -0.770513 -0.538195
v -0.374668 -0.770513 -0.515687
v -0.406309 -0.770513 -0.491144
v -0.436347 -0.770513 -0.464662
v -0.464662 -0.770513 -0.436347
v -0.491144 -0.770513 -0.406309
v -0.515687 -0.770513 -0.374668
v -0.538195 -0.770513 -0.341549
v -0.558579 -0.770513 -0.307081
v -0.576758 -0.770513 -0.271402
v -0.592662 -0.770513 -0.234651
v -0.606226 -0.770513 -0.196975
v -0.617398 -0.770513 -0.158521
v -0.626133 -0.770513 -0.119441
v -0.632398 -0.770513 -0.079890
v -0.636166 -0.770513 -0.040024
v -0.637424 -0.770513 0.000000
v -0.636166 -0.770513 0.040024
v -0.632398 -0.770513 0.079890
v -0.626133 -0.770513 0.119441
v -0.617398 -0.770513 0.158521
v -0.606226 -0.770513 0.196975
v -0.592662 -0.770513 0.234651
v -0.576758 -0.770513 0.271402
v -0.558579 -0.770513 0.307081
v -0.538195 -0.770513 0.341549
v -0.515687 -0.770513 0.374668
v -0.491144 -0.770513 0.406309
v -0.464662 -0.770513 0.436347
v -0.436347 -0.770513 0.464662
v -0.406309 -0.770513 0.491144
v -0.374668 -0.770513 0.515687
v -0.341549 -0.770513 0.538195
v -0.307081 -0.770513 0.558579
v -0.271402 -0.770513 0.576758
v -0.234651 -0.770513 0.592662
v -0.196975 -0.770513 0.606226
v -0.158521 -0.770513 0.617398
v -0.119441 -0.770513 0.626133
v -0.079890 -0.770513 0.632398
v -0.040024 -0.770513 0.636166
v -0.000000 -0.770513 0.637424
v 0.040024 -0.770513 0.636166
v 0.079890 -0.770513 0.632398
v 0.119441 -0.770513 0.626133
v 0.158521 -0.770513 0.617398
v 0.196975 -0.770513 0.606226
v 0.234651 -0.770513 0.592662
v 0.271402 -0.770513 0.576758
v 0.307081 -0.770513 0.558579
v 0.341549 -0.770513 0.538195
v 0.374668 -0.770513 0.515687
v 0.406309 -0.770513 0.491144
v 0.436347 -0.770513 0.464662
v 0.464662 -0.770513 0.436347
v 0.491144 -0.770513 0.406309
v 0.515687 -0.770513 0.374668
v 0.538195 -0.770513 0.341549
v 0.558579 -0.770513 0.307081
v 0.576758 -0.770513 0.271402
v 0.592662 -0.770513 0.234651
v 0.606226 -0.770513 0.196975
v 0.617398 -0.770513 0.158521
v 0.626133 -0.770513 0.119441
v 0.632398 -0.770513 0.079890
v 0.636166 -0.770513 0.040024
v 0.684547 -0.728969 0.000000
v 0.683196 -0.728969 -0.042983
v 0.679149 -0.728969 -0.085797
v 0.672422 -0.728969 -0.128271
v 0.663041 -0.728969 -0.170240
v 0.651043 -0.728969 -0.211537
v 0.636476 -0.728969 -0.251999
v 0.619397 -0.728969 -0.291466
v 0.599873 -0.728969 -0.329783
v 0.577982 -0.728969 -0.366799
v 0.553810 -0.728969 -0.402367
v 0.527453 -0.728969 -0.436347
v 0.499013 -0.728969 -0.468605
v 0.468605 -0.728969 -0.499013
v 0.436347 -0.728969 -0.527453
v 0.402367 -0.728969 -0.553810
v 0.366799 -0.728969 -0.577982
v 0.329783 -0.728969 -0.599873
v 0.291466 -0.728969 -0.619397
v 0.251999 -0.728969 -0.636476
v 0.211537 -0.728969 -0.651043
v 0.170240 -0.728969 -0.663041
v 0.128271 -0.728969 -0.672422
v 0.085797 -0.728969 -0.679149
v 0.042983 -0.728969 -0.683196
v -0.000000 -0.728969 -0.684547
v -0.042983 -0.728969 -0.683196
v -0.085797 -0.728969 -0.679149
v -0.128271 -0.728969 -0.672422
v -0.170240 -0.728969 -0.663041
v -0.211537 -0.728969 -0.651043
v -0.251999 -0.728969 -0.636476
v -0.291466 -0.728969 -0.619397
v -0.329783 -0.728969 -0.599873
v -0.366799 -0.728969 -0.577982
v -0.402367 -0.728969 -0.553810
v -0.436347 -0.728969 -0.527453
v -0.468605 -0.728969 -0.499013
v -0.499013 -0.728969 -0.468605
v -0.527453 -0.728969 -0.436347
v -0.553810 -0.728969 -0.402367
v -0.577982 -0.728969 -0.366799
v -0.599873 -0.728969 -0.329783
v -0.619397 -0.728969 -0.291466
v -0.636476 -0.728969 -0.251999
v -0.651043 -0.728969 -0.211537
v -0.663041 -0.728969 -0.170240
v -0.672422 -0.728969 -0.128271
v -0.679149 -0.728969 -0.085797
v -0.683196 -0.728969 -0.042983
v -0.684547 -0.728969 0.000000
v -0.683196 -0.728969 0.042983
v -0.679149 -0.728969 0.085797
v -0.672422 -0.728969 0.128271
v -0.663041 -0.728969 0.170240
v -0.651043 -0.728969 0.211537
v -0.636476 -0.728969 0.251999
v -0.619397 -0.728969 0.291466
v -0.599873 -0.728969 0.329783
v -0.577982 -0.728969 0.366799
v -0.553810 -0.728969 0.402367
v -0.527453 -0.728969 0.436347
v -0.499013 -0.728969 0.468605
v -0.468605 -0.728969 0.499013
v -0.436347 -0.728969 0.527453
v -0.402367 -0.728969 0.553810
v -0.366799 -0.728969 0.577982
v -0.329783 -0.728969 0.599873
v -0.291466 -0.728969 0.619397
v -0.251999 -0.728969 0.636476
v -0.211537 -0.728969 0.651043
v -0.170240 -0.728969 0.663041
v -0.128271 -0.728969 0.672422
v -0.085797 -0.728969 0.679149
v -0.042983 -0.728969 0.683196
v -0.000000 -0.728969 0.684547
v 0.042983 -0.728969 0.683196
v 0.085797 -0.728969 0.679149
v 0.128271 -0.728969 0.672422
v 0.170240 -0.728969 0.663041
v 0.211537 -0.728969 0.651043
v 0.251999 -0.728969 0.636476
v 0.291466 -0.728969 0.619397
v 0.329783 -0.728969 0.599873
v 0.366799 -0.728969 0.577982
v 0.402367 -0.728969 0.553810
v 0.436347 -0.728969 0.527453
v 0.468605 -0.728969 0.499013
v 0.499013 -0.728969 0.468605
v 0.527453 -0.728969 0.436347
v 0.553810 -0.728969 0.402367
v 0.577982 -0.728969 0.366799
v 0.599873 -0.728969 0.329783
v 0.619397 -0.728969 0.291466
v 0.636476 -0.728969 0.251999
v 0.651043 -0.728969 0.211537
v 0.663041 -0.728969 0.170240
v 0.672422 -0.728969 0.128271
v 0.679149 -0.728969 0.085797
v 0.683196 -0.728969 0.042983
v 0.728969 -0.684547 0.000000
v 0.727530 -0.684547 -0.045772
v 0.723220 -0.684547 -0.091364
v 0.716057 -0.684547 -0.136595
v 0.706067 -0.684547 -0.181287
v 0.693290 -0.684547 -0.225264
v 0.677778 -0.684547 -0.268351
v 0.659591 -0.684547 -0.310380
v 0.638800 -0.684547 -0.351183
v 0.615489 -0.684547 -0.390601
v 0.589748 -0.684547 -0.428477
v 0.561680 -0.684547 -0.464662
v 0.531395 -0.684547 -0.499013
v 0.499013 -0.684547 -0.531395
v 0.464662 -0.684547 -0.561680
v 0.428477 -0.684547 -0.589748
v 0.390601 -0.684547 -0.615489
v 0.351183 -0.684547 -0.638800
v 0.310380 -0.684547 -0.659591
v 0.268351 -0.684547 -0.677778
v 0.225264 -0.684547 -0.693290
v 0.181287 -0.684547 -0.706067
v 0.136595 -0.684547 -0.716057
v 0.091364 -0.684547 -0.723220
v 0.045772 -0.684547 -0.727530
v -0.000000 -0.684547 -0.728969
v -0.045772 -0.684547 -0.727530
v -0.091364 -0.684547 -0.723220
v -0.136595 -0.684547 -0.716057
v -0.181287 -0.684547 -0.706067
v -0.225264 -0.684547 -0.693290
v -0.268351 -0.684547 -0.677778
v -0.310380 -0.684547 -0.659591
v -0.351183 -0.684547 -0.638800
v -0.390601 -0.684547 -0.615489
v -0.428477 -0.684547 -0.589748
v -0.464662 -0.684547 -0.561680
v -0.499013 -0.684547 -0.531395
v -0.531395 -0.684547 -0.499013
v -0.561680 -0.684547 -0.464662
v -0.589748 -0.684547 -0.428477
v -0.615489 -0.684547 -0.390601
v -0.638800 -0.684547 -0.351183
v -0.659591 -0.684547 -0.310380
v -0.677778 -0.684547 -0.268351
v -0.693290 -0.684547 -0.225264
v -0.706067 -0.684547 -0.181287
v -0.716057 -0.684547 -0.136595
v -0.723220 -0.684547 -0.091364
v -0.727530 -0.684547 -0.045772
v -0.728969 -0.684547 0.000000
v -0.727530 -0.684547 0.045772
v -0.723220 -0.684547 0.091364
v -0.716057 -0.684547 0.136595
v -0.706067 -0.684547 0.181287
v -0.693290 -0.684547 0.225264
v -0.677778 -0.684547 0.268351
v -0.659591 -0.684547 0.310380
v -0.638800 -0.684547 0.351183
v -0.615489 -0.684547 0.390601
v -0.589748 -0.684547 0.428477
v -0.561680 -0.684547 0.464662
v -0.531395 -0.684547 0.499013
v -0.499013 -0.684547 0.531395
v -0.464662 -0.684547 0.561680
v -0.428477 -0.684547 0.589748
v -0.390601 -0.684547 0.615489
v -0.351183 -0.684547 0.638800
v -0.310380 -0.684547 0.659591
v -0.268351 -0.684547 0.677778
v -0.225264 -0.684547 0.693290
v -0.181287 -0.684547 0.706067
v -0.136595 -0.684547 0.716057
v -0.091364 -0.684547 0.723220
v -0.045772 -0.684547 0.727530
v -0.000000 -0.684547 0.728969
v 0.045772 -0.684547 0.727530
v 0.091364 -0.684547 0.723220
v 0.136595 -0.684547 0.716057
v 0.181287 -0.684547 0.706067
v 0.225264 -0.684547 0.693290
v 0.268351 -0.684547 0.677778
v 0.310380 -0.684547 0.659591
v 0.351183 -0.684547 0.638800
v 0.390601 -0.684547 0.615489
v 0.428477 -0.684547 0.589748
v 0.464662 -0.684547 0.561680
v 0.499013 -0.684547 0.531395
v 0.531395 -0.684547 0.499013
v 0.561680 -0.684547 0.464662
v 0.589748 -0.684547 0.428477
v 0.615489 -0.684547 0.390601
v 0.638800 -0.684547 0.351183
v 0.659591 -0.684547 0.310380
v 0.677778 -0.684547 0.268351
v 0.693290 -0.684547 0.225264
v 0.706067 -0.684547 0.181287
v 0.716057 -0.684547 0.136595
v 0.723220 -0.684547 0.091364
v 0.727530 -0.684547 0.045772
v 0.770513 -0.637424 0.000000
v 0.768993 -0.637424 -0.048381
v 0.764438 -0.637424 -0.096571
v 0.756865 -0.637424 -0.144380
v 0.746306 -0.637424 -0.191619
v 0.732802 -0.637424 -0.238102
v 0.716405 -0.637424 -0.283645
v 0.697181 -0.637424 -0.328069
v 0.675206 -0.637424 -0.371198
v 0.650566 -0.637424 -0.412862
v 0.623358 -0.637424 -0.452896
v 0.593691 -0.637424 -0.491144
v 0.561680 -0.637424 -0.527453
v 0.527453 -0.637424 -0.561680
v 0.491144 -0.637424 -0.593691
v 0.452896 -0.637424 -0.623358
v 0.412862 -0.637424 -0.650566
v 0.371198 -0.637424 -0.675206
v 0.328069 -0.637424 -0.697181
v 0.283645 -0.637424 -0.716405
v 0.238102 -0.637424 -0.732802
v 0.191619 -0.637424 -0.746306
v 0.144380 -0.637424 -0.756865
v 0.096571 -0.637424 -0.764438
v 0.048381 -0.637424 -0.768993
v -0.000000 -0.637424 -0.770513
v -0.048381 -0.637424 -0.768993
v -0.096571 -0.637424 -0.764438
v -0.144380 -0.637424 -0.756865
v -0.191619 -0.637424 -0.746306
v -0.238102 -0.637424 -0.732802
v -0.283645 -0.637424 -0.716405
v -0.328069 -0.637424 -0.697181
v -0.371198 -0.637424 -0.675206
v -0.412862 -0.637424 -0.650566
v -0.452896 -0.637424 -0.623358
v -0.491144 -0.637424 -0.593691
v -0.527453 -0.637424 -0.561680
v -0.561680 -0.637424 -0.527453
v -0.593691 -0.637424 -0.491144
v -0.623358 -0.637424 -0.452896
v -0.650566 -0.637424 -0.412862
v -0.675206 -0.637424 -0.371198
v -0.697181 -0.637424 -0.328069
v -0.716405 -0.637424 -0.283645
v -0.732802 -0.637424 -0.238102
v -0.746306 -0.637424 -0.191619
v -0.756865 -0.637424 -0.144380
v -0.764438 -0.637424 -0.096571
v -0.768993 -0.637424 -0.048381
v -0.770513 -0.637424 0.000000
v -0.768993 -0.637424 0.048381
v -0.764438 -0.637424 0.096571
v -0.756865 -0.637424 0.144380
v -0.746306 -0.637424 0.191619
v -0.732802 -0.637424 0.238102
v -0.716405 -0.637424 0.283645
v -0.697181 -0.637424 0.328069
v -0.675206 -0.637424 0.371198
v -0.650566 -0.637424 0.412862
v -0.623358 -0.637424 0.452896
v -0.593691 -0.637424 0.491144
v -0.561680 -0.637424 0.527453
v -0.527453 -0.637424 0.561680
v -0.491144 -0.637424 0.593691
v -0.452896 -0.637424 0.623358
v -0.412862 -0.637424 0.650566
v -0.371198 -0.637424 0.675206
v -0.328069 -0.637424 0.697181
v -0.283645 -0.637424 0.716405
v -0.238102 -0.637424 0.732802
v -0.191619 -0.637424 0.746306
v -0.144380 -0.637424 0.756865
v -0.096571 -0.637424 0.764438
v -0.048381 -0.637424 0.768993
v -0.000000 -0.637424 0.770513
v 0.048381 -0.637424 0.768993
v 0.096571 -0.637424 0.764438
v 0.144380 -0.637424 0.756865
v 0.191619 -0.637424 0.746306
v 0.238102 -0.637424 0.732802
v 0.283645 -0.637424 0.716405
v 0.328069 -0.637424 0.697181
v 0.371198 -0.637424 0.675206
v 0.412862 -0.637424 0.650566
v 0.452896 -0.637424 0.623358
v 0.491144 -0.637424 0.593691
v 0.527453 -0.637424 0.561680
v 0.561680 -0.637424 0.527453
v 0.593691 -0.637424 0.491144
v 0.623358 -0.637424 0.452896
v 0.650566 -0.637424 0.412862
v 0.675206 -0.637424 0.371198
v 0.697181 -0.637424 0.328069
v 0.716405 -0.637424 0.283645
v 0.732802 -0.637424 0.238102
v 0.746306 -0.637424 0.191619
v 0.756865 -0.637424 0.144380
v 0.764438 -0.637424 0.096571
v 0.768993 -0.637424 0.048381
v 0.809017 -0.587785 0.000000
v 0.807421 -0.587785 -0.050799
v 0.802638 -0.587785 -0.101397
v 0.794687 -0.587785 -0.151595
v 0.783600 -0.587785 -0.201194
v 0.769421 -0.587785 -0.250000
v 0.752205 -0.587785 -0.297819
v 0.732020 -0.587785 -0.344463
v 0.708947 -0.587785 -0.389747
v 0.683076 -0.587785 -0.433493
v 0.654508 -0.587785 -0.475528
v 0.623358 -0.587785 -0.515687
v 0.589748 -0.587785 -0.553810
v 0.553810 -0.587785 -0.589748
v 0.515687 -0.587785 -0.623358
v 0.475528 -0.587785 -0.654508
v 0.433493 -0.587785 -0.683076
v 0.389747 -0.587785 -0.708947
v 0.344463 -0.587785 -0.732020
v 0.297819 -0.587785 -0.752205
v 0.250000 -0.587785 -0.769421
v 0.201194 -0.587785 -0.783600
v 0.151595 -0.587785 -0.794687
v 0.101397 -0.587785 -0.802638
v 0.050799 -0.587785 -0.807421
v -0.000000 -0.587785 -0.809017
v -0.050799 -0.587785 -0.807421
v -0.101397 -0.587785 -0.802638
v -0.151595 -0.587785 -0.794687
v -0.201194 -0.587785 -0.783600
v -0.250000 -0.587785 -0.769421
v -0.297819 -0.587785 -0.752205
v -0.344463 -0.587785 -0.732020
v -0.389747 -0.587785 -0.708947
v -0.433493 -0.587785 -0.683076
v -0.475528 -0.587785 -0.654508
v -0.515687 -0.587785 -0.623358
v -0.553810 -0.587785 -0.589748
v -0.589748 -0.587785 -0.553810
v -0.623358 -0.587785 -0.515687
v -0.654508 -0.587785 -0.475528
v -0.683076 -0.587785 -0.433493
v -0.708947 -0.587785 -0.389747
v -0.732020 -0.587785 -0.344463
v -0.752205 -0.587785 -0.297819
v -0.769421 -0.587785 -0.250000
v -0.783600 -0.587785 -0.201194
v -0.794687 -0.587785 -0.151595
v -0.802638 -0.587785 -0.101397
v -0.807421 -0.587785 -0.050799
v -0.809017 -0.587785 0.000000
v -0.807421 -0.587785 0.050799
v -0.802638 -0.587785 0.101397
v -0.794687 -0.587785 0.151595
v -0.783600 -0.587785 0.201194
v -0.769421 -0.587785 0.250000
v -0.752205 -0.587785 0.297819
v -0.732020 -0.587785 0.344463
v -0.708947 -0.587785 0.389747
v -0.683076 -0.587785 0.433493
v -0.654508 -0.587785 0.475528
v -0.623358 -0.587785 0.515687
v -0.589748 -0.587785 0.553810
v -0.553810 -0.587785 0.589748
v -0.515687 -0.587785 0.623358
v -0.475528 -0.587785 0.654508
v -0.433493 -0.587785 0.683076
v -0.389747 -0.587785 0.708947
v -0.344463 -0.587785 0.732020
v -0.297819 -0.587785 0.752205
v -0.250000 -0.587785 0.769421
v -0.201194 -0.587785 0.783600
v -0.151595 -0.587785 0.794687
v -0.101397 -0.587785 0.802638
v -0.050799 -0.587785 0.807421
v -0.000000 -0.587785 0.809017
v 0.050799 -0.587785 0.807421
v 0.101397 -0.587785 0.802638
v 0.151595 -0.587785 0.794687
v 0.201194 -0.587785 0.783600
v 0.250000 -0.587785 0.769421
v 0.297819 -0.587785 0.752205
v 0.344463 -0.587785 0.732020
v 0.389747 -0.587785 0.708947
v 0.433493 -0.587785 0.683076
v 0.475528 -0.587785 0.654508
v 0.515687 -0.587785 0.623358
v 0.553810 -0.587785 0.589748
v 0.589748 -0.587785 0.553810
v 0.623358 -0.587785 0.515687
v 0.654508 -0.587785 0.475528
v 0.683076 -0.587785 0.433493
v 0.708947 -0.587785 0.389747
v 0.732020 -0.587785 0.344463
v 0.752205 -0.587785 0.297819
v 0.769421 -0.587785 0.250000
v 0.783600 -0.587785 0.201194
v 0.794687 -0.587785 0.151595
v 0.802638 -0.587785 0.101397
v 0.807421 -0.587785 0.050799
v 0.844328 -0.535827 0.000000
v 0.842662 -0.535827 -0.053016
v 0.837670 -0.535827 -0.105822
v 0.829373 -0.535827 -0.158211
v 0.817802 -0.535827 -0.209976
v 0.803004 -0.535827 -0.260912
v 0.785036 -0.535827 -0.310818
v 0.763971 -0.535827 -0.359497
v 0.739890 -0.535827 -0.406758
v 0.712890 -0.535827 -0.452414
v 0.683076 -0.535827 -0.496284
v 0.650566 -0.535827 -0.538195
v 0.615489 -0.535827 -0.577982
v 0.577982 -0.535827 -0.615489
v 0.538195 -0.535827 -0.650566
v 0.496284 -0.535827 -0.683076
v 0.452414 -0.535827 -0.712890
v 0.406758 -0.535827 -0.739890
v 0.359497 -0.535827 -0.763971
v 0.310818 -0.535827 -0.785036
v 0.260912 -0.535827 -0.803004
v 0.209976 -0.535827 -0.817802
v 0.158211 -0.535827 -0.829373
v 0.105822 -0.535827 -0.837670
v 0.053016 -0.535827 -0.842662
v -0.000000 -0.535827 -0.844328
v -0.053016 -0.535827 -0.842662
v -0.105822 -0.535827 -0.837670
v -0.158211 -0.535827 -0.829373
v -0.209976 -0.535827 -0.817802
v -0.260912 -0.535827 -0.803004
v -0.310818 -0.535827 -0.785036
v -0.359497 -0.535827 -0.763971
v -0.406758 -0.535827 -0.739890
v -0.452414 -0.535827 -0.712890
v -0.496284 -0.535827 -0.683076
v -0.538195 -0.535827 -0.650566
v -0.577982 -0.535827 -0.615489
v -0.615489 -0.535827 -0.577982
v -0.650566 -0.535827 -0.538195
v -0.683076 -0.535827 -0.496284
v -0.712890 -0.535827 -0.452414
v -0.739890 -0.535827 -0.406758
v -0.763971 -0.535827 -0.359497
v -0.785036 -0.535827 -0.310818
v -0.803004 -0.535827 -0.260912
v -0.817802 -0.535827 -0.209976
v -0.829373 -0.535827 -0.158211
v -0.837670 -0.535827 -0.105822
v -0.842662 -0.535827 -0.053016
v -0.844328 -0.535827 0.000000
v -0.842662 -0.535827 0.053016
v -0.837670 -0.535827 0.105822
v -0.829373 -0.535827 0.158211
v -0.817802 -0.535827 0.209976
v -0.803004 -0.535827 0.260912
v -0.785036 -0.535827 0.310818
v -0.763971 -0.535827 0.359497
v -0.739890 -0.535827 0.406758
v -0.712890 -0.535827 0.452414
v -0.683076 -0.535827 0.496284
v -0.650566 -0.535827 0.538195
v -0.615489 -0.535827 0.577982
v -0.577982 -0.535827 0.615489
v -0.538195 -0.535827 0.650566
v -0.496284 -0.535827 0.683076
v -0.452414 -0.535827 0.712890
v -0.406758 -0.535827 0.739890
v -0.359497 -0.535827 0.763971
v -0.310818 -0.535827 0.785036
v -0.260912 -0.535827 0.803004
v -0.209976 -0.535827 0.817802
v -0.158211 -0.535827 0.829373
v -0.105822 -0.535827 0.837670
v -0.053016 -0.535827 0.842662
v -0.000000 -0.535827 0.844328
v 0.053016 -0.535827 0.842662
v 0.105822 -0.535827 0.837670
v 0.158211 -0.535827 0.829373
v 0.209976 -0.535827 0.817802
v 0.260912 -0.535827 0.803004
v 0.310818 -0.535827 0.785036
v 0.359497 -0.535827 0.763971
v 0.406758 -0.535827 0.739890
v 0.452414 -0.535827 0.712890
v 0.496284 -0.535827 0.683076
v 0.538195 -0.535827 0.650566
v 0.577982 -0.535827 0.615489
v 0.615489 -0.535827 0.577982
v 0.650566 -0.535827 0.538195
v 0.683076 -0.535827 0.496284
v 0.712890 -0.535827 0.452414
v 0.739890 -0.535827 0.406758
v 0.763971 -0.535827 0.359497
v 0.785036 -0.535827 0.310818
v 0.803004 -0.535827 0.260912
v 0.817802 -0.535827 0.209976
v 0.829373 -0.535827 0.158211
v 0.837670 -0.535827 0.105822
v 0.842662 -0.535827 0.053016
v 0.876307 -0.481754 0.000000
v 0.874577 -0.481754 -0.055024
v 0.869397 -0.481754 -0.109830
v 0.860785 -0.481754 -0.164203
v 0.848776 -0.481754 -0.217929
v 0.833417 -0.481754 -0.270794
v 0.814769 -0.481754 -0.322590
v 0.792906 -0.481754 -0.373113
v 0.767913 -0.481754 -0.422164
v 0.739890 -0.481754 -0.469549
v 0.708947 -0.481754 -0.515080
v 0.675206 -0.481754 -0.558579
v 0.638800 -0.481754 -0.599873
v 0.599873 -0.481754 -0.638800
v 0.558579 -0.481754 -0.675206
v 0.515080 -0.481754 -0.708947
v 0.469549 -0.481754 -0.739890
v 0.422164 -0.481754 -0.767913
v 0.373113 -0.481754 -0.792906
v 0.322590 -0.481754 -0.814769
v 0.270794 -0.481754 -0.833417
v 0.217929 -0.481754 -0.848776
v 0.164203 -0.481754 -0.860785
v 0.109830 -0.481754 -0.869397
v 0.055024 -0.481754 -0.874577
v -0.000000 -0.481754 -0.876307
v -0.055024 -0.481754 -0.874577
v -0.109830 -0.481754 -0.869397
v -0.164203 -0.481754 -0.860785
v -0.217929 -0.481754 -0.848776
v -0.270794 -0.481754 -0.833417
v -0.322590 -0.481754 -0.814769
v -0.373113 -0.481754 -0.792906
v -0.422164 -0.481754 -0.767913
v -0.469549 -0.481754 -0.739890
v -0.515080 -0.481754 -0.708947
v -0.558579 -0.481754 -0.675206
v -0.599873 -0.481754 -0.638800
v -0.638800 -0.481754 -0.599873
v -0.675206 -0.481754 -0.558579
v -0.708947 -0.481754 -0.515080
v -0.739890 -0.481754 -0.469549
v -0.767913 -0.481754 -0.422164
v -0.792906 -0.481754 -0.373113
v -0.814769 -0.481754 -0.322590
v -0.833417 -0.481754 -0.270794
v -0.848776 -0.481754 -0.217929
v -0.860785 -0.481754 -0.164203
v -0.869397 -0.481754 -0.109830
v -0.874577 -0.481754 -0.055024
v -0.876307 -0.481754 0.000000
v -0.874577 -0.481754 0.055024
v -0.869397 -0.481754 0.109830
v -0.860785 -0.481754 0.164203
v -0.848776 -0.481754 0.217929
v -0.833417 -0.481754 0.270794
v -0.814769 -0.481754 0.322590
v -0.792906 -0.481754 0.373113
v -0.767913 -0.481754 0.422164
v -0.739890 -0.481754 0.469549
v -0.708947 -0.481754 0.515080
v -0.675206 -0.481754 0.558579
v -0.638800 -0.481754 0.599873
v -0.599873 -0.481754 0.638800
v -0.558579 -0.481754 0.675206
v -0.515080 -0.481754 0.708947
v -0.469549 -0.481754 0.739890
v -0.422164 -0.481754 0.767913
v -0.373113 -0.481754 0.792906
v -0.322590 -0.481754 0.814769
v -0.270794 -0.481754 0.833417
v -0.217929 -0.481754 0.848776
v -0.164203 -0.481754 0.860785
v -0.109830 -0.481754 0.869397
v -0.055024 -0.481754 0.874577
v -0.000000 -0.481754 0.876307
v 0.055024 -0.481754 0.874577
v 0.109830 -0.481754 0.869397
v 0.164203 -0.481754 0.860785
v 0.217929 -0.481754 0.848776
v 0.270794 -0.481754 0.833417
v 0.322590 -0.481754 0.814769
v 0.373113 -0.481754 0.792906
v 0.422164 -0.481754 0.767913
v 0.469549 -0.481754 0.739890
v 0.515080 -0.481754 0.708947
v 0.558579 -0.481754 0.675206
v 0.599873 -0.481754 0.638800
v 0.638800 -0.481754 0.599873
v 0.675206 -0.481754 0.558579
v 0.708947 -0.481754 0.515080
v 0.739890 -0.481754 0.469549
v 0.767913 -0.481754 0.422164
v 0.792906 -0.481754 0.373113
v 0.814769 -0.481754 0.322590
v 0.833417 -0.481754 0.270794
v 0.848776 -0.481754 0.217929
v 0.860785 -0.481754 0.164203
v 0.869397 -0.481754 0.109830
v 0.874577 -0.481754 0.055024
v 0.904827 -0.425779 0.000000
v 0.903042 -0.425779 -0.056815
v 0.897692 -0.425779 -0.113405
v 0.888800 -0.425779 -0.169548
v 0.876400 -0.425779 -0.225021
v 0.860542 -0.425779 -0.279607
v 0.841287 -0.425779 -0.333089
v 0.818712 -0.425779 -0.385257
v 0.792906 -0.425779 -0.435904
v 0.763971 -0.425779 -0.484831
v 0.732020 -0.425779 -0.531844
v 0.697181 -0.425779 -0.576758
v 0.659591 -0.425779 -0.619397
v 0.619397 -0.425779 -0.659591
v 0.576758 -0.425779 -0.697181
v 0.531844 -0.425779 -0.732020
v 0.484831 -0.425779 -0.763971
v 0.435904 -0.425779 -0.792906
v 0.385257 -0.425779 -0.818712
v 0.333089 -0.425779 -0.841287
v 0.279607 -0.425779 -0.860542
v 0.225021 -0.425779 -0.876400
v 0.169548 -0.425779 -0.888800
v 0.113405 -0.425779 -0.897692
v 0.056815 -0.425779 -0.903042
v -0.000000 -0.425779 -0.904827
v -0.056815 -0.425779 -0.903042
v -0.113405 -0.425779 -0.897692
v -0.169548 -0.425779 -0.888800
v -0.225021 -0.425779 -0.876400
v -0.279607 -0.425779 -0.860542
v -0.333089 -0.425779 -0.841287
v -0.385257 -0.425779 -0.818712
v -0.435904 -0.425779 -0.792906
v -0.484831 -0.425779 -0.763971
v -0.531844 -0.425779 -0.732020
v -0.576758 -0.425779 -0.697181
v -0.619397 -0.425779 -0.659591
v -0.659591 -0.425779 -0.619397
v -0.697181 -0.425779 -0.576758
v -0.732020 -0.425779 -0.531844
v -0.763971 -0.425779 -0.484831
v -0.792906 -0.425779 -0.435904
v -0.818712 -0.425779 -0.385257
v -0.841287 -0.425779 -0.333089
v -0.860542 -0.425779 -0.279607
v -0.876400 -0.425779 -0.225021
v -0.888800 -0.425779 -0.169548
v -0.897692 -0.425779 -0.113405
v -0.903042 -0.425779 -0.056815
v -0.904827 -0.425779 0.000000
v -0.903042 -0.425779 0.056815
v -0.897692 -0.425779 0.113405
v -0.888800 -0.425779 0.169548
v -0.876400 -0.425779 0.225021
v -0.860542 -0.425779 0.279607
v -0.841287 -0.425779 0.333089
v -0.818712 -0.425779 0.385257
v -0.792906 -0.425779 0.435904
v -0.763971 -0.425779 0.484831
v -0.732020 -0.425779 0.531844
v -0.697181 -0.425779 0.576758
v -0.659591 -0.425779 0.619397
v -0.619397 -0.425779 0.659591
v -0.576758 -0.425779 0.697181
v -0.531844 -0.425779 0.732020
v -0.484831 -0.425779 0.763971
v -0.435904 -0.425779 0.792906
v -0.385257 -0.425779 0.818712
v -0.333089 -0.425779 0.841287
v -0.279607 -0.425779 0.860542
v -0.225021 -0.425779 0.876400
v -0.169548 -0.425779 0.888800
v -0.113405 -0.425779 0.897692
v -0.056815 -0.425779 0.903042
v -0.000000 -0.425779 0.904827
v 0.056815 -0.425779 0.903042
v 0.113405 -0.425779 0.897692
v 0.169548 -0.425779 0.888800
v 0.225021 -0.425779 0.876400
v 0.279607 -0.425779 0.860542
v 0.333089 -0.425779 0.841287
v 0.385257 -0.425779 0.818712
v 0.435904 -0.425779 0.792906
v 0.484831 -0.425779 0.763971
v 0.531844 -0.425779 0.732020
v 0.576758 -0.425779 0.697181
v 0.619397 -0.425779 0.659591
v 0.659591 -0.425779 0.619397
v 0.697181 -0.425779 0.576758
v 0.732020 -0.425779 0.531844
v 0.763971 -0.425779 0.484831
v 0.792906 -0.425779 0.435904
v 0.818712 -0.425779 0.385257
v 0.841287 -0.425779 0.333089
v 0.860542 -0.425779 0.279607
v 0.876400 -0.425779 0.225021
v 0.888800 -0.425779 0.169548
v 0.897692 -0.425779 0.113405
v 0.903042 -0.425779 0.056815
v 0.929776 -0.368125 0.000000
v 0.927942 -0.368125 -0.058381
v 0.922445 -0.368125 -0.116532
v 0.913308 -0.368125 -0.174223
v 0.900566 -0.368125 -0.231226
v 0.884270 -0.368125 -0.287317
v 0.864484 -0.368125 -0.342274
v 0.841287 -0.368125 -0.395880
v 0.814769 -0.368125 -0.447923
v 0.785036 -0.368125 -0.498199
v 0.752205 -0.368125 -0.546509
v 0.716405 -0.368125 -0.592662
v 0.677778 -0.368125 -0.636476
v 0.636476 -0.368125 -0.677778
v 0.592662 -0.368125 -0.716405
v 0.546509 -0.368125 -0.752205
v 0.498199 -0.368125 -0.785036
v 0.447923 -0.368125 -0.814769
v 0.395880 -0.368125 -0.841287
v 0.342274 -0.368125 -0.864484
v 0.287317 -0.368125 -0.884270
v 0.231226 -0.368125 -0.900566
v 0.174223 -0.368125 -0.913308
v 0.116532 -0.368125 -0.922445
v 0.058381 -0.368125 -0.927942
v -0.000000 -0.368125 -0.929776
v -0.058381 -0.368125 -0.927942
v -0.116532 -0.368125 -0.922445
v -0.174223 -0.368125 -0.913308
v -0.231226 -0.368125 -0.900566
v -0.287317 -0.368125 -0.884270
v -0.342274 -0.368125 -0.864484
v -0.395880 -0.368125 -0.841287
v -0.447923 -0.368125 -0.814769
v -0.498199 -0.368125 -0.785036
v -0.546509 -0.368125 -0.752205
v -0.592662 -0.368125 -0.716405
v -0.636476 -0.368125 -0.677778
v -0.677778 -0.368125 -0.636476
v -0.716405 -0.368125 -0.592662
v -0.752205 -0.368125 -0.546509
v -0.785036 -0.368125 -0.498199
v -0.814769 -0.368125 -0.447923
v -0.841287 -0.368125 -0.395880
v -0.864484 -0.368125 -0.342274
v -0.884270 -0.368125 -0.287317
v -0.900566 -0.368125 -0.231226
v -0.913308 -0.368125 -0.174223
v -0.922445 -0.368125 -0.116532
v -0.927942 -0.368125 -0.058381
v -0.929776 -0.368125 0.000000
v -0.927942 -0.368125 0.058381
v -0.922445 -0.368125 0.116532
v -0.913308 -0.368125 0.174223
v -0.900566 -0.368125 0.231226
v -0.884270 -0.368125 0.287317
v -0.864484 -0.368125 0.342274
v -0.841287 -0.368125 0.395880
v -0.814769 -0.368125 0.447923
v -0.785036 -0.368125 0.498199
v -0.752205 -0.368125 0.546509
v -0.716405 -0.368125 0.592662
v -0.677778 -0.368125 0.636476
v -0.636476 -0.368125 0.677778
v -0.592662 -0.368125 0.716405
v -0.546509 -0.368125 0.752205
v -0.498199 -0.368125 0.785036
v -0.447923 -0.368125 0.814769
v -0.395880 -0.368125 0.841287
v -0.342274 -0.368125 0.864484
v -0.287317 -0.368125 0.884270
v -0.231226 -0.368125 0.900566
v -0.174223 -0.368125 0.913308
v -0.116532 -0.368125 0.922445
v -0.058381 -0.368125 0.927942
v -0.000000 -0.368125 0.929776
v 0.058381 -0.368125 0.927942
v 0.116532 -0.368125 0.922445
v 0.174223 -0.368125 0.913308
v 0.231226 -0.368125 0.900566
v 0.287317 -0.368125 0.884270
v 0.342274 -0.368125 0.864484
v 0.395880 -0.368125 0.841287
v 0.447923 -0.368125 0.814769
v 0.498199 -0.368125 0.785036
v 0.546509 -0.368125 0.752205
v 0.592662 -0.368125 0.716405
v 0.636476 -0.368125 0.677778
v 0.677778 -0.368125 0.636476
v 0.716405 -0.368125 0.592662
v 0.752205 -0.368125 0.546509
v 0.785036 -0.368125 0.498199
v 0.814769 -0.368125 0.447923
v 0.841287 -0.368125 0.395880
v 0.864484 -0.368125 0.342274
v 0.884270 -0.368125 0.287317
v 0.900566 -0.368125 0.231226
v 0.913308 -0.368125 0.174223
v 0.922445 -0.368125 0.116532
v 0.927942 -0.368125 0.058381
v 0.951057 -0.309017 0.000000
v 0.949180 -0.309017 -0.059717
v 0.943557 -0.309017 -0.119199
v 0.934211 -0.309017 -0.178210
v 0.921177 -0.309017 -0.236518
v 0.904508 -0.309017 -0.293893
v 0.884270 -0.309017 -0.350107
v 0.860542 -0.309017 -0.404940
v 0.833417 -0.309017 -0.458175
v 0.803004 -0.309017 -0.509602
v 0.769421 -0.309017 -0.559017
v 0.732802 -0.309017 -0.606226
v 0.693290 -0.309017 -0.651043
v 0.651043 -0.309017 -0.693290
v 0.606226 -0.309017 -0.732802
v 0.559017 -0.309017 -0.769421
v 0.509602 -0.309017 -0.803004
v 0.458175 -0.309017 -0.833417
v 0.404940 -0.309017 -0.860542
v 0.350107 -0.309017 -0.884270
v 0.293893 -0.309017 -0.904508
v 0.236518 -0.309017 -0.921177
v 0.178210 -0.309017 -0.934211
v 0.119199 -0.309017 -0.943557
v 0.059717 -0.309017 -0.949180
v -0.000000 -0.309017 -0.951057
v -0.059717 -0.309017 -0.949180
v -0.119199 -0.309017 -0.943557
v -0.178210 -0.309017 -0.934211
v -0.236518 -0.309017 -0.921177
v -0.293893 -0.309017 -0.904508
v -0.350107 -0.309017 -0.884270
v -0.404940 -0.309017 -0.860542
v -0.458175 -0.309017 -0.833417
v -0.509602 -0.309017 -0.803004
v -0.559017 -0.309017 -0.769421
v -0.606226 -0.309017 -0.732802
v -0.651043 -0.309017 -0.693290
v -0.693290 -0.309017 -0.651043
v -0.732802 -0.309017 -0.606226
v -0.769421 -0.309017 -0.559017
v -0.803004 -0.309017 -0.509602
v -0.833417 -0.309017 -0.458175
v -0.860542 -0.309017 -0.404940
v -0.884270 -0.309017 -0.350107
v -0.904508 -0.309017 -0.293893
v -0.921177 -0.309017 -0.236518
v -0.934211 -0.309017 -0.178210
v -0.943557 -0.309017 -0.119199
v -0.949180 -0.309017 -0.059717
v -0.951057 -0.309017 0.000000
v -0.949180 -0.309017 0.059717
v -0.943557 -0.309017 0.119199
v -0.934211 -0.309017 0.178210
v -0.921177 -0.309017 0.236518
v -0.904508 -0.309017 0.293893
v -0.884270 -0.309017 0.350107
v -0.860542 -0.309017 0.404940
v -0.833417 -0.309017 0.458175
v -0.803004 -0.309017 0.509602
v -0.769421 -0.309017 0.559017
v -0.732802 -0.309017 0.606226
v -0.693290 -0.309017 0.651043
v -0.651043 -0.309017 0.693290
v -0.606226 -0.309017 0.732802
v -0.559017 -0.309017 0.769421
v -0.509602 -0.309017 0.803004
v -0.458175 -0.309017 0.833417
v -0.404940 -0.309017 0.860542
v -0.350107 -0.309017 0.884270
v -0.293893 -0.309017 0.904508
v -0.236518 -0.309017 0.921177
v -0.178210 -0.309017 0.934211
v -0.119199 -0.309017 0.943557
v -0.059717 -0.309017 0.949180
v -0.000000 -0.309017 0.951057
v 0.059717 -0.309017 0.949180
v 0.119199 -0.309017 0.943557
v 0.178210 -0.309017 0.934211
v 0.236518 -0.309017 0.921177
v 0.293893 -0.309017 0.904508
v 0.350107 -0.309017 0.884270
v 0.404940 -0.309017 0.860542
v 0.458175 -0.309017 0.833417
v 0.509602 -0.309017 0.803004
v 0.559017 -0.309017 0.769421
v 0.606226 -0.309017 0.732802
v 0.651043 -0.309017 0.693290
v 0.693290 -0.309017 0.651043
v 0.732802 -0.309017 0.606226
v 0.769421 -0.309017 0.559017
v 0.803004 -0.309017 0.509602
v 0.833417 -0.309017 0.458175
v 0.860542 -0.309017 0.404940
v 0.884270 -0.309017 0.350107
v 0.904508 -0.309017 0.293893
v 0.921177 -0.309017 0.236518
v 0.934211 -0.309017 0.178210
v 0.943557 -0.309017 0.119199
v 0.949180 -0.309017 0.059717
v 0.968583 -0.248690 0.000000
v 0.966672 -0.248690 -0.060818
v 0.960946 -0.248690 -0.121396
v 0.951427 -0.248690 -0.181494
v 0.938153 -0.248690 -0.240877
v 0.921177 -0.248690 -0.299309
v 0.900566 -0.248690 -0.356559
v 0.876400 -0.248690 -0.412403
v 0.848776 -0.248690 -0.466618
v 0.817802 -0.248690 -0.518993
v 0.783600 -0.248690 -0.569319
v 0.746306 -0.248690 -0.617398
v 0.706067 -0.248690 -0.663041
v 0.663041 -0.248690 -0.706067
v 0.617398 -0.248690 -0.746306
v 0.569319 -0.248690 -0.783600
v 0.518993 -0.248690 -0.817802
v 0.466618 -0.248690 -0.848776
v 0.412403 -0.248690 -0.876400
v 0.356559 -0.248690 -0.900566
v 0.299309 -0.248690 -0.921177
v 0.240877 -0.248690 -0.938153
v 0.181494 -0.248690 -0.951427
v 0.121396 -0.248690 -0.960946
v 0.060818 -0.248690 -0.966672
v -0.000000 -0.248690 -0.968583
v -0.060818 -0.248690 -0.966672
v -0.121396 -0.248690 -0.960946
v -0.181494 -0.248690 -0.951427
v -0.240877 -0.248690 -0.938153
v -0.299309 -0.248690 -0.921177
v -0.356559 -0.248690 -0.900566
v -0.412403 -0.248690 -0.876400
v -0.466618 -0.248690 -0.848776
v -0.518993 -0.248690 -0.817802
v -0.569319 -0.248690 -0.783600
v -0.617398 -0.248690 -0.746306
v -0.663041 -0.248690 -0.706067
v -0.706067 -0.248690 -0.663041
v -0.746306 -0.248690 -0.617398
v -0.783600 -0.248690 -0.569319
v -0.817802 -0.248690 -0.518993
v -0.848776 -0.248690 -0.466618
v -0.876400 -0.248690 -0.412403
v -0.900566 -0.248690 -0.356559
v -0.921177 -0.248690 -0.299309
v -0.938153 -0.248690 -0.240877
v -0.951427 -0.248690 -0.181494
v -0.960946 -0.248690 -0.121396
v -0.966672 -0.248690 -0.060818
v -0.968583 -0.248690 0.000000
v -0.966672 -0.248690 0.060818
v -0.960946 -0.248690 0.121396
v -0.951427 -0.248690 0.181494
v -0.938153 -0.248690 0.240877
v -0.921177 -0.248690 0.299309
v -0.900566 -0.248690 0.356559
v -0.876400 -0.248690 0.412403
v -0.848776 -0.248690 0.466618
v -0.817802 -0.248690 0.518993
v -0.783600 -0.248690 0.569319
v -0.746306 -0.248690 0.617398
v -0.706067 -0.248690 0.663041
v -0.663041 -0.248690 0.706067
v -0.617398 -0.248690 0.746306
v -0.569319 -0.248690 0.783600
v -0.518993 -0.248690 0.817802
v -0.466618 -0.248690 0.848776
v -0.412403 -0.248690 0.876400
v -0.356559 -0.248690 0.900566
v -0.299309 -0.248690 0.921177
v -0.240877 -0.248690 0.938153
v -0.181494 -0.248690 0.951427
v -0.121396 -0.248690 0.960946
v -0.060818 -0.248690 0.966672
v -0.000000 -0.248690 0.968583
v 0.060818 -0.248690 0.966672
v 0.121396 -0.248690 0.960946
v 0.181494 -0.248690 0.951427
v 0.240877 -0.248690 0.938153
v 0.299309 -0.248690 0.921177
v 0.356559 -0.248690 0.900566
v 0.412403 -0.248690 0.876400
v 0.466618 -0.248690 0.848776
v 0.518993 -0.248690 0.817802
v 0.569319 -0.248690 0.783600
v 0.617398 -0.248690 0.746306
v 0.663041 -0.248690 0.706067
v 0.706067 -0.248690 0.663041
v 0.746306 -0.248690 0.617398
v 0.783600 -0.248690 0.569319
v 0.817802 -0.248690 0.518993
v 0.848776 -0.248690 0.466618
v 0.876400 -0.248690 0.412403
v 0.900566 -0.248690 0.356559
v 0.921177 -0.248690 0.299309
v 0.938153 -0.248690 0.240877
v 0.951427 -0.248690 0.181494
v 0.960946 -0.248690 0.121396
v 0.966672 -0.248690 0.060818
v 0.982287 -0.187381 0.000000
v 0.980349 -0.187381 -0.061678
v 0.974542 -0.187381 -0.123113
v 0.964888 -0.187381 -0.184062
v 0.951427 -0.187381 -0.244285
v 0.934211 -0.187381 -0.303543
v 0.913308 -0.187381 -0.361604
v 0.888800 -0.187381 -0.418238
v 0.860785 -0.187381 -0.473220
v 0.829373 -0.187381 -0.526336
v 0.794687 -0.187381 -0.577374
v 0.756865 -0.187381 -0.626133
v 0.716057 -0.187381 -0.672422
v 0.672422 -0.187381 -0.716057
v 0.626133 -0.187381 -0.756865
v 0.577374 -0.187381 -0.794687
v 0.526336 -0.187381 -0.829373
v 0.473220 -0.187381 -0.860785
v 0.418238 -0.187381 -0.888800
v 0.361604 -0.187381 -0.913308
v 0.303543 -0.187381 -0.934211
v 0.244285 -0.187381 -0.951427
v 0.184062 -0.187381 -0.964888
v 0.123113 -0.187381 -0.974542
v 0.061678 -0.187381 -0.980349
v -0.000000 -0.187381 -0.982287
v -0.061678 -0.187381 -0.980349
v -0.123113 -0.187381 -0.974542
v -0.184062 -0.187381 -0.964888
v -0.244285 -0.187381 -0.951427
v -0.303543 -0.187381 -0.934211
v -0.361604 -0.187381 -0.913308
v -0.418238 -0.187381 -0.888800
v -0.473220 -0.187381 -0.860785
v -0.526336 -0.187381 -0.829373
v -0.577374 -0.187381 -0.794687
v -0.626133 -0.187381 -0.756865
v -0.672422 -0.187381 -0.716057
v -0.716057 -0.187381 -0.672422
v -0.756865 -0.187381 -0.626133
v -0.794687 -0.187381 -0.577374
v -0.829373 -0.187381 -0.526336
v -0.860785 -0.187381 -0.473220
v -0.888800 -0.187381 -0.418238
v -0.913308 -0.187381 -0.361604
v -0.934211 -0.187381 -0.303543
v -0.951427 -0.187381 -0.244285
v -0.964888 -0.187381 -0.184062
v -0.974542 -0.187381 -0.123113
v -0.980349 -0.187381 -0.061678
v -0.982287 -0.187381 0.000000
v -0.980349 -0.187381 0.061678
v -0.974542 -0.187381 0.123113
v -0.964888 -0.187381 0.184062
v -0.951427 -0.187381 0.244285
v -0.934211 -0.187381 0.303543
v -0.913308 -0.187381 0.361604
v -0.888800 -0.187381 0.418238
v -0.860785 -0.187381 0.473220
v -0.829373 -0.187381 0.526336
v -0.794687 -0.187381 0.577374
v -0.756865 -0.187381 0.626133
v -0.716057 -0.187381 0.672422
v -0.672422 -0.187381 0.716057
v -0.626133 -0.187381 0.756865
v -0.577374 -0.187381 0.794687
v -0.526336 -0.187381 0.829373
v -0.473220 -0.187381 0.860785
v -0.418238 -0.187381 0.888800
v -0.361604 -0.187381 0.913308
v -0.303543 -0.187381 0.934211
v -0.244285 -0.187381 0.951427
v -0.184062 -0.187381 0.964888
v -0.123113 -0.187381 0.974542
v -0.061678 -0.187381 0.980349
v -0.000000 -0.187381 0.982287
v 0.061678 -0.187381 0.980349
v 0.123113 -0.187381 0.974542
v 0.184062 -0.187381 0.964888
v 0.244285 -0.187381 0.951427
v 0.303543 -0.187381 0.934211
v 0.361604 -0.187381 0.913308
v 0.418238 -0.187381 0.888800
v 0.473220 -0.187381 0.860785
v 0.526336 -0.187381 0.829373
v 0.577374 -0.187381 0.794687
v 0.626133 -0.187381 0.756865
v 0.672422 -0.187381 0.716057
v 0.716057 -0.187381 0.672422
v 0.756865 -0.187381 0.626133
v 0.794687 -0.187381 0.577374
v 0.829373 -0.187381 0.526336
v 0.860785 -0.187381 0.473220
v 0.888800 -0.187381 0.418238
v 0.913308 -0.187381 0.361604
v 0.934211 -0.187381 0.303543
v 0.951427 -0.187381 0.244285
v 0.964888 -0.187381 0.184062
v 0.974542 -0.187381 0.123113
v 0.980349 -0.187381 0.061678
v 0.992115 -0.125333 0.000000
v 0.990157 -0.125333 -0.062295
v 0.984292 -0.125333 -0.124345
v 0.974542 -0.125333 -0.185904
v 0.960946 -0.125333 -0.246729
v 0.943557 -0.125333 -0.306580
v 0.922445 -0.125333 -0.365222
v 0.897692 -0.125333 -0.422422
v 0.869397 -0.125333 -0.477955
v 0.837670 -0.125333 -0.531602
v 0.802638 -0.125333 -0.583150
v 0.764438 -0.125333 -0.632398
v 0.723220 -0.125333 -0.679149
v 0.679149 -0.125333 -0.723220
v 0.632398 -0.125333 -0.764438
v 0.583150 -0.125333 -0.802638
v 0.531602 -0.125333 -0.837670
v 0.477955 -0.125333 -0.869397
v 0.422422 -0.125333 -0.897692
v 0.365222 -0.125333 -0.922445
v 0.306580 -0.125333 -0.943557
v 0.246729 -0.125333 -0.960946
v 0.185904 -0.125333 -0.974542
v 0.124345 -0.125333 -0.984292
v 0.062295 -0.125333 -0.990157
v -0.000000 -0.125333 -0.992115
v -0.062295 -0.125333 -0.990157
v -0.124345 -0.125333 -0.984292
v -0.185904 -0.125333 -0.974542
v -0.246729 -0.125333 -0.960946
v -0.306580 -0.125333 -0.943557
v -0.365222 -0.125333 -0.922445
v -0.422422 -0.125333 -0.897692
v -0.477955 -0.125333 -0.869397
v -0.531602 -0.125333 -0.837670
v -0.583150 -0.125333 -0.802638
v -0.632398 -0.125333 -0.764438
v -0.679149 -0.125333 -0.723220
v -0.723220 -0.125333 -0.679149
v -0.764438 -0.125333 -0.632398
v -0.802638 -0.125333 -0.583150
v -0.837670 -0.125333 -0.531602
v -0.869397 -0.125333 -0.477955
v -0.897692 -0.125333 -0.422422
v -0.922445 -0.125333 -0.365222
v -0.943557 -0.125333 -0.306580
v -0.960946 -0.125333 -0.246729
v -0.974542 -0.125333 -0.185904
v -0.984292 -0.125333 -0.124345
v -0.990157 -0.125333 -0.062295
v -0.992115 -0.125333 0.000000
v -0.990157 -0.125333 0.062295
v -0.984292 -0.125333 0.124345
v -0.974542 -0.125333 0.185904
v -0.960946 -0.125333 0.246729
v -0.943557 -0.125333 0.306580
v -0.922445 -0.125333 0.365222
v -0.897692 -0.125333 0.422422
v -0.869397 -0.125333 0.477955
v -0.837670 -0.125333 0.531602
v -0.802638 -0.125333 0.583150
v -0.764438 -0.125333 0.632398
v -0.723220 -0.125333 0.679149
v -0.679149 -0.125333 0.723220
v -0.632398 -0.125333 0.764438
v -0.583150 -0.125333 0.802638
v -0.531602 -0.125333 0.837670
v -0.477955 -0.125333 0.869397
v -0.422422 -0.125333 0.897692
v -0.365222 -0.125333 0.922445
v -0.306580 -0.125333 0.943557
v -0.246729 -0.125333 0.960946
v -0.185904 -0.125333 0.974542
v -0.124345 -0.125333 0.984292
v -0.062295 -0.125333 0.990157
v -0.000000 -0.125333 0.992115
v 0.062295 -0.125333 0.990157
v 0.124345 -0.125333 0.984292
v 0.185904 -0.125333 0.974542
v 0.246729 -0.125333 0.960946
v 0.306580 -0.125333 0.943557
v 0.365222 -0.125333 0.922445
v 0.422422 -0.125333 0.897692
v 0.477955 -0.125333 0.869397
v 0.531602 -0.125333 0.837670
v 0.583150 -0.125333 0.802638
v 0.632398 -0.125333 0.764438
v 0.679149 -0.125333 0.723220
v 0.723220 -0.125333 0.679149
v 0.764438 -0.125333 0.632398
v 0.802638 -0.125333 0.583150
v 0.837670 -0.125333 0.531602
v 0.869397 -0.125333 0.477955
v 0.897692 -0.125333 0.422422
v 0.922445 -0.125333 0.365222
v 0.943557 -0.125333 0.306580
v 0.960946 -0.125333 0.246729
v 0.974542 -0.125333 0.185904
v 0.984292 -0.125333 0.124345
v 0.990157 -0.125333 0.062295
v 0.998027 -0.062791 0.000000
v 0.996057 -0.062791 -0.062667
v 0.990157 -0.062791 -0.125086
v 0.980349 -0.062791 -0.187012
v 0.966672 -0.062791 -0.248199
v 0.949180 -0.062791 -0.308407
v 0.927942 -0.062791 -0.367398
v 0.903042 -0.062791 -0.424939
v 0.874577 -0.062791 -0.480803
v 0.842662 -0.062791 -0.534769
v 0.807421 -0.062791 -0.586625
v 0.768993 -0.062791 -0.636166
v 0.727530 -0.062791 -0.683196
v 0.683196 -0.062791 -0.727530
v 0.636166 -0.062791 -0.768993
v 0.586625 -0.062791 -0.807421
v 0.534769 -0.062791 -0.842662
v 0.480803 -0.062791 -0.874577
v 0.424939 -0.062791 -0.903042
v 0.367398 -0.062791 -0.927942
v 0.308407 -0.062791 -0.949180
v 0.248199 -0.062791 -0.966672
v 0.187012 -0.062791 -0.980349
v 0.125086 -0.062791 -0.990157
v 0.062667 -0.062791 -0.996057
v -0.000000 -0.062791 -0.998027
v -0.062667 -0.062791 -0.996057
v -0.125086 -0.062791 -0.990157
v -0.187012 -0.062791 -0.980349
v -0.248199 -0.062791 -0.966672
v -0.308407 -0.062791 -0.949180
v -0.367398 -0.062791 -0.927942
v -0.424939 -0.062791 -0.903042
v -0.480803 -0.062791 -0.874577
v -0.534769 -0.062791 -0.842662
v -0.586625 -0.062791 -0.807421
v -0.636166 -0.062791 -0.768993
v -0.683196 -0.062791 -0.727530
v -0.727530 -0.062791 -0.683196
v -0.768993 -0.062791 -0.636166
v -0.807421 -0.062791 -0.586625
v -0.842662 -0.062791 -0.534769
v -0.874577 -0.062791 -0.480803
v -0.903042 -0.062791 -0.424939
v -0.927942 -0.062791 -0.367398
v -0.949180 -0.062791 -0.308407
v -0.966672 -0.062791 -0.248199
v -0.980349 -0.062791 -0.187012
v -0.990157 -0.062791 -0.125086
v -0.996057 -0.062791 -0.062667
v -0.998027 -0.062791 0.000000
v -0.996057 -0.062791 0.062667
v -0.990157 -0.062791 0.125086
v -0.980349 -0.062791 0.187012
v -0.966672 -0.062791 0.248199
v -0.949180 -0.062791 0.308407
v -0.927942 -0.062791 0.367398
v -0.903042 -0.062791 0.424939
v -0.874577 -0.062791 0.480803
v -0.842662 -0.062791 0.534769
v -0.807421 -0.062791 0.586625
v -0.768993 -0.062791 0.636166
v -0.727530 -0.062791 0.683196
v -0.683196 -0.062791 0.727530
v -0.636166 -0.062791 0.768993
v -0.586625 -0.062791 0.807421
v -0.534769 -0.062791 0.842662
v -0.480803 -0.062791 0.874577
v -0.424939 -0.062791 0.903042
v -0.367398 -0.062791 0.927942
v -0.308407 -0.062791 0.949180
v -0.248199 -0.062791 0.966672
v -0.187012 -0.062791 0.980349
v -0.125086 -0.062791 0.990157
v -0.062667 -0.062791 0.996057
v -0.000000 -0.062791 0.998027
v 0.062667 -0.062791 0.996057
v 0.125086 -0.062791 0.990157
v 0.187012 -0.062791 0.980349
v 0.248199 -0.062791 0.966672
v 0.308407 -0.062791 0.949180
v 0.367398 -0.062791 0.927942
v 0.424939 -0.062791 0.903042
v 0.480803 -0.062791 0.874577
v 0.534769 -0.062791 0.842662
v 0.586625 -0.062791 0.807421
v 0.636166 -0.062791 0.768993
v 0.683196 -0.062791 0.727530
v 0.727530 -0.062791 0.683196
v 0.768993 -0.062791 0.636166
v 0.807421 -0.062791 0.586625
v 0.842662 -0.062791 0.534769
v 0.874577 -0.062791 0.480803
v 0.903042 -0.062791 0.424939
v 0.927942 -0.062791 0.367398
v 0.949180 -0.062791 0.308407
v 0.966672 -0.062791 0.248199
v 0.980349 -0.062791 0.187012
v 0.990157 -0.062791 0.125086
v 0.996057 -0.062791 0.062667
v 1.000000 0.000000 0.000000
v 0.998027 0.000000 -0.062791
v 0.992115 0.000000 -0.125333
v 0.982287 0.000000 -0.187381
v 0.968583 0.000000 -0.248690
v 0.951057 0.000000 -0.309017
v 0.929776 0.000000 -0.368125
v 0.904827 0.000000 -0.425779
v 0.876307 0.000000 -0.481754
v 0.844328 0.000000 -0.535827
v 0.809017 0.000000 -0.587785
v 0.770513 0.000000 -0.637424
v 0.728969 0.000000 -0.684547
v 0.684547 0.000000 -0.728969
v 0.637424 0.000000 -0.770513
v 0.587785 0.000000 -0.809017
v 0.535827 0.000000 -0.844328
v 0.481754 0.000000 -0.876307
v 0.425779 0.000000 -0.904827
v 0.368125 0.000000 -0.929776
v 0.309017 0.000000 -0.951057
v 0.248690 0.000000 -0.968583
v 0.187381 0.000000 -0.982287
v 0.125333 0.000000 -0.992115
v 0.062791 0.000000 -0.998027
v -0.000000 0.000000 -1.000000
v -0.062791 0.000000 -0.998027
v -0.125333 0.000000 -0.992115
v -0.187381 0.000000 -0.982287
v -0.248690 0.000000 -0.968583
v -0.309017 0.000000 -0.951057
v -0.368125 0.000000 -0.929776
v -0.425779 0.000000 -0.904827
v -0.481754 0.000000 -0.876307
v -0.535827 0.000000 -0.844328
v -0.587785 0.000000 -0.809017
v -0.637424 0.000000 -0.770513
v -0.684547 0.000000 -0.728969
v -0.728969 0.000000 -0.684547
v -0.770513 0.000000 -0.637424
v -0.809017 0.000000 -0.587785
v -0.844328 0.000000 -0.535827
v -0.876307 0.000000 -0.481754
v -0.904827 0.000000 -0.425779
v -0.929776 0.000000 -0.368125
v -0.951057 0.000000 -0.309017
v -0.968583 0.000000 -0.248690
v -0.982287 0.000000 -0.187381
v -0.992115 0.000000 -0.125333
v -0.998027 0.000000 -0.062791
v -1.000000 0.000000 0.000000
v -0.998027 0.000000 0.062791
v -0.992115 0.000000 0.125333
v -0.982287 0.000000 0.187381
v -0.968583 0.000000 0.248690
v -0.951057 0.000000 0.309017
v -0.929776 0.000000 0.368125
v -0.904827 0.000000 0.425779
v -0.876307 0.000000 0.481754
v -0.844328 0.000000 0.535827
v -0.809017 0.000000 0.587785
v -0.770513 0.000000 0.637424
v -0.728969 0.000000 0.684547
v -0.684547 0.000000 0.728969
v -0.637424 0.000000 0.770513
v -0.587785 0.000000 0.809017
v -0.535827 0.000000 0.844328
v -0.481754 0.000000 0.876307
v -0.425779 0.000000 0.904827
v -0.368125 0.000000 0.929776
v -0.309017 0.000000 0.951057
v -0.248690 0.000000 0.968583
v -0.187381 0.000000 0.982287
v -0.125333 0.000000 0.992115
v -0.062791 0.000000 0.998027
v -0.000000 0.000000 1.000000
v 0.062791 0.000000 0.998027
v 0.125333 0.000000 0.992115
v 0.187381 0.000000 0.982287
v 0.248690 0.000000 0.968583
v 0.309017 0.000000 0.951057
v 0.368125 0.000000 0.929776
v 0.425779 0.000000 0.904827
v 0.481754 0.000000 0.876307
v 0.535827 0.000000 0.844328
v 0.587785 0.000000 0.809017
v 0.637424 0.000000 0.770513
v 0.684547 0.000000 0.728969
v 0.728969 0.000000 0.684547
v 0.770513 0.000000 0.637424
v 0.809017 0.000000 0.587785
v 0.844328 0.000000 0.535827
v 0.876307 0.000000 0.481754
v 0.904827 0.000000 0.425779
v 0.929776 0.000000 0.368125
v 0.951057 0.000000 0.309017
v 0.968583 0.000000 0.248690
v 0.982287 0.000000 0.187381
v 0.992115 0.000000 0.125333
v 0.998027 0.000000 0.062791
v 0.998027 0.062791 0.000000
v 0.996057 0.062791 -0.062667
v 0.990157 0.062791 -0.125086
v 0.980349 0.062791 -0.187012
v 0.966672 0.062791 -0.248199
v 0.949180 0.062791 -0.308407
v 0.927942 0.062791 -0.367398
v 0.903042 0.062791 -0.424939
v 0.874577 0.062791 -0.480803
v 0.842662 0.062791 -0.534769
v 0.807421 0.062791 -0.586625
v 0.768993 0.062791 -0.636166
v 0.727530 0.062791 -0.683196
v 0.683196 0.062791 -0.727530
v 0.636166 0.062791 -0.768993
v 0.586625 0.062791 -0.807421
v 0.534769 0.062791 -0.842662
v 0.480803 0.062791 -0.874577
v 0.424939 0.062791 -0.903042
v 0.367398 0.062791 -0.927942
v 0.308407 0.062791 -0.949180
v 0.248199 0.062791 -0.966672
v 0.187012 0.062791 -0.980349
v 0.125086 0.062791 -0.990157
v 0.062667 0.062791 -0.996057
v -0.000000 0.062791 -0.998027
v -0.062667 0.062791 -0.996057
v -0.125086 0.062791 -0.990157
v -0.187012 0.062791 -0.980349
v -0.248199 0.062791 -0.966672
v -0.308407 0.062791 -0.949180
v -0.367398 0.062791 -0.927942
v -0.424939 0.062791 -0.903042
v -0.480803 0.062791 -0.874577
v -0.534769 0.062791 -0.842662
v -0.586625 0.062791 -0.807421
v -0.636166 0.062791 -0.768993
v -0.683196 0.062791 -0.727530
v -0.727530 0.062791 -0.683196
v -0.768993 0.062791 -0.636166
v -0.807421 0.062791 -0.586625
v -0.842662 0.062791 -0.534769
v -0.874577 0.062791 -0.480803
v -0.903042 0.062791 -0.424939
v -0.927942 0.062791 -0.367398
v -0.949180 0.062791 -0.308407
v -0.966672 0.062791 -0.248199
v -0.980349 0.062791 -0.187012
v -0.990157 0.062791 -0.125086
v -0.996057 0.062791 -0.062667
v -0.998027 0.062791 0.000000
v -0.996057 0.062791 0.062667
v -0.990157 0.062791 0.125086
v -0.980349 0.062791 0.187012
v -0.966672 0.062791 0.248199
v -0.949180 0.062791 0.308407
v -0.927942 0.062791 0.367398
v -0.903042 0.062791 0.424939
v -0.874577 0.062791 0.480803
v -0.842662 0.062791 0.534769
v -0.807421 0.062791 0.586625
v -0.768993 0.062791 0.636166
v -0.727530 0.062791 0.683196
v -0.683196 0.062791 0.727530
v -0.636166 0.062791 0.768993
v -0.586625 0.062791 0.807421
v -0.534769 0.062791 0.842662
v -0.480803 0.062791 0.874577
v -0.424939 0.062791 0.903042
v -0.367398 0.062791 0.927942
v -0.308407 0.062791 0.949180
v -0.248199 0.062791 0.966672
v -0.187012 0.062791 0.980349
v -0.125086 0.062791 0.990157
v -0.062667 0.062791 0.996057
v -0.000000 0.062791 0.998027
v 0.062667 0.062791 0.996057
v 0.125086 0.062791 0.990157
v 0.187012 0.062791 0.980349
v 0.248199 0.062791 0.966672
v 0.308407 0.062791 0.949180
v 0.367398 0.062791 0.927942
v 0.424939 0.062791 0.903042
v 0.480803 0.062791 0.874577
v 0.534769 0.062791 0.842662
v 0.586625 0.062791 0.807421
v 0.636166 0.062791 0.768993
v 0.683196 0.062791 0.727530
v 0.727530 0.062791 0.683196
v 0.768993 0.062791 0.636166
v 0.807421 0.062791 0.586625
v 0.842662 0.062791 0.534769
v 0.874577 0.062791 0.480803
v 0.903042 0.062791 0.424939
v 0.927942 0.062791 0.367398
v 0.949180 0.062791 0.308407
v 0.966672 0.062791 0.248199
v 0.980349 0.062791 0.187012
v 0.990157 0.062791 0.125086
v 0.996057 0.062791 0.062667
v 0.992115 0.125333 0.000000
v 0.990157 0.125333 -0.062295
v 0.984292 0.125333 -0.124345
v 0.974542 0.125333 -0.185904
v 0.960946 0.125333 -0.246729
v 0.943557 0.125333 -0.306580
v 0.922445 0.125333 -0.365222
v 0.897692 0.125333 -0.422422
v 0.869397 0.125333 -0.477955
v 0.837670 0.125333 -0.531602
v 0.802638 0.125333 -0.583150
v 0.764438 0.125333 -0.632398
v 0.723220 0.125333 -0.679149
v 0.679149 0.125333 -0.723220
v 0.632398 0.125333 -0.764438
v 0.583150 0.125333 -0.802638
v 0.531602 0.125333 -0.837670
v 0.477955 0.125333 -0.869397
v 0.422422 0.125333 -0.897692
v 0.365222 0.125333 -0.922445
v 0.306580 0.125333 -0.943557
v 0.246729 0.125333 -0.960946
v 0.185904 0.125333 -0.974542
v 0.124345 0.125333 -0.984292
v 0.062295 0.125333 -0.990157
v -0.000000 0.125333 -0.992115
v -0.062295 0.125333 -0.990157
v -0.124345 0.125333 -0.984292
v -0.185904 0.125333 -0.974542
v -0.246729 0.125333 -0.960946
v -0.306580 0.125333 -0.943557
v -0.365222 0.125333 -0.922445
v -0.422422 0.125333 -0.897692
v -0.477955 0.125333 -0.869397
v -0.531602 0.125333 -0.837670
v -0.583150 0.125333 -0.802638
v -0.632398 0.125333 -0.764438
v -0.679149 0.125333 -0.723220
v -0.723220 0.125333 -0.679149
v -0.764438 0.125333 -0.632398
v -0.802638 0.125333 -0.583150
v -0.837670 0.125333 -0.531602
v -0.869397 0.125333 -0.477955
v -0.897692 0.125333 -0.422422
v -0.922445 0.125333 -0.365222
v -0.943557 0.125333 -0.306580
v -0.960946 0.125333 -0.246729
v -0.974542 0.125333 -0.185904
v -0.984292 0.125333 -0.124345
v -0.990157 0.125333 -0.062295
v -0.992115 0.125333 0.000000
v -0.990157 0.125333 0.062295
v -0.984292 0.125333 0.124345
v -0.974542 0.125333 0.185904
v -0.960946 0.125333 0.246729
v -0.943557 0.125333 0.306580
v -0.922445 0.125333 0.365222
v -0.897692 0.125333 0.422422
v -0.869397 0.125333 0.477955
v -0.837670 0.125333 0.531602
v -0.802638 0.125333 0.583150
v -0.764438 0.125333 0.632398
v -0.723220 0.125333 0.679149
v -0.679149 0.125333 0.723220
v -0.632398 0.125333 0.764438
v -0.583150 0.125333 0.802638
v -0.531602 0.125333 0.837670
v -0.477955 0.125333 0.869397
v -0.422422 0.125333 0.897692
v -0.365222 0.125333 0.922445
v -0.306580 0.125333 0.943557
v -0.246729 0.125333 0.960946
v -0.185904 0.125333 0.974542
v -0.124345 0.125333 0.984292
v -0.062295 0.125333 0.990157
v -0.000000 0.125333 0.992115
v 0.062295 0.125333 0.990157
v 0.124345 0.125333 0.984292
v 0.185904 0.125333 0.974542
v 0.246729 0.125333 0.960946
v 0.306580 0.125333 0.943557
v 0.365222 0.125333 0.922445
v 0.422422 0.125333 0.897692
v 0.477955 0.125333 0.869397
v 0.531602 0.125333 0.837670
v 0.583150 0.125333 0.802638
v 0.632398 0.125333 0.764438
v 0.679149 0.125333 0.723220
v 0.723220 0.125333 0.679149
v 0.764438 0.125333 0.632398
v 0.802638 0.125333 0.583150
v 0.837670 0.125333 0.531602
v 0.869397 0.125333 0.477955
v 0.897692 0.125333 0.422422
v 0.922445 0.125333 0.365222
v 0.943557 0.125333 0.306580
v 0.960946 0.125333 0.246729
v 0.974542 0.125333 0.185904
v 0.984292 0.125333 0.124345
v 0.990157 0.125333 0.062295
v 0.982287 0.187381 0.000000
v 0.980349 0.187381 -0.061678
v 0.974542 0.187381 -0.123113
v 0.964888 0.187381 -0.184062
v 0.951427 0.187381 -0.244285
v 0.934211 0.187381 -0.303543
v 0.913308 0.187381 -0.361604
v 0.888800 0.187381 -0.418238
v 0.860785 0.187381 -0.473220
v 0.829373 0.187381 -0.526336
v 0.794687 0.187381 -0.577374
v 0.756865 0.187381 -0.626133
v 0.716057 0.187381 -0.672422
v 0.672422 0.187381 -0.716057
v 0.626133 0.187381 -0.756865
v 0.577374 0.187381 -0.794687
v 0.526336 0.187381 -0.829373
v 0.473220 0.187381 -0.860785
v 0.418238 0.187381 -0.888800
v 0.361604 0.187381 -0.913308
v 0.303543 0.187381 -0.934211
v 0.244285 0.187381 -0.951427
v 0.184062 0.187381 -0.964888
v 0.123113 0.187381 -0.974542
v 0.061678 0.187381 -0.980349
v -0.000000 0.187381 -0.982287
v -0.061678 0.187381 -0.980349
v -0.123113 0.187381 -0.974542
v -0.184062 0.187381 -0.964888
v -0.244285 0.187381 -0.951427
v -0.303543 0.187381 -0.934211
v -0.361604 0.187381 -0.913308
v -0.418238 0.187381 -0.888800
v -0.473220 0.187381 -0.860785
v -0.526336 0.187381 -0.829373
v -0.577374 0.187381 -0.794687
v -0.626133 0.187381 -0.756865
v -0.672422 0.187381 -0.716057
v -0.716057 0.187381 -0.672422
v -0.756865 0.187381 -0.626133
v -0.794687 0.187381 -0.577374
v -0.829373 0.187381 -0.526336
v -0.860785 0.187381 -0.473220
v -0.888800 0.187381 -0.418238
v -0.913308 0.187381 -0.361604
v -0.934211 0.187381 -0.303543
v -0.951427 0.187381 -0.244285
v -0.964888 0.187381 -0.184062
v -0.974542 0.187381 -0.123113
v -0.980349 0.187381 -0.061678
v -0.982287 0.187381 0.000000
v -0.980349 0.187381 0.061678
v -0.974542 0.187381 0.123113
v -0.964888 0.187381 0.184062
v -0.951427 0.187381 0.244285
v -0.934211 0.187381 0.303543
v -0.913308 0.187381 0.361604
v -0.888800 0.187381 0.418238
v -0.860785 0.187381 0.473220
v -0.829373 0.187381 0.526336
v -0.794687 0.187381 0.577374
v -0.756865 0.187381 0.626133
v -0.716057 0.187381 0.672422
v -0.672422 0.187381 0.716057
v -0.626133 0.187381 0.756865
v -0.577374 0.187381 0.794687
v -0.526336 0.187381 0.829373
v -0.473220 0.187381 0.860785
v -0.418238 0.187381 0.888800
v -0.361604 0.187381 0.913308
v -0.303543 0.187381 0.934211
v -0.244285 0.187381 0.951427
v -0.184062 0.187381 0.964888
v -0.123113 0.187381 0.974542
v -0.061678 0.187381 0.980349
v -0.000000 0.187381 0.982287
v 0.061678 0.187381 0.980349
v 0.123113 0.187381 0.974542
v 0.184062 0.187381 0.964888
v 0.244285 0.187381 0.951427
v 0.303543 0.187381 0.934211
v 0.361604 0.187381 0.913308
v 0.418238 0.187381 0.888800
v 0.473220 0.187381 0.860785
v 0.526336 0.187381 0.829373
v 0.577374 0.187381 0.794687
v 0.626133 0.187381 0.756865
v 0.672422 0.187381 0.716057
v 0.716057 0.187381 0.672422
v 0.756865 0.187381 0.626133
v 0.794687 0.187381 0.577374
v 0.829373 0.187381 0.526336
v 0.860785 0.187381 0.473220
v 0.888800 0.187381 0.418238
v 0.913308 0.187381 0.361604
v 0.934211 0.187381 0.303543
v 0.951427 0.187381 0.244285
v 0.964888 0.187381 0.184062
v 0.974542 0.187381 0.123113
v 0.980349 0.187381 0.061678
v 0.968583 0.248690 0.000000
v 0.966672 0.248690 -0.060818
v 0.960946 0.248690 -0.121396
v 0.951427 0.248690 -0.181494
v 0.938153 0.248690 -0.240877
v 0.921177 0.248690 -0.299309
v 0.900566 0.248690 -0.356559
v 0.876400 0.248690 -0.412403
v 0.848776 0.248690 -0.466618
v 0.817802 0.248690 -0.518993
v 0.783600 0.248690 -0.569319
v 0.746306 0.248690 -0.617398
v 0.706067 0.248690 -0.663041
v 0.663041 0.248690 -0.706067
v 0.617398 0.248690 -0.746306
v 0.569319 0.248690 -0.783600
v 0.518993 0.248690 -0.817802
v 0.466618 0.248690 -0.848776
v 0.412403 0.248690 -0.876400
v 0.356559 0.248690 -0.900566
v 0.299309 0.248690 -0.921177
v 0.240877 0.248690 -0.938153
v 0.181494 0.248690 -0.951427
v 0.121396 0.248690 -0.960946
v 0.060818 0.248690 -0.966672
v -0.000000 0.248690 -0.968583
v -0.060818 0.248690 -0.966672
v -0.121396 0.248690 -0.960946
v -0.181494 0.248690 -0.951427
v -0.240877 0.248690 -0.938153
v -0.299309 0.248690 -0.921177
v -0.356559 0.248690 -0.900566
v -0.412403 0.248690 -0.876400
v -0.466618 0.248690 -0.848776
v -0.518993 0.248690 -0.817802
v -0.569319 0.248690 -0.783600
v -0.617398 0.248690 -0.746306
v -0.663041 0.248690 -0.706067
v -0.706067 0.248690 -0.663041
v -0.746306 0.248690 -0.617398
v -0.783600 0.248690 -0.569319
v -0.817802 0.248690 -0.518993
v -0.848776 0.248690 -0.466618
v -0.876400 0.248690 -0.412403
v -0.900566 0.248690 -0.356559
v -0.921177 0.248690 -0.299309
v -0.938153 0.248690 -0.240877
v -0.951427 0.248690 -0.181494
v -0.960946 0.248690 -0.121396
v -0.966672 0.248690 -0.060818
v -0.968583 0.248690 0.000000
v -0.966672 0.248690 0.060818
v -0.960946 0.248690 0.121396
v -0.951427 0.248690 0.181494
v -0.938153 0.248690 0.240877
v -0.921177 0.248690 0.299309
v -0.900566 0.248690 0.356559
v -0.876400 0.248690 0.412403
v -0.848776 0.248690 0.466618
v -0.817802 0.248690 0.518993
v -0.783600 0.248690 0.569319
v -0.746306 0.248690 0.617398
v -0.706067 0.248690 0.663041
v -0.663041 0.248690 0.706067
v -0.617398 0.248690 0.746306
v -0.569319 0.248690 0.783600
v -0.518993 0.248690 0.817802
v -0.466618 0.248690 0.848776
v -0.412403 0.248690 0.876400
v -0.356559 0.248690 0.900566
v -0.299309 0.248690 0.921177
v -0.240877 0.248690 0.938153
v -0.181494 0.248690 0.951427
v -0.121396 0.248690 0.960946
v -0.060818 0.248690 0.966672
v -0.000000 0.248690 0.968583
v 0.060818 0.248690 0.966672
v 0.121396 0.248690 0.960946
v 0.181494 0.248690 0.951427
v 0.240877 0.248690 0.938153
v 0.299309 0.248690 0.921177
v 0.356559 0.248690 0.900566
v 0.412403 0.248690 0.876400
v 0.466618 0.248690 0.848776
v 0.518993 0.248690 0.817802
v 0.569319 0.248690 0.783600
v 0.617398 0.248690 0.746306
v 0.663041 0.248690 0.706067
v 0.706067 0.248690 0.663041
v 0.746306 0.248690 0.617398
v 0.783600 0.248690 0.569319
v 0.817802 0.248690 0.518993
v 0.848776 0.248690 0.466618
v 0.876400 0.248690 0.412403
v 0.900566 0.248690 0.356559
v 0.921177 0.248690 0.299309
v 0.938153 0.248690 0.240877
v 0.951427 0.248690 0.181494
v 0.960946 0.248690 0.121396
v 0.966672 0.248690 0.060818
v 0.951057 0.309017 0.000000
v 0.949180 0.309017 -0.059717
v 0.943557 0.309017 -0.119199
v 0.934211 0.309017 -0.178210
v 0.921177 0.309017 -0.236518
v 0.904508 0.309017 -0.293893
v 0.884270 0.309017 -0.350107
v 0.860542 0.309017 -0.404940
v 0.833417 0.309017 -0.458175
v 0.803004 0.309017 -0.509602
v 0.769421 0.309017 -0.559017
v 0.732802 0.309017 -0.606226
v 0.693290 0.309017 -0.651043
v 0.651043 0.309017 -0.693290
v 0.606226 0.309017 -0.732802
v 0.559017 0.309017 -0.769421
v 0.509602 0.309017 -0.803004
v 0.458175 0.309017 -0.833417
v 0.404940 0.309017 -0.860542
v 0.350107 0.309017 -0.884270
v 0.293893 0.309017 -0.904508
v 0.236518 0.309017 -0.921177
v 0.178210 0.309017 -0.934211
v 0.119199 0.309017 -0.943557
v 0.059717 0.309017 -0.949180
v -0.000000 0.309017 -0.951057
v -0.059717 0.309017 -0.949180
v -0.119199 0.309017 -0.943557
v -0.178210 0.309017 -0.934211
v -0.236518 0.309017 -0.921177
v -0.293893 0.309017 -0.904508
v -0.350107 0.309017 -0.884270
v -0.404940 0.309017 -0.860542
v -0.458175 0.309017 -0.833417
v -0.509602 0.309017 -0.803004
v -0.559017 0.309017 -0.769421
v -0.606226 0.309017 -0.732802
v -0.651043 0.309017 -0.693290
v -0.693290 0.309017 -0.651043
v -0.732802 0.309017 -0.606226
v -0.769421 0.309017 -0.559017
v -0.803004 0.309017 -0.509602
v -0.833417 0.309017 -0.458175
v -0.860542 0.309017 -0.404940
v -0.884270 0.309017 -0.350107
v -0.904508 0.309017 -0.293893
v -0.921177 0.309017 -0.236518
v -0.934211 0.309017 -0.178210
v -0.943557 0.309017 -0.119199
v -0.949180 0.309017 -0.059717
v -0.951057 0.309017 0.000000
v -0.949180 0.309017 0.059717
v -0.943557 0.309017 0.119199
v -0.934211 0.309017 0.178210
v -0.921177 0.309017 0.236518
v -0.904508 0.309017 0.293893
v -0.884270 0.309017 0.350107
v -0.860542 0.309017 0.404940
v -0.833417 0.309017 0.458175
v -0.803004 0.309017 0.509602
v -0.769421 0.309017 0.559017
v -0.732802 0.309017 0.606226
v -0.693290 0.309017 0.651043
v -0.651043 0.309017 0.693290
v -0.606226 0.309017 0.732802
v -0.559017 0.309017 0.769421
v -0.509602 0.309017 0.803004
v -0.458175 0.309017 0.833417
v -0.404940 0.309017 0.860542
v -0.350107 0.309017 0.884270
v -0.293893 0.309017 0.904508
v -0.236518 0.309017 0.921177
v -0.178210 0.309017 0.934211
v -0.119199 0.309017 0.943557
v -0.059717 0.309017 0.949180
v -0.000000 0.309017 0.951057
v 0.059717 0.309017 0.949180
v 0.119199 0.309017 0.943557
v 0.178210 0.309017 0.934211
v 0.236518 0.309017 0.921177
v 0.293893 0.309017 0.904508
v 0.350107 0.309017 0.884270
v 0.404940 0.309017 0.860542
v 0.458175 0.309017 0.833417
v 0.509602 0.309017 0.803004
v 0.559017 0.309017 0.769421
v 0.606226 0.309017 0.732802
v 0.651043 0.309017 0.693290
v 0.693290 0.309017 0.651043
v 0.732802 0.309017 0.606226
v 0.769421 0.309017 0.559017
v 0.803004 0.309017 0.509602
v 0.833417 0.309017 0.458175
v 0.860542 0.309017 0.404940
v 0.884270 0.309017 0.350107
v 0.904508 0.309017 0.293893
v 0.921177 0.309017 0.236518
v 0.934211 0.309017 0.178210
v 0.943557 0.309017 0.119199
v 0.949180 0.309017 0.059717
v 0.929776 0.368125 0.000000
v 0.927942 0.368125 -0.058381
v 0.922445 0.368125 -0.116532
v 0.913308 0.368125 -0.174223
v 0.900566 0.368125 -0.231226
v 0.884270 0.368125 -0.287317
v 0.864484 0.368125 -0.342274
v 0.841287 0.368125 -0.395880
v 0.814769 0.368125 -0.447923
v 0.785036 0.368125 -0.498199
v 0.752205 0.368125 -0.546509
v 0.716405 0.368125 -0.592662
v 0.677778 0.368125 -0.636476
v 0.636476 0.368125 -0.677778
v 0.592662 0.368125 -0.716405
v 0.546509 0.368125 -0.752205
v 0.498199 0.368125 -0.785036
v 0.447923 0.368125 -0.814769
v 0.395880 0.368125 -0.841287
v 0.342274 0.368125 -0.864484
v 0.287317 0.368125 -0.884270
v 0.231226 0.368125 -0.900566
v 0.174223 0.368125 -0.913308
v 0.116532 0.368125 -0.922445
v 0.058381 0.368125 -0.927942
v -0.000000 0.368125 -0.929776
v -0.058381 0.368125 -0.927942
v -0.116532 0.368125 -0.922445
v -0.174223 0.368125 -0.913308
v -0.231226 0.368125 -0.900566
v -0.287317 0.368125 -0.884270
v -0.342274 0.368125 -0.864484
v -0.395880 0.368125 -0.841287
v -0.447923 0.368125 -0.814769
v -0.498199 0.368125 -0.785036
v -0.546509 0.368125 -0.752205
v -0.592662 0.368125 -0.716405
v -0.636476 0.368125 -0.677778
v -0.677778 0.368125 -0.636476
v -0.716405 0.368125 -0.592662
v -0.752205 0.368125 -0.546509
v -0.785036 0.368125 -0.498199
v -0.814769 0.368125 -0.447923
v -0.841287 0.368125 -0.395880
v -0.864484 0.368125 -0.342274
v -0.884270 0.368125 -0.287317
v -0.900566 0.368125 -0.231226
v -0.913308 0.368125 -0.174223
v -0.922445 0.368125 -0.116532
v -0.927942 0.368125 -0.058381
v -0.929776 0.368125 0.000000
v -0.927942 0.368125 0.058381
v -0.922445 0.368125 0.116532
v -0.913308 0.368125 0.174223
v -0.900566 0.368125 0.231226
v -0.884270 0.368125 0.287317
v -0.864484 0.368125 0.342274
v -0.841287 0.368125 0.395880
v -0.814769 0.368125 0.447923
v -0.785036 0.368125 0.498199
v -0.752205 0.368125 0.546509
v -0.716405 0.368125 0.592662
v -0.677778 0.368125 0.636476
v -0.636476 0.368125 0.677778
v -0.592662 0.368125 0.716405
v -0.546509 0.368125 0.752205
v -0.498199 0.368125 0.785036
v -0.447923 0.368125 0.814769
v -0.395880 0.368125 0.841287
v -0.342274 0.368125 0.864484
v -0.287317 0.368125 0.884270
v -0.231226 0.368125 0.900566
v -0.174223 0.368125 0.913308
v -0.116532 0.368125 0.922445
v -0.058381 0.368125 0.927942
v -0.000000 0.368125 0.929776
v 0.058381 0.368125 0.927942
v 0.116532 0.368125 0.922445
v 0.174223 0.368125 0.913308
v 0.231226 0.368125 0.900566
v 0.287317 0.368125 0.884270
v 0.342274 0.368125 0.864484
v 0.395880 0.368125 0.841287
v 0.447923 0.368125 0.814769
v 0.498199 0.368125 0.785036
v 0.546509 0.368125 0.752205
v 0.592662 0.368125 0.716405
v 0.636476 0.368125 0.677778
v 0.677778 0.368125 0.636476
v 0.716405 0.368125 0.592662
v 0.752205 0.368125 0.546509
v 0.785036 0.368125 0.498199
v 0.814769 0.368125 0.447923
v 0.841287 0.368125 0.395880
v 0.864484 0.368125 0.342274
v 0.884270 0.368125 0.287317
v 0.900566 0.368125 0.231226
v 0.913308 0.368125 0.174223
v 0.922445 0.368125 0.116532
v 0.927942 0.368125 0.058381
v 0.904827 0.425779 0.000000
v 0.903042 0.425779 -0.056815
v 0.897692 0.425779 -0.113405
v 0.888800 0.425779 -0.169548
v 0.876400 0.425779 -0.225021
v 0.860542 0.425779 -0.279607
v 0.841287 0.425779 -0.333089
v 0.818712 0.425779 -0.385257
v 0.792906 0.425779 -0.435904
v 0.763971 0.425779 -0.484831
v 0.732020 0.425779 -0.531844
v 0.697181 0.425779 -0.576758
v 0.659591 0.425779 -0.619397
v 0.619397 0.425779 -0.659591
v 0.576758 0.425779 -0.697181
v 0.531844 0.425779 -0.732020
v 0.484831 0.425779 -0.763971
v 0.435904 0.425779 -0.792906
v 0.385257 0.425779 -0.818712
v 0.333089 0.425779 -0.841287
v 0.279607 0.425779 -0.860542
v 0.225021 0.425779 -0.876400
v 0.169548 0.425779 -0.888800
v 0.113405 0.425779 -0.897692
v 0.056815 0.425779 -0.903042
v -0.000000 0.425779 -0.904827
v -0.056815 0.425779 -0.903042
v -0.113405 0.425779 -0.897692
v -0.169548 0.425779 -0.888800
v -0.225021 0.425779 -0.876400
v -0.279607 0.425779 -0.860542
v -0.333089 0.425779 -0.841287
v -0.385257 0.425779 -0.818712
v -0.435904 0.425779 -0.792906
v -0.484831 0.425779 -0.763971
v -0.531844 0.425779 -0.732020
v -0.576758 0.425779 -0.697181
v -0.619397 0.425779 -0.659591
v -0.659591 0.425779 -0.619397
v -0.697181 0.425779 -0.576758
v -0.732020 0.425779 -0.531844
v -0.763971 0.425779 -0.484831
v -0.792906 0.425779 -0.435904
v -0.818712 0.425779 -0.385257
v -0.841287 0.425779 -0.333089
v -0.860542 0.425779 -0.279607
v -0.876400 0.425779 -0.225021
v -0.888800 0.425779 -0.169548
v -0.897692 0.425779 -0.113405
v -0.903042 0.425779 -0.056815
v -0.904827 0.425779 0.000000
v -0.903042 0.425779 0.056815
v -0.897692 0.425779 0.113405
v -0.888800 0.425779 0.169548
v -0.876400 0.425779 0.225021
v -0.860542 0.425779 0.279607
v -0.841287 0.425779 0.333089
v -0.818712 0.425779 0.385257
v -0.792906 0.425779 0.435904
v -0.763971 0.425779 0.484831
v -0.732020 0.425779 0.531844
v -0.697181 0.425779 0.576758
v -0.659591 0.425779 0.619397
v -0.619397 0.425779 0.659591
v -0.576758 0.425779 0.697181
v -0.531844 0.425779 0.732020
v -0.484831 0.425779 0.763971
v -0.435904 0.425779 0.792906
v -0.385257 0.425779 0.818712
v -0.333089 0.425779 0.841287
v -0.279607 0.425779 0.860542
v -0.225021 0.425779 0.876400
v -0.169548 0.425779 0.888800
v -0.113405 0.425779 0.897692
v -0.056815 0.425779 0.903042
v -0.000000 0.425779 0.904827
v 0.056815 0.425779 0.903042
v 0.113405 0.425779 0.897692
v 0.169548 0.425779 0.888800
v 0.225021 0.425779 0.876400
v 0.279607 0.425779 0.860542
v 0.333089 0.425779 0.841287
v 0.385257 0.425779 0.818712
v 0.435904 0.425779 0.792906
v 0.484831 0.425779 0.763971
v 0.531844 0.425779 0.732020
v 0.576758 0.425779 0.697181
v 0.619397 0.425779 0.659591
v 0.659591 0.425779 0.619397
v 0.697181 0.425779 0.576758
v 0.732020 0.425779 0.531844
v 0.763971 0.425779 0.484831
v 0.792906 0.425779 0.435904
v 0.818712 0.425779 0.385257
v 0.841287 0.425779 0.333089
v 0.860542 0.425779 0.279607
v 0.876400 0.425779 0.225021
v 0.888800 0.425779 0.169548
v 0.897692 0.425779 0.113405
v 0.903042 0.425779 0.056815
v 0.876307 0.481754 0.000000
v 0.874577 0.481754 -0.055024
v 0.869397 0.481754 -0.109830
v 0.860785 0.481754 -0.164203
v 0.848776 0.481754 -0.217929
v 0.833417 0.481754 -0.270794
v 0.814769 0.481754 -0.322590
v 0.792906 0.481754 -0.373113
v 0.767913 0.481754 -0.422164
v 0.739890 0.481754 -0.469549
v 0.708947 0.481754 -0.515080
v 0.675206 0.481754 -0.558579
v 0.638800 0.481754 -0.599873
v 0.599873 0.481754 -0.638800
v 0.558579 0.481754 -0.675206
v 0.515080 0.481754 -0.708947
v 0.469549 0.481754 -0.739890
v 0.422164 0.481754 -0.767913
v 0.373113 0.481754 -0.792906
v 0.322590 0.481754 -0.814769
v 0.270794 0.481754 -0.833417
v 0.217929 0.481754 -0.848776
v 0.164203 0.481754 -0.860785
v 0.109830 0.481754 -0.869397
v 0.055024 0.481754 -0.874577
v -0.000000 0.481754 -0.876307
v -0.055024 0.481754 -0.874577
v -0.109830 0.481754 -0.869397
v -0.164203 0.481754 -0.860785
v -0.217929 0.481754 -0.848776
v -0.270794 0.481754 -0.833417
v -0.322590 0.481754 -0.814769
v -0.373113 0.481754 -0.792906
v -0.422164 0.481754 -0.767913
v -0.469549 0.481754 -0.739890
v -0.515080 0.481754 -0.708947
v -0.558579 0.481754 -0.675206
v -0.599873 0.481754 -0.638800
v -0.638800 0.481754 -0.599873
v -0.675206 0.481754 -0.558579
v -0.708947 0.481754 -0.515080
v -0.739890 0.481754 -0.469549
v -0.767913 0.481754 -0.422164
v -0.792906 0.481754 -0.373113
v -0.814769 0.481754 -0.322590
v -0.833417 0.481754 -0.270794
v -0.848776 0.481754 -0.217929
v -0.860785 0.481754 -0.164203
v -0.869397 0.481754 -0.109830
v -0.874577 0.481754 -0.055024
v -0.876307 0.481754 0.000000
v -0.874577 0.481754 0.055024
v -0.869397 0.481754 0.109830
v -0.860785 0.481754 0.164203
v -0.848776 0.481754 0.217929
v -0.833417 0.481754 0.270794
v -0.814769 0.481754 0.322590
v -0.792906 0.481754 0.373113
v -0.767913 0.481754 0.422164
v -0.739890 0.481754 0.469549
v -0.708947 0.481754 0.515080
v -0.675206 0.481754 0.558579
v -0.638800 0.481754 0.599873
v -0.599873 0.481754 0.638800
v -0.558579 0.481754 0.675206
v -0.515080 0.481754 0.708947
v -0.469549 0.481754 0.739890
v -0.422164 0.481754 0.767913
v -0.373113 0.481754 0.792906
v -0.322590 0.481754 0.814769
v -0.270794 0.481754 0.833417
v -0.217929 0.481754 0.848776
v -0.164203 0.481754 0.860785
v -0.109830 0.481754 0.869397
v -0.055024 0.481754 0.874577
v -0.000000 0.481754 0.876307
v 0.055024 0.481754 0.874577
v 0.109830 0.481754 0.869397
v 0.164203 0.481754 0.860785
v 0.217929 0.481754 0.848776
v 0.270794 0.481754 0.833417
v 0.322590 0.481754 0.814769
v 0.373113 0.481754 0.792906
v 0.422164 0.481754 0.767913
v 0.469549 0.481754 0.739890
v 0.515080 0.481754 0.708947
v 0.558579 0.481754 0.675206
v 0.599873 0.481754 0.638800
v 0.638800 0.481754 0.599873
v 0.675206 0.481754 0.558579
v 0.708947 0.481754 0.515080
v 0.739890 0.481754 0.469549
v 0.767913 0.481754 0.422164
v 0.792906 0.481754 0.373113
v 0.814769 0.481754 0.322590
v 0.833417 0.481754 0.270794
v 0.848776 0.481754 0.217929
v 0.860785 0.481754 0.164203
v 0.869397 0.481754 0.109830
v 0.874577 0.481754 0.055024
v 0.844328 0.535827 0.000000
v 0.842662 0.535827 -0.053016
v 0.837670 0.535827 -0.105822
v 0.829373 0.535827 -0.158211
v 0.817802 0.535827 -0.209976
v 0.803004 0.535827 -0.260912
v 0.785036 0.535827 -0.310818
v 0.763971 0.535827 -0.359497
v 0.739890 0.535827 -0.406758
v 0.712890 0.535827 -0.452414
v 0.683076 0.535827 -0.496284
v 0.650566 0.535827 -0.538195
v 0.615489 0.535827 -0.577982
v 0.577982 0.535827 -0.615489
v 0.538195 0.535827 -0.650566
v 0.496284 0.535827 -0.683076
v 0.452414 0.535827 -0.712890
v 0.406758 0.535827 -0.739890
v 0.359497 0.535827 -0.763971
v 0.310818 0.535827 -0.785036
v 0.260912 0.535827 -0.803004
v 0.209976 0.535827 -0.817802
v 0.158211 0.535827 -0.829373
v 0.105822 0.535827 -0.837670
v 0.053016 0.535827 -0.842662
v -0.000000 0.535827 -0.844328
v -0.053016 0.535827 -0.842662
v -0.105822 0.535827 -0.837670
v -0.158211 0.535827 -0.829373
v -0.209976 0.535827 -0.817802
v -0.260912 0.535827 -0.803004
v -0.310818 0.535827 -0.785036
v -0.359497 0.535827 -0.763971
v -0.406758 0.535827 -0.739890
v -0.452414 0.535827 -0.712890
v -0.496284 0.535827 -0.683076
v -0.538195 0.535827 -0.650566
v -0.577982 0.535827 -0.615489
v -0.615489 0.535827 -0.577982
v -0.650566 0.535827 -0.538195
v -0.683076 0.535827 -0.496284
v -0.712890 0.535827 -0.452414
v -0.739890 0.535827 -0.406758
v -0.763971 0.535827 -0.359497
v -0.785036 0.535827 -0.310818
v -0.803004 0.535827 -0.260912
v -0.817802 0.535827 -0.209976
v -0.829373 0.535827 -0.158211
v -0.837670 0.535827 -0.105822
v -0.842662 0.535827 -0.053016
v -0.844328 0.535827 0.000000
v -0.842662 0.535827 0.053016
v -0.837670 0.535827 0.105822
v -0.829373 0.535827 0.158211
v -0.817802 0.535827 0.209976
v -0.803004 0.535827 0.260912
v -0.785036 0.535827 0.310818
v -0.763971 0.535827 0.359497
v -0.739890 0.535827 0.406758
v -0.712890 0.535827 0.452414
v -0.683076 0.535827 0.496284
v -0.650566 0.535827 0.538195
v -0.615489 0.535827 0.577982
v -0.577982 0.535827 0.615489
v -0.538195 0.535827 0.650566
v -0.496284 0.535827 0.683076
v -0.452414 0.535827 0.712890
v -0.406758 0.535827 0.739890
v -0.359497 0.535827 0.763971
v -0.310818 0.535827 0.785036
v -0.260912 0.535827 0.803004
v -0.209976 0.535827 0.817802
v -0.158211 0.535827 0.829373
v -0.105822 0.535827 0.837670
v -0.053016 0.535827 0.842662
v -0.000000 0.535827 0.844328
v 0.053016 0.535827 0.842662
v 0.105822 0.535827 0.837670
v 0.158211 0.535827 0.829373
v 0.209976 0.535827 0.817802
v 0.260912 0.535827 0.803004
v 0.310818 0.535827 0.785036
v 0.359497 0.535827 0.763971
v 0.406758 0.535827 0.739890
v 0.452414 0.535827 0.712890
v 0.496284 0.535827 0.683076
v 0.538195 0.535827 0.650566
v 0.577982 0.535827 0.615489
v 0.615489 0.535827 0.577982
v 0.650566 0.535827 0.538195
v 0.683076 0.535827 0.496284
v 0.712890 0.535827 0.452414
v 0.739890 0.535827 0.406758
v 0.763971 0.535827 0.359497
v 0.785036 0.535827 0.310818
v 0.803004 0.535827 0.260912
v 0.817802 0.535827 0.209976
v 0.829373 0.535827 0.158211
v 0.837670 0.535827 0.105822
v 0.842662 0.535827 0.053016
v 0.809017 0.587785 0.000000
v 0.807421 0.587785 -0.050799
v 0.802638 0.587785 -0.101397
v 0.794687 0.587785 -0.151595
v 0.783600 0.587785 -0.201194
v 0.769421 0.587785 -0.250000
v 0.752205 0.587785 -0.297819
v 0.732020 0.587785 -0.344463
v 0.708947 0.587785 -0.389747
v 0.683076 0.587785 -0.433493
v 0.654508 0.587785 -0.475528
v 0.623358 0.587785 -0.515687
v 0.589748 0.587785 -0.553810
v 0.553810 0.587785 -0.589748
v 0.515687 0.587785 -0.623358
v 0.475528 0.587785 -0.654508
v 0.433493 0.587785 -0.683076
v 0.389747 0.587785 -0.708947
v 0.344463 0.587785 -0.732020
v 0.297819 0.587785 -0.752205
v 0.250000 0.587785 -0.769421
v 0.201194 0.587785 -0.783600
v 0.151595 0.587785 -0.794687
v 0.101397 0.587785 -0.802638
v 0.050799 0.587785 -0.807421
v -0.000000 0.587785 -0.809017
v -0.050799 0.587785 -0.807421
v -0.101397 0.587785 -0.802638
v -0.151595 0.587785 -0.794687
v -0.201194 0.587785 -0.783600
v -0.250000 0.587785 -0.769421
v -0.297819 0.587785 -0.752205
v -0.344463 0.587785 -0.732020
v -0.389747 0.587785 -0.708947
v -0.433493 0.587785 -0.683076
v -0.475528 0.587785 -0.654508
v -0.515687 0.587785 -0.623358
v -0.553810 0.587785 -0.589748
v -0.589748 0.587785 -0.553810
v -0.623358 0.587785 -0.515687
v -0.654508 0.587785 -0.475528
v -0.683076 0.587785 -0.433493
v -0.708947 0.587785 -0.389747
v -0.732020 0.587785 -0.344463
v -0.752205 0.587785 -0.297819
v -0.769421 0.587785 -0.250000
v -0.783600 0.587785 -0.201194
v -0.794687 0.587785 -0.151595
v -0.802638 0.587785 -0.101397
v -0.807421 0.587785 -0.050799
v -0.809017 0.587785 0.000000
v -0.807421 0.587785 0.050799
v -0.802638 0.587785 0.101397
v -0.794687 0.587785 0.151595
v -0.783600 0.587785 0.201194
v -0.769421 0.587785 0.250000
v -0.752205 0.587785 0.297819
v -0.732020 0.587785 0.344463
v -0.708947 0.587785 0.389747
v -0.683076 0.587785 0.433493
v -0.654508 0.587785 0.475528
v -0.623358 0.587785 0.515687
v -0.589748 0.587785 0.553810
v -0.553810 0.587785 0.589748
v -0.515687 0.587785 0.623358
v -0.475528 0.587785 0.654508
v -0.433493 0.587785 0.683076
v -0.389747 0.587785 0.708947
v -0.344463 0.587785 0.732020
v -0.297819 0.587785 0.752205
v -0.250000 0.587785 0.769421
v -0.201194 0.587785 0.783600
v -0.151595 0.587785 0.794687
v -0.101397 0.587785 0.802638
v -0.050799 0.587785 0.807421
v -0.000000 0.587785 0.809017
v 0.050799 0.587785 0.807421
v 0.101397 0.587785 0.802638
v 0.151595 0.587785 0.794687
v 0.201194 0.587785 0.783600
v 0.250000 0.587785 0.769421
v 0.297819 0.587785 0.752205
v 0.344463 0.587785 0.732020
v 0.389747 0.587785 0.708947
v 0.433493 0.587785 0.683076
v 0.475528 0.587785 0.654508
v 0.515687 0.587785 0.623358
v 0.553810 0.587785 0.589748
v 0.589748 0.587785 0.553810
v 0.623358 0.587785 0.515687
v 0.654508 0.587785 0.475528
v 0.683076 0.587785 0.433493
v 0.708947 0.587785 0.389747
v 0.732020 0.587785 0.344463
v 0.752205 0.587785 0.297819
v 0.769421 0.587785 0.250000
v 0.783600 0.587785 0.201194
v 0.794687 0.587785 0.151595
v 0.802638 0.587785 0.101397
v 0.807421 0.587785 0.050799
v 0.770513 0.637424 0.000000
v 0.768993 0.637424 -0.048381
v 0.764438 0.637424 -0.096571
v 0.756865 0.637424 -0.144380
v 0.746306 0.637424 -0.191619
v 0.732802 0.637424 -0.238102
v 0.716405 0.637424 -0.283645
v 0.697181 0.637424 -0.328069
v 0.675206 0.637424 -0.371198
v 0.650566 0.637424 -0.412862
v 0.623358 0.637424 -0.452896
v 0.593691 0.637424 -0.491144
v 0.561680 0.637424 -0.527453
v 0.527453 0.637424 -0.561680
v 0.491144 0.637424 -0.593691
v 0.452896 0.637424 -0.623358
v 0.412862 0.637424 -0.650566
v 0.371198 0.637424 -0.675206
v 0.328069 0.637424 -0.697181
v 0.283645 0.637424 -0.716405
v 0.238102 0.637424 -0.732802
v 0.191619 0.637424 -0.746306
v 0.144380 0.637424 -0.756865
v 0.096571 0.637424 -0.764438
v 0.048381 0.637424 -0.768993
v -0.000000 0.637424 -0.770513
v -0.048381 0.637424 -0.768993
v -0.096571 0.637424 -0.764438
v -0.144380 0.637424 -0.756865
v -0.191619 0.637424 -0.746306
v -0.238102 0.637424 -0.732802
v -0.283645 0.637424 -0.716405
v -0.328069 0.637424 -0.697181
v -0.371198 0.637424 -0.675206
v -0.412862 0.637424 -0.650566
v -0.452896 0.637424 -0.623358
v -0.491144 0.637424 -0.593691
v -0.527453 0.637424 -0.561680
v -0.561680 0.637424 -0.527453
v -0.593691 0.637424 -0.491144
v -0.623358 0.637424 -0.452896
v -0.650566 0.637424 -0.412862
v -0.675206 0.637424 -0.371198
v -0.697181 0.637424 -0.328069
v -0.716405 0.637424 -0.283645
v -0.732802 0.637424 -0.238102
v -0.746306 0.637424 -0.191619
v -0.756865 0.637424 -0.144380
v -0.764438 0.637424 -0.096571
v -0.768993 0.637424 -0.048381
v -0.770513 0.637424 0.000000
v -0.768993 0.637424 0.048381
v -0.764438 0.637424 0.096571
v -0.756865 0.637424 0.144380
v -0.746306 0.637424 0.191619
v -0.732802 0.637424 0.238102
v -0.716405 0.637424 0.283645
v -0.697181 0.637424 0.328069
v -0.675206 0.637424 0.371198
v -0.650566 0.637424 0.412862
v -0.623358 0.637424 0.452896
v -0.593691 0.637424 0.491144
v -0.561680 0.637424 0.527453
v -0.527453 0.637424 0.561680
v -0.491144 0.637424 0.593691
v -0.452896 0.637424 0.623358
v -0.412862 0.637424 0.650566
v -0.371198 0.637424 0.675206
v -0.328069 0.637424 0.697181
v -0.283645 0.637424 0.716405
v -0.238102 0.637424 0.732802
v -0.191619 0.637424 0.746306
v -0.144380 0.637424 0.756865
v -0.096571 0.637424 0.764438
v -0.048381 0.637424 0.768993
v -0.000000 0.637424 0.770513
v 0.048381 0.637424 0.768993
v 0.096571 0.637424 0.764438
v 0.144380 0.637424 0.756865
v 0.191619 0.637424 0.746306
v 0.238102 0.637424 0.732802
v 0.283645 0.637424 0.716405
v 0.328069 0.637424 0.697181
v 0.371198 0.637424 0.675206
v 0.412862 0.637424 0.650566
v 0.452896 0.637424 0.623358
v 0.491144 0.637424 0.593691
v 0.527453 0.637424 0.561680
v 0.561680 0.637424 0.527453
v 0.593691 0.637424 0.491144
v 0.623358 0.637424 0.452896
v 0.650566 0.637424 0.412862
v 0.675206 0.637424 0.371198
v 0.697181 0.637424 0.328069
v 0.716405 0.637424 0.283645
v 0.732802 0.637424 0.238102
v 0.746306 0.637424 0.191619
v 0.756865 0.637424 0.144380
v 0.764438 0.637424 0.096571
v 0.768993 0.637424 0.048381
v 0.728969 0.684547 0.000000
v 0.727530 0.684547 -0.045772
v 0.723220 0.684547 -0.091364
v 0.716057 0.684547 -0.136595
v 0.706067 0.684547 -0.181287
v 0.693290 0.684547 -0.225264
v 0.677778 0.684547 -0.268351
v 0.659591 0.684547 -0.310380
v 0.638800 0.684547 -0.351183
v 0.615489 0.684547 -0.390601
v 0.589748 0.684547 -0.428477
v 0.561680 0.684547 -0.464662
v 0.531395 0.684547 -0.499013
v 0.499013 0.684547 -0.531395
v 0.464662 0.684547 -0.561680
v 0.428477 0.684547 -0.589748
v 0.390601 0.684547 -0.615489
v 0.351183 0.684547 -0.638800
v 0.310380 0.684547 -0.659591
v 0.268351 0.684547 -0.677778
v 0.225264 0.684547 -0.693290
v 0.181287 0.684547 -0.706067
v 0.136595 0.684547 -0.716057
v 0.091364 0.684547 -0.723220
v 0.045772 0.684547 -0.727530
v -0.000000 0.684547 -0.728969
v -0.045772 0.684547 -0.727530
v -0.091364 0.684547 -0.723220
v -0.136595 0.684547 -0.716057
v -0.181287 0.684547 -0.706067
v -0.225264 0.684547 -0.693290
v -0.268351 0.684547 -0.677778
v -0.310380 0.684547 -0.659591
v -0.351183 0.684547 -0.638800
v -0.390601 0.684547 -0.615489
v -0.428477 0.684547 -0.589748
v -0.464662 0.684547 -0.561680
v -0.499013 0.684547 -0.531395
v -0.531395 0.684547 -0.499013
v -0.561680 0.684547 -0.464662
v -0.589748 0.684547 -0.428477
v -0.615489 0.684547 -0.390601
v -0.638800 0.684547 -0.351183
v -0.659591 0.684547 -0.310380
v -0.677778 0.684547 -0.268351
v -0.693290 0.684547 -0.225264
v -0.706067 0.684547 -0.181287
v -0.716057 0.684547 -0.136595
v -0.723220 0.684547 -0.091364
v -0.727530 0.684547 -0.045772
v -0.728969 0.684547 0.000000
v -0.727530 0.684547 0.045772
v -0.723220 0.684547 0.091364
v -0.716057 0.684547 0.136595
v -0.706067 0.684547 0.181287
v -0.693290 0.684547 0.225264
v -0.677778 0.684547 0.268351
v -0.659591 0.684547 0.310380
v -0.638800 0.684547 0.351183
v -0.615489 0.684547 0.390601
v -0.589748 0.684547 0.428477
v -0.561680 0.684547 0.464662
v -0.531395 0.684547 0.499013
v -0.499013 0.684547 0.531395
v -0.464662 0.684547 0.561680
v -0.428477 0.684547 0.589748
v -0.390601 0.684547 0.615489
v -0.351183 0.684547 0.638800
v -0.310380 0.684547 0.659591
v -0.268351 0.684547 0.677778
v -0.225264 0.684547 0.693290
v -0.181287 0.684547 0.706067
v -0.136595 0.684547 0.716057
v -0.091364 0.684547 0.723220
v -0.045772 0.684547 0.727530
v -0.000000 0.684547 0.728969
v 0.045772 0.684547 0.727530
v 0.091364 0.684547 0.723220
v 0.136595 0.684547 0.716057
v 0.181287 0.684547 0.706067
v 0.225264 0.684547 0.693290
v 0.268351 0.684547 0.677778
v 0.310380 0.684547 0.659591
v 0.351183 0.684547 0.638800
v 0.390601 0.684547 0.615489
v 0.428477 0.684547 0.589748
v 0.464662 0.684547 0.561680
v 0.499013 0.684547 0.531395
v 0.531395 0.684547 0.499013
v 0.561680 0.684547 0.464662
v 0.589748 0.684547 0.428477
v 0.615489 0.684547 0.390601
v 0.638800 0.684547 0.351183
v 0.659591 0.684547 0.310380
v 0.677778 0.684547 0.268351
v 0.693290 0.684547 0.225264
v 0.706067 0.684547 0.181287
v 0.716057 0.684547 0.136595
v 0.723220 0.684547 0.091364
v 0.727530 0.684547 0.045772
v 0.684547 0.728969 0.000000
v 0.683196 0.728969 -0.042983
v 0.679149 0.728969 -0.085797
v 0.672422 0.728969 -0.128271
v 0.663041 0.728969 -0.170240
v 0.651043 0.728969 -0.211537
v 0.636476 0.728969 -0.251999
v 0.619397 0.728969 -0.291466
v 0.599873 0.728969 -0.329783
v 0.577982 0.728969 -0.366799
v 0.553810 0.728969 -0.402367
v 0.527453 0.728969 -0.436347
v 0.499013 0.728969 -0.468605
v 0.468605 0.728969 -0.499013
v 0.436347 0.728969 -0.527453
v 0.402367 0.728969 -0.553810
v 0.366799 0.728969 -0.577982
v 0.329783 0.728969 -0.599873
v 0.291466 0.728969 -0.619397
v 0.251999 0.728969 -0.636476
v 0.211537 0.728969 -0.651043
v 0.170240 0.728969 -0.663041
v 0.128271 0.728969 -0.672422
v 0.085797 0.728969 -0.679149
v 0.042983 0.728969 -0.683196
v -0.000000 0.728969 -0.684547
v -0.042983 0.728969 -0.683196
v -0.085797 0.728969 -0.679149
v -0.128271 0.728969 -0.672422
v -0.170240 0.728969 -0.663041
v -0.211537 0.728969 -0.651043
v -0.251999 0.728969 -0.636476
v -0.291466 0.728969 -0.619397
v -0.329783 0.728969 -0.599873
v -0.366799 0.728969 -0.577982
v -0.402367 0.728969 -0.553810
v -0.436347 0.728969 -0.527453
v -0.468605 0.728969 -0.499013
v -0.499013 0.728969 -0.468605
v -0.527453 0.728969 -0.436347
v -0.553810 0.728969 -0.402367
v -0.577982 0.728969 -0.366799
v -0.599873 0.728969 -0.329783
v -0.619397 0.728969 -0.291466
v -0.636476 0.728969 -0.251999
v -0.651043 0.728969 -0.211537
v -0.663041 0.728969 -0.170240
v -0.672422 0.728969 -0.128271
v -0.679149 0.728969 -0.085797
v -0.683196 0.728969 -0.042983
v -0.684547 0.728969 0.000000
v -0.683196 0.728969 0.042983
v -0.679149 0.728969 0.085797
v -0.672422 0.728969 0.128271
v -0.663041 0.728969 0.170240
v -0.651043 0.728969 0.211537
v -0.636476 0.728969 0.251999
v -0.619397 0.728969 0.291466
v -0.599873 0.728969 0.329783
v -0.577982 0.728969 0.366799
v -0.553810 0.728969 0.402367
v -0.527453 0.728969 0.436347
v -0.499013 0.728969 0.468605
v -0.468605 0.728969 0.499013
v -0.436347 0.728969 0.527453
v -0.402367 0.728969 0.553810
v -0.366799 0.728969 0.577982
v -0.329783 0.728969 0.599873
v -0.291466 0.728969 0.619397
v -0.251999 0.728969 0.636476
v -0.211537 0.728969 0.651043
v -0.170240 0.728969 0.663041
v -0.128271 0.728969 0.672422
v -0.085797 0.728969 0.679149
v -0.042983 0.728969 0.683196
v -0.000000 0.728969 0.684547
v 0.042983 0.728969 0.683196
v 0.085797 0.728969 0.679149
v 0.128271 0.728969 0.672422
v 0.170240 0.728969 0.663041
v 0.211537 0.728969 0.651043
v 0.251999 0.728969 0.636476
v 0.291466 0.728969 0.619397
v 0.329783 0.728969 0.599873
v 0.366799 0.728969 0.577982
v 0.402367 0.728969 0.553810
v 0.436347 0.728969 0.527453
v 0.468605 0.728969 0.499013
v 0.499013 0.728969 0.468605
v 0.527453 0.728969 0.436347
v 0.553810 0.728969 0.402367
v 0.577982 0.728969 0.366799
v 0.599873 0.728969 0.329783
v 0.619397 0.728969 0.291466
v 0.636476 0.728969 0.251999
v 0.651043 0.728969 0.211537
v 0.663041 0.728969 0.170240
v 0.672422 0.728969 0.128271
v 0.679149 0.728969 0.085797
v 0.683196 0.728969 0.042983
v 0.637424 0.770513 0.000000
v 0.636166 0.770513 -0.040024
v 0.632398 0.770513 -0.079890
v 0.626133 0.770513 -0.119441
v 0.617398 0.770513 -0.158521
v 0.606226 0.770513 -0.196975
v 0.592662 0.770513 -0.234651
v 0.576758 0.770513 -0.271402
v 0.558579 0.770513 -0.307081
v 0.538195 0.770513 -0.341549
v 0.515687 0.770513 -0.374668
v 0.491144 0.770513 -0.406309
v 0.464662 0.770513 -0.436347
v 0.436347 0.770513 -0.464662
v 0.406309 0.770513 -0.491144
v 0.374668 0.770513 -0.515687
v 0.341549 0.770513 -0.538195
v 0.307081 0.770513 -0.558579
v 0.271402 0.770513 -0.576758
v 0.234651 0.770513 -0.592662
v 0.196975 0.770513 -0.606226
v 0.158521 0.770513 -0.617398
v 0.119441 0.770513 -0.626133
v 0.079890 0.770513 -0.632398
v 0.040024 0.770513 -0.636166
v -0.000000 0.770513 -0.637424
v -0.040024 0.770513 -0.636166
v -0.079890 0.770513 -0.632398
v -0.119441 0.770513 -0.626133
v -0.158521 0.770513 -0.617398
v -0.196975 0.770513 -0.606226
v -0.234651 0.770513 -0.592662
v -0.271402 0.770513 -0.576758
v -0.307081 0.770513 -0.558579
v -0.341549 0.770513 -0.538195
v -0.374668 0.770513 -0.515687
v -0.406309 0.770513 -0.491144
v -0.436347 0.770513 -0.464662
v -0.464662 0.770513 -0.436347
v -0.491144 0.770513 -0.406309
v -0.515687 0.770513 -0.374668
v -0.538195 0.770513 -0.341549
v -0.558579 0.770513 -0.307081
v -0.576758 0.770513 -0.271402
v -0.592662 0.770513 -0.234651
v -0.606226 0.770513 -0.196975
v -0.617398 0.770513 -0.158521
v -0.626133 0.770513 -0.119441
v -0.632398 0.770513 -0.079890
v -0.636166 0.770513 -0.040024
v -0.637424 0.770513 0.000000
v -0.636166 0.770513 0.040024
v -0.632398 0.770513 0.079890
v -0.626133 0.770513 0.119441
v -0.617398 0.770513 0.158521
v -0.606226 0.770513 0.196975
v -0.592662 0.770513 0.234651
v -0.576758 0.770513 0.271402
v -0.558579 0.770513 0.307081
v -0.538195 0.770513 0.341549
v -0.515687 0.770513 0.374668
v -0.491144 0.770513 0.406309
v -0.464662 0.770513 0.436347
v -0.436347 0.770513 0.464662
v -0.406309 0.770513 0.491144
v -0.374668 0.770513 0.515687
v -0.341549 0.770513 0.538195
v -0.307081 0.770513 0.558579
v -0.271402 0.770513 0.576758
v -0.234651 0.770513 0.592662
v -0.196975 0.770513 0.606226
v -0.158521 0.770513 0.617398
v -0.119441 0.770513 0.626133
v -0.079890 0.770513 0.632398
v -0.040024 0.770513 0.636166
v -0.000000 0.770513 0.637424
v 0.040024 0.770513 0.636166
v 0.079890 0.770513 0.632398
v 0.119441 0.770513 0.626133
v 0.158521 0.770513 0.617398
v 0.196975 0.770513 0.606226
v 0.234651 0.770513 0.592662
v 0.271402 0.770513 0.576758
v 0.307081 0.770513 0.558579
v 0.341549 0.770513 0.538195
v 0.374668 0.770513 0.515687
v 0.406309 0.770513 0.491144
v 0.436347 0.770513 0.464662
v 0.464662 0.770513 0.436347
v 0.491144 0.770513 0.406309
v 0.515687 0.770513 0.374668
v 0.538195 0.770513 0.341549
v 0.558579 0.770513 0.307081
v 0.576758 0.770513 0.271402
v 0.592662 0.770513 0.234651
v 0.606226 0.770513 0.196975
v 0.617398 0.770513 0.158521
v 0.626133 0.770513 0.119441
v 0.632398 0.770513 0.079890
v 0.636166 0.770513 0.040024
v 0.587785 0.809017 0.000000
v 0.586625 0.809017 -0.036907
v 0.583150 0.809017 -0.073669
v 0.577374 0.809017 -0.110140
v 0.569319 0.809017 -0.146176
v 0.559017 0.809017 -0.181636
v 0.546509 0.809017 -0.216378
v 0.531844 0.809017 -0.250267
v 0.515080 0.809017 -0.283168
v 0.496284 0.809017 -0.314951
v 0.475528 0.809017 -0.345492
v 0.452896 0.809017 -0.374668
v 0.428477 0.809017 -0.402367
v 0.402367 0.809017 -0.428477
v 0.374668 0.809017 -0.452896
v 0.345492 0.809017 -0.475528
v 0.314951 0.809017 -0.496284
v 0.283168 0.809017 -0.515080
v 0.250267 0.809017 -0.531844
v 0.216378 0.809017 -0.546509
v 0.181636 0.809017 -0.559017
v 0.146176 0.809017 -0.569319
v 0.110140 0.809017 -0.577374
v 0.073669 0.809017 -0.583150
v 0.036907 0.809017 -0.586625
v -0.000000 0.809017 -0.587785
v -0.036907 0.809017 -0.586625
v -0.073669 0.809017 -0.583150
v -0.110140 0.809017 -0.577374
v -0.146176 0.809017 -0.569319
v -0.181636 0.809017 -0.559017
v -0.216378 0.809017 -0.546509
v -0.250267 0.809017 -0.531844
v -0.283168 0.809017 -0.515080
v -0.314951 0.809017 -0.496284
v -0.345492 0.809017 -0.475528
v -0.374668 0.809017 -0.452896
v -0.402367 0.809017 -0.428477
v -0.428477 0.809017 -0.402367
v -0.452896 0.809017 -0.374668
v -0.475528 0.809017 -0.345492
v -0.496284 0.809017 -0.314951
v -0.515080 0.809017 -0.283168
v -0.531844 0.809017 -0.250267
v -0.546509 0.809017 -0.216378
v -0.559017 0.809017 -0.181636
v -0.569319 0.809017 -0.146176
v -0.577374 0.809017 -0.110140
v -0.583150 0.809017 -0.073669
v -0.586625 0.809017 -0.036907
v -0.587785 0.809017 0.000000
v -0.586625 0.809017 0.036907
v -0.583150 0.809017 0.073669
v -0.577374 0.809017 0.110140
v -0.569319 0.809017 0.146176
v -0.559017 0.809017 0.181636
v -0.546509 0.809017 0.216378
v -0.531844 0.809017 0.250267
v -0.515080 0.809017 0.283168
v -0.496284 0.809017 0.314951
v -0.475528 0.809017 0.345492
v -0.452896 0.809017 0.374668
v -0.428477 0.809017 0.402367
v -0.402367 0.809017 0.428477
v -0.374668 0.809017 0.452896
v -0.345492 0.809017 0.475528
v -0.314951 0.809017 0.496284
v -0.283168 0.809017 0.515080
v -0.250267 0.809017 0.531844
v -0.216378 0.809017 0.546509
v -0.181636 0.809017 0.559017
v -0.146176 0.809017 0.569319
v -0.110140 0.809017 0.577374
v -0.073669 0.809017 0.583150
v -0.036907 0.809017 0.586625
v -0.000000 0.809017 0.587785
v 0.036907 0.809017 0.586625
v 0.073669 0.809017 0.583150
v 0.110140 0.809017 0.577374
v 0.146176 0.809017 0.569319
v 0.181636 0.809017 0.559017
v 0.216378 0.809017 0.546509
v 0.250267 0.809017 0.531844
v 0.283168 0.809017 0.515080
v 0.314951 0.809017 0.496284
v 0.345492 0.809017 0.475528
v 0.374668 0.809017 0.452896
v 0.402367 0.809017 0.428477
v 0.428477 0.809017 0.402367
v 0.452896 0.809017 0.374668
v 0.475528 0.809017 0.345492
v 0.496284 0.809017 0.314951
v 0.515080 0.809017 0.283168
v 0.531844 0.809017 0.250267
v 0.546509 0.809017 0.216378
v 0.559017 0.809017 0.181636
v 0.569319 0.809017 0.146176
v 0.577374 0.809017 0.110140
v 0.583150 0.809017 0.073669
v 0.586625 0.809017 0.036907
v 0.535827 0.844328 0.000000
v 0.534769 0.844328 -0.033645
v 0.531602 0.844328 -0.067157
v 0.526336 0.844328 -0.100404
v 0.518993 0.844328 -0.133255
v 0.509602 0.844328 -0.165580
v 0.498199 0.844328 -0.197251
v 0.484831 0.844328 -0.228144
v 0.469549 0.844328 -0.258137
v 0.452414 0.844328 -0.287110
v 0.433493 0.844328 -0.314951
v 0.412862 0.844328 -0.341549
v 0.390601 0.844328 -0.366799
v 0.366799 0.844328 -0.390601
v 0.341549 0.844328 -0.412862
v 0.314951 0.844328 -0.433493
v 0.287110 0.844328 -0.452414
v 0.258137 0.844328 -0.469549
v 0.228144 0.844328 -0.484831
v 0.197251 0.844328 -0.498199
v 0.165580 0.844328 -0.509602
v 0.133255 0.844328 -0.518993
v 0.100404 0.844328 -0.526336
v 0.067157 0.844328 -0.531602
v 0.033645 0.844328 -0.534769
v -0.000000 0.844328 -0.535827
v -0.033645 0.844328 -0.534769
v -0.067157 0.844328 -0.531602
v -0.100404 0.844328 -0.526336
v -0.133255 0.844328 -0.518993
v -0.165580 0.844328 -0.509602
v -0.197251 0.844328 -0.498199
v -0.228144 0.844328 -0.484831
v -0.258137 0.844328 -0.469549
v -0.287110 0.844328 -0.452414
v -0.314951 0.844328 -0.433493
v -0.341549 0.844328 -0.412862
v -0.366799 0.844328 -0.390601
v -0.390601 0.844328 -0.366799
v -0.412862 0.844328 -0.341549
v -0.433493 0.844328 -0.314951
v -0.452414 0.844328 -0.287110
v -0.469549 0.844328 -0.258137
v -0.484831 0.844328 -0.228144
v -0.498199 0.844328 -0.197251
v -0.509602 0.844328 -0.165580
v -0.518993 0.844328 -0.133255
v -0.526336 0.844328 -0.100404
v -0.531602 0.844328 -0.067157
v -0.534769 0.844328 -0.033645
v -0.535827 0.844328 0.000000
v -0.534769 0.844328 0.033645
v -0.531602 0.844328 0.067157
v -0.526336 0.844328 0.100404
v -0.518993 0.844328 0.133255
v -0.509602 0.844328 0.165580
v -0.498199 0.844328 0.197251
v -0.484831 0.844328 0.228144
v -0.469549 0.844328 0.258137
v -0.452414 0.844328 0.287110
v -0.433493 0.844328 0.314951
v -0.412862 0.844328 0.341549
v -0.390601 0.844328 0.366799
v -0.366799 0.844328 0.390601
v -0.341549 0.844328 0.412862
v -0.314951 0.844328 0.433493
v -0.287110 0.844328 0.452414
v -0.258137 0.844328 0.469549
v -0.228144 0.844328 0.484831
v -0.197251 0.844328 0.498199
v -0.165580 0.844328 0.509602
v -0.133255 0.844328 0.518993
v -0.100404 0.844328 0.526336
v -0.067157 0.844328 0.531602
v -0.033645 0.844328 0.534769
v -0.000000 0.844328 0.535827
v 0.033645 0.844328 0.534769
v 0.067157 0.844328 0.531602
v 0.100404 0.844328 0.526336
v 0.133255 0.844328 0.518993
v 0.165580 0.844328 0.509602
v 0.197251 0.844328 0.498199
v 0.228144 0.844328 0.484831
v 0.258137 0.844328 0.469549
v 0.287110 0.844328 0.452414
v 0.314951 0.844328 0.433493
v 0.341549 0.844328 0.412862
v 0.366799 0.844328 0.390601
v 0.390601 0.844328 0.366799
v 0.412862 0.844328 0.341549
v 0.433493 0.844328 0.314951
v 0.452414 0.844328 0.287110
v 0.469549 0.844328 0.258137
v 0.484831 0.844328 0.228144
v 0.498199 0.844328 0.197251
v 0.509602 0.844328 0.165580
v 0.518993 0.844328 0.133255
v 0.526336 0.844328 0.100404
v 0.531602 0.844328 0.067157
v 0.534769 0.844328 0.033645
v 0.481754 0.876307 0.000000
v 0.480803 0.876307 -0.030250
v 0.477955 0.876307 -0.060380
v 0.473220 0.876307 -0.090272
v 0.466618 0.876307 -0.119807
v 0.458175 0.876307 -0.148870
v 0.447923 0.876307 -0.177345
v 0.435904 0.876307 -0.205121
v 0.422164 0.876307 -0.232087
v 0.406758 0.876307 -0.258137
v 0.389747 0.876307 -0.283168
v 0.371198 0.876307 -0.307081
v 0.351183 0.876307 -0.329783
v 0.329783 0.876307 -0.351183
v 0.307081 0.876307 -0.371198
v 0.283168 0.876307 -0.389747
v 0.258137 0.876307 -0.406758
v 0.232087 0.876307 -0.422164
v 0.205121 0.876307 -0.435904
v 0.177345 0.876307 -0.447923
v 0.148870 0.876307 -0.458175
v 0.119807 0.876307 -0.466618
v 0.090272 0.876307 -0.473220
v 0.060380 0.876307 -0.477955
v 0.030250 0.876307 -0.480803
v -0.000000 0.876307 -0.481754
v -0.030250 0.876307 -0.480803
v -0.060380 0.876307 -0.477955
v -0.090272 0.876307 -0.473220
v -0.119807 0.876307 -0.466618
v -0.148870 0.876307 -0.458175
v -0.177345 0.876307 -0.447923
v -0.205121 0.876307 -0.435904
v -0.232087 0.876307 -0.422164
v -0.258137 0.876307 -0.406758
v -0.283168 0.876307 -0.389747
v -0.307081 0.876307 -0.371198
v -0.329783 0.876307 -0.351183
v -0.351183 0.876307 -0.329783
v -0.371198 0.876307 -0.307081
v -0.389747 0.876307 -0.283168
v -0.406758 0.876307 -0.258137
v -0.422164 0.876307 -0.232087
v -0.435904 0.876307 -0.205121
v -0.447923 0.876307 -0.177345
v -0.458175 0.876307 -0.148870
v -0.466618 0.876307 -0.119807
v -0.473220 0.876307 -0.090272
v -0.477955 0.876307 -0.060380
v -0.480803 0.876307 -0.030250
v -0.481754 0.876307 0.000000
v -0.480803 0.876307 0.030250
v -0.477955 0.876307 0.060380
v -0.473220 0.876307 0.090272
v -0.466618 0.876307 0.119807
v -0.458175 0.876307 0.148870
v -0.447923 0.876307 0.177345
v -0.435904 0.876307 0.205121
v -0.422164 0.876307 0.232087
v -0.406758 0.876307 0.258137
v -0.389747 0.876307 0.283168
v -0.371198 0.876307 0.307081
v -0.351183 0.876307 0.329783
v -0.329783 0.876307 0.351183
v -0.307081 0.876307 0.371198
v -0.283168 0.876307 0.389747
v -0.258137 0.876307 0.406758
v -0.232087 0.876307 0.422164
v -0.205121 0.876307 0.435904
v -0.177345 0.876307 0.447923
v -0.148870 0.876307 0.458175
v -0.119807 0.876307 0.466618
v -0.090272 0.876307 0.473220
v -0.060380 0.876307 0.477955
v -0.030250 0.876307 0.480803
v -0.000000 0.876307 0.481754
v 0.030250 0.876307 0.480803
v 0.060380 0.876307 0.477955
v 0.090272 0.876307 0.473220
v 0.119807 0.876307 0.466618
v 0.148870 0.876307 0.458175
v 0.177345 0.876307 0.447923
v 0.205121 0.876307 0.435904
v 0.232087 0.876307 0.422164
v 0.258137 0.876307 0.406758
v 0.283168 0.876307 0.389747
v 0.307081 0.876307 0.371198
v 0.329783 0.876307 0.351183
v 0.351183 0.876307 0.329783
v 0.371198 0.876307 0.307081
v 0.389747 0.876307 0.283168
v 0.406758 0.876307 0.258137
v 0.422164 0.876307 0.232087
v 0.435904 0.876307 0.205121
v 0.447923 0.876307 0.177345
v 0.458175 0.876307 0.148870
v 0.466618 0.876307 0.119807
v 0.473220 0.876307 0.090272
v 0.477955 0.876307 0.060380
v 0.480803 0.876307 0.030250
v 0.425779 0.904827 0.000000
v 0.424939 0.904827 -0.026735
v 0.422422 0.904827 -0.053364
v 0.418238 0.904827 -0.079783
v 0.412403 0.904827 -0.105887
v 0.404940 0.904827 -0.131573
v 0.395880 0.904827 -0.156740
v 0.385257 0.904827 -0.181288
v 0.373113 0.904827 -0.205121
v 0.359497 0.904827 -0.228144
v 0.344463 0.904827 -0.250267
v 0.328069 0.904827 -0.271402
v 0.310380 0.904827 -0.291466
v 0.291466 0.904827 -0.310380
v 0.271402 0.904827 -0.328069
v 0.250267 0.904827 -0.344463
v 0.228144 0.904827 -0.359497
v 0.205121 0.904827 -0.373113
v 0.181288 0.904827 -0.385257
v 0.156740 0.904827 -0.395880
v 0.131573 0.904827 -0.404940
v 0.105887 0.904827 -0.412403
v 0.079783 0.904827 -0.418238
v 0.053364 0.904827 -0.422422
v 0.026735 0.904827 -0.424939
v -0.000000 0.904827 -0.425779
v -0.026735 0.904827 -0.424939
v -0.053364 0.904827 -0.422422
v -0.079783 0.904827 -0.418238
v -0.105887 0.904827 -0.412403
v -0.131573 0.904827 -0.404940
v -0.156740 0.904827 -0.395880
v -0.181288 0.904827 -0.385257
v -0.205121 0.904827 -0.373113
v -0.228144 0.904827 -0.359497
v -0.250267 0.904827 -0.344463
v -0.271402 0.904827 -0.328069
v -0.291466 0.904827 -0.310380
v -0.310380 0.904827 -0.291466
v -0.328069 0.904827 -0.271402
v -0.344463 0.904827 -0.250267
v -0.359497 0.904827 -0.228144
v -0.373113 0.904827 -0.205121
v -0.385257 0.904827 -0.181288
v -0.395880 0.904827 -0.156740
v -0.404940 0.904827 -0.131573
v -0.412403 0.904827 -0.105887
v -0.418238 0.904827 -0.079783
v -0.422422 0.904827 -0.053364
v -0.424939 0.904827 -0.026735
v -0.425779 0.904827 0.000000
v -0.424939 0.904827 0.026735
v -0.422422 0.904827 0.053364
v -0.418238 0.904827 0.079783
v -0.412403 0.904827 0.105887
v -0.404940 0.904827 0.131573
v -0.395880 0.904827 0.156740
v -0.385257 0.904827 0.181288
v -0.373113 0.904827 0.205121
v -0.359497 0.904827 0.228144
v -0.344463 0.904827 0.250267
v -0.328069 0.904827 0.271402
v -0.310380 0.904827 0.291466
v -0.291466 0.904827 0.310380
v -0.271402 0.904827 0.328069
v -0.250267 0.904827 0.344463
v -0.228144 0.904827 0.359497
v -0.205121 0.904827 0.373113
v -0.181288 0.904827 0.385257
v -0.156740 0.904827 0.395880
v -0.131573 0.904827 0.404940
v -0.105887 0.904827 0.412403
v -0.079783 0.904827 0.418238
v -0.053364 0.904827 0.422422
v -0.026735 0.904827 0.424939
v -0.000000 0.904827 0.425779
v 0.026735 0.904827 0.424939
v 0.053364 0.904827 0.422422
v 0.079783 0.904827 0.418238
v 0.105887 0.904827 0.412403
v 0.131573 0.904827 0.404940
v 0.156740 0.904827 0.395880
v 0.181288 0.904827 0.385257
v 0.205121 0.904827 0.373113
v 0.228144 0.904827 0.359497
v 0.250267 0.904827 0.344463
v 0.271402 0.904827 0.328069
v 0.291466 0.904827 0.310380
v 0.310380 0.904827 0.291466
v 0.328069 0.904827 0.271402
v 0.344463 0.904827 0.250267
v 0.359497 0.904827 0.228144
v 0.373113 0.904827 0.205121
v 0.385257 0.904827 0.181288
v 0.395880 0.904827 0.156740
v 0.404940 0.904827 0.131573
v 0.412403 0.904827 0.105887
v 0.418238 0.904827 0.079783
v 0.422422 0.904827 0.053364
v 0.424939 0.904827 0.026735
v 0.368125 0.929776 0.000000
v 0.367398 0.929776 -0.023115
v 0.365222 0.929776 -0.046138
v 0.361604 0.929776 -0.068980
v 0.356559 0.929776 -0.091549
v 0.350107 0.929776 -0.113757
v 0.342274 0.929776 -0.135516
v 0.333089 0.929776 -0.156740
v 0.322590 0.929776 -0.177345
v 0.310818 0.929776 -0.197251
v 0.297819 0.929776 -0.216378
v 0.283645 0.929776 -0.234651
v 0.268351 0.929776 -0.251999
v 0.251999 0.929776 -0.268351
v 0.234651 0.929776 -0.283645
v 0.216378 0.929776 -0.297819
v 0.197251 0.929776 -0.310818
v 0.177345 0.929776 -0.322590
v 0.156740 0.929776 -0.333089
v 0.135516 0.929776 -0.342274
v 0.113757 0.929776 -0.350107
v 0.091549 0.929776 -0.356559
v 0.068980 0.929776 -0.361604
v 0.046138 0.929776 -0.365222
v 0.023115 0.929776 -0.367398
v -0.000000 0.929776 -0.368125
v -0.023115 0.929776 -0.367398
v -0.046138 0.929776 -0.365222
v -0.068980 0.929776 -0.361604
v -0.091549 0.929776 -0.356559
v -0.113757 0.929776 -0.350107
v -0.135516 0.929776 -0.342274
v -0.156740 0.929776 -0.333089
v -0.177345 0.929776 -0.322590
v -0.197251 0.929776 -0.310818
v -0.216378 0.929776 -0.297819
v -0.234651 0.929776 -0.283645
v -0.251999 0.929776 -0.268351
v -0.268351 0.929776 -0.251999
v -0.283645 0.929776 -0.234651
v -0.297819 0.929776 -0.216378
v -0.310818 0.929776 -0.197251
v -0.322590 0.929776 -0.177345
v -0.333089 0.929776 -0.156740
v -0.342274 0.929776 -0.135516
v -0.350107 0.929776 -0.113757
v -0.356559 0.929776 -0.091549
v -0.361604 0.929776 -0.068980
v -0.365222 0.929776 -0.046138
v -0.367398 0.929776 -0.023115
v -0.368125 0.929776 0.000000
v -0.367398 0.929776 0.023115
v -0.365222 0.929776 0.046138
v -0.361604 0.929776 0.068980
v -0.356559 0.929776 0.091549
v -0.350107 0.929776 0.113757
v -0.342274 0.929776 0.135516
v -0.333089 0.929776 0.156740
v -0.322590 0.929776 0.177345
v -0.310818 0.929776 0.197251
v -0.297819 0.929776 0.216378
v -0.283645 0.929776 0.234651
v -0.268351 0.929776 0.251999
v -0.251999 0.929776 0.268351
v -0.234651 0.929776 0.283645
v -0.216378 0.929776 0.297819
v -0.197251 0.929776 0.310818
v -0.177345 0.929776 0.322590
v -0.156740 0.929776 0.333089
v -0.135516 0.929776 0.342274
v -0.113757 0.929776 0.350107
v -0.091549 0.929776 0.356559
v -0.068980 0.929776 0.361604
v -0.046138 0.929776 0.365222
v -0.023115 0.929776 0.367398
v -0.000000 0.929776 0.368125
v 0.023115 0.929776 0.367398
v 0.046138 0.929776 0.365222
v 0.068980 0.929776 0.361604
v 0.091549 0.929776 0.356559
v 0.113757 0.929776 0.350107
v 0.135516 0.929776 0.342274
v 0.156740 0.929776 0.333089
v 0.177345 0.929776 0.322590
v 0.197251 0.929776 0.310818
v 0.216378 0.929776 0.297819
v 0.234651 0.929776 0.283645
v 0.251999 0.929776 0.268351
v 0.268351 0.929776 0.251999
v 0.283645 0.929776 0.234651
v 0.297819 0.929776 0.216378
v 0.310818 0.929776 0.197251
v 0.322590 0.929776 0.177345
v 0.333089 0.929776 0.156740
v 0.342274 0.929776 0.135516
v 0.350107 0.929776 0.113757
v 0.356559 0.929776 0.091549
v 0.361604 0.929776 0.068980
v 0.365222 0.929776 0.046138
v 0.367398 0.929776 0.023115
v 0.309017 0.951057 0.000000
v 0.308407 0.951057 -0.019403
v 0.306580 0.951057 -0.038730
v 0.303543 0.951057 -0.057904
v 0.299309 0.951057 -0.076849
v 0.293893 0.951057 -0.095492
v 0.287317 0.951057 -0.113757
v 0.279607 0.951057 -0.131573
v 0.270794 0.951057 -0.148870
v 0.260912 0.951057 -0.165580
v 0.250000 0.951057 -0.181636
v 0.238102 0.951057 -0.196975
v 0.225264 0.951057 -0.211537
v 0.211537 0.951057 -0.225264
v 0.196975 0.951057 -0.238102
v 0.181636 0.951057 -0.250000
v 0.165580 0.951057 -0.260912
v 0.148870 0.951057 -0.270794
v 0.131573 0.951057 -0.279607
v 0.113757 0.951057 -0.287317
v 0.095492 0.951057 -0.293893
v 0.076849 0.951057 -0.299309
v 0.057904 0.951057 -0.303543
v 0.038730 0.951057 -0.306580
v 0.019403 0.951057 -0.308407
v -0.000000 0.951057 -0.309017
v -0.019403 0.951057 -0.308407
v -0.038730 0.951057 -0.306580
v -0.057904 0.951057 -0.303543
v -0.076849 0.951057 -0.299309
v -0.095492 0.951057 -0.293893
v -0.113757 0.951057 -0.287317
v -0.131573 0.951057 -0.279607
v -0.148870 0.951057 -0.270794
v -0.165580 0.951057 -0.260912
v -0.181636 0.951057 -0.250000
v -0.196975 0.951057 -0.238102
v -0.211537 0.951057 -0.225264
v -0.225264 0.951057 -0.211537
v -0.238102 0.951057 -0.196975
v -0.250000 0.951057 -0.181636
v -0.260912 0.951057 -0.165580
v -0.270794 0.951057 -0.148870
v -0.279607 0.951057 -0.131573
v -0.287317 0.951057 -0.113757
v -0.293893 0.951057 -0.095492
v -0.299309 0.951057 -0.076849
v -0.303543 0.951057 -0.057904
v -0.306580 0.951057 -0.038730
v -0.308407 0.951057 -0.019403
v -0.309017 0.951057 0.000000
v -0.308407 0.951057 0.019403
v -0.306580 0.951057 0.038730
v -0.303543 0.951057 0.057904
v -0.299309 0.951057 0.076849
v -0.293893 0.951057 0.095492
v -0.287317 0.951057 0.113757
v -0.279607 0.951057 0.131573
v -0.270794 0.951057 0.148870
v -0.260912 0.951057 0.165580
v -0.250000 0.951057 0.181636
v -0.238102 0.951057 0.196975
v -0.225264 0.951057 0.211537
v -0.211537 0.951057 0.225264
v -0.196975 0.951057 0.238102
v -0.181636 0.951057 0.250000
v -0.165580 0.951057 0.260912
v -0.148870 0.951057 0.270794
v -0.131573 0.951057 0.279607
v -0.113757 0.951057 0.287317
v -0.095492 0.951057 0.293893
v -0.076849 0.951057 0.299309
v -0.057904 0.951057 0.303543
v -0.038730 0.951057 0.306580
v -0.019403 0.951057 0.308407
v -0.000000 0.951057 0.309017
v 0.019403 0.951057 0.308407
v 0.038730 0.951057 0.306580
v 0.057904 0.951057 0.303543
v 0.076849 0.951057 0.299309
v 0.095492 0.951057 0.293893
v 0.113757 0.951057 0.287317
v 0.131573 0.951057 0.279607
v 0.148870 0.951057 0.270794
v 0.165580 0.951057 0.260912
v 0.181636 0.951057 0.250000
v 0.196975 0.951057 0.238102
v 0.211537 0.951057 0.225264
v 0.225264 0.951057 0.211537
v 0.238102 0.951057 0.196975
v 0.250000 0.951057 0.181636
v 0.260912 0.951057 0.165580
v 0.270794 0.951057 0.148870
v 0.279607 0.951057 0.131573
v 0.287317 0.951057 0.113757
v 0.293893 0.951057 0.095492
v 0.299309 0.951057 0.076849
v 0.303543 0.951057 0.057904
v 0.306580 0.951057 0.038730
v 0.308407 0.951057 0.019403
v 0.248690 0.968583 0.000000
v 0.248199 0.968583 -0.015615
v 0.246729 0.968583 -0.031169
v 0.244285 0.968583 -0.046600
v 0.240877 0.968583 -0.061847
v 0.236518 0.968583 -0.076849
v 0.231226 0.968583 -0.091549
v 0.225021 0.968583 -0.105887
v 0.217929 0.968583 -0.119807
v 0.209976 0.968583 -0.133255
v 0.201194 0.968583 -0.146176
v 0.191619 0.968583 -0.158521
v 0.181287 0.968583 -0.170240
v 0.170240 0.968583 -0.181287
v 0.158521 0.968583 -0.191619
v 0.146176 0.968583 -0.201194
v 0.133255 0.968583 -0.209976
v 0.119807 0.968583 -0.217929
v 0.105887 0.968583 -0.225021
v 0.091549 0.968583 -0.231226
v 0.076849 0.968583 -0.236518
v 0.061847 0.968583 -0.240877
v 0.046600 0.968583 -0.244285
v 0.031169 0.968583 -0.246729
v 0.015615 0.968583 -0.248199
v -0.000000 0.968583 -0.248690
v -0.015615 0.968583 -0.248199
v -0.031169 0.968583 -0.246729
v -0.046600 0.968583 -0.244285
v -0.061847 0.968583 -0.240877
v -0.076849 0.968583 -0.236518
v -0.091549 0.968583 -0.231226
v -0.105887 0.968583 -0.225021
v -0.119807 0.968583 -0.217929
v -0.133255 0.968583 -0.209976
v -0.146176 0.968583 -0.201194
v -0.158521 0.968583 -0.191619
v -0.170240 0.968583 -0.181287
v -0.181287 0.968583 -0.170240
v -0.191619 0.968583 -0.158521
v -0.201194 0.968583 -0.146176
v -0.209976 0.968583 -0.133255
v -0.217929 0.968583 -0.119807
v -0.225021 0.968583 -0.105887
v -0.231226 0.968583 -0.091549
v -0.236518 0.968583 -0.076849
v -0.240877 0.968583 -0.061847
v -0.244285 0.968583 -0.046600
v -0.246729 0.968583 -0.031169
v -0.248199 0.968583 -0.015615
v -0.248690 0.968583 0.000000
v -0.248199 0.968583 0.015615
v -0.246729 0.968583 0.031169
v -0.244285 0.968583 0.046600
v -0.240877 0.968583 0.061847
v -0.236518 0.968583 0.076849
v -0.231226 0.968583 0.091549
v -0.225021 0.968583 0.105887
v -0.217929 0.968583 0.119807
v -0.209976 0.968583 0.133255
v -0.201194 0.968583 0.146176
v -0.191619 0.968583 0.158521
v -0.181287 0.968583 0.170240
v -0.170240 0.968583 0.181287
v -0.158521 0.968583 0.191619
v -0.146176 0.968583 0.201194
v -0.133255 0.968583 0.209976
v -0.119807 0.968583 0.217929
v -0.105887 0.968583 0.225021
v -0.091549 0.968583 0.231226
v -0.076849 0.968583 0.236518
v -0.061847 0.968583 0.240877
v -0.046600 0.968583 0.244285
v -0.031169 0.968583 0.246729
v -0.015615 0.968583 0.248199
v -0.000000 0.968583 0.248690
v 0.015615 0.968583 0.248199
v 0.031169 0.968583 0.246729
v 0.046600 0.968583 0.244285
v 0.061847 0.968583 0.240877
v 0.076849 0.968583 0.236518
v 0.091549 0.968583 0.231226
v 0.105887 0.968583 0.225021
v 0.119807 0.968583 0.217929
v 0.133255 0.968583 0.209976
v 0.146176 0.968583 0.201194
v 0.158521 0.968583 0.191619
v 0.170240 0.968583 0.181287
v 0.181287 0.968583 0.170240
v 0.191619 0.968583 0.158521
v 0.201194 0.968583 0.146176
v 0.209976 0.968583 0.133255
v 0.217929 0.968583 0.119807
v 0.225021 0.968583 0.105887
v 0.231226 0.968583 0.091549
v 0.236518 0.968583 0.076849
v 0.240877 0.968583 0.061847
v 0.244285 0.968583 0.046600
v 0.246729 0.968583 0.031169
v 0.248199 0.968583 0.015615
v 0.187381 0.982287 0.000000
v 0.187012 0.982287 -0.011766
v 0.185904 0.982287 -0.023485
v 0.184062 0.982287 -0.035112
v 0.181494 0.982287 -0.046600
v 0.178210 0.982287 -0.057904
v 0.174223 0.982287 -0.068980
v 0.169548 0.982287 -0.079783
v 0.164203 0.982287 -0.090272
v 0.158211 0.982287 -0.100404
v 0.151595 0.982287 -0.110140
v 0.144380 0.982287 -0.119441
v 0.136595 0.982287 -0.128271
v 0.128271 0.982287 -0.136595
v 0.119441 0.982287 -0.144380
v 0.110140 0.982287 -0.151595
v 0.100404 0.982287 -0.158211
v 0.090272 0.982287 -0.164203
v 0.079783 0.982287 -0.169548
v 0.068980 0.982287 -0.174223
v 0.057904 0.982287 -0.178210
v 0.046600 0.982287 -0.181494
v 0.035112 0.982287 -0.184062
v 0.023485 0.982287 -0.185904
v 0.011766 0.982287 -0.187012
v -0.000000 0.982287 -0.187381
v -0.011766 0.982287 -0.187012
v -0.023485 0.982287 -0.185904
v -0.035112 0.982287 -0.184062
v -0.046600 0.982287 -0.181494
v -0.057904 0.982287 -0.178210
v -0.068980 0.982287 -0.174223
v -0.079783 0.982287 -0.169548
v -0.090272 0.982287 -0.164203
v -0.100404 0.982287 -0.158211
v -0.110140 0.982287 -0.151595
v -0.119441 0.982287 -0.144380
v -0.128271 0.982287 -0.136595
v -0.136595 0.982287 -0.128271
v -0.144380 0.982287 -0.119441
v -0.151595 0.982287 -0.110140
v -0.158211 0.982287 -0.100404
v -0.164203 0.982287 -0.090272
v -0.169548 0.982287 -0.079783
v -0.174223 0.982287 -0.068980
v -0.178210 0.982287 -0.057904
v -0.181494 0.982287 -0.046600
v -0.184062 0.982287 -0.035112
v -0.185904 0.982287 -0.023485
v -0.187012 0.982287 -0.011766
v -0.187381 0.982287 0.000000
v -0.187012 0.982287 0.011766
v -0.185904 0.982287 0.023485
v -0.184062 0.982287 0.035112
v -0.181494 0.982287 0.046600
v -0.178210 0.982287 0.057904
v -0.174223 0.982287 0.068980
v -0.169548 0.982287 0.079783
v -0.164203 0.982287 0.090272
v -0.158211 0.982287 0.100404
v -0.151595 0.982287 0.110140
v -0.144380 0.982287 0.119441
v -0.136595 0.982287 0.128271
v -0.128271 0.982287 0.136595
v -0.119441 0.982287 0.144380
v -0.110140 0.982287 0.151595
v -0.100404 0.982287 0.158211
v -0.090272 0.982287 0.164203
v -0.079783 0.982287 0.169548
v -0.068980 0.982287 0.174223
v -0.057904 0.982287 0.178210
v -0.046600 0.982287 0.181494
v -0.035112 0.982287 0.184062
v -0.023485 0.982287 0.185904
v -0.011766 0.982287 0.187012
v -0.000000 0.982287 0.187381
v 0.011766 0.982287 0.187012
v 0.023485 0.982287 0.185904
v 0.035112 0.982287 0.184062
v 0.046600 0.982287 0.181494
v 0.057904 0.982287 0.178210
v 0.068980 0.982287 0.174223
v 0.079783 0.982287 0.169548
v 0.090272 0.982287 0.164203
v 0.100404 0.982287 0.158211
v 0.110140 0.982287 0.151595
v 0.119441 0.982287 0.144380
v 0.128271 0.982287 0.136595
v 0.136595 0.982287 0.128271
v 0.144380 0.982287 0.119441
v 0.151595 0.982287 0.110140
v 0.158211 0.982287 0.100404
v 0.164203 0.982287 0.090272
v 0.169548 0.982287 0.079783
v 0.174223 0.982287 0.068980
v 0.178210 0.982287 0.057904
v 0.181494 0.982287 0.046600
v 0.184062 0.982287 0.035112
v 0.185904 0.982287 0.023485
v 0.187012 0.982287 0.011766
v 0.125333 0.992115 0.000000
v 0.125086 0.992115 -0.007870
v 0.124345 0.992115 -0.015708
v 0.123113 0.992115 -0.023485
v 0.121396 0.992115 -0.031169
v 0.119199 0.992115 -0.038730
v 0.116532 0.992115 -0.046138
v 0.113405 0.992115 -0.053364
v 0.109830 0.992115 -0.060380
v 0.105822 0.992115 -0.067157
v 0.101397 0.992115 -0.073669
v 0.096571 0.992115 -0.079890
v 0.091364 0.992115 -0.085797
v 0.085797 0.992115 -0.091364
v 0.079890 0.992115 -0.096571
v 0.073669 0.992115 -0.101397
v 0.067157 0.992115 -0.105822
v 0.060380 0.992115 -0.109830
v 0.053364 0.992115 -0.113405
v 0.046138 0.992115 -0.116532
v 0.038730 0.992115 -0.119199
v 0.031169 0.992115 -0.121396
v 0.023485 0.992115 -0.123113
v 0.015708 0.992115 -0.124345
v 0.007870 0.992115 -0.125086
v -0.000000 0.992115 -0.125333
v -0.007870 0.992115 -0.125086
v -0.015708 0.992115 -0.124345
v -0.023485 0.992115 -0.123113
v -0.031169 0.992115 -0.121396
v -0.038730 0.992115 -0.119199
v -0.046138 0.992115 -0.116532
v -0.053364 0.992115 -0.113405
v -0.060380 0.992115 -0.109830
v -0.067157 0.992115 -0.105822
v -0.073669 0.992115 -0.101397
v -0.079890 0.992115 -0.096571
v -0.085797 0.992115 -0.091364
v -0.091364 0.992115 -0.085797
v -0.096571 0.992115 -0.079890
v -0.101397 0.992115 -0.073669
v -0.105822 0.992115 -0.067157
v -0.109830 0.992115 -0.060380
v -0.113405 0.992115 -0.053364
v -0.116532 0.992115 -0.046138
v -0.119199 0.992115 -0.038730
v -0.121396 0.992115 -0.031169
v -0.123113 0.992115 -0.023485
v -0.124345 0.992115 -0.015708
v -0.125086 0.992115 -0.007870
v -0.125333 0.992115 0.000000
v -0.125086 0.992115 0.007870
v -0.124345 0.992115 0.015708
v -0.123113 0.992115 0.023485
v -0.121396 0.992115 0.031169
v -0.119199 0.992115 0.038730
v -0.116532 0.992115 0.046138
v -0.113405 0.992115 0.053364
v -0.109830 0.992115 0.060380
v -0.105822 0.992115 0.067157
v -0.101397 0.992115 0.073669
v -0.096571 0.992115 0.079890
v -0.091364 0.992115 0.085797
v -0.085797 0.992115 0.091364
v -0.079890 0.992115 0.096571
v -0.073669 0.992115 0.101397
v -0.067157 0.992115 0.105822
v -0.060380 0.992115 0.109830
v -0.053364 0.992115 0.113405
v -0.046138 0.992115 0.116532
v -0.038730 0.992115 0.119199
v -0.031169 0.992115 0.121396
v -0.023485 0.992115 0.123113
v -0.015708 0.992115 0.124345
v -0.007870 0.992115 0.125086
v -0.000000 0.992115 0.125333
v 0.007870 0.992115 0.125086
v 0.015708 0.992115 0.124345
v 0.023485 0.992115 0.123113
v 0.031169 0.992115 0.121396
v 0.038730 0.992115 0.119199
v 0.046138 0.992115 0.116532
v 0.053364 0.992115 0.113405
v 0.060380 0.992115 0.109830
v 0.067157 0.992115 0.105822
v 0.073669 0.992115 0.101397
v 0.079890 0.992115 0.096571
v 0.085797 0.992115 0.091364
v 0.091364 0.992115 0.085797
v 0.096571 0.992115 0.079890
v 0.101397 0.992115 0.073669
v 0.105822 0.992115 0.067157
v 0.109830 0.992115 0.060380
v 0.113405 0.992115 0.053364
v 0.116532 0.992115 0.046138
v 0.119199 0.992115 0.038730
v 0.121396 0.992115 0.031169
v 0.123113 0.992115 0.023485
v 0.124345 0.992115 0.015708
v 0.125086 0.992115 0.007870
v 0.062791 0.998027 0.000000
v 0.062667 0.998027 -0.003943
v 0.062295 0.998027 -0.007870
v 0.061678 0.998027 -0.011766
v 0.060818 0.998027 -0.015615
v 0.059717 0.998027 -0.019403
v 0.058381 0.998027 -0.023115
v 0.056815 0.998027 -0.026735
v 0.055024 0.998027 -0.030250
v 0.053016 0.998027 -0.033645
v 0.050799 0.998027 -0.036907
v 0.048381 0.998027 -0.040024
v 0.045772 0.998027 -0.042983
v 0.042983 0.998027 -0.045772
v 0.040024 0.998027 -0.048381
v 0.036907 0.998027 -0.050799
v 0.033645 0.998027 -0.053016
v 0.030250 0.998027 -0.055024
v 0.026735 0.998027 -0.056815
v 0.023115 0.998027 -0.058381
v 0.019403 0.998027 -0.059717
v 0.015615 0.998027 -0.060818
v 0.011766 0.998027 -0.061678
v 0.007870 0.998027 -0.062295
v 0.003943 0.998027 -0.062667
v -0.000000 0.998027 -0.062791
v -0.003943 0.998027 -0.062667
v -0.007870 0.998027 -0.062295
v -0.011766 0.998027 -0.061678
v -0.015615 0.998027 -0.060818
v -0.019403 0.998027 -0.059717
v -0.023115 0.998027 -0.058381
v -0.026735 0.998027 -0.056815
v -0.030250 0.998027 -0.055024
v -0.033645 0.998027 -0.053016
v -0.036907 0.998027 -0.050799
v -0.040024 0.998027 -0.048381
v -0.042983 0.998027 -0.045772
v -0.045772 0.998027 -0.042983
v -0.048381 0.998027 -0.040024
v -0.050799 0.998027 -0.036907
v -0.053016 0.998027 -0.033645
v -0.055024 0.998027 -0.030250
v -0.056815 0.998027 -0.026735
v -0.058381 0.998027 -0.023115
v -0.059717 0.998027 -0.019403
v -0.060818 0.998027 -0.015615
v -0.061678 0.998027 -0.011766
v -0.062295 0.998027 -0.007870
v -0.062667 0.998027 -0.003943
v -0.062791 0.998027 0.000000
v -0.062667 0.998027 0.003943
v -0.062295 0.998027 0.007870
v -0.061678 0.998027 0.011766
v -0.060818 0.998027 0.015615
v -0.059717 0.998027 0.019403
v -0.058381 0.998027 0.023115
v -0.056815 0.998027 0.026735
v -0.055024 0.998027 0.030250
v -0.053016 0.998027 0.033645
v -0.050799 0.998027 0.036907
v -0.048381 0.998027 0.040024
v -0.045772 0.998027 0.042983
v -0.042983 0.998027 0.045772
v -0.040024 0.998027 0.048381
v -0.036907 0.998027 0.050799
v -0.033645 0.998027 0.053016
v -0.030250 0.998027 0.055024
v -0.026735 0.998027 0.056815
v -0.023115 0.998027 0.058381
v -0.019403 0.998027 0.059717
v -0.015615 0.998027 0.060818
v -0.011766 0.998027 0.061678
v -0.007870 0.998027 0.062295
v -0.003943 0.998027 0.062667
v -0.000000 0.998027 0.062791
v 0.003943 0.998027 0.062667
v 0.007870 0.998027 0.062295
v 0.011766 0.998027 0.061678
v 0.015615 0.998027 0.060818
v 0.019403 0.998027 0.059717
v 0.023115 0.998027 0.058381
v 0.026735 0.998027 0.056815
v 0.030250 0.998027 0.055024
v 0.033645 0.998027 0.053016
v 0.036907 0.998027 0.050799
v 0.040024 0.998027 0.048381
v 0.042983 0.998027 0.045772
v 0.045772 0.998027 0.042983
v 0.048381 0.998027 0.040024
v 0.050799 0.998027 0.036907
v 0.053016 0.998027 0.033645
v 0.055024 0.998027 0.030250
v 0.056815 0.998027 0.026735
v 0.058381 0.998027 0.023115
v 0.059717 0.998027 0.019403
v 0.060818 0.998027 0.015615
v 0.061678 0.998027 0.011766
v 0.062295 0.998027 0.007870
v 0.062667 0.998027 0.003943
# 4902 vertices

vn 0.062790 -0.998027 -0.000000
vn 0.125333 -0.992115 -0.000000
vn 0.125086 -0.992115 -0.007870
vn 0.062666 -0.998027 -0.003943
vn 0.124345 -0.992115 -0.015708
vn 0.062295 -0.998027 -0.007870
vn 0.123113 -0.992115 -0.023485
vn 0.061678 -0.998027 -0.011766
vn 0.121396 -0.992115 -0.031169
vn 0.060818 -0.998027 -0.015615
vn 0.119199 -0.992115 -0.038730
vn 0.059717 -0.998027 -0.019403
vn 0.116532 -0.992115 -0.046138
vn 0.058381 -0.998027 -0.023115
vn 0.113405 -0.992115 -0.053364
vn 0.056814 -0.998027 -0.026735
vn 0.109830 -0.992115 -0.060380
vn 0.055024 -0.998027 -0.030249
vn 0.105822 -0.992115 -0.067157
vn 0.053016 -0.998027 -0.033645
vn 0.101397 -0.992115 -0.073669
vn 0.050798 -0.998027 -0.036907
vn 0.096571 -0.992115 -0.079890
vn 0.048381 -0.998027 -0.040024
vn 0.091364 -0.992115 -0.085797
vn 0.045772 -0.998027 -0.042983
vn 0.085797 -0.992115 -0.091364
vn 0.042983 -0.998027 -0.045772
vn 0.079890 -0.992115 -0.096571
vn 0.040024 -0.998027 -0.048381
vn 0.073669 -0.992115 -0.101397
vn 0.036907 -0.998027 -0.050798
vn 0.067157 -0.992115 -0.105822
vn 0.033645 -0.998027 -0.053016
vn 0.060380 -0.992115 -0.109830
vn 0.030249 -0.998027 -0.055024
vn 0.053364 -0.992115 -0.113405
vn 0.026735 -0.998027 -0.056814
vn 0.046138 -0.992115 -0.116532
vn 0.023115 -0.998027 -0.058381
vn 0.038730 -0.992115 -0.119199
vn 0.019403 -0.998027 -0.059717
vn 0.031169 -0.992115 -0.121396
vn 0.015615 -0.998027 -0.060818
vn 0.023485 -0.992115 -0.123113
vn 0.011766 -0.998027 -0.061678
vn 0.015708 -0.992115 -0.124345
vn 0.007870 -0.998027 -0.062295
vn 0.007870 -0.992115 -0.125086
vn 0.003943 -0.998027 -0.062666
vn -0.000000 -0.992115 -0.125333
vn 0.000000 -0.998027 -0.062790
vn -0.007870 -0.992115 -0.125086
vn -0.003943 -0.998027 -0.062666
vn -0.015708 -0.992115 -0.124345
vn -0.007870 -0.998027 -0.062295
vn -0.023485 -0.992115 -0.123113
vn -0.011766 -0.998027 -0.061678
vn -0.031169 -0.992115 -0.121396
vn -0.015615 -0.998027 -0.060818
vn -0.038730 -0.992115 -0.119199
vn -0.019403 -0.998027 -0.059717
vn -0.046138 -0.992115 -0.116532
vn -0.023115 -0.998027 -0.058381
vn -0.053364 -0.992115 -0.113405
vn -0.026735 -0.998027 -0.056814
vn -0.060380 -0.992115 -0.109830
vn -0.030249 -0.998027 -0.055024
vn -0.067157 -0.992115 -0.105822
vn -0.033645 -0.998027 -0.053016
vn -0.073669 -0.992115 -0.101397
vn -0.036907 -0.998027 -0.050798
vn -0.079890 -0.992115 -0.096571
vn -0.040024 -0.998027 -0.048381
vn -0.085797 -0.992115 -0.091364
vn -0.042983 -0.998027 -0.045772
vn -0.091364 -0.992115 -0.085797
vn -0.045772 -0.998027 -0.042983
vn -0.096571 -0.992115 -0.079890
vn -0.048381 -0.998027 -0.040024
vn -0.101397 -0.992115 -0.073669
vn -0.050798 -0.998027 -0.036907
vn -0.105822 -0.992115 -0.067157
vn -0.053016 -0.998027 -0.033645
vn -0.109830 -0.992115 -0.060380
vn -0.055024 -0.998027 -0.030249
vn -0.113405 -0.992115 -0.053364
vn -0.056814 -0.998027 -0.026735
vn -0.116532 -0.992115 -0.046138
vn -0.058381 -0.998027 -0.023115
vn -0.119199 -0.992115 -0.038730
vn -0.059717 -0.998027 -0.019403
vn -0.121396 -0.992115 -0.031169
vn -0.060818 -0.998027 -0.015615
vn -0.123113 -0.992115 -0.023485
vn -0.061678 -0.998027 -0.011766
vn -0.124345 -0.992115 -0.015708
vn -0.062295 -0.998027 -0.007870
vn -0.125086 -0.992115 -0.007870
vn -0.062666 -0.998027 -0.003943
vn -0.125333 -0.992115 0.000000
vn -0.062790 -0.998027 0.000000
vn -0.125086 -0.992115 0.007870
vn -0.062666 -0.998027 0.003943
vn -0.124345 -0.992115 0.015708
vn -0.062295 -0.998027 0.007870
vn -0.123113 -0.992115 0.023485
vn -0.061678 -0.998027 0.011766
vn -0.121396 -0.992115 0.031169
vn -0.060818 -0.998027 0.015615
vn -0.119199 -0.992115 0.038730
vn -0.059717 -0.998027 0.019403
vn -0.116532 -0.992115 0.046138
vn -0.058381 -0.998027 0.023115
vn -0.113405 -0.992115 0.053364
vn -0.056814 -0.998027 0.026735
vn -0.109830 -0.992115 0.060380
vn -0.055024 -0.998027 0.030249
vn -0.105822 -0.992115 0.067157
vn -0.053016 -0.998027 0.033645
vn -0.101397 -0.992115 0.073669
vn -0.050798 -0.998027 0.036907
vn -0.096571 -0.992115 0.079890
vn -0.048381 -0.998027 0.040024
vn -0.091364 -0.992115 0.085797
vn -0.045772 -0.998027 0.042983
vn -0.085797 -0.992115 0.091364
vn -0.042983 -0.998027 0.045772
vn -0.079890 -0.992115 0.096571
vn -0.040024 -0.998027 0.048381
vn -0.073669 -0.992115 0.101397
vn -0.036907 -0.998027 0.050798
vn -0.067157 -0.992115 0.105822
vn -0.033645 -0.998027 0.053016
vn -0.060380 -0.992115 0.109830
vn -0.030249 -0.998027 0.055024
vn -0.053364 -0.992115 0.113405
vn -0.026735 -0.998027 0.056814
vn -0.046138 -0.992115 0.116532
vn -0.023115 -0.998027 0.058381
vn -0.038730 -0.992115 0.119199
vn -0.019403 -0.998027 0.059717
vn -0.031169 -0.992115 0.121396
vn -0.015615 -0.998027 0.060818
vn -0.023485 -0.992115 0.123113
vn -0.011766 -0.998027 0.061678
vn -0.015708 -0.992115 0.124345
vn -0.007870 -0.998027 0.062295
vn -0.007870 -0.992115 0.125086
vn -0.003943 -0.998027 0.062666
vn 0.000000 -0.992115 0.125333
vn 0.000000 -0.998027 0.062790
vn 0.007870 -0.992115 0.125086
vn 0.003943 -0.998027 0.062666
vn 0.015708 -0.992115 0.124345
vn 0.007870 -0.998027 0.062295
vn 0.023485 -0.992115 0.123113
vn 0.011766 -0.998027 0.061678
vn 0.031169 -0.992115 0.121396
vn 0.015615 -0.998027 0.060818
vn 0.038730 -0.992115 0.119199
vn 0.019403 -0.998027 0.059717
vn 0.046138 -0.992115 0.116532
vn 0.023115 -0.998027 0.058381
vn 0.053364 -0.992115 0.113405
vn 0.026735 -0.998027 0.056814
vn 0.060380 -0.992115 0.109830
vn 0.030249 -0.998027 0.055024
vn 0.067157 -0.992115 0.105822
vn 0.033645 -0.998027 0.053016
vn 0.073669 -0.992115 0.101397
vn 0.036907 -0.998027 0.050798
vn 0.079890 -0.992115 0.096571
vn 0.040024 -0.998027 0.048381
vn 0.085797 -0.992115 0.091364
vn 0.042983 -0.998027 0.045772
vn 0.091364 -0.992115 0.085797
vn 0.045772 -0.998027 0.042983
vn 0.096571 -0.992115 0.079890
vn 0.048381 -0.998027 0.040024
vn 0.101397 -0.992115 0.073669
vn 0.050798 -0.998027 0.036907
vn 0.105822 -0.992115 0.067157
vn 0.053016 -0.998027 0.033645
vn 0.109830 -0.992115 0.060380
vn 0.055024 -0.998027 0.030249
vn 0.113405 -0.992115 0.053364
vn 0.056814 -0.998027 0.026735
vn 0.116532 -0.992115 0.046138
vn 0.058381 -0.998027 0.023115
vn 0.119199 -0.992115 0.038730
vn 0.059717 -0.998027 0.019403
vn 0.121396 -0.992115 0.031169
vn 0.060818 -0.998027 0.015615
vn 0.123113 -0.992115 0.023485
vn 0.061678 -0.998027 0.011766
vn 0.124345 -0.992115 0.015708
vn 0.062295 -0.998027 0.007870
vn 0.125086 -0.992115 0.007870
vn 0.062666 -0.998027 0.003943
vn 0.187381 -0.982287 -0.000000
vn 0.187012 -0.982287 -0.011766
vn 0.185904 -0.982287 -0.023485
vn 0.184062 -0.982287 -0.035112
vn 0.181494 -0.982287 -0.046600
vn 0.178210 -0.982287 -0.057904
vn 0.174223 -0.982287 -0.068980
vn 0.169548 -0.982287 -0.079783
vn 0.164203 -0.982287 -0.090272
vn 0.158211 -0.982287 -0.100404
vn 0.151595 -0.982287 -0.110140
vn 0.144380 -0.982287 -0.119441
vn 0.136595 -0.982287 -0.128271
vn 0.128271 -0.982287 -0.136595
vn 0.119441 -0.982287 -0.144380
vn 0.110140 -0.982287 -0.151595
vn 0.100404 -0.982287 -0.158211
vn 0.090272 -0.982287 -0.164203
vn 0.079783 -0.982287 -0.169548
vn 0.068980 -0.982287 -0.174223
vn 0.057904 -0.982287 -0.178210
vn 0.046600 -0.982287 -0.181494
vn 0.035112 -0.982287 -0.184062
vn 0.023485 -0.982287 -0.185904
vn 0.011766 -0.982287 -0.187012
vn -0.000000 -0.982287 -0.187381
vn -0.011766 -0.982287 -0.187012
vn -0.023485 -0.982287 -0.185904
vn -0.035112 -0.982287 -0.184062
vn -0.046600 -0.982287 -0.181494
vn -0.057904 -0.982287 -0.178210
vn -0.068980 -0.982287 -0.174223
vn -0.079783 -0.982287 -0.169548
vn -0.090272 -0.982287 -0.164203
vn -0.100404 -0.982287 -0.158211
vn -0.110140 -0.982287 -0.151595
vn -0.119441 -0.982287 -0.144380
vn -0.128271 -0.982287 -0.136595
vn -0.136595 -0.982287 -0.128271
vn -0.144380 -0.982287 -0.119441
vn -0.151595 -0.982287 -0.110140
vn -0.158211 -0.982287 -0.100404
vn -0.164203 -0.982287 -0.090272
vn -0.169548 -0.982287 -0.079783
vn -0.174223 -0.982287 -0.068980
vn -0.178210 -0.982287 -0.057904
vn -0.181494 -0.982287 -0.046600
vn -0.184062 -0.982287 -0.035112
vn -0.185904 -0.982287 -0.023485
vn -0.187012 -0.982287 -0.011766
vn -0.187381 -0.982287 0.000000
vn -0.187012 -0.982287 0.011766
vn -0.185904 -0.982287 0.023485
vn -0.184062 -0.982287 0.035112
vn -0.181494 -0.982287 0.046600
vn -0.178210 -0.982287 0.057904
vn -0.174223 -0.982287 0.068980
vn -0.169548 -0.982287 0.079783
vn -0.164203 -0.982287 0.090272
vn -0.158211 -0.982287 0.100404
vn -0.151595 -0.982287 0.110140
vn -0.144380 -0.982287 0.119441
vn -0.136595 -0.982287 0.128271
vn -0.128271 -0.982287 0.136595
vn -0.119441 -0.982287 0.144380
vn -0.110140 -0.982287 0.151595
vn -0.100404 -0.982287 0.158211
vn -0.090272 -0.982287 0.164203
vn -0.079783 -0.982287 0.169548
vn -0.068980 -0.982287 0.174223
vn -0.057904 -0.982287 0.178210
vn -0.046600 -0.982287 0.181494
vn -0.035112 -0.982287 0.184062
vn -0.023485 -0.982287 0.185904
vn -0.011766 -0.982287 0.187012
vn 0.000000 -0.982287 0.187381
vn 0.011766 -0.982287 0.187012
vn 0.023485 -0.982287 0.185904
vn 0.035112 -0.982287 0.184062
vn 0.046600 -0.982287 0.181494
vn 0.057904 -0.982287 0.178210
vn 0.068980 -0.982287 0.174223
vn 0.079783 -0.982287 0.169548
vn 0.090272 -0.982287 0.164203
vn 0.100404 -0.982287 0.158211
vn 0.110140 -0.982287 0.151595
vn 0.119441 -0.982287 0.144380
vn 0.128271 -0.982287 0.136595
vn 0.136595 -0.982287 0.128271
vn 0.144380 -0.982287 0.119441
vn 0.151595 -0.982287 0.110140
vn 0.158211 -0.982287 0.100404
vn 0.164203 -0.982287 0.090272
vn 0.169548 -0.982287 0.079783
vn 0.174223 -0.982287 0.068980
vn 0.178210 -0.982287 0.057904
vn 0.181494 -0.982287 0.046600
vn 0.184062 -0.982287 0.035112
vn 0.185904 -0.982287 0.023485
vn 0.187012 -0.982287 0.011766
vn 0.248689 -0.968583 -0.000000
vn 0.248199 -0.968583 -0.015615
vn 0.246728 -0.968583 -0.031169
vn 0.244284 -0.968583 -0.046600
vn 0.240876 -0.968583 -0.061847
vn 0.236518 -0.968583 -0.076849
vn 0.231225 -0.968583 -0.091549
vn 0.225021 -0.968583 -0.105887
vn 0.217928 -0.968583 -0.119807
vn 0.209975 -0.968583 -0.133254
vn 0.201194 -0.968583 -0.146176
vn 0.191618 -0.968583 -0.158521
vn 0.181287 -0.968583 -0.170240
vn 0.170240 -0.968583 -0.181287
vn 0.158521 -0.968583 -0.191618
vn 0.146176 -0.968583 -0.201194
vn 0.133254 -0.968583 -0.209975
vn 0.119807 -0.968583 -0.217928
vn 0.105887 -0.968583 -0.225021
vn 0.091549 -0.968583 -0.231225
vn 0.076849 -0.968583 -0.236518
vn 0.061847 -0.968583 -0.240876
vn 0.046600 -0.968583 -0.244284
vn 0.031169 -0.968583 -0.246728
vn 0.015615 -0.968583 -0.248199
vn -0.000000 -0.968583 -0.248689
vn -0.015615 -0.968583 -0.248199
vn -0.031169 -0.968583 -0.246728
vn -0.046600 -0.968583 -0.244284
vn -0.061847 -0.968583 -0.240876
vn -0.076849 -0.968583 -0.236518
vn -0.091549 -0.968583 -0.231225
vn -0.105887 -0.968583 -0.225021
vn -0.119807 -0.968583 -0.217928
vn -0.133254 -0.968583 -0.209975
vn -0.146176 -0.968583 -0.201194
vn -0.158521 -0.968583 -0.191618
vn -0.170240 -0.968583 -0.181287
vn -0.181287 -0.968583 -0.170240
vn -0.191618 -0.968583 -0.158521
vn -0.201194 -0.968583 -0.146176
vn -0.209975 -0.968583 -0.133254
vn -0.217928 -0.968583 -0.119807
vn -0.225021 -0.968583 -0.105887
vn -0.231225 -0.968583 -0.091549
vn -0.236518 -0.968583 -0.076849
vn -0.240876 -0.968583 -0.061847
vn -0.244284 -0.968583 -0.046600
vn -0.246728 -0.968583 -0.031169
vn -0.248199 -0.968583 -0.015615
vn -0.248689 -0.968583 0.000000
vn -0.248199 -0.968583 0.015615
vn -0.246728 -0.968583 0.031169
vn -0.244284 -0.968583 0.046600
vn -0.240876 -0.968583 0.061847
vn -0.236518 -0.968583 0.076849
vn -0.231225 -0.968583 0.091549
vn -0.225021 -0.968583 0.105887
vn -0.217928 -0.968583 0.119807
vn -0.209975 -0.968583 0.133254
vn -0.201194 -0.968583 0.146176
vn -0.191618 -0.968583 0.158521
vn -0.181287 -0.968583 0.170240
vn -0.170240 -0.968583 0.181287
vn -0.158521 -0.968583 0.191618
vn -0.146176 -0.968583 0.201194
vn -0.133254 -0.968583 0.209975
vn -0.119807 -0.968583 0.217928
vn -0.105887 -0.968583 0.225021
vn -0.091549 -0.968583 0.231225
vn -0.076849 -0.968583 0.236518
vn -0.061847 -0.968583 0.240876
vn -0.046600 -0.968583 0.244284
vn -0.031169 -0.968583 0.246728
vn -0.015615 -0.968583 0.248199
vn 0.000000 -0.968583 0.248689
vn 0.015615 -0.968583 0.248199
vn 0.031169 -0.968583 0.246728
vn 0.046600 -0.968583 0.244284
vn 0.061847 -0.968583 0.240876
vn 0.076849 -0.968583 0.236518
vn 0.091549 -0.968583 0.231225
vn 0.105887 -0.968583 0.225021
vn 0.119807 -0.968583 0.217928
vn 0.133254 -0.968583 0.209975
vn 0.146176 -0.968583 0.201194
vn 0.158521 -0.968583 0.191618
vn 0.170240 -0.968583 0.181287
vn 0.181287 -0.968583 0.170240
vn 0.191618 -0.968583 0.158521
vn 0.201194 -0.968583 0.146176
vn 0.209975 -0.968583 0.133254
vn 0.217928 -0.968583 0.119807
vn 0.225021 -0.968583 0.105887
vn 0.231225 -0.968583 0.091549
vn 0.236518 -0.968583 0.076849
vn 0.240876 -0.968583 0.061847
vn 0.244284 -0.968583 0.046600
vn 0.246728 -0.968583 0.031169
vn 0.248199 -0.968583 0.015615
vn 0.309017 -0.951057 -0.000000
vn 0.308407 -0.951057 -0.019403
vn 0.306580 -0.951057 -0.038730
vn 0.303543 -0.951057 -0.057904
vn 0.299308 -0.951057 -0.076849
vn 0.293892 -0.951057 -0.095491
vn 0.287316 -0.951057 -0.113757
vn 0.279607 -0.951057 -0.131573
vn 0.270793 -0.951057 -0.148870
vn 0.260912 -0.951057 -0.165579
vn 0.250000 -0.951057 -0.181635
vn 0.238101 -0.951057 -0.196975
vn 0.225263 -0.951057 -0.211536
vn 0.211536 -0.951057 -0.225263
vn 0.196975 -0.951057 -0.238101
vn 0.181635 -0.951057 -0.250000
vn 0.165579 -0.951057 -0.260912
vn 0.148870 -0.951057 -0.270793
vn 0.131573 -0.951057 -0.279607
vn 0.113757 -0.951057 -0.287316
vn 0.095491 -0.951057 -0.293892
vn 0.076849 -0.951057 -0.299308
vn 0.057904 -0.951057 -0.303543
vn 0.038730 -0.951057 -0.306580
vn 0.019403 -0.951057 -0.308407
vn -0.000000 -0.951057 -0.309017
vn -0.019403 -0.951057 -0.308407
vn -0.038730 -0.951057 -0.306580
vn -0.057904 -0.951057 -0.303543
vn -0.076849 -0.951057 -0.299308
vn -0.095491 -0.951057 -0.293892
vn -0.113757 -0.951057 -0.287316
vn -0.131573 -0.951057 -0.279607
vn -0.148870 -0.951057 -0.270793
vn -0.165579 -0.951057 -0.260912
vn -0.181635 -0.951057 -0.250000
vn -0.196975 -0.951057 -0.238101
vn -0.211536 -0.951057 -0.225263
vn -0.225263 -0.951057 -0.211536
vn -0.238101 -0.951057 -0.196975
vn -0.250000 -0.951057 -0.181635
vn -0.260912 -0.951057 -0.165579
vn -0.270793 -0.951057 -0.148870
vn -0.279607 -0.951057 -0.131573
vn -0.287316 -0.951057 -0.113757
vn -0.293892 -0.951057 -0.095491
vn -0.299308 -0.951057 -0.076849
vn -0.303543 -0.951057 -0.057904
vn -0.306580 -0.951057 -0.038730
vn -0.308407 -0.951057 -0.019403
vn -0.309017 -0.951057 0.000000
vn -0.308407 -0.951057 0.019403
vn -0.306580 -0.951057 0.038730
vn -0.303543 -0.951057 0.057904
vn -0.299308 -0.951057 0.076849
vn -0.293892 -0.951057 0.095491
vn -0.287316 -0.951057 0.113757
vn -0.279607 -0.951057 0.131573
vn -0.270793 -0.951057 0.148870
vn -0.260912 -0.951057 0.165579
vn -0.250000 -0.951057 0.181635
vn -0.238101 -0.951057 0.196975
vn -0.225263 -0.951057 0.211536
vn -0.211536 -0.951057 0.225263
vn -0.196975 -0.951057 0.238101
vn -0.181635 -0.951057 0.250000
vn -0.165579 -0.951057 0.260912
vn -0.148870 -0.951057 0.270793
vn -0.131573 -0.951057 0.279607
vn -0.113757 -0.951057 0.287316
vn -0.095491 -0.951057 0.293892
vn -0.076849 -0.951057 0.299308
vn -0.057904 -0.951057 0.303543
vn -0.038730 -0.951057 0.306580
vn -0.019403 -0.951057 0.308407
vn 0.000000 -0.951057 0.309017
vn 0.019403 -0.951057 0.308407
vn 0.038730 -0.951057 0.306580
vn 0.057904 -0.951057 0.303543
vn 0.076849 -0.951057 0.299308
vn 0.095491 -0.951057 0.293892
vn 0.113757 -0.951057 0.287316
vn 0.131573 -0.951057 0.279607
vn 0.148870 -0.951057 0.270793
vn 0.165579 -0.951057 0.260912
vn 0.181635 -0.951057 0.250000
vn 0.196975 -0.951057 0.238101
vn 0.211536 -0.951057 0.225263
vn 0.225263 -0.951057 0.211536
vn 0.238101 -0.951057 0.196975
vn 0.250000 -0.951057 0.181635
vn 0.260912 -0.951057 0.165579
vn 0.270793 -0.951057 0.148870
vn 0.279607 -0.951057 0.131573
vn 0.287316 -0.951057 0.113757
vn 0.293892 -0.951057 0.095491
vn 0.299308 -0.951057 0.076849
vn 0.303543 -0.951057 0.057904
vn 0.306580 -0.951057 0.038730
vn 0.308407 -0.951057 0.019403
vn 0.368124 -0.929777 0.000000
vn 0.367398 -0.929777 -0.023115
vn 0.365222 -0.929777 -0.046138
vn 0.361604 -0.929777 -0.068980
vn 0.356559 -0.929777 -0.091549
vn 0.350107 -0.929777 -0.113757
vn 0.342273 -0.929777 -0.135516
vn 0.333089 -0.929777 -0.156740
vn 0.322590 -0.929777 -0.177345
vn 0.310818 -0.929777 -0.197251
vn 0.297819 -0.929777 -0.216378
vn 0.283645 -0.929777 -0.234651
vn 0.268351 -0.929777 -0.251998
vn 0.251999 -0.929777 -0.268351
vn 0.234651 -0.929777 -0.283645
vn 0.216378 -0.929777 -0.297819
vn 0.197251 -0.929777 -0.310818
vn 0.177345 -0.929777 -0.322590
vn 0.156740 -0.929777 -0.333089
vn 0.135516 -0.929777 -0.342273
vn 0.113757 -0.929777 -0.350107
vn 0.091549 -0.929777 -0.356559
vn 0.068980 -0.929777 -0.361604
vn 0.046138 -0.929777 -0.365222
vn 0.023115 -0.929777 -0.367398
vn 0.000000 -0.929777 -0.368124
vn -0.023115 -0.929777 -0.367398
vn -0.046138 -0.929777 -0.365222
vn -0.068980 -0.929777 -0.361604
vn -0.091549 -0.929777 -0.356559
vn -0.113757 -0.929777 -0.350107
vn -0.135516 -0.929777 -0.342273
vn -0.156740 -0.929777 -0.333089
vn -0.177345 -0.929777 -0.322590
vn -0.197251 -0.929777 -0.310818
vn -0.216378 -0.929777 -0.297819
vn -0.234651 -0.929777 -0.283645
vn -0.251998 -0.929777 -0.268351
vn -0.268351 -0.929777 -0.251999
vn -0.283645 -0.929777 -0.234651
vn -0.297819 -0.929777 -0.216378
vn -0.310818 -0.929777 -0.197251
vn -0.322590 -0.929777 -0.177345
vn -0.333089 -0.929777 -0.156740
vn -0.342273 -0.929777 -0.135516
vn -0.350107 -0.929777 -0.113757
vn -0.356559 -0.929777 -0.091549
vn -0.361604 -0.929777 -0.068980
vn -0.365222 -0.929777 -0.046138
vn -0.367398 -0.929777 -0.023115
vn -0.368124 -0.929777 0.000000
vn -0.367398 -0.929777 0.023115
vn -0.365222 -0.929777 0.046138
vn -0.361604 -0.929777 0.068980
vn -0.356559 -0.929777 0.091549
vn -0.350107 -0.929777 0.113757
vn -0.342273 -0.929777 0.135516
vn -0.333089 -0.929777 0.156740
vn -0.322590 -0.929777 0.177345
vn -0.310818 -0.929777 0.197251
vn -0.297819 -0.929777 0.216378
vn -0.283645 -0.929777 0.234651
vn -0.268351 -0.929777 0.251998
vn -0.251999 -0.929777 0.268351
vn -0.234651 -0.929777 0.283645
vn -0.216378 -0.929777 0.297819
vn -0.197251 -0.929777 0.310818
vn -0.177345 -0.929777 0.322590
vn -0.156740 -0.929777 0.333089
vn -0.135516 -0.929777 0.342273
vn -0.113757 -0.929777 0.350107
vn -0.091549 -0.929777 0.356559
vn -0.068980 -0.929777 0.361604
vn -0.046138 -0.929777 0.365222
vn -0.023115 -0.929777 0.367398
vn 0.000000 -0.929777 0.368124
vn 0.023115 -0.929777 0.367398
vn 0.046138 -0.929777 0.365222
vn 0.068980 -0.929777 0.361604
vn 0.091549 -0.929777 0.356559
vn 0.113757 -0.929777 0.350107
vn 0.135516 -0.929777 0.342273
vn 0.156740 -0.929777 0.333089
vn 0.177345 -0.929777 0.322590
vn 0.197251 -0.929777 0.310818
vn 0.216378 -0.929777 0.297819
vn 0.234651 -0.929777 0.283645
vn 0.251998 -0.929777 0.268351
vn 0.268351 -0.929777 0.251999
vn 0.283645 -0.929777 0.234651
vn 0.297819 -0.929777 0.216378
vn 0.310818 -0.929777 0.197251
vn 0.322590 -0.929777 0.177345
vn 0.333089 -0.929777 0.156740
vn 0.342273 -0.929777 0.135516
vn 0.350107 -0.929777 0.113757
vn 0.356559 -0.929777 0.091549
vn 0.361604 -0.929777 0.068980
vn 0.365222 -0.929777 0.046138
vn 0.367398 -0.929777 0.023115
vn 0.425779 -0.904827 -0.000000
vn 0.424939 -0.904827 -0.026735
vn 0.422422 -0.904827 -0.053364
vn 0.418237 -0.904827 -0.079783
vn 0.412402 -0.904827 -0.105887
vn 0.404940 -0.904827 -0.131573
vn 0.395879 -0.904827 -0.156740
vn 0.385256 -0.904827 -0.181288
vn 0.373113 -0.904827 -0.205121
vn 0.359497 -0.904827 -0.228144
vn 0.344463 -0.904827 -0.250267
vn 0.328068 -0.904827 -0.271402
vn 0.310380 -0.904827 -0.291466
vn 0.291466 -0.904827 -0.310380
vn 0.271402 -0.904827 -0.328068
vn 0.250267 -0.904827 -0.344463
vn 0.228144 -0.904827 -0.359497
vn 0.205121 -0.904827 -0.373113
vn 0.181288 -0.904827 -0.385256
vn 0.156740 -0.904827 -0.395879
vn 0.131573 -0.904827 -0.404940
vn 0.105887 -0.904827 -0.412402
vn 0.079783 -0.904827 -0.418237
vn 0.053364 -0.904827 -0.422422
vn 0.026735 -0.904827 -0.424939
vn -0.000000 -0.904827 -0.425779
vn -0.026735 -0.904827 -0.424939
vn -0.053364 -0.904827 -0.422422
vn -0.079783 -0.904827 -0.418237
vn -0.105887 -0.904827 -0.412402
vn -0.131573 -0.904827 -0.404940
vn -0.156740 -0.904827 -0.395879
vn -0.181288 -0.904827 -0.385256
vn -0.205121 -0.904827 -0.373113
vn -0.228144 -0.904827 -0.359497
vn -0.250267 -0.904827 -0.344463
vn -0.271402 -0.904827 -0.328068
vn -0.291466 -0.904827 -0.310380
vn -0.310380 -0.904827 -0.291466
vn -0.328068 -0.904827 -0.271402
vn -0.344463 -0.904827 -0.250267
vn -0.359497 -0.904827 -0.228144
vn -0.373113 -0.904827 -0.205121
vn -0.385256 -0.904827 -0.181288
vn -0.395879 -0.904827 -0.156740
vn -0.404940 -0.904827 -0.131573
vn -0.412402 -0.904827 -0.105887
vn -0.418237 -0.904827 -0.079783
vn -0.422422 -0.904827 -0.053364
vn -0.424939 -0.904827 -0.026735
vn -0.425779 -0.904827 0.000000
vn -0.424939 -0.904827 0.026735
vn -0.422422 -0.904827 0.053364
vn -0.418237 -0.904827 0.079783
vn -0.412402 -0.904827 0.105887
vn -0.404940 -0.904827 0.131573
vn -0.395879 -0.904827 0.156740
vn -0.385256 -0.904827 0.181288
vn -0.373113 -0.904827 0.205121
vn -0.359497 -0.904827 0.228144
vn -0.344463 -0.904827 0.250267
vn -0.328068 -0.904827 0.271402
vn -0.310380 -0.904827 0.291466
vn -0.291466 -0.904827 0.310380
vn -0.271402 -0.904827 0.328068
vn -0.250267 -0.904827 0.344463
vn -0.228144 -0.904827 0.359497
vn -0.205121 -0.904827 0.373113
vn -0.181288 -0.904827 0.385256
vn -0.156740 -0.904827 0.395879
vn -0.131573 -0.904827 0.404940
vn -0.105887 -0.904827 0.412402
vn -0.079783 -0.904827 0.418237
vn -0.053364 -0.904827 0.422422
vn -0.026735 -0.904827 0.424939
vn 0.000000 -0.904827 0.425779
vn 0.026735 -0.904827 0.424939
vn 0.053364 -0.904827 0.422422
vn 0.079783 -0.904827 0.418237
vn 0.105887 -0.904827 0.412402
vn 0.131573 -0.904827 0.404940
vn 0.156740 -0.904827 0.395879
vn 0.181288 -0.904827 0.385256
vn 0.205121 -0.904827 0.373113
vn 0.228144 -0.904827 0.359497
vn 0.250267 -0.904827 0.344463
vn 0.271402 -0.904827 0.328068
vn 0.291466 -0.904827 0.310380
vn 0.310380 -0.904827 0.291466
vn 0.328068 -0.904827 0.271402
vn 0.344463 -0.904827 0.250267
vn 0.359497 -0.904827 0.228144
vn 0.373113 -0.904827 0.205121
vn 0.385256 -0.904827 0.181288
vn 0.395879 -0.904827 0.156740
vn 0.404940 -0.904827 0.131573
vn 0.412402 -0.904827 0.105887
vn 0.418237 -0.904827 0.079783
vn 0.422422 -0.904827 0.053364
vn 0.424939 -0.904827 0.026735
vn 0.481753 -0.876307 0.000000
vn 0.480803 -0.876307 -0.030250
vn 0.477955 -0.876307 -0.060380
vn 0.473220 -0.876307 -0.090272
vn 0.466618 -0.876307 -0.119807
vn 0.458175 -0.876307 -0.148870
vn 0.447923 -0.876307 -0.177345
vn 0.435903 -0.876307 -0.205121
vn 0.422164 -0.876307 -0.232086
vn 0.406758 -0.876307 -0.258136
vn 0.389747 -0.876307 -0.283168
vn 0.371197 -0.876307 -0.307081
vn 0.351183 -0.876307 -0.329783
vn 0.329783 -0.876307 -0.351183
vn 0.307081 -0.876307 -0.371197
vn 0.283168 -0.876307 -0.389747
vn 0.258136 -0.876307 -0.406758
vn 0.232086 -0.876307 -0.422164
vn 0.205121 -0.876307 -0.435903
vn 0.177345 -0.876307 -0.447923
vn 0.148870 -0.876307 -0.458175
vn 0.119807 -0.876307 -0.466618
vn 0.090272 -0.876307 -0.473220
vn 0.060380 -0.876307 -0.477955
vn 0.030250 -0.876307 -0.480803
vn 0.000000 -0.876307 -0.481753
vn -0.030250 -0.876307 -0.480803
vn -0.060380 -0.876307 -0.477955
vn -0.090272 -0.876307 -0.473220
vn -0.119807 -0.876307 -0.466618
vn -0.148870 -0.876307 -0.458175
vn -0.177345 -0.876307 -0.447923
vn -0.205121 -0.876307 -0.435903
vn -0.232086 -0.876307 -0.422164
vn -0.258136 -0.876307 -0.406758
vn -0.283168 -0.876307 -0.389747
vn -0.307081 -0.876307 -0.371197
vn -0.329783 -0.876307 -0.351183
vn -0.351183 -0.876307 -0.329783
vn -0.371197 -0.876307 -0.307081
vn -0.389747 -0.876307 -0.283168
vn -0.406758 -0.876307 -0.258136
vn -0.422164 -0.876307 -0.232086
vn -0.435903 -0.876307 -0.205121
vn -0.447923 -0.876307 -0.177345
vn -0.458175 -0.876307 -0.148870
vn -0.466618 -0.876307 -0.119807
vn -0.473220 -0.876307 -0.090272
vn -0.477955 -0.876307 -0.060380
vn -0.480803 -0.876307 -0.030250
vn -0.481753 -0.876307 -0.000000
vn -0.480803 -0.876307 0.030250
vn -0.477955 -0.876307 0.060380
vn -0.473220 -0.876307 0.090272
vn -0.466618 -0.876307 0.119807
vn -0.458175 -0.876307 0.148870
vn -0.447923 -0.876307 0.177345
vn -0.435903 -0.876307 0.205121
vn -0.422164 -0.876307 0.232086
vn -0.406758 -0.876307 0.258136
vn -0.389747 -0.876307 0.283168
vn -0.371197 -0.876307 0.307081
vn -0.351183 -0.876307 0.329783
vn -0.329783 -0.876307 0.351183
vn -0.307081 -0.876307 0.371197
vn -0.283168 -0.876307 0.389747
vn -0.258136 -0.876307 0.406758
vn -0.232086 -0.876307 0.422164
vn -0.205121 -0.876307 0.435903
vn -0.177345 -0.876307 0.447923
vn -0.148870 -0.876307 0.458175
vn -0.119807 -0.876307 0.466618
vn -0.090272 -0.876307 0.473220
vn -0.060380 -0.876307 0.477955
vn -0.030250 -0.876307 0.480803
vn -0.000000 -0.876307 0.481753
vn 0.030250 -0.876307 0.480803
vn 0.060380 -0.876307 0.477955
vn 0.090272 -0.876307 0.473220
vn 0.119807 -0.876307 0.466618
vn 0.148870 -0.876307 0.458175
vn 0.177345 -0.876307 0.447923
vn 0.205121 -0.876307 0.435903
vn 0.232086 -0.876307 0.422164
vn 0.258136 -0.876307 0.406758
vn 0.283168 -0.876307 0.389747
vn 0.307081 -0.876307 0.371197
vn 0.329783 -0.876307 0.351183
vn 0.351183 -0.876307 0.329783
vn 0.371197 -0.876307 0.307081
vn 0.389747 -0.876307 0.283168
vn 0.406758 -0.876307 0.258136
vn 0.422164 -0.876307 0.232086
vn 0.435903 -0.876307 0.205121
vn 0.447923 -0.876307 0.177345
vn 0.458175 -0.876307 0.148870
vn 0.466618 -0.876307 0.119807
vn 0.473220 -0.876307 0.090272
vn 0.477955 -0.876307 0.060380
vn 0.480803 -0.876307 0.030250
vn 0.535826 -0.844328 0.000000
vn 0.534769 -0.844328 -0.033645
vn 0.531601 -0.844328 -0.067157
vn 0.526335 -0.844328 -0.100404
vn 0.518992 -0.844328 -0.133255
vn 0.509601 -0.844328 -0.165579
vn 0.498199 -0.844328 -0.197251
vn 0.484830 -0.844328 -0.228144
vn 0.469548 -0.844328 -0.258136
vn 0.452413 -0.844328 -0.287110
vn 0.433492 -0.844328 -0.314951
vn 0.412861 -0.844328 -0.341548
vn 0.390600 -0.844328 -0.366798
vn 0.366798 -0.844328 -0.390600
vn 0.341548 -0.844328 -0.412861
vn 0.314951 -0.844328 -0.433492
vn 0.287110 -0.844328 -0.452413
vn 0.258136 -0.844328 -0.469548
vn 0.228144 -0.844328 -0.484830
vn 0.197251 -0.844328 -0.498199
vn 0.165579 -0.844328 -0.509601
vn 0.133254 -0.844328 -0.518992
vn 0.100404 -0.844328 -0.526335
vn 0.067157 -0.844328 -0.531601
vn 0.033645 -0.844328 -0.534769
vn 0.000000 -0.844328 -0.535826
vn -0.033645 -0.844328 -0.534769
vn -0.067157 -0.844328 -0.531601
vn -0.100404 -0.844328 -0.526335
vn -0.133254 -0.844328 -0.518992
vn -0.165579 -0.844328 -0.509601
vn -0.197251 -0.844328 -0.498199
vn -0.228144 -0.844328 -0.484830
vn -0.258136 -0.844328 -0.469548
vn -0.287110 -0.844328 -0.452413
vn -0.314951 -0.844328 -0.433492
vn -0.341548 -0.844328 -0.412861
vn -0.366798 -0.844328 -0.390600
vn -0.390600 -0.844328 -0.366798
vn -0.412861 -0.844328 -0.341548
vn -0.433492 -0.844328 -0.314951
vn -0.452413 -0.844328 -0.287110
vn -0.469548 -0.844328 -0.258136
vn -0.484830 -0.844328 -0.228144
vn -0.498199 -0.844328 -0.197251
vn -0.509601 -0.844328 -0.165579
vn -0.518992 -0.844328 -0.133254
vn -0.526335 -0.844328 -0.100404
vn -0.531601 -0.844328 -0.067157
vn -0.534769 -0.844328 -0.033645
vn -0.535826 -0.844328 -0.000000
vn -0.534769 -0.844328 0.033645
vn -0.531601 -0.844328 0.067157
vn -0.526335 -0.844328 0.100404
vn -0.518992 -0.844328 0.133255
vn -0.509601 -0.844328 0.165579
vn -0.498199 -0.844328 0.197251
vn -0.484830 -0.844328 0.228144
vn -0.469548 -0.844328 0.258136
vn -0.452413 -0.844328 0.287110
vn -0.433492 -0.844328 0.314951
vn -0.412861 -0.844328 0.341548
vn -0.390600 -0.844328 0.366798
vn -0.366798 -0.844328 0.390600
vn -0.341548 -0.844328 0.412861
vn -0.314951 -0.844328 0.433492
vn -0.287110 -0.844328 0.452413
vn -0.258136 -0.844328 0.469548
vn -0.228144 -0.844328 0.484830
vn -0.197251 -0.844328 0.498199
vn -0.165579 -0.844328 0.509601
vn -0.133254 -0.844328 0.518992
vn -0.100404 -0.844328 0.526335
vn -0.067157 -0.844328 0.531601
vn -0.033645 -0.844328 0.534769
vn -0.000000 -0.844328 0.535826
vn 0.033645 -0.844328 0.534769
vn 0.067157 -0.844328 0.531601
vn 0.100404 -0.844328 0.526335
vn 0.133254 -0.844328 0.518992
vn 0.165579 -0.844328 0.509601
vn 0.197251 -0.844328 0.498199
vn 0.228144 -0.844328 0.484830
vn 0.258136 -0.844328 0.469548
vn 0.287110 -0.844328 0.452413
vn 0.314951 -0.844328 0.433492
vn 0.341548 -0.844328 0.412861
vn 0.366798 -0.844328 0.390600
vn 0.390600 -0.844328 0.366798
vn 0.412861 -0.844328 0.341548
vn 0.433492 -0.844328 0.314951
vn 0.452413 -0.844328 0.287110
vn 0.469548 -0.844328 0.258136
vn 0.484830 -0.844328 0.228144
vn 0.498199 -0.844328 0.197251
vn 0.509601 -0.844328 0.165579
vn 0.518992 -0.844328 0.133254
vn 0.526335 -0.844328 0.100404
vn 0.531601 -0.844328 0.067157
vn 0.534769 -0.844328 0.033645
vn 0.587785 -0.809017 -0.000000
vn 0.586625 -0.809017 -0.036907
vn 0.583150 -0.809017 -0.073669
vn 0.577374 -0.809017 -0.110140
vn 0.569319 -0.809017 -0.146176
vn 0.559017 -0.809017 -0.181635
vn 0.546509 -0.809017 -0.216378
vn 0.531844 -0.809017 -0.250267
vn 0.515080 -0.809017 -0.283168
vn 0.496283 -0.809017 -0.314951
vn 0.475528 -0.809017 -0.345491
vn 0.452896 -0.809017 -0.374668
vn 0.428477 -0.809017 -0.402366
vn 0.402366 -0.809017 -0.428477
vn 0.374668 -0.809017 -0.452896
vn 0.345491 -0.809017 -0.475528
vn 0.314951 -0.809017 -0.496283
vn 0.283168 -0.809017 -0.515080
vn 0.250267 -0.809017 -0.531844
vn 0.216378 -0.809017 -0.546509
vn 0.181635 -0.809017 -0.559017
vn 0.146176 -0.809017 -0.569319
vn 0.110140 -0.809017 -0.577374
vn 0.073669 -0.809017 -0.583150
vn 0.036907 -0.809017 -0.586625
vn -0.000000 -0.809017 -0.587785
vn -0.036907 -0.809017 -0.586625
vn -0.073669 -0.809017 -0.583150
vn -0.110140 -0.809017 -0.577374
vn -0.146176 -0.809017 -0.569319
vn -0.181635 -0.809017 -0.559017
vn -0.216378 -0.809017 -0.546509
vn -0.250267 -0.809017 -0.531844
vn -0.283168 -0.809017 -0.515080
vn -0.314951 -0.809017 -0.496283
vn -0.345491 -0.809017 -0.475528
vn -0.374668 -0.809017 -0.452896
vn -0.402366 -0.809017 -0.428477
vn -0.428477 -0.809017 -0.402366
vn -0.452896 -0.809017 -0.374668
vn -0.475528 -0.809017 -0.345491
vn -0.496283 -0.809017 -0.314951
vn -0.515080 -0.809017 -0.283168
vn -0.531844 -0.809017 -0.250267
vn -0.546509 -0.809017 -0.216378
vn -0.559017 -0.809017 -0.181635
vn -0.569319 -0.809017 -0.146176
vn -0.577374 -0.809017 -0.110140
vn -0.583150 -0.809017 -0.073669
vn -0.586625 -0.809017 -0.036907
vn -0.587785 -0.809017 0.000000
vn -0.586625 -0.809017 0.036907
vn -0.583150 -0.809017 0.073669
vn -0.577374 -0.809017 0.110140
vn -0.569319 -0.809017 0.146176
vn -0.559017 -0.809017 0.181635
vn -0.546509 -0.809017 0.216378
vn -0.531844 -0.809017 0.250267
vn -0.515080 -0.809017 0.283168
vn -0.496283 -0.809017 0.314951
vn -0.475528 -0.809017 0.345491
vn -0.452896 -0.809017 0.374668
vn -0.428477 -0.809017 0.402366
vn -0.402366 -0.809017 0.428477
vn -0.374668 -0.809017 0.452896
vn -0.345491 -0.809017 0.475528
vn -0.314951 -0.809017 0.496283
vn -0.283168 -0.809017 0.515080
vn -0.250267 -0.809017 0.531844
vn -0.216378 -0.809017 0.546509
vn -0.181635 -0.809017 0.559017
vn -0.146176 -0.809017 0.569319
vn -0.110140 -0.809017 0.577374
vn -0.073669 -0.809017 0.583150
vn -0.036907 -0.809017 0.586625
vn 0.000000 -0.809017 0.587785
vn 0.036907 -0.809017 0.586625
vn 0.073669 -0.809017 0.583150
vn 0.110140 -0.809017 0.577374
vn 0.146176 -0.809017 0.569319
vn 0.181635 -0.809017 0.559017
vn 0.216378 -0.809017 0.546509
vn 0.250267 -0.809017 0.531844
vn 0.283168 -0.809017 0.515080
vn 0.314951 -0.809017 0.496283
vn 0.345491 -0.809017 0.475528
vn 0.374668 -0.809017 0.452896
vn 0.402366 -0.809017 0.428477
vn 0.428477 -0.809017 0.402366
vn 0.452896 -0.809017 0.374668
vn 0.475528 -0.809017 0.345491
vn 0.496283 -0.809017 0.314951
vn 0.515080 -0.809017 0.283168
vn 0.531844 -0.809017 0.250267
vn 0.546509 -0.809017 0.216378
vn 0.559017 -0.809017 0.181635
vn 0.569319 -0.809017 0.146176
vn 0.577374 -0.809017 0.110140
vn 0.583150 -0.809017 0.073669
vn 0.586625 -0.809017 0.036907
vn 0.637424 -0.770514 -0.000000
vn 0.636166 -0.770514 -0.040024
vn 0.632397 -0.770514 -0.079890
vn 0.626133 -0.770513 -0.119441
vn 0.617398 -0.770514 -0.158521
vn 0.606226 -0.770514 -0.196975
vn 0.592662 -0.770514 -0.234651
vn 0.576758 -0.770514 -0.271402
vn 0.558579 -0.770513 -0.307081
vn 0.538195 -0.770513 -0.341549
vn 0.515687 -0.770513 -0.374668
vn 0.491143 -0.770513 -0.406309
vn 0.464662 -0.770513 -0.436347
vn 0.436347 -0.770514 -0.464662
vn 0.406309 -0.770513 -0.491143
vn 0.374668 -0.770513 -0.515687
vn 0.341549 -0.770514 -0.538195
vn 0.307081 -0.770513 -0.558579
vn 0.271402 -0.770513 -0.576758
vn 0.234651 -0.770514 -0.592662
vn 0.196975 -0.770514 -0.606226
vn 0.158521 -0.770514 -0.617398
vn 0.119441 -0.770514 -0.626133
vn 0.079890 -0.770514 -0.632397
vn 0.040024 -0.770514 -0.636166
vn -0.000000 -0.770514 -0.637424
vn -0.040024 -0.770514 -0.636166
vn -0.079890 -0.770514 -0.632397
vn -0.119441 -0.770513 -0.626133
vn -0.158521 -0.770514 -0.617398
vn -0.196975 -0.770514 -0.606226
vn -0.234651 -0.770514 -0.592662
vn -0.271402 -0.770514 -0.576758
vn -0.307081 -0.770513 -0.558579
vn -0.341549 -0.770513 -0.538195
vn -0.374668 -0.770513 -0.515687
vn -0.406309 -0.770513 -0.491143
vn -0.436347 -0.770513 -0.464662
vn -0.464662 -0.770513 -0.436347
vn -0.491143 -0.770513 -0.406309
vn -0.515687 -0.770514 -0.374668
vn -0.538195 -0.770514 -0.341549
vn -0.558579 -0.770513 -0.307081
vn -0.576758 -0.770513 -0.271402
vn -0.592662 -0.770514 -0.234651
vn -0.606226 -0.770514 -0.196975
vn -0.617398 -0.770514 -0.158521
vn -0.626133 -0.770514 -0.119441
vn -0.632397 -0.770514 -0.079890
vn -0.636166 -0.770514 -0.040024
vn -0.637424 -0.770514 0.000000
vn -0.636166 -0.770514 0.040024
vn -0.632397 -0.770514 0.079890
vn -0.626133 -0.770513 0.119441
vn -0.617398 -0.770514 0.158521
vn -0.606226 -0.770514 0.196975
vn -0.592662 -0.770514 0.234651
vn -0.576758 -0.770514 0.271402
vn -0.558579 -0.770513 0.307081
vn -0.538195 -0.770513 0.341549
vn -0.515687 -0.770513 0.374668
vn -0.491143 -0.770513 0.406309
vn -0.464662 -0.770513 0.436347
vn -0.436347 -0.770514 0.464662
vn -0.406309 -0.770513 0.491143
vn -0.374668 -0.770513 0.515687
vn -0.341549 -0.770514 0.538195
vn -0.307081 -0.770513 0.558579
vn -0.271402 -0.770513 0.576758
vn -0.234651 -0.770514 0.592662
vn -0.196975 -0.770514 0.606226
vn -0.158521 -0.770514 0.617398
vn -0.119441 -0.770514 0.626133
vn -0.079890 -0.770514 0.632397
vn -0.040024 -0.770514 0.636166
vn 0.000000 -0.770514 0.637424
vn 0.040024 -0.770514 0.636166
vn 0.079890 -0.770514 0.632397
vn 0.119441 -0.770513 0.626133
vn 0.158521 -0.770514 0.617398
vn 0.196975 -0.770514 0.606226
vn 0.234651 -0.770514 0.592662
vn 0.271402 -0.770514 0.576758
vn 0.307081 -0.770513 0.558579
vn 0.341549 -0.770513 0.538195
vn 0.374668 -0.770513 0.515687
vn 0.406309 -0.770513 0.491143
vn 0.436347 -0.770513 0.464662
vn 0.464662 -0.770513 0.436347
vn 0.491143 -0.770513 0.406309
vn 0.515687 -0.770514 0.374668
vn 0.538195 -0.770514 0.341549
vn 0.558579 -0.770513 0.307081
vn 0.576758 -0.770513 0.271402
vn 0.592662 -0.770514 0.234651
vn 0.606226 -0.770514 0.196975
vn 0.617398 -0.770514 0.158521
vn 0.626133 -0.770514 0.119441
vn 0.632397 -0.770514 0.079890
vn 0.636166 -0.770514 0.040024
vn 0.684547 -0.728969 0.000000
vn 0.683196 -0.728969 -0.042983
vn 0.679149 -0.728969 -0.085797
vn 0.672421 -0.728969 -0.128271
vn 0.663040 -0.728969 -0.170240
vn 0.651043 -0.728969 -0.211537
vn 0.636475 -0.728969 -0.251999
vn 0.619396 -0.728969 -0.291466
vn 0.599873 -0.728969 -0.329783
vn 0.577982 -0.728969 -0.366798
vn 0.553810 -0.728969 -0.402367
vn 0.527452 -0.728969 -0.436346
vn 0.499013 -0.728969 -0.468604
vn 0.468604 -0.728969 -0.499013
vn 0.436346 -0.728969 -0.527452
vn 0.402367 -0.728969 -0.553810
vn 0.366798 -0.728969 -0.577982
vn 0.329783 -0.728969 -0.599873
vn 0.291466 -0.728969 -0.619396
vn 0.251999 -0.728969 -0.636475
vn 0.211537 -0.728969 -0.651043
vn 0.170240 -0.728969 -0.663040
vn 0.128271 -0.728969 -0.672421
vn 0.085796 -0.728969 -0.679149
vn 0.042983 -0.728969 -0.683196
vn 0.000000 -0.728969 -0.684547
vn -0.042983 -0.728969 -0.683196
vn -0.085797 -0.728969 -0.679149
vn -0.128271 -0.728969 -0.672421
vn -0.170240 -0.728969 -0.663040
vn -0.211537 -0.728969 -0.651043
vn -0.251999 -0.728969 -0.636475
vn -0.291466 -0.728969 -0.619396
vn -0.329783 -0.728969 -0.599873
vn -0.366798 -0.728969 -0.577982
vn -0.402367 -0.728969 -0.553810
vn -0.436346 -0.728969 -0.527452
vn -0.468604 -0.728969 -0.499013
vn -0.499013 -0.728969 -0.468604
vn -0.527452 -0.728969 -0.436347
vn -0.553810 -0.728969 -0.402367
vn -0.577982 -0.728969 -0.366798
vn -0.599873 -0.728969 -0.329783
vn -0.619396 -0.728969 -0.291466
vn -0.636475 -0.728969 -0.251999
vn -0.651043 -0.728969 -0.211537
vn -0.663040 -0.728969 -0.170240
vn -0.672421 -0.728969 -0.128271
vn -0.679149 -0.728969 -0.085797
vn -0.683196 -0.728969 -0.042983
vn -0.684547 -0.728969 -0.000000
vn -0.683196 -0.728969 0.042983
vn -0.679149 -0.728969 0.085797
vn -0.672421 -0.728969 0.128271
vn -0.663040 -0.728969 0.170240
vn -0.651043 -0.728969 0.211537
vn -0.636475 -0.728969 0.251999
vn -0.619396 -0.728969 0.291466
vn -0.599873 -0.728969 0.329783
vn -0.577982 -0.728969 0.366798
vn -0.553810 -0.728969 0.402367
vn -0.527452 -0.728969 0.436346
vn -0.499013 -0.728969 0.468604
vn -0.468604 -0.728969 0.499013
vn -0.436346 -0.728969 0.527452
vn -0.402367 -0.728969 0.553810
vn -0.366798 -0.728969 0.577982
vn -0.329783 -0.728969 0.599873
vn -0.291466 -0.728969 0.619396
vn -0.251999 -0.728969 0.636475
vn -0.211537 -0.728969 0.651043
vn -0.170240 -0.728969 0.663040
vn -0.128271 -0.728969 0.672421
vn -0.085796 -0.728969 0.679149
vn -0.042983 -0.728969 0.683196
vn -0.000000 -0.728969 0.684547
vn 0.042983 -0.728969 0.683196
vn 0.085797 -0.728969 0.679149
vn 0.128271 -0.728969 0.672421
vn 0.170240 -0.728969 0.663040
vn 0.211537 -0.728969 0.651043
vn 0.251999 -0.728969 0.636475
vn 0.291466 -0.728969 0.619396
vn 0.329783 -0.728969 0.599873
vn 0.366798 -0.728969 0.577982
vn 0.402367 -0.728969 0.553810
vn 0.436346 -0.728969 0.527452
vn 0.468604 -0.728969 0.499013
vn 0.499013 -0.728969 0.468604
vn 0.527452 -0.728969 0.436347
vn 0.553810 -0.728969 0.402367
vn 0.577982 -0.728969 0.366798
vn 0.599873 -0.728969 0.329783
vn 0.619396 -0.728969 0.291466
vn 0.636475 -0.728969 0.251999
vn 0.651043 -0.728969 0.211537
vn 0.663040 -0.728969 0.170240
vn 0.672421 -0.728969 0.128271
vn 0.679149 -0.728969 0.085797
vn 0.683196 -0.728969 0.042983
vn 0.728968 -0.684547 0.000000
vn 0.727530 -0.684547 -0.045772
vn 0.723220 -0.684547 -0.091364
vn 0.716056 -0.684547 -0.136595
vn 0.706066 -0.684548 -0.181287
vn 0.693290 -0.684548 -0.225264
vn 0.677778 -0.684548 -0.268351
vn 0.659590 -0.684548 -0.310380
vn 0.638800 -0.684548 -0.351183
vn 0.615488 -0.684548 -0.390601
vn 0.589748 -0.684548 -0.428477
vn 0.561680 -0.684547 -0.464662
vn 0.531395 -0.684547 -0.499013
vn 0.499013 -0.684547 -0.531395
vn 0.464662 -0.684547 -0.561680
vn 0.428477 -0.684548 -0.589748
vn 0.390601 -0.684548 -0.615488
vn 0.351183 -0.684548 -0.638800
vn 0.310380 -0.684548 -0.659590
vn 0.268351 -0.684547 -0.677778
vn 0.225264 -0.684547 -0.693290
vn 0.181287 -0.684548 -0.706066
vn 0.136595 -0.684548 -0.716056
vn 0.091364 -0.684547 -0.723220
vn 0.045772 -0.684547 -0.727530
vn 0.000000 -0.684547 -0.728968
vn -0.045772 -0.684547 -0.727530
vn -0.091364 -0.684547 -0.723220
vn -0.136595 -0.684547 -0.716056
vn -0.181287 -0.684548 -0.706066
vn -0.225264 -0.684547 -0.693290
vn -0.268351 -0.684548 -0.677778
vn -0.310380 -0.684548 -0.659590
vn -0.351183 -0.684548 -0.638800
vn -0.390601 -0.684548 -0.615488
vn -0.428477 -0.684548 -0.589748
vn -0.464662 -0.684547 -0.561680
vn -0.499013 -0.684547 -0.531395
vn -0.531395 -0.684547 -0.499013
vn -0.561680 -0.684547 -0.464662
vn -0.589748 -0.684548 -0.428477
vn -0.615488 -0.684548 -0.390601
vn -0.638800 -0.684548 -0.351183
vn -0.659590 -0.684548 -0.310380
vn -0.677778 -0.684547 -0.268351
vn -0.693290 -0.684547 -0.225264
vn -0.706066 -0.684548 -0.181287
vn -0.716056 -0.684548 -0.136595
vn -0.723220 -0.684547 -0.091364
vn -0.727530 -0.684547 -0.045772
vn -0.728968 -0.684547 -0.000000
vn -0.727530 -0.684547 0.045772
vn -0.723220 -0.684547 0.091364
vn -0.716056 -0.684547 0.136595
vn -0.706066 -0.684548 0.181287
vn -0.693290 -0.684548 0.225264
vn -0.677778 -0.684548 0.268351
vn -0.659590 -0.684548 0.310380
vn -0.638800 -0.684548 0.351183
vn -0.615488 -0.684548 0.390601
vn -0.589748 -0.684548 0.428477
vn -0.561680 -0.684547 0.464662
vn -0.531395 -0.684547 0.499013
vn -0.499013 -0.684547 0.531395
vn -0.464662 -0.684547 0.561680
vn -0.428477 -0.684548 0.589748
vn -0.390601 -0.684548 0.615488
vn -0.351183 -0.684548 0.638800
vn -0.310380 -0.684548 0.659590
vn -0.268351 -0.684547 0.677778
vn -0.225264 -0.684547 0.693290
vn -0.181287 -0.684548 0.706066
vn -0.136595 -0.684548 0.716056
vn -0.091364 -0.684547 0.723220
vn -0.045772 -0.684547 0.727530
vn -0.000000 -0.684547 0.728968
vn 0.045772 -0.684547 0.727530
vn 0.091364 -0.684547 0.723220
vn 0.136595 -0.684547 0.716056
vn 0.181287 -0.684548 0.706066
vn 0.225264 -0.684547 0.693290
vn 0.268351 -0.684548 0.677778
vn 0.310380 -0.684548 0.659590
vn 0.351183 -0.684548 0.638800
vn 0.390601 -0.684548 0.615488
vn 0.428477 -0.684548 0.589748
vn 0.464662 -0.684547 0.561680
vn 0.499013 -0.684547 0.531395
vn 0.531395 -0.684547 0.499013
vn 0.561680 -0.684547 0.464662
vn 0.589748 -0.684548 0.428477
vn 0.615488 -0.684548 0.390601
vn 0.638800 -0.684548 0.351183
vn 0.659590 -0.684548 0.310380
vn 0.677778 -0.684547 0.268351
vn 0.693290 -0.684547 0.225264
vn 0.706066 -0.684548 0.181287
vn 0.716056 -0.684548 0.136595
vn 0.723220 -0.684547 0.091364
vn 0.727530 -0.684547 0.045772
vn 0.770513 -0.637424 0.000000
vn 0.768993 -0.637424 -0.048381
vn 0.764437 -0.637424 -0.096571
vn 0.756865 -0.637424 -0.144380
vn 0.746306 -0.637424 -0.191619
vn 0.732801 -0.637424 -0.238102
vn 0.716405 -0.637424 -0.283645
vn 0.697181 -0.637424 -0.328069
vn 0.675206 -0.637424 -0.371197
vn 0.650566 -0.637424 -0.412861
vn 0.623358 -0.637424 -0.452896
vn 0.593690 -0.637424 -0.491144
vn 0.561680 -0.637424 -0.527452
vn 0.527452 -0.637424 -0.561680
vn 0.491144 -0.637424 -0.593690
vn 0.452896 -0.637424 -0.623358
vn 0.412861 -0.637424 -0.650566
vn 0.371197 -0.637424 -0.675206
vn 0.328069 -0.637424 -0.697181
vn 0.283645 -0.637424 -0.716405
vn 0.238102 -0.637424 -0.732801
vn 0.191619 -0.637424 -0.746306
vn 0.144380 -0.637424 -0.756865
vn 0.096571 -0.637424 -0.764437
vn 0.048381 -0.637424 -0.768992
vn 0.000000 -0.637424 -0.770513
vn -0.048381 -0.637424 -0.768992
vn -0.096571 -0.637424 -0.764437
vn -0.144380 -0.637424 -0.756865
vn -0.191619 -0.637424 -0.746306
vn -0.238102 -0.637424 -0.732801
vn -0.283645 -0.637424 -0.716405
vn -0.328069 -0.637424 -0.697181
vn -0.371197 -0.637424 -0.675206
vn -0.412861 -0.637424 -0.650566
vn -0.452896 -0.637424 -0.623358
vn -0.491144 -0.637424 -0.593690
vn -0.527452 -0.637424 -0.561680
vn -0.561680 -0.637424 -0.527452
vn -0.593690 -0.637424 -0.491144
vn -0.623358 -0.637424 -0.452896
vn -0.650566 -0.637424 -0.412861
vn -0.675206 -0.637424 -0.371197
vn -0.697181 -0.637424 -0.328069
vn -0.716405 -0.637424 -0.283645
vn -0.732801 -0.637424 -0.238102
vn -0.746306 -0.637424 -0.191619
vn -0.756865 -0.637424 -0.144380
vn -0.764437 -0.637424 -0.096571
vn -0.768993 -0.637424 -0.048381
vn -0.770513 -0.637424 0.000000
vn -0.768993 -0.637424 0.048381
vn -0.764437 -0.637424 0.096571
vn -0.756865 -0.637424 0.144380
vn -0.746306 -0.637424 0.191619
vn -0.732801 -0.637424 0.238102
vn -0.716405 -0.637424 0.283645
vn -0.697181 -0.637424 0.328069
vn -0.675206 -0.637424 0.371197
vn -0.650566 -0.637424 0.412861
vn -0.623358 -0.637424 0.452896
vn -0.593690 -0.637424 0.491144
vn -0.561680 -0.637424 0.527452
vn -0.527452 -0.637424 0.561680
vn -0.491144 -0.637424 0.593690
vn -0.452896 -0.637424 0.623358
vn -0.412861 -0.637424 0.650566
vn -0.371197 -0.637424 0.675206
vn -0.328069 -0.637424 0.697181
vn -0.283645 -0.637424 0.716405
vn -0.238102 -0.637424 0.732801
vn -0.191619 -0.637424 0.746306
vn -0.144380 -0.637424 0.756865
vn -0.096571 -0.637424 0.764437
vn -0.048381 -0.637424 0.768992
vn -0.000000 -0.637424 0.770513
vn 0.048381 -0.637424 0.768992
vn 0.096571 -0.637424 0.764437
vn 0.144380 -0.637424 0.756865
vn 0.191619 -0.637424 0.746306
vn 0.238102 -0.637424 0.732801
vn 0.283645 -0.637424 0.716405
vn 0.328069 -0.637424 0.697181
vn 0.371197 -0.637424 0.675206
vn 0.412861 -0.637424 0.650566
vn 0.452896 -0.637424 0.623358
vn 0.491144 -0.637424 0.593690
vn 0.527452 -0.637424 0.561680
vn 0.561680 -0.637424 0.527452
vn 0.593690 -0.637424 0.491144
vn 0.623358 -0.637424 0.452896
vn 0.650566 -0.637424 0.412861
vn 0.675206 -0.637424 0.371197
vn 0.697181 -0.637424 0.328069
vn 0.716405 -0.637424 0.283645
vn 0.732801 -0.637424 0.238102
vn 0.746306 -0.637424 0.191619
vn 0.756865 -0.637424 0.144380
vn 0.764437 -0.637424 0.096571
vn 0.768993 -0.637424 0.048381
vn 0.809017 -0.587786 0.000000
vn 0.807420 -0.587786 -0.050799
vn 0.802637 -0.587786 -0.101397
vn 0.794687 -0.587786 -0.151594
vn 0.783600 -0.587786 -0.201195
vn 0.769421 -0.587786 -0.250000
vn 0.752205 -0.587786 -0.297819
vn 0.732020 -0.587786 -0.344463
vn 0.708947 -0.587786 -0.389746
vn 0.683075 -0.587786 -0.433493
vn 0.654508 -0.587786 -0.475528
vn 0.623358 -0.587786 -0.515687
vn 0.589748 -0.587786 -0.553810
vn 0.553810 -0.587786 -0.589748
vn 0.515687 -0.587786 -0.623358
vn 0.475528 -0.587786 -0.654508
vn 0.433493 -0.587786 -0.683075
vn 0.389746 -0.587786 -0.708947
vn 0.344463 -0.587786 -0.732020
vn 0.297819 -0.587786 -0.752205
vn 0.250000 -0.587786 -0.769421
vn 0.201195 -0.587786 -0.783600
vn 0.151594 -0.587786 -0.794687
vn 0.101397 -0.587786 -0.802637
vn 0.050799 -0.587786 -0.807420
vn 0.000000 -0.587786 -0.809017
vn -0.050799 -0.587786 -0.807420
vn -0.101397 -0.587786 -0.802637
vn -0.151595 -0.587786 -0.794687
vn -0.201195 -0.587786 -0.783600
vn -0.250000 -0.587786 -0.769421
vn -0.297819 -0.587786 -0.752205
vn -0.344462 -0.587786 -0.732020
vn -0.389746 -0.587786 -0.708947
vn -0.433493 -0.587786 -0.683075
vn -0.475528 -0.587786 -0.654508
vn -0.515687 -0.587786 -0.623358
vn -0.553810 -0.587786 -0.589748
vn -0.589748 -0.587786 -0.553810
vn -0.623358 -0.587786 -0.515687
vn -0.654508 -0.587786 -0.475528
vn -0.683075 -0.587786 -0.433493
vn -0.708947 -0.587786 -0.389746
vn -0.732020 -0.587786 -0.344463
vn -0.752205 -0.587786 -0.297819
vn -0.769421 -0.587786 -0.250000
vn -0.783600 -0.587786 -0.201195
vn -0.794687 -0.587786 -0.151595
vn -0.802637 -0.587786 -0.101397
vn -0.807420 -0.587786 -0.050799
vn -0.809017 -0.587786 -0.000000
vn -0.807420 -0.587786 0.050799
vn -0.802637 -0.587786 0.101397
vn -0.794687 -0.587786 0.151594
vn -0.783600 -0.587786 0.201195
vn -0.769421 -0.587786 0.250000
vn -0.752205 -0.587786 0.297819
vn -0.732020 -0.587786 0.344463
vn -0.708947 -0.587786 0.389746
vn -0.683075 -0.587786 0.433493
vn -0.654508 -0.587786 0.475528
vn -0.623358 -0.587786 0.515687
vn -0.589748 -0.587786 0.553810
vn -0.553810 -0.587786 0.589748
vn -0.515687 -0.587786 0.623358
vn -0.475528 -0.587786 0.654508
vn -0.433493 -0.587786 0.683075
vn -0.389746 -0.587786 0.708947
vn -0.344463 -0.587786 0.732020
vn -0.297819 -0.587786 0.752205
vn -0.250000 -0.587786 0.769421
vn -0.201195 -0.587786 0.783600
vn -0.151594 -0.587786 0.794687
vn -0.101397 -0.587786 0.802637
vn -0.050799 -0.587786 0.807420
vn -0.000000 -0.587786 0.809017
vn 0.050799 -0.587786 0.807420
vn 0.101397 -0.587786 0.802637
vn 0.151595 -0.587786 0.794687
vn 0.201195 -0.587786 0.783600
vn 0.250000 -0.587786 0.769421
vn 0.297819 -0.587786 0.752205
vn 0.344462 -0.587786 0.732020
vn 0.389746 -0.587786 0.708947
vn 0.433493 -0.587786 0.683075
vn 0.475528 -0.587786 0.654508
vn 0.515687 -0.587786 0.623358
vn 0.553810 -0.587786 0.589748
vn 0.589748 -0.587786 0.553810
vn 0.623358 -0.587786 0.515687
vn 0.654508 -0.587786 0.475528
vn 0.683075 -0.587786 0.433493
vn 0.708947 -0.587786 0.389746
vn 0.732020 -0.587786 0.344463
vn 0.752205 -0.587786 0.297819
vn 0.769421 -0.587786 0.250000
vn 0.783600 -0.587786 0.201195
vn 0.794687 -0.587786 0.151595
vn 0.802637 -0.587786 0.101397
vn 0.807420 -0.587786 0.050799
vn 0.844328 -0.535827 0.000000
vn 0.842662 -0.535827 -0.053016
vn 0.837670 -0.535827 -0.105822
vn 0.829372 -0.535827 -0.158211
vn 0.817801 -0.535827 -0.209976
vn 0.803003 -0.535827 -0.260912
vn 0.785036 -0.535827 -0.310818
vn 0.763970 -0.535827 -0.359497
vn 0.739890 -0.535827 -0.406758
vn 0.712889 -0.535827 -0.452413
vn 0.683075 -0.535827 -0.496283
vn 0.650566 -0.535827 -0.538195
vn 0.615488 -0.535827 -0.577982
vn 0.577982 -0.535827 -0.615488
vn 0.538195 -0.535827 -0.650566
vn 0.496283 -0.535827 -0.683075
vn 0.452413 -0.535827 -0.712889
vn 0.406758 -0.535827 -0.739890
vn 0.359497 -0.535827 -0.763970
vn 0.310818 -0.535827 -0.785036
vn 0.260912 -0.535827 -0.803003
vn 0.209976 -0.535827 -0.817801
vn 0.158211 -0.535827 -0.829372
vn 0.105822 -0.535827 -0.837670
vn 0.053016 -0.535827 -0.842662
vn 0.000000 -0.535827 -0.844328
vn -0.053016 -0.535827 -0.842662
vn -0.105822 -0.535827 -0.837670
vn -0.158211 -0.535827 -0.829372
vn -0.209976 -0.535827 -0.817801
vn -0.260912 -0.535827 -0.803003
vn -0.310818 -0.535827 -0.785036
vn -0.359497 -0.535827 -0.763970
vn -0.406758 -0.535827 -0.739890
vn -0.452413 -0.535827 -0.712889
vn -0.496283 -0.535827 -0.683075
vn -0.538195 -0.535827 -0.650566
vn -0.577982 -0.535827 -0.615488
vn -0.615488 -0.535827 -0.577982
vn -0.650566 -0.535827 -0.538195
vn -0.683075 -0.535827 -0.496283
vn -0.712889 -0.535827 -0.452413
vn -0.739890 -0.535827 -0.406758
vn -0.763970 -0.535827 -0.359497
vn -0.785036 -0.535827 -0.310818
vn -0.803003 -0.535827 -0.260912
vn -0.817801 -0.535827 -0.209976
vn -0.829372 -0.535827 -0.158211
vn -0.837670 -0.535827 -0.105822
vn -0.842662 -0.535827 -0.053016
vn -0.844328 -0.535827 -0.000000
vn -0.842662 -0.535827 0.053016
vn -0.837670 -0.535827 0.105822
vn -0.829372 -0.535827 0.158211
vn -0.817801 -0.535827 0.209976
vn -0.803003 -0.535827 0.260912
vn -0.785036 -0.535827 0.310818
vn -0.763970 -0.535827 0.359497
vn -0.739890 -0.535827 0.406758
vn -0.712889 -0.535827 0.452413
vn -0.683075 -0.535827 0.496283
vn -0.650566 -0.535827 0.538195
vn -0.615488 -0.535827 0.577982
vn -0.577982 -0.535827 0.615488
vn -0.538195 -0.535827 0.650566
vn -0.496283 -0.535827 0.683075
vn -0.452413 -0.535827 0.712889
vn -0.406758 -0.535827 0.739890
vn -0.359497 -0.535827 0.763970
vn -0.310818 -0.535827 0.785036
vn -0.260912 -0.535827 0.803003
vn -0.209976 -0.535827 0.817801
vn -0.158211 -0.535827 0.829372
vn -0.105822 -0.535827 0.837670
vn -0.053016 -0.535827 0.842662
vn -0.000000 -0.535827 0.844328
vn 0.053016 -0.535827 0.842662
vn 0.105822 -0.535827 0.837670
vn 0.158211 -0.535827 0.829372
vn 0.209976 -0.535827 0.817801
vn 0.260912 -0.535827 0.803003
vn 0.310818 -0.535827 0.785036
vn 0.359497 -0.535827 0.763970
vn 0.406758 -0.535827 0.739890
vn 0.452413 -0.535827 0.712889
vn 0.496283 -0.535827 0.683075
vn 0.538195 -0.535827 0.650566
vn 0.577982 -0.535827 0.615488
vn 0.615488 -0.535827 0.577982
vn 0.650566 -0.535827 0.538195
vn 0.683075 -0.535827 0.496283
vn 0.712889 -0.535827 0.452413
vn 0.739890 -0.535827 0.406758
vn 0.763970 -0.535827 0.359497
vn 0.785036 -0.535827 0.310818
vn 0.803003 -0.535827 0.260912
vn 0.817801 -0.535827 0.209976
vn 0.829372 -0.535827 0.158211
vn 0.837670 -0.535827 0.105822
vn 0.842662 -0.535827 0.053016
vn 0.876306 -0.481754 0.000000
vn 0.874577 -0.481754 -0.055024
vn 0.869397 -0.481754 -0.109830
vn 0.860785 -0.481754 -0.164203
vn 0.848776 -0.481754 -0.217929
vn 0.833417 -0.481754 -0.270794
vn 0.814769 -0.481754 -0.322590
vn 0.792906 -0.481754 -0.373113
vn 0.767913 -0.481754 -0.422164
vn 0.739890 -0.481754 -0.469549
vn 0.708947 -0.481754 -0.515080
vn 0.675206 -0.481754 -0.558579
vn 0.638800 -0.481754 -0.599873
vn 0.599873 -0.481754 -0.638800
vn 0.558579 -0.481754 -0.675206
vn 0.515080 -0.481754 -0.708947
vn 0.469548 -0.481754 -0.739890
vn 0.422164 -0.481754 -0.767913
vn 0.373113 -0.481754 -0.792906
vn 0.322590 -0.481754 -0.814769
vn 0.270794 -0.481754 -0.833417
vn 0.217929 -0.481754 -0.848776
vn 0.164203 -0.481754 -0.860785
vn 0.109830 -0.481754 -0.869397
vn 0.055024 -0.481754 -0.874577
vn 0.000000 -0.481754 -0.876306
vn -0.055024 -0.481754 -0.874577
vn -0.109830 -0.481754 -0.869397
vn -0.164203 -0.481754 -0.860785
vn -0.217929 -0.481754 -0.848776
vn -0.270794 -0.481754 -0.833417
vn -0.322590 -0.481754 -0.814769
vn -0.373113 -0.481754 -0.792906
vn -0.422164 -0.481754 -0.767913
vn -0.469549 -0.481754 -0.739890
vn -0.515080 -0.481754 -0.708947
vn -0.558579 -0.481754 -0.675206
vn -0.599873 -0.481754 -0.638800
vn -0.638800 -0.481754 -0.599873
vn -0.675206 -0.481754 -0.558579
vn -0.708947 -0.481754 -0.515080
vn -0.739890 -0.481754 -0.469549
vn -0.767913 -0.481754 -0.422164
vn -0.792906 -0.481754 -0.373113
vn -0.814769 -0.481754 -0.322590
vn -0.833417 -0.481754 -0.270794
vn -0.848776 -0.481754 -0.217929
vn -0.860785 -0.481754 -0.164203
vn -0.869397 -0.481754 -0.109830
vn -0.874577 -0.481754 -0.055024
vn -0.876306 -0.481754 -0.000000
vn -0.874577 -0.481754 0.055024
vn -0.869397 -0.481754 0.109830
vn -0.860785 -0.481754 0.164203
vn -0.848776 -0.481754 0.217929
vn -0.833417 -0.481754 0.270794
vn -0.814769 -0.481754 0.322590
vn -0.792906 -0.481754 0.373113
vn -0.767913 -0.481754 0.422164
vn -0.739890 -0.481754 0.469549
vn -0.708947 -0.481754 0.515080
vn -0.675206 -0.481754 0.558579
vn -0.638800 -0.481754 0.599873
vn -0.599873 -0.481754 0.638800
vn -0.558579 -0.481754 0.675206
vn -0.515080 -0.481754 0.708947
vn -0.469548 -0.481754 0.739890
vn -0.422164 -0.481754 0.767913
vn -0.373113 -0.481754 0.792906
vn -0.322590 -0.481754 0.814769
vn -0.270794 -0.481754 0.833417
vn -0.217929 -0.481754 0.848776
vn -0.164203 -0.481754 0.860785
vn -0.109830 -0.481754 0.869397
vn -0.055024 -0.481754 0.874577
vn -0.000000 -0.481754 0.876306
vn 0.055024 -0.481754 0.874577
vn 0.109830 -0.481754 0.869397
vn 0.164203 -0.481754 0.860785
vn 0.217929 -0.481754 0.848776
vn 0.270794 -0.481754 0.833417
vn 0.322590 -0.481754 0.814769
vn 0.373113 -0.481754 0.792906
vn 0.422164 -0.481754 0.767913
vn 0.469549 -0.481754 0.739890
vn 0.515080 -0.481754 0.708947
vn 0.558579 -0.481754 0.675206
vn 0.599873 -0.481754 0.638800
vn 0.638800 -0.481754 0.599873
vn 0.675206 -0.481754 0.558579
vn 0.708947 -0.481754 0.515080
vn 0.739890 -0.481754 0.469549
vn 0.767913 -0.481754 0.422164
vn 0.792906 -0.481754 0.373113
vn 0.814769 -0.481754 0.322590
vn 0.833417 -0.481754 0.270794
vn 0.848776 -0.481754 0.217929
vn 0.860785 -0.481754 0.164203
vn 0.869397 -0.481754 0.109830
vn 0.874577 -0.481754 0.055024
vn 0.904827 -0.425780 -0.000000
vn 0.903041 -0.425780 -0.056815
vn 0.897692 -0.425780 -0.113405
vn 0.888800 -0.425780 -0.169548
vn 0.876400 -0.425780 -0.225021
vn 0.860541 -0.425780 -0.279607
vn 0.841287 -0.425780 -0.333089
vn 0.818712 -0.425780 -0.385256
vn 0.792906 -0.425779 -0.435904
vn 0.763971 -0.425779 -0.484830
vn 0.732020 -0.425780 -0.531844
vn 0.697181 -0.425780 -0.576758
vn 0.659590 -0.425780 -0.619397
vn 0.619397 -0.425780 -0.659590
vn 0.576758 -0.425780 -0.697181
vn 0.531844 -0.425780 -0.732020
vn 0.484830 -0.425780 -0.763971
vn 0.435904 -0.425780 -0.792906
vn 0.385256 -0.425780 -0.818712
vn 0.333089 -0.425780 -0.841287
vn 0.279607 -0.425780 -0.860541
vn 0.225021 -0.425780 -0.876400
vn 0.169548 -0.425780 -0.888800
vn 0.113405 -0.425780 -0.897692
vn 0.056815 -0.425780 -0.903041
vn -0.000000 -0.425780 -0.904827
vn -0.056815 -0.425780 -0.903041
vn -0.113405 -0.425780 -0.897692
vn -0.169548 -0.425780 -0.888800
vn -0.225021 -0.425780 -0.876400
vn -0.279607 -0.425780 -0.860541
vn -0.333089 -0.425780 -0.841287
vn -0.385256 -0.425780 -0.818712
vn -0.435904 -0.425779 -0.792906
vn -0.484831 -0.425780 -0.763971
vn -0.531844 -0.425780 -0.732020
vn -0.576758 -0.425780 -0.697181
vn -0.619397 -0.425780 -0.659590
vn -0.659590 -0.425780 -0.619397
vn -0.697181 -0.425780 -0.576758
vn -0.732020 -0.425780 -0.531844
vn -0.763971 -0.425780 -0.484831
vn -0.792906 -0.425780 -0.435904
vn -0.818712 -0.425780 -0.385256
vn -0.841287 -0.425780 -0.333089
vn -0.860541 -0.425780 -0.279607
vn -0.876400 -0.425780 -0.225021
vn -0.888800 -0.425780 -0.169548
vn -0.897692 -0.425780 -0.113405
vn -0.903041 -0.425780 -0.056815
vn -0.904827 -0.425780 0.000000
vn -0.903041 -0.425780 0.056815
vn -0.897692 -0.425780 0.113405
vn -0.888800 -0.425780 0.169548
vn -0.876400 -0.425780 0.225021
vn -0.860541 -0.425780 0.279607
vn -0.841287 -0.425780 0.333089
vn -0.818712 -0.425780 0.385256
vn -0.792906 -0.425779 0.435904
vn -0.763971 -0.425779 0.484830
vn -0.732020 -0.425780 0.531844
vn -0.697181 -0.425780 0.576758
vn -0.659590 -0.425780 0.619397
vn -0.619397 -0.425780 0.659590
vn -0.576758 -0.425780 0.697181
vn -0.531844 -0.425780 0.732020
vn -0.484830 -0.425780 0.763971
vn -0.435904 -0.425780 0.792906
vn -0.385256 -0.425780 0.818712
vn -0.333089 -0.425780 0.841287
vn -0.279607 -0.425780 0.860541
vn -0.225021 -0.425780 0.876400
vn -0.169548 -0.425780 0.888800
vn -0.113405 -0.425780 0.897692
vn -0.056815 -0.425780 0.903041
vn 0.000000 -0.425780 0.904827
vn 0.056815 -0.425780 0.903041
vn 0.113405 -0.425780 0.897692
vn 0.169548 -0.425780 0.888800
vn 0.225021 -0.425780 0.876400
vn 0.279607 -0.425780 0.860541
vn 0.333089 -0.425780 0.841287
vn 0.385256 -0.425780 0.818712
vn 0.435904 -0.425779 0.792906
vn 0.484831 -0.425780 0.763971
vn 0.531844 -0.425780 0.732020
vn 0.576758 -0.425780 0.697181
vn 0.619397 -0.425780 0.659590
vn 0.659590 -0.425780 0.619397
vn 0.697181 -0.425780 0.576758
vn 0.732020 -0.425780 0.531844
vn 0.763971 -0.425780 0.484831
vn 0.792906 -0.425780 0.435904
vn 0.818712 -0.425780 0.385256
vn 0.841287 -0.425780 0.333089
vn 0.860541 -0.425780 0.279607
vn 0.876400 -0.425780 0.225021
vn 0.888800 -0.425780 0.169548
vn 0.897692 -0.425780 0.113405
vn 0.903041 -0.425780 0.056815
vn 0.929776 -0.368125 -0.000000
vn 0.927942 -0.368125 -0.058381
vn 0.922445 -0.368125 -0.116532
vn 0.913307 -0.368125 -0.174223
vn 0.900566 -0.368125 -0.231226
vn 0.884270 -0.368125 -0.287317
vn 0.864484 -0.368125 -0.342274
vn 0.841287 -0.368125 -0.395880
vn 0.814769 -0.368125 -0.447923
vn 0.785036 -0.368125 -0.498199
vn 0.752205 -0.368125 -0.546509
vn 0.716405 -0.368125 -0.592662
vn 0.677778 -0.368125 -0.636476
vn 0.636476 -0.368125 -0.677778
vn 0.592662 -0.368125 -0.716405
vn 0.546509 -0.368125 -0.752205
vn 0.498199 -0.368125 -0.785036
vn 0.447923 -0.368125 -0.814769
vn 0.395880 -0.368125 -0.841287
vn 0.342274 -0.368125 -0.864484
vn 0.287317 -0.368125 -0.884270
vn 0.231226 -0.368125 -0.900566
vn 0.174223 -0.368125 -0.913307
vn 0.116532 -0.368125 -0.922445
vn 0.058381 -0.368125 -0.927942
vn -0.000000 -0.368125 -0.929776
vn -0.058381 -0.368125 -0.927942
vn -0.116532 -0.368125 -0.922445
vn -0.174223 -0.368125 -0.913307
vn -0.231226 -0.368125 -0.900566
vn -0.287317 -0.368125 -0.884270
vn -0.342274 -0.368125 -0.864484
vn -0.395880 -0.368125 -0.841287
vn -0.447923 -0.368125 -0.814769
vn -0.498199 -0.368125 -0.785036
vn -0.546509 -0.368125 -0.752205
vn -0.592662 -0.368125 -0.716405
vn -0.636476 -0.368125 -0.677778
vn -0.677778 -0.368125 -0.636476
vn -0.716405 -0.368125 -0.592662
vn -0.752205 -0.368125 -0.546509
vn -0.785036 -0.368125 -0.498199
vn -0.814769 -0.368125 -0.447923
vn -0.841287 -0.368125 -0.395880
vn -0.864484 -0.368125 -0.342274
vn -0.884270 -0.368125 -0.287317
vn -0.900566 -0.368125 -0.231226
vn -0.913307 -0.368125 -0.174223
vn -0.922445 -0.368125 -0.116532
vn -0.927942 -0.368125 -0.058381
vn -0.929776 -0.368125 0.000000
vn -0.927942 -0.368125 0.058381
vn -0.922445 -0.368125 0.116532
vn -0.913307 -0.368125 0.174223
vn -0.900566 -0.368125 0.231226
vn -0.884270 -0.368125 0.287317
vn -0.864484 -0.368125 0.342274
vn -0.841287 -0.368125 0.395880
vn -0.814769 -0.368125 0.447923
vn -0.785036 -0.368125 0.498199
vn -0.752205 -0.368125 0.546509
vn -0.716405 -0.368125 0.592662
vn -0.677778 -0.368125 0.636476
vn -0.636476 -0.368125 0.677778
vn -0.592662 -0.368125 0.716405
vn -0.546509 -0.368125 0.752205
vn -0.498199 -0.368125 0.785036
vn -0.447923 -0.368125 0.814769
vn -0.395880 -0.368125 0.841287
vn -0.342274 -0.368125 0.864484
vn -0.287317 -0.368125 0.884270
vn -0.231226 -0.368125 0.900566
vn -0.174223 -0.368125 0.913307
vn -0.116532 -0.368125 0.922445
vn -0.058381 -0.368125 0.927942
vn 0.000000 -0.368125 0.929776
vn 0.058381 -0.368125 0.927942
vn 0.116532 -0.368125 0.922445
vn 0.174223 -0.368125 0.913307
vn 0.231226 -0.368125 0.900566
vn 0.287317 -0.368125 0.884270
vn 0.342274 -0.368125 0.864484
vn 0.395880 -0.368125 0.841287
vn 0.447923 -0.368125 0.814769
vn 0.498199 -0.368125 0.785036
vn 0.546509 -0.368125 0.752205
vn 0.592662 -0.368125 0.716405
vn 0.636476 -0.368125 0.677778
vn 0.677778 -0.368125 0.636476
vn 0.716405 -0.368125 0.592662
vn 0.752205 -0.368125 0.546509
vn 0.785036 -0.368125 0.498199
vn 0.814769 -0.368125 0.447923
vn 0.841287 -0.368125 0.395880
vn 0.864484 -0.368125 0.342274
vn 0.884270 -0.368125 0.287317
vn 0.900566 -0.368125 0.231226
vn 0.913307 -0.368125 0.174223
vn 0.922445 -0.368125 0.116532
vn 0.927942 -0.368125 0.058381
vn 0.951056 -0.309017 0.000000
vn 0.949180 -0.309017 -0.059717
vn 0.943557 -0.309017 -0.119199
vn 0.934211 -0.309017 -0.178210
vn 0.921177 -0.309017 -0.236518
vn 0.904508 -0.309017 -0.293893
vn 0.884270 -0.309017 -0.350107
vn 0.860541 -0.309017 -0.404940
vn 0.833417 -0.309017 -0.458175
vn 0.803003 -0.309017 -0.509602
vn 0.769421 -0.309017 -0.559017
vn 0.732802 -0.309017 -0.606226
vn 0.693290 -0.309017 -0.651043
vn 0.651043 -0.309017 -0.693290
vn 0.606226 -0.309017 -0.732802
vn 0.559017 -0.309017 -0.769421
vn 0.509602 -0.309017 -0.803003
vn 0.458175 -0.309017 -0.833417
vn 0.404940 -0.309017 -0.860541
vn 0.350107 -0.309017 -0.884270
vn 0.293893 -0.309017 -0.904509
vn 0.236518 -0.309017 -0.921177
vn 0.178210 -0.309017 -0.934211
vn 0.119199 -0.309017 -0.943557
vn 0.059717 -0.309017 -0.949180
vn 0.000000 -0.309017 -0.951056
vn -0.059717 -0.309017 -0.949180
vn -0.119199 -0.309017 -0.943557
vn -0.178210 -0.309017 -0.934211
vn -0.236518 -0.309017 -0.921177
vn -0.293893 -0.309017 -0.904508
vn -0.350107 -0.309017 -0.884270
vn -0.404940 -0.309017 -0.860541
vn -0.458175 -0.309017 -0.833417
vn -0.509602 -0.309017 -0.803003
vn -0.559017 -0.309017 -0.769421
vn -0.606226 -0.309017 -0.732802
vn -0.651043 -0.309017 -0.693290
vn -0.693290 -0.309017 -0.651043
vn -0.732802 -0.309017 -0.606226
vn -0.769421 -0.309017 -0.559017
vn -0.803003 -0.309017 -0.509602
vn -0.833417 -0.309017 -0.458175
vn -0.860541 -0.309017 -0.404940
vn -0.884270 -0.309017 -0.350107
vn -0.904509 -0.309017 -0.293893
vn -0.921177 -0.309017 -0.236518
vn -0.934211 -0.309017 -0.178210
vn -0.943557 -0.309017 -0.119199
vn -0.949180 -0.309017 -0.059717
vn -0.951056 -0.309017 0.000000
vn -0.949180 -0.309017 0.059717
vn -0.943557 -0.309017 0.119199
vn -0.934211 -0.309017 0.178210
vn -0.921177 -0.309017 0.236518
vn -0.904508 -0.309017 0.293893
vn -0.884270 -0.309017 0.350107
vn -0.860541 -0.309017 0.404940
vn -0.833417 -0.309017 0.458175
vn -0.803003 -0.309017 0.509602
vn -0.769421 -0.309017 0.559017
vn -0.732802 -0.309017 0.606226
vn -0.693290 -0.309017 0.651043
vn -0.651043 -0.309017 0.693290
vn -0.606226 -0.309017 0.732802
vn -0.559017 -0.309017 0.769421
vn -0.509602 -0.309017 0.803003
vn -0.458175 -0.309017 0.833417
vn -0.404940 -0.309017 0.860541
vn -0.350107 -0.309017 0.884270
vn -0.293893 -0.309017 0.904509
vn -0.236518 -0.309017 0.921177
vn -0.178210 -0.309017 0.934211
vn -0.119199 -0.309017 0.943557
vn -0.059717 -0.309017 0.949180
vn 0.000000 -0.309017 0.951056
vn 0.059717 -0.309017 0.949180
vn 0.119199 -0.309017 0.943557
vn 0.178210 -0.309017 0.934211
vn 0.236518 -0.309017 0.921177
vn 0.293893 -0.309017 0.904508
vn 0.350107 -0.309017 0.884270
vn 0.404940 -0.309017 0.860541
vn 0.458175 -0.309017 0.833417
vn 0.509602 -0.309017 0.803003
vn 0.559017 -0.309017 0.769421
vn 0.606226 -0.309017 0.732802
vn 0.651043 -0.309017 0.693290
vn 0.693290 -0.309017 0.651043
vn 0.732802 -0.309017 0.606226
vn 0.769421 -0.309017 0.559017
vn 0.803003 -0.309017 0.509602
vn 0.833417 -0.309017 0.458175
vn 0.860541 -0.309017 0.404940
vn 0.884270 -0.309017 0.350107
vn 0.904509 -0.309017 0.293893
vn 0.921177 -0.309017 0.236518
vn 0.934211 -0.309017 0.178210
vn 0.943557 -0.309017 0.119199
vn 0.949180 -0.309017 0.059717
vn 0.968583 -0.248690 0.000000
vn 0.966672 -0.248690 -0.060818
vn 0.960946 -0.248690 -0.121396
vn 0.951427 -0.248690 -0.181494
vn 0.938153 -0.248690 -0.240877
vn 0.921177 -0.248690 -0.299308
vn 0.900566 -0.248690 -0.356559
vn 0.876400 -0.248690 -0.412403
vn 0.848776 -0.248690 -0.466618
vn 0.817802 -0.248690 -0.518993
vn 0.783600 -0.248690 -0.569319
vn 0.746306 -0.248690 -0.617398
vn 0.706067 -0.248690 -0.663041
vn 0.663041 -0.248690 -0.706067
vn 0.617398 -0.248690 -0.746306
vn 0.569319 -0.248690 -0.783600
vn 0.518993 -0.248690 -0.817802
vn 0.466618 -0.248690 -0.848776
vn 0.412403 -0.248690 -0.876400
vn 0.356559 -0.248690 -0.900566
vn 0.299308 -0.248690 -0.921177
vn 0.240877 -0.248690 -0.938153
vn 0.181494 -0.248690 -0.951427
vn 0.121396 -0.248690 -0.960946
vn 0.060818 -0.248690 -0.966672
vn 0.000000 -0.248690 -0.968583
vn -0.060818 -0.248690 -0.966672
vn -0.121396 -0.248690 -0.960946
vn -0.181494 -0.248690 -0.951427
vn -0.240877 -0.248690 -0.938153
vn -0.299308 -0.248690 -0.921177
vn -0.356559 -0.248690 -0.900566
vn -0.412403 -0.248690 -0.876400
vn -0.466618 -0.248690 -0.848776
vn -0.518993 -0.248690 -0.817802
vn -0.569319 -0.248690 -0.783600
vn -0.617398 -0.248690 -0.746306
vn -0.663041 -0.248690 -0.706067
vn -0.706067 -0.248690 -0.663041
vn -0.746306 -0.248690 -0.617398
vn -0.783600 -0.248690 -0.569319
vn -0.817802 -0.248690 -0.518993
vn -0.848776 -0.248690 -0.466618
vn -0.876400 -0.248690 -0.412403
vn -0.900566 -0.248690 -0.356559
vn -0.921177 -0.248690 -0.299308
vn -0.938153 -0.248690 -0.240877
vn -0.951427 -0.248690 -0.181494
vn -0.960946 -0.248690 -0.121396
vn -0.966672 -0.248690 -0.060818
vn -0.968583 -0.248690 0.000000
vn -0.966672 -0.248690 0.060818
vn -0.960946 -0.248690 0.121396
vn -0.951427 -0.248690 0.181494
vn -0.938153 -0.248690 0.240877
vn -0.921177 -0.248690 0.299308
vn -0.900566 -0.248690 0.356559
vn -0.876400 -0.248690 0.412403
vn -0.848776 -0.248690 0.466618
vn -0.817802 -0.248690 0.518993
vn -0.783600 -0.248690 0.569319
vn -0.746306 -0.248690 0.617398
vn -0.706067 -0.248690 0.663041
vn -0.663041 -0.248690 0.706067
vn -0.617398 -0.248690 0.746306
vn -0.569319 -0.248690 0.783600
vn -0.518993 -0.248690 0.817802
vn -0.466618 -0.248690 0.848776
vn -0.412403 -0.248690 0.876400
vn -0.356559 -0.248690 0.900566
vn -0.299308 -0.248690 0.921177
vn -0.240877 -0.248690 0.938153
vn -0.181494 -0.248690 0.951427
vn -0.121396 -0.248690 0.960946
vn -0.060818 -0.248690 0.966672
vn 0.000000 -0.248690 0.968583
vn 0.060818 -0.248690 0.966672
vn 0.121396 -0.248690 0.960946
vn 0.181494 -0.248690 0.951427
vn 0.240877 -0.248690 0.938153
vn 0.299308 -0.248690 0.921177
vn 0.356559 -0.248690 0.900566
vn 0.412403 -0.248690 0.876400
vn 0.466618 -0.248690 0.848776
vn 0.518993 -0.248690 0.817802
vn 0.569319 -0.248690 0.783600
vn 0.617398 -0.248690 0.746306
vn 0.663041 -0.248690 0.706067
vn 0.706067 -0.248690 0.663041
vn 0.746306 -0.248690 0.617398
vn 0.783600 -0.248690 0.569319
vn 0.817802 -0.248690 0.518993
vn 0.848776 -0.248690 0.466618
vn 0.876400 -0.248690 0.412403
vn 0.900566 -0.248690 0.356559
vn 0.921177 -0.248690 0.299308
vn 0.938153 -0.248690 0.240877
vn 0.951427 -0.248690 0.181494
vn 0.960946 -0.248690 0.121396
vn 0.966672 -0.248690 0.060818
vn 0.982287 -0.187382 -0.000000
vn 0.980349 -0.187382 -0.061678
vn 0.974542 -0.187381 -0.123114
vn 0.964888 -0.187381 -0.184062
vn 0.951427 -0.187382 -0.244285
vn 0.934211 -0.187381 -0.303543
vn 0.913307 -0.187381 -0.361604
vn 0.888800 -0.187381 -0.418238
vn 0.860785 -0.187381 -0.473220
vn 0.829372 -0.187381 -0.526336
vn 0.794687 -0.187381 -0.577374
vn 0.756865 -0.187381 -0.626134
vn 0.716057 -0.187381 -0.672422
vn 0.672422 -0.187381 -0.716057
vn 0.626134 -0.187381 -0.756865
vn 0.577374 -0.187381 -0.794687
vn 0.526336 -0.187381 -0.829372
vn 0.473220 -0.187381 -0.860785
vn 0.418238 -0.187381 -0.888800
vn 0.361604 -0.187381 -0.913307
vn 0.303543 -0.187382 -0.934211
vn 0.244285 -0.187382 -0.951427
vn 0.184062 -0.187381 -0.964888
vn 0.123114 -0.187381 -0.974542
vn 0.061678 -0.187382 -0.980349
vn -0.000000 -0.187382 -0.982287
vn -0.061678 -0.187382 -0.980349
vn -0.123114 -0.187381 -0.974542
vn -0.184062 -0.187381 -0.964888
vn -0.244285 -0.187382 -0.951427
vn -0.303543 -0.187381 -0.934211
vn -0.361604 -0.187381 -0.913307
vn -0.418238 -0.187381 -0.888800
vn -0.473220 -0.187381 -0.860785
vn -0.526336 -0.187381 -0.829372
vn -0.577374 -0.187381 -0.794687
vn -0.626134 -0.187381 -0.756865
vn -0.672422 -0.187381 -0.716057
vn -0.716057 -0.187381 -0.672422
vn -0.756865 -0.187381 -0.626134
vn -0.794687 -0.187381 -0.577374
vn -0.829372 -0.187381 -0.526336
vn -0.860785 -0.187381 -0.473220
vn -0.888800 -0.187381 -0.418238
vn -0.913307 -0.187381 -0.361604
vn -0.934211 -0.187382 -0.303543
vn -0.951427 -0.187382 -0.244285
vn -0.964888 -0.187381 -0.184062
vn -0.974542 -0.187381 -0.123114
vn -0.980349 -0.187382 -0.061678
vn -0.982287 -0.187382 0.000000
vn -0.980349 -0.187382 0.061678
vn -0.974542 -0.187381 0.123114
vn -0.964888 -0.187381 0.184062
vn -0.951427 -0.187382 0.244285
vn -0.934211 -0.187381 0.303543
vn -0.913307 -0.187381 0.361604
vn -0.888800 -0.187381 0.418238
vn -0.860785 -0.187381 0.473220
vn -0.829372 -0.187381 0.526336
vn -0.794687 -0.187381 0.577374
vn -0.756865 -0.187381 0.626134
vn -0.716057 -0.187381 0.672422
vn -0.672422 -0.187381 0.716057
vn -0.626134 -0.187381 0.756865
vn -0.577374 -0.187381 0.794687
vn -0.526336 -0.187381 0.829372
vn -0.473220 -0.187381 0.860785
vn -0.418238 -0.187381 0.888800
vn -0.361604 -0.187381 0.913307
vn -0.303543 -0.187382 0.934211
vn -0.244285 -0.187382 0.951427
vn -0.184062 -0.187381 0.964888
vn -0.123114 -0.187381 0.974542
vn -0.061678 -0.187382 0.980349
vn 0.000000 -0.187382 0.982287
vn 0.061678 -0.187382 0.980349
vn 0.123114 -0.187381 0.974542
vn 0.184062 -0.187381 0.964888
vn 0.244285 -0.187382 0.951427
vn 0.303543 -0.187381 0.934211
vn 0.361604 -0.187381 0.913307
vn 0.418238 -0.187381 0.888800
vn 0.473220 -0.187381 0.860785
vn 0.526336 -0.187381 0.829372
vn 0.577374 -0.187381 0.794687
vn 0.626134 -0.187381 0.756865
vn 0.672422 -0.187381 0.716057
vn 0.716057 -0.187381 0.672422
vn 0.756865 -0.187381 0.626134
vn 0.794687 -0.187381 0.577374
vn 0.829372 -0.187381 0.526336
vn 0.860785 -0.187381 0.473220
vn 0.888800 -0.187381 0.418238
vn 0.913307 -0.187381 0.361604
vn 0.934211 -0.187382 0.303543
vn 0.951427 -0.187382 0.244285
vn 0.964888 -0.187381 0.184062
vn 0.974542 -0.187381 0.123114
vn 0.980349 -0.187382 0.061678
vn 0.992115 -0.125333 -0.000000
vn 0.990157 -0.125333 -0.062296
vn 0.984292 -0.125334 -0.124345
vn 0.974542 -0.125334 -0.185904
vn 0.960946 -0.125333 -0.246729
vn 0.943557 -0.125333 -0.306580
vn 0.922445 -0.125333 -0.365222
vn 0.897692 -0.125333 -0.422422
vn 0.869397 -0.125333 -0.477955
vn 0.837670 -0.125333 -0.531602
vn 0.802637 -0.125333 -0.583151
vn 0.764437 -0.125333 -0.632398
vn 0.723221 -0.125333 -0.679149
vn 0.679149 -0.125333 -0.723221
vn 0.632398 -0.125333 -0.764437
vn 0.583151 -0.125333 -0.802638
vn 0.531602 -0.125333 -0.837670
vn 0.477955 -0.125333 -0.869397
vn 0.422422 -0.125333 -0.897692
vn 0.365222 -0.125333 -0.922445
vn 0.306580 -0.125333 -0.943557
vn 0.246729 -0.125334 -0.960946
vn 0.185904 -0.125334 -0.974542
vn 0.124345 -0.125334 -0.984292
vn 0.062296 -0.125333 -0.990157
vn -0.000000 -0.125333 -0.992115
vn -0.062296 -0.125333 -0.990157
vn -0.124345 -0.125334 -0.984292
vn -0.185904 -0.125334 -0.974542
vn -0.246729 -0.125333 -0.960946
vn -0.306580 -0.125333 -0.943557
vn -0.365222 -0.125333 -0.922445
vn -0.422422 -0.125333 -0.897692
vn -0.477955 -0.125333 -0.869397
vn -0.531602 -0.125333 -0.837670
vn -0.583151 -0.125333 -0.802638
vn -0.632398 -0.125333 -0.764437
vn -0.679149 -0.125333 -0.723221
vn -0.723221 -0.125333 -0.679149
vn -0.764437 -0.125333 -0.632398
vn -0.802637 -0.125333 -0.583151
vn -0.837670 -0.125333 -0.531602
vn -0.869397 -0.125333 -0.477955
vn -0.897692 -0.125333 -0.422422
vn -0.922445 -0.125333 -0.365222
vn -0.943557 -0.125333 -0.306580
vn -0.960946 -0.125334 -0.246729
vn -0.974542 -0.125334 -0.185904
vn -0.984292 -0.125334 -0.124345
vn -0.990157 -0.125333 -0.062296
vn -0.992115 -0.125333 0.000000
vn -0.990157 -0.125333 0.062296
vn -0.984292 -0.125334 0.124345
vn -0.974542 -0.125334 0.185904
vn -0.960946 -0.125333 0.246729
vn -0.943557 -0.125333 0.306580
vn -0.922445 -0.125333 0.365222
vn -0.897692 -0.125333 0.422422
vn -0.869397 -0.125333 0.477955
vn -0.837670 -0.125333 0.531602
vn -0.802637 -0.125333 0.583151
vn -0.764437 -0.125333 0.632398
vn -0.723221 -0.125333 0.679149
vn -0.679149 -0.125333 0.723221
vn -0.632398 -0.125333 0.764437
vn -0.583151 -0.125333 0.802638
vn -0.531602 -0.125333 0.837670
vn -0.477955 -0.125333 0.869397
vn -0.422422 -0.125333 0.897692
vn -0.365222 -0.125333 0.922445
vn -0.306580 -0.125333 0.943557
vn -0.246729 -0.125334 0.960946
vn -0.185904 -0.125334 0.974542
vn -0.124345 -0.125334 0.984292
vn -0.062296 -0.125333 0.990157
vn 0.000000 -0.125333 0.992115
vn 0.062296 -0.125333 0.990157
vn 0.124345 -0.125334 0.984292
vn 0.185904 -0.125334 0.974542
vn 0.246729 -0.125333 0.960946
vn 0.306580 -0.125333 0.943557
vn 0.365222 -0.125333 0.922445
vn 0.422422 -0.125333 0.897692
vn 0.477955 -0.125333 0.869397
vn 0.531602 -0.125333 0.837670
vn 0.583151 -0.125333 0.802638
vn 0.632398 -0.125333 0.764437
vn 0.679149 -0.125333 0.723221
vn 0.723221 -0.125333 0.679149
vn 0.764437 -0.125333 0.632398
vn 0.802637 -0.125333 0.583151
vn 0.837670 -0.125333 0.531602
vn 0.869397 -0.125333 0.477955
vn 0.897692 -0.125333 0.422422
vn 0.922445 -0.125333 0.365222
vn 0.943557 -0.125333 0.306580
vn 0.960946 -0.125334 0.246729
vn 0.974542 -0.125334 0.185904
vn 0.984292 -0.125334 0.124345
vn 0.990157 -0.125333 0.062296
vn 0.998027 -0.062790 -0.000000
vn 0.996057 -0.062791 -0.062667
vn 0.990157 -0.062791 -0.125086
vn 0.980349 -0.062791 -0.187012
vn 0.966672 -0.062791 -0.248199
vn 0.949180 -0.062791 -0.308407
vn 0.927942 -0.062791 -0.367398
vn 0.903041 -0.062791 -0.424939
vn 0.874578 -0.062790 -0.480803
vn 0.842662 -0.062791 -0.534769
vn 0.807420 -0.062791 -0.586626
vn 0.768993 -0.062791 -0.636166
vn 0.727530 -0.062791 -0.683196
vn 0.683196 -0.062791 -0.727530
vn 0.636166 -0.062791 -0.768993
vn 0.586626 -0.062791 -0.807420
vn 0.534769 -0.062791 -0.842662
vn 0.480803 -0.062790 -0.874578
vn 0.424939 -0.062791 -0.903041
vn 0.367398 -0.062791 -0.927942
vn 0.308407 -0.062791 -0.949180
vn 0.248199 -0.062791 -0.966672
vn 0.187012 -0.062791 -0.980349
vn 0.125086 -0.062791 -0.990157
vn 0.062667 -0.062791 -0.996057
vn -0.000000 -0.062790 -0.998027
vn -0.062667 -0.062791 -0.996057
vn -0.125086 -0.062791 -0.990157
vn -0.187012 -0.062791 -0.980349
vn -0.248199 -0.062791 -0.966672
vn -0.308407 -0.062791 -0.949180
vn -0.367398 -0.062791 -0.927942
vn -0.424939 -0.062791 -0.903042
vn -0.480803 -0.062790 -0.874578
vn -0.534769 -0.062791 -0.842662
vn -0.586626 -0.062791 -0.807420
vn -0.636166 -0.062791 -0.768993
vn -0.683196 -0.062791 -0.727530
vn -0.727530 -0.062791 -0.683196
vn -0.768993 -0.062791 -0.636166
vn -0.807420 -0.062791 -0.586626
vn -0.842662 -0.062791 -0.534769
vn -0.874578 -0.062790 -0.480803
vn -0.903041 -0.062791 -0.424939
vn -0.927942 -0.062791 -0.367398
vn -0.949180 -0.062791 -0.308407
vn -0.966672 -0.062791 -0.248199
vn -0.980349 -0.062791 -0.187012
vn -0.990157 -0.062791 -0.125086
vn -0.996057 -0.062791 -0.062667
vn -0.998027 -0.062790 0.000000
vn -0.996057 -0.062791 0.062667
vn -0.990157 -0.062791 0.125086
vn -0.980349 -0.062791 0.187012
vn -0.966672 -0.062791 0.248199
vn -0.949180 -0.062791 0.308407
vn -0.927942 -0.062791 0.367398
vn -0.903041 -0.062791 0.424939
vn -0.874578 -0.062790 0.480803
vn -0.842662 -0.062791 0.534769
vn -0.807420 -0.062791 0.586626
vn -0.768993 -0.062791 0.636166
vn -0.727530 -0.062791 0.683196
vn -0.683196 -0.062791 0.727530
vn -0.636166 -0.062791 0.768993
vn -0.586626 -0.062791 0.807420
vn -0.534769 -0.062791 0.842662
vn -0.480803 -0.062790 0.874578
vn -0.424939 -0.062791 0.903041
vn -0.367398 -0.062791 0.927942
vn -0.308407 -0.062791 0.949180
vn -0.248199 -0.062791 0.966672
vn -0.187012 -0.062791 0.980349
vn -0.125086 -0.062791 0.990157
vn -0.062667 -0.062791 0.996057
vn 0.000000 -0.062790 0.998027
vn 0.062667 -0.062791 0.996057
vn 0.125086 -0.062791 0.990157
vn 0.187012 -0.062791 0.980349
vn 0.248199 -0.062791 0.966672
vn 0.308407 -0.062791 0.949180
vn 0.367398 -0.062791 0.927942
vn 0.424939 -0.062791 0.903042
vn 0.480803 -0.062790 0.874578
vn 0.534769 -0.062791 0.842662
vn 0.586626 -0.062791 0.807420
vn 0.636166 -0.062791 0.768993
vn 0.683196 -0.062791 0.727530
vn 0.727530 -0.062791 0.683196
vn 0.768993 -0.062791 0.636166
vn 0.807420 -0.062791 0.586626
vn 0.842662 -0.062791 0.534769
vn 0.874578 -0.062790 0.480803
vn 0.903041 -0.062791 0.424939
vn 0.927942 -0.062791 0.367398
vn 0.949180 -0.062791 0.308407
vn 0.966672 -0.062791 0.248199
vn 0.980349 -0.062791 0.187012
vn 0.990157 -0.062791 0.125086
vn 0.996057 -0.062791 0.062667
vn 1.000000 0.000000 0.000000
vn 0.998027 0.000000 -0.062790
vn 0.992115 0.000000 -0.125333
vn 0.982287 0.000000 -0.187381
vn 0.968583 0.000000 -0.248690
vn 0.951057 0.000000 -0.309017
vn 0.929776 0.000000 -0.368125
vn 0.904827 0.000000 -0.425779
vn 0.876307 -0.000000 -0.481754
vn 0.844328 0.000000 -0.535827
vn 0.809017 0.000000 -0.587785
vn 0.770513 0.000000 -0.637424
vn 0.728969 0.000000 -0.684547
vn 0.684547 -0.000000 -0.728969
vn 0.637424 -0.000000 -0.770513
vn 0.587785 0.000000 -0.809017
vn 0.535827 -0.000000 -0.844328
vn 0.481754 -0.000000 -0.876307
vn 0.425780 0.000000 -0.904827
vn 0.368125 0.000000 -0.929777
vn 0.309017 -0.000000 -0.951057
vn 0.248690 -0.000000 -0.968583
vn 0.187381 0.000000 -0.982287
vn 0.125333 0.000000 -0.992115
vn 0.062790 0.000000 -0.998027
vn 0.000000 0.000000 -1.000000
vn -0.062790 0.000000 -0.998027
vn -0.125333 0.000000 -0.992115
vn -0.187381 0.000000 -0.982287
vn -0.248690 0.000000 -0.968583
vn -0.309017 0.000000 -0.951057
vn -0.368125 0.000000 -0.929777
vn -0.425780 0.000000 -0.904827
vn -0.481754 -0.000000 -0.876307
vn -0.535827 0.000000 -0.844328
vn -0.587785 0.000000 -0.809017
vn -0.637424 0.000000 -0.770513
vn -0.684547 0.000000 -0.728969
vn -0.728969 -0.000000 -0.684547
vn -0.770513 -0.000000 -0.637424
vn -0.809017 0.000000 -0.587785
vn -0.844328 -0.000000 -0.535827
vn -0.876307 -0.000000 -0.481754
vn -0.904827 0.000000 -0.425780
vn -0.929776 0.000000 -0.368125
vn -0.951057 -0.000000 -0.309017
vn -0.968583 -0.000000 -0.248690
vn -0.982287 0.000000 -0.187381
vn -0.992115 0.000000 -0.125333
vn -0.998027 0.000000 -0.062790
vn -1.000000 0.000000 0.000000
vn -0.998027 0.000000 0.062790
vn -0.992115 0.000000 0.125333
vn -0.982287 0.000000 0.187381
vn -0.968583 0.000000 0.248690
vn -0.951057 0.000000 0.309017
vn -0.929776 0.000000 0.368125
vn -0.904827 0.000000 0.425779
vn -0.876307 -0.000000 0.481754
vn -0.844328 0.000000 0.535827
vn -0.809017 0.000000 0.587785
vn -0.770513 0.000000 0.637424
vn -0.728969 0.000000 0.684547
vn -0.684547 -0.000000 0.728969
vn -0.637424 -0.000000 0.770513
vn -0.587785 0.000000 0.809017
vn -0.535827 -0.000000 0.844328
vn -0.481754 -0.000000 0.876307
vn -0.425780 0.000000 0.904827
vn -0.368125 0.000000 0.929777
vn -0.309017 -0.000000 0.951057
vn -0.248690 -0.000000 0.968583
vn -0.187381 0.000000 0.982287
vn -0.125333 0.000000 0.992115
vn -0.062790 0.000000 0.998027
vn 0.000000 0.000000 1.000000
vn 0.062790 0.000000 0.998027
vn 0.125333 0.000000 0.992115
vn 0.187381 0.000000 0.982287
vn 0.248690 0.000000 0.968583
vn 0.309017 0.000000 0.951057
vn 0.368125 0.000000 0.929777
vn 0.425780 0.000000 0.904827
vn 0.481754 -0.000000 0.876307
vn 0.535827 0.000000 0.844328
vn 0.587785 0.000000 0.809017
vn 0.637424 0.000000 0.770513
vn 0.684547 0.000000 0.728969
vn 0.728969 -0.000000 0.684547
vn 0.770513 -0.000000 0.637424
vn 0.809017 0.000000 0.587785
vn 0.844328 -0.000000 0.535827
vn 0.876307 -0.000000 0.481754
vn 0.904827 0.000000 0.425780
vn 0.929776 0.000000 0.368125
vn 0.951057 -0.000000 0.309017
vn 0.968583 -0.000000 0.248690
vn 0.982287 0.000000 0.187381
vn 0.992115 0.000000 0.125333
vn 0.998027 0.000000 0.062790
vn 0.998027 0.062790 0.000000
vn 0.996057 0.062791 -0.062667
vn 0.990157 0.062791 -0.125086
vn 0.980349 0.062791 -0.187012
vn 0.966672 0.062791 -0.248199
vn 0.949180 0.062791 -0.308407
vn 0.927942 0.062791 -0.367398
vn 0.903041 0.062791 -0.424939
vn 0.874578 0.062790 -0.480803
vn 0.842662 0.062791 -0.534769
vn 0.807420 0.062791 -0.586626
vn 0.768993 0.062791 -0.636166
vn 0.727530 0.062791 -0.683196
vn 0.683196 0.062791 -0.727530
vn 0.636166 0.062791 -0.768993
vn 0.586626 0.062791 -0.807420
vn 0.534769 0.062791 -0.842662
vn 0.480803 0.062790 -0.874578
vn 0.424939 0.062791 -0.903042
vn 0.367398 0.062791 -0.927942
vn 0.308407 0.062791 -0.949180
vn 0.248199 0.062791 -0.966672
vn 0.187012 0.062791 -0.980349
vn 0.125086 0.062791 -0.990157
vn 0.062667 0.062791 -0.996057
vn 0.000000 0.062790 -0.998027
vn -0.062667 0.062791 -0.996057
vn -0.125086 0.062791 -0.990157
vn -0.187012 0.062791 -0.980349
vn -0.248199 0.062791 -0.966672
vn -0.308407 0.062791 -0.949180
vn -0.367398 0.062791 -0.927942
vn -0.424939 0.062791 -0.903041
vn -0.480803 0.062790 -0.874578
vn -0.534769 0.062791 -0.842662
vn -0.586626 0.062791 -0.807420
vn -0.636166 0.062791 -0.768993
vn -0.683196 0.062791 -0.727530
vn -0.727530 0.062791 -0.683196
vn -0.768993 0.062791 -0.636166
vn -0.807420 0.062791 -0.586626
vn -0.842662 0.062791 -0.534769
vn -0.874578 0.062790 -0.480803
vn -0.903042 0.062791 -0.424939
vn -0.927942 0.062791 -0.367398
vn -0.949180 0.062791 -0.308407
vn -0.966672 0.062791 -0.248199
vn -0.980349 0.062791 -0.187012
vn -0.990157 0.062791 -0.125086
vn -0.996057 0.062791 -0.062667
vn -0.998027 0.062790 -0.000000
vn -0.996057 0.062791 0.062667
vn -0.990157 0.062791 0.125086
vn -0.980349 0.062791 0.187012
vn -0.966672 0.062791 0.248199
vn -0.949180 0.062791 0.308407
vn -0.927942 0.062791 0.367398
vn -0.903041 0.062791 0.424939
vn -0.874578 0.062790 0.480803
vn -0.842662 0.062791 0.534769
vn -0.807420 0.062791 0.586626
vn -0.768993 0.062791 0.636166
vn -0.727530 0.062791 0.683196
vn -0.683196 0.062791 0.727530
vn -0.636166 0.062791 0.768993
vn -0.586626 0.062791 0.807420
vn -0.534769 0.062791 0.842662
vn -0.480803 0.062790 0.874578
vn -0.424939 0.062791 0.903042
vn -0.367398 0.062791 0.927942
vn -0.308407 0.062791 0.949180
vn -0.248199 0.062791 0.966672
vn -0.187012 0.062791 0.980349
vn -0.125086 0.062791 0.990157
vn -0.062667 0.062791 0.996057
vn 0.000000 0.062790 0.998027
vn 0.062667 0.062791 0.996057
vn 0.125086 0.062791 0.990157
vn 0.187012 0.062791 0.980349
vn 0.248199 0.062791 0.966672
vn 0.308407 0.062791 0.949180
vn 0.367398 0.062791 0.927942
vn 0.424939 0.062791 0.903041
vn 0.480803 0.062790 0.874578
vn 0.534769 0.062791 0.842662
vn 0.586626 0.062791 0.807420
vn 0.636166 0.062791 0.768993
vn 0.683196 0.062791 0.727530
vn 0.727530 0.062791 0.683196
vn 0.768993 0.062791 0.636166
vn 0.807420 0.062791 0.586626
vn 0.842662 0.062791 0.534769
vn 0.874578 0.062790 0.480803
vn 0.903042 0.062791 0.424939
vn 0.927942 0.062791 0.367398
vn 0.949180 0.062791 0.308407
vn 0.966672 0.062791 0.248199
vn 0.980349 0.062791 0.187012
vn 0.990157 0.062791 0.125086
vn 0.996057 0.062791 0.062667
vn 0.992115 0.125333 0.000000
vn 0.990157 0.125333 -0.062296
vn 0.984292 0.125334 -0.124345
vn 0.974542 0.125334 -0.185904
vn 0.960946 0.125334 -0.246729
vn 0.943557 0.125333 -0.306580
vn 0.922445 0.125333 -0.365222
vn 0.897692 0.125333 -0.422422
vn 0.869397 0.125333 -0.477955
vn 0.837670 0.125333 -0.531602
vn 0.802637 0.125333 -0.583151
vn 0.764437 0.125333 -0.632398
vn 0.723221 0.125333 -0.679149
vn 0.679149 0.125333 -0.723221
vn 0.632398 0.125333 -0.764437
vn 0.583151 0.125333 -0.802637
vn 0.531602 0.125333 -0.837670
vn 0.477955 0.125333 -0.869397
vn 0.422422 0.125333 -0.897692
vn 0.365222 0.125333 -0.922445
vn 0.306580 0.125333 -0.943557
vn 0.246729 0.125334 -0.960946
vn 0.185904 0.125334 -0.974542
vn 0.124345 0.125334 -0.984292
vn 0.062296 0.125333 -0.990157
vn 0.000000 0.125333 -0.992115
vn -0.062296 0.125333 -0.990157
vn -0.124345 0.125334 -0.984292
vn -0.185904 0.125334 -0.974542
vn -0.246729 0.125334 -0.960946
vn -0.306580 0.125333 -0.943557
vn -0.365222 0.125333 -0.922445
vn -0.422422 0.125333 -0.897692
vn -0.477955 0.125333 -0.869397
vn -0.531602 0.125333 -0.837670
vn -0.583151 0.125333 -0.802638
vn -0.632398 0.125333 -0.764437
vn -0.679149 0.125333 -0.723221
vn -0.723221 0.125333 -0.679149
vn -0.764437 0.125333 -0.632398
vn -0.802637 0.125333 -0.583151
vn -0.837670 0.125333 -0.531602
vn -0.869397 0.125333 -0.477955
vn -0.897692 0.125333 -0.422422
vn -0.922445 0.125333 -0.365222
vn -0.943557 0.125333 -0.306580
vn -0.960946 0.125334 -0.246729
vn -0.974542 0.125334 -0.185904
vn -0.984292 0.125334 -0.124345
vn -0.990157 0.125333 -0.062296
vn -0.992115 0.125333 -0.000000
vn -0.990157 0.125333 0.062296
vn -0.984292 0.125334 0.124345
vn -0.974542 0.125334 0.185904
vn -0.960946 0.125334 0.246729
vn -0.943557 0.125333 0.306580
vn -0.922445 0.125333 0.365222
vn -0.897692 0.125333 0.422422
vn -0.869397 0.125333 0.477955
vn -0.837670 0.125333 0.531602
vn -0.802637 0.125333 0.583151
vn -0.764437 0.125333 0.632398
vn -0.723221 0.125333 0.679149
vn -0.679149 0.125333 0.723221
vn -0.632398 0.125333 0.764437
vn -0.583151 0.125333 0.802637
vn -0.531602 0.125333 0.837670
vn -0.477955 0.125333 0.869397
vn -0.422422 0.125333 0.897692
vn -0.365222 0.125333 0.922445
vn -0.306580 0.125333 0.943557
vn -0.246729 0.125334 0.960946
vn -0.185904 0.125334 0.974542
vn -0.124345 0.125334 0.984292
vn -0.062296 0.125333 0.990157
vn -0.000000 0.125333 0.992115
vn 0.062296 0.125333 0.990157
vn 0.124345 0.125334 0.984292
vn 0.185904 0.125334 0.974542
vn 0.246729 0.125334 0.960946
vn 0.306580 0.125333 0.943557
vn 0.365222 0.125333 0.922445
vn 0.422422 0.125333 0.897692
vn 0.477955 0.125333 0.869397
vn 0.531602 0.125333 0.837670
vn 0.583151 0.125333 0.802638
vn 0.632398 0.125333 0.764437
vn 0.679149 0.125333 0.723221
vn 0.723221 0.125333 0.679149
vn 0.764437 0.125333 0.632398
vn 0.802637 0.125333 0.583151
vn 0.837670 0.125333 0.531602
vn 0.869397 0.125333 0.477955
vn 0.897692 0.125333 0.422422
vn 0.922445 0.125333 0.365222
vn 0.943557 0.125333 0.306580
vn 0.960946 0.125334 0.246729
vn 0.974542 0.125334 0.185904
vn 0.984292 0.125334 0.124345
vn 0.990157 0.125333 0.062296
vn 0.982287 0.187382 0.000000
vn 0.980349 0.187382 -0.061678
vn 0.974541 0.187381 -0.123114
vn 0.964888 0.187381 -0.184062
vn 0.951427 0.187382 -0.244285
vn 0.934211 0.187381 -0.303543
vn 0.913307 0.187381 -0.361604
vn 0.888800 0.187381 -0.418238
vn 0.860785 0.187381 -0.473220
vn 0.829372 0.187381 -0.526336
vn 0.794687 0.187381 -0.577374
vn 0.756865 0.187381 -0.626134
vn 0.716057 0.187381 -0.672422
vn 0.672422 0.187381 -0.716057
vn 0.626134 0.187381 -0.756865
vn 0.577374 0.187381 -0.794687
vn 0.526336 0.187381 -0.829372
vn 0.473220 0.187381 -0.860785
vn 0.418238 0.187381 -0.888800
vn 0.361604 0.187381 -0.913307
vn 0.303543 0.187381 -0.934211
vn 0.244285 0.187382 -0.951427
vn 0.184062 0.187381 -0.964888
vn 0.123114 0.187381 -0.974541
vn 0.061678 0.187382 -0.980349
vn 0.000000 0.187382 -0.982287
vn -0.061678 0.187382 -0.980349
vn -0.123114 0.187381 -0.974541
vn -0.184062 0.187381 -0.964888
vn -0.244285 0.187382 -0.951427
vn -0.303543 0.187381 -0.934211
vn -0.361604 0.187381 -0.913307
vn -0.418238 0.187381 -0.888800
vn -0.473220 0.187381 -0.860785
vn -0.526336 0.187381 -0.829372
vn -0.577374 0.187381 -0.794687
vn -0.626134 0.187381 -0.756865
vn -0.672422 0.187381 -0.716057
vn -0.716057 0.187381 -0.672422
vn -0.756865 0.187381 -0.626134
vn -0.794687 0.187381 -0.577374
vn -0.829372 0.187381 -0.526336
vn -0.860785 0.187381 -0.473220
vn -0.888800 0.187381 -0.418238
vn -0.913307 0.187381 -0.361604
vn -0.934211 0.187381 -0.303543
vn -0.951427 0.187382 -0.244285
vn -0.964888 0.187381 -0.184062
vn -0.974541 0.187381 -0.123114
vn -0.980349 0.187382 -0.061678
vn -0.982287 0.187382 -0.000000
vn -0.980349 0.187382 0.061678
vn -0.974541 0.187381 0.123114
vn -0.964888 0.187381 0.184062
vn -0.951427 0.187382 0.244285
vn -0.934211 0.187381 0.303543
vn -0.913307 0.187381 0.361604
vn -0.888800 0.187381 0.418238
vn -0.860785 0.187381 0.473220
vn -0.829372 0.187381 0.526336
vn -0.794687 0.187381 0.577374
vn -0.756865 0.187381 0.626134
vn -0.716057 0.187381 0.672422
vn -0.672422 0.187381 0.716057
vn -0.626134 0.187381 0.756865
vn -0.577374 0.187381 0.794687
vn -0.526336 0.187381 0.829372
vn -0.473220 0.187381 0.860785
vn -0.418238 0.187381 0.888800
vn -0.361604 0.187381 0.913307
vn -0.303543 0.187381 0.934211
vn -0.244285 0.187382 0.951427
vn -0.184062 0.187381 0.964888
vn -0.123114 0.187381 0.974541
vn -0.061678 0.187382 0.980349
vn -0.000000 0.187382 0.982287
vn 0.061678 0.187382 0.980349
vn 0.123114 0.187381 0.974541
vn 0.184062 0.187381 0.964888
vn 0.244285 0.187382 0.951427
vn 0.303543 0.187381 0.934211
vn 0.361604 0.187381 0.913307
vn 0.418238 0.187381 0.888800
vn 0.473220 0.187381 0.860785
vn 0.526336 0.187381 0.829372
vn 0.577374 0.187381 0.794687
vn 0.626134 0.187381 0.756865
vn 0.672422 0.187381 0.716057
vn 0.716057 0.187381 0.672422
vn 0.756865 0.187381 0.626134
vn 0.794687 0.187381 0.577374
vn 0.829372 0.187381 0.526336
vn 0.860785 0.187381 0.473220
vn 0.888800 0.187381 0.418238
vn 0.913307 0.187381 0.361604
vn 0.934211 0.187381 0.303543
vn 0.951427 0.187382 0.244285
vn 0.964888 0.187381 0.184062
vn 0.974541 0.187381 0.123114
vn 0.980349 0.187382 0.061678
vn 0.968583 0.248690 -0.000000
vn 0.966672 0.248690 -0.060818
vn 0.960946 0.248690 -0.121396
vn 0.951427 0.248690 -0.181494
vn 0.938153 0.248690 -0.240877
vn 0.921177 0.248690 -0.299308
vn 0.900566 0.248690 -0.356559
vn 0.876400 0.248690 -0.412403
vn 0.848776 0.248690 -0.466618
vn 0.817802 0.248690 -0.518993
vn 0.783600 0.248690 -0.569319
vn 0.746306 0.248690 -0.617398
vn 0.706067 0.248690 -0.663041
vn 0.663041 0.248690 -0.706067
vn 0.617398 0.248690 -0.746306
vn 0.569319 0.248690 -0.783600
vn 0.518993 0.248690 -0.817802
vn 0.466618 0.248690 -0.848776
vn 0.412403 0.248690 -0.876400
vn 0.356559 0.248690 -0.900566
vn 0.299308 0.248690 -0.921177
vn 0.240877 0.248690 -0.938153
vn 0.181494 0.248690 -0.951427
vn 0.121396 0.248690 -0.960945
vn 0.060818 0.248690 -0.966672
vn -0.000000 0.248690 -0.968583
vn -0.060818 0.248690 -0.966672
vn -0.121396 0.248690 -0.960946
vn -0.181494 0.248690 -0.951427
vn -0.240877 0.248690 -0.938153
vn -0.299308 0.248690 -0.921177
vn -0.356559 0.248690 -0.900566
vn -0.412403 0.248690 -0.876400
vn -0.466618 0.248690 -0.848776
vn -0.518993 0.248690 -0.817802
vn -0.569319 0.248690 -0.783600
vn -0.617398 0.248690 -0.746306
vn -0.663041 0.248690 -0.706067
vn -0.706067 0.248690 -0.663041
vn -0.746306 0.248690 -0.617398
vn -0.783600 0.248690 -0.569319
vn -0.817802 0.248690 -0.518993
vn -0.848776 0.248690 -0.466618
vn -0.876400 0.248690 -0.412403
vn -0.900566 0.248690 -0.356559
vn -0.921177 0.248690 -0.299308
vn -0.938153 0.248690 -0.240877
vn -0.951427 0.248690 -0.181494
vn -0.960946 0.248690 -0.121396
vn -0.966672 0.248690 -0.060818
vn -0.968583 0.248690 0.000000
vn -0.966672 0.248690 0.060818
vn -0.960946 0.248690 0.121396
vn -0.951427 0.248690 0.181494
vn -0.938153 0.248690 0.240877
vn -0.921177 0.248690 0.299308
vn -0.900566 0.248690 0.356559
vn -0.876400 0.248690 0.412403
vn -0.848776 0.248690 0.466618
vn -0.817802 0.248690 0.518993
vn -0.783600 0.248690 0.569319
vn -0.746306 0.248690 0.617398
vn -0.706067 0.248690 0.663041
vn -0.663041 0.248690 0.706067
vn -0.617398 0.248690 0.746306
vn -0.569319 0.248690 0.783600
vn -0.518993 0.248690 0.817802
vn -0.466618 0.248690 0.848776
vn -0.412403 0.248690 0.876400
vn -0.356559 0.248690 0.900566
vn -0.299308 0.248690 0.921177
vn -0.240877 0.248690 0.938153
vn -0.181494 0.248690 0.951427
vn -0.121396 0.248690 0.960945
vn -0.060818 0.248690 0.966672
vn 0.000000 0.248690 0.968583
vn 0.060818 0.248690 0.966672
vn 0.121396 0.248690 0.960946
vn 0.181494 0.248690 0.951427
vn 0.240877 0.248690 0.938153
vn 0.299308 0.248690 0.921177
vn 0.356559 0.248690 0.900566
vn 0.412403 0.248690 0.876400
vn 0.466618 0.248690 0.848776
vn 0.518993 0.248690 0.817802
vn 0.569319 0.248690 0.783600
vn 0.617398 0.248690 0.746306
vn 0.663041 0.248690 0.706067
vn 0.706067 0.248690 0.663041
vn 0.746306 0.248690 0.617398
vn 0.783600 0.248690 0.569319
vn 0.817802 0.248690 0.518993
vn 0.848776 0.248690 0.466618
vn 0.876400 0.248690 0.412403
vn 0.900566 0.248690 0.356559
vn 0.921177 0.248690 0.299308
vn 0.938153 0.248690 0.240877
vn 0.951427 0.248690 0.181494
vn 0.960946 0.248690 0.121396
vn 0.966672 0.248690 0.060818
vn 0.951056 0.309017 0.000000
vn 0.949180 0.309017 -0.059717
vn 0.943557 0.309017 -0.119199
vn 0.934211 0.309017 -0.178210
vn 0.921177 0.309017 -0.236518
vn 0.904508 0.309017 -0.293893
vn 0.884270 0.309017 -0.350107
vn 0.860541 0.309017 -0.404940
vn 0.833417 0.309017 -0.458175
vn 0.803003 0.309017 -0.509602
vn 0.769421 0.309017 -0.559017
vn 0.732802 0.309017 -0.606226
vn 0.693290 0.309017 -0.651043
vn 0.651043 0.309017 -0.693290
vn 0.606226 0.309017 -0.732802
vn 0.559017 0.309017 -0.769421
vn 0.509602 0.309017 -0.803003
vn 0.458175 0.309017 -0.833417
vn 0.404940 0.309017 -0.860541
vn 0.350107 0.309017 -0.884270
vn 0.293893 0.309017 -0.904508
vn 0.236518 0.309017 -0.921177
vn 0.178210 0.309017 -0.934211
vn 0.119199 0.309017 -0.943557
vn 0.059717 0.309017 -0.949180
vn -0.000000 0.309017 -0.951056
vn -0.059717 0.309017 -0.949180
vn -0.119199 0.309017 -0.943557
vn -0.178210 0.309017 -0.934211
vn -0.236518 0.309017 -0.921177
vn -0.293893 0.309017 -0.904509
vn -0.350107 0.309017 -0.884270
vn -0.404940 0.309017 -0.860541
vn -0.458175 0.309017 -0.833417
vn -0.509602 0.309017 -0.803003
vn -0.559017 0.309017 -0.769421
vn -0.606226 0.309017 -0.732802
vn -0.651043 0.309017 -0.693290
vn -0.693290 0.309017 -0.651043
vn -0.732802 0.309017 -0.606226
vn -0.769421 0.309017 -0.559017
vn -0.803003 0.309017 -0.509602
vn -0.833417 0.309017 -0.458175
vn -0.860541 0.309017 -0.404940
vn -0.884270 0.309017 -0.350107
vn -0.904508 0.309017 -0.293893
vn -0.921177 0.309017 -0.236518
vn -0.934211 0.309017 -0.178210
vn -0.943557 0.309017 -0.119199
vn -0.949180 0.309017 -0.059717
vn -0.951056 0.309017 0.000000
vn -0.949180 0.309017 0.059717
vn -0.943557 0.309017 0.119199
vn -0.934211 0.309017 0.178210
vn -0.921177 0.309017 0.236518
vn -0.904508 0.309017 0.293893
vn -0.884270 0.309017 0.350107
vn -0.860541 0.309017 0.404940
vn -0.833417 0.309017 0.458175
vn -0.803003 0.309017 0.509602
vn -0.769421 0.309017 0.559017
vn -0.732802 0.309017 0.606226
vn -0.693290 0.309017 0.651043
vn -0.651043 0.309017 0.693290
vn -0.606226 0.309017 0.732802
vn -0.559017 0.309017 0.769421
vn -0.509602 0.309017 0.803003
vn -0.458175 0.309017 0.833417
vn -0.404940 0.309017 0.860541
vn -0.350107 0.309017 0.884270
vn -0.293893 0.309017 0.904508
vn -0.236518 0.309017 0.921177
vn -0.178210 0.309017 0.934211
vn -0.119199 0.309017 0.943557
vn -0.059717 0.309017 0.949180
vn 0.000000 0.309017 0.951056
vn 0.059717 0.309017 0.949180
vn 0.119199 0.309017 0.943557
vn 0.178210 0.309017 0.934211
vn 0.236518 0.309017 0.921177
vn 0.293893 0.309017 0.904509
vn 0.350107 0.309017 0.884270
vn 0.404940 0.309017 0.860541
vn 0.458175 0.309017 0.833417
vn 0.509602 0.309017 0.803003
vn 0.559017 0.309017 0.769421
vn 0.606226 0.309017 0.732802
vn 0.651043 0.309017 0.693290
vn 0.693290 0.309017 0.651043
vn 0.732802 0.309017 0.606226
vn 0.769421 0.309017 0.559017
vn 0.803003 0.309017 0.509602
vn 0.833417 0.309017 0.458175
vn 0.860541 0.309017 0.404940
vn 0.884270 0.309017 0.350107
vn 0.904508 0.309017 0.293893
vn 0.921177 0.309017 0.236518
vn 0.934211 0.309017 0.178210
vn 0.943557 0.309017 0.119199
vn 0.949180 0.309017 0.059717
vn 0.929776 0.368125 0.000000
vn 0.927942 0.368125 -0.058381
vn 0.922445 0.368125 -0.116532
vn 0.913307 0.368125 -0.174223
vn 0.900566 0.368125 -0.231226
vn 0.884270 0.368125 -0.287317
vn 0.864484 0.368125 -0.342274
vn 0.841287 0.368125 -0.395880
vn 0.814769 0.368125 -0.447923
vn 0.785036 0.368125 -0.498199
vn 0.752205 0.368125 -0.546509
vn 0.716405 0.368125 -0.592662
vn 0.677778 0.368125 -0.636476
vn 0.636476 0.368125 -0.677778
vn 0.592662 0.368125 -0.716405
vn 0.546509 0.368125 -0.752205
vn 0.498199 0.368125 -0.785036
vn 0.447923 0.368125 -0.814769
vn 0.395880 0.368125 -0.841287
vn 0.342274 0.368125 -0.864484
vn 0.287317 0.368125 -0.884270
vn 0.231226 0.368125 -0.900566
vn 0.174223 0.368125 -0.913307
vn 0.116532 0.368125 -0.922445
vn 0.058381 0.368125 -0.927942
vn 0.000000 0.368125 -0.929776
vn -0.058381 0.368125 -0.927942
vn -0.116532 0.368125 -0.922445
vn -0.174223 0.368125 -0.913307
vn -0.231226 0.368125 -0.900566
vn -0.287317 0.368125 -0.884270
vn -0.342274 0.368125 -0.864484
vn -0.395880 0.368125 -0.841287
vn -0.447923 0.368125 -0.814769
vn -0.498199 0.368125 -0.785036
vn -0.546509 0.368125 -0.752205
vn -0.592662 0.368125 -0.716405
vn -0.636476 0.368125 -0.677778
vn -0.677778 0.368125 -0.636476
vn -0.716405 0.368125 -0.592662
vn -0.752205 0.368125 -0.546509
vn -0.785036 0.368125 -0.498199
vn -0.814769 0.368125 -0.447923
vn -0.841287 0.368125 -0.395880
vn -0.864484 0.368125 -0.342274
vn -0.884270 0.368125 -0.287317
vn -0.900566 0.368125 -0.231226
vn -0.913307 0.368125 -0.174223
vn -0.922445 0.368125 -0.116532
vn -0.927942 0.368125 -0.058381
vn -0.929776 0.368125 -0.000000
vn -0.927942 0.368125 0.058381
vn -0.922445 0.368125 0.116532
vn -0.913307 0.368125 0.174223
vn -0.900566 0.368125 0.231226
vn -0.884270 0.368125 0.287317
vn -0.864484 0.368125 0.342274
vn -0.841287 0.368125 0.395880
vn -0.814769 0.368125 0.447923
vn -0.785036 0.368125 0.498199
vn -0.752205 0.368125 0.546509
vn -0.716405 0.368125 0.592662
vn -0.677778 0.368125 0.636476
vn -0.636476 0.368125 0.677778
vn -0.592662 0.368125 0.716405
vn -0.546509 0.368125 0.752205
vn -0.498199 0.368125 0.785036
vn -0.447923 0.368125 0.814769
vn -0.395880 0.368125 0.841287
vn -0.342274 0.368125 0.864484
vn -0.287317 0.368125 0.884270
vn -0.231226 0.368125 0.900566
vn -0.174223 0.368125 0.913307
vn -0.116532 0.368125 0.922445
vn -0.058381 0.368125 0.927942
vn -0.000000 0.368125 0.929776
vn 0.058381 0.368125 0.927942
vn 0.116532 0.368125 0.922445
vn 0.174223 0.368125 0.913307
vn 0.231226 0.368125 0.900566
vn 0.287317 0.368125 0.884270
vn 0.342274 0.368125 0.864484
vn 0.395880 0.368125 0.841287
vn 0.447923 0.368125 0.814769
vn 0.498199 0.368125 0.785036
vn 0.546509 0.368125 0.752205
vn 0.592662 0.368125 0.716405
vn 0.636476 0.368125 0.677778
vn 0.677778 0.368125 0.636476
vn 0.716405 0.368125 0.592662
vn 0.752205 0.368125 0.546509
vn 0.785036 0.368125 0.498199
vn 0.814769 0.368125 0.447923
vn 0.841287 0.368125 0.395880
vn 0.864484 0.368125 0.342274
vn 0.884270 0.368125 0.287317
vn 0.900566 0.368125 0.231226
vn 0.913307 0.368125 0.174223
vn 0.922445 0.368125 0.116532
vn 0.927942 0.368125 0.058381
vn 0.904827 0.425780 0.000000
vn 0.903041 0.425780 -0.056815
vn 0.897692 0.425780 -0.113405
vn 0.888800 0.425780 -0.169548
vn 0.876400 0.425780 -0.225021
vn 0.860541 0.425780 -0.279607
vn 0.841287 0.425780 -0.333089
vn 0.818712 0.425780 -0.385256
vn 0.792906 0.425779 -0.435904
vn 0.763971 0.425779 -0.484831
vn 0.732020 0.425780 -0.531844
vn 0.697181 0.425780 -0.576758
vn 0.659590 0.425780 -0.619397
vn 0.619397 0.425780 -0.659590
vn 0.576758 0.425780 -0.697181
vn 0.531844 0.425779 -0.732020
vn 0.484830 0.425779 -0.763971
vn 0.435904 0.425779 -0.792906
vn 0.385256 0.425780 -0.818712
vn 0.333089 0.425780 -0.841287
vn 0.279607 0.425780 -0.860541
vn 0.225021 0.425780 -0.876400
vn 0.169548 0.425780 -0.888800
vn 0.113405 0.425780 -0.897692
vn 0.056815 0.425780 -0.903041
vn 0.000000 0.425780 -0.904827
vn -0.056815 0.425780 -0.903041
vn -0.113405 0.425780 -0.897692
vn -0.169548 0.425780 -0.888800
vn -0.225021 0.425780 -0.876400
vn -0.279607 0.425780 -0.860541
vn -0.333089 0.425780 -0.841287
vn -0.385256 0.425780 -0.818712
vn -0.435904 0.425780 -0.792906
vn -0.484831 0.425780 -0.763971
vn -0.531844 0.425780 -0.732020
vn -0.576758 0.425780 -0.697181
vn -0.619397 0.425780 -0.659590
vn -0.659590 0.425780 -0.619397
vn -0.697181 0.425780 -0.576758
vn -0.732020 0.425779 -0.531844
vn -0.763971 0.425780 -0.484831
vn -0.792906 0.425779 -0.435904
vn -0.818712 0.425780 -0.385256
vn -0.841287 0.425780 -0.333089
vn -0.860541 0.425780 -0.279607
vn -0.876400 0.425780 -0.225021
vn -0.888800 0.425780 -0.169548
vn -0.897692 0.425780 -0.113405
vn -0.903041 0.425780 -0.056815
vn -0.904827 0.425780 -0.000000
vn -0.903041 0.425780 0.056815
vn -0.897692 0.425780 0.113405
vn -0.888800 0.425780 0.169548
vn -0.876400 0.425780 0.225021
vn -0.860541 0.425780 0.279607
vn -0.841287 0.425780 0.333089
vn -0.818712 0.425780 0.385256
vn -0.792906 0.425779 0.435904
vn -0.763971 0.425779 0.484831
vn -0.732020 0.425780 0.531844
vn -0.697181 0.425780 0.576758
vn -0.659590 0.425780 0.619397
vn -0.619397 0.425780 0.659590
vn -0.576758 0.425780 0.697181
vn -0.531844 0.425779 0.732020
vn -0.484830 0.425779 0.763971
vn -0.435904 0.425779 0.792906
vn -0.385256 0.425780 0.818712
vn -0.333089 0.425780 0.841287
vn -0.279607 0.425780 0.860541
vn -0.225021 0.425780 0.876400
vn -0.169548 0.425780 0.888800
vn -0.113405 0.425780 0.897692
vn -0.056815 0.425780 0.903041
vn -0.000000 0.425780 0.904827
vn 0.056815 0.425780 0.903041
vn 0.113405 0.425780 0.897692
vn 0.169548 0.425780 0.888800
vn 0.225021 0.425780 0.876400
vn 0.279607 0.425780 0.860541
vn 0.333089 0.425780 0.841287
vn 0.385256 0.425780 0.818712
vn 0.435904 0.425780 0.792906
vn 0.484831 0.425780 0.763971
vn 0.531844 0.425780 0.732020
vn 0.576758 0.425780 0.697181
vn 0.619397 0.425780 0.659590
vn 0.659590 0.425780 0.619397
vn 0.697181 0.425780 0.576758
vn 0.732020 0.425779 0.531844
vn 0.763971 0.425780 0.484831
vn 0.792906 0.425779 0.435904
vn 0.818712 0.425780 0.385256
vn 0.841287 0.425780 0.333089
vn 0.860541 0.425780 0.279607
vn 0.876400 0.425780 0.225021
vn 0.888800 0.425780 0.169548
vn 0.897692 0.425780 0.113405
vn 0.903041 0.425780 0.056815
vn 0.876306 0.481754 -0.000000
vn 0.874577 0.481754 -0.055024
vn 0.869397 0.481754 -0.109830
vn 0.860785 0.481754 -0.164203
vn 0.848776 0.481754 -0.217929
vn 0.833417 0.481754 -0.270794
vn 0.814769 0.481754 -0.322590
vn 0.792906 0.481754 -0.373113
vn 0.767913 0.481754 -0.422164
vn 0.739890 0.481754 -0.469548
vn 0.708947 0.481754 -0.515080
vn 0.675206 0.481754 -0.558579
vn 0.638800 0.481754 -0.599873
vn 0.599873 0.481754 -0.638800
vn 0.558579 0.481754 -0.675206
vn 0.515080 0.481754 -0.708947
vn 0.469548 0.481754 -0.739890
vn 0.422164 0.481754 -0.767913
vn 0.373113 0.481754 -0.792906
vn 0.322590 0.481754 -0.814769
vn 0.270794 0.481754 -0.833417
vn 0.217929 0.481754 -0.848776
vn 0.164203 0.481754 -0.860785
vn 0.109830 0.481754 -0.869397
vn 0.055024 0.481754 -0.874577
vn -0.000000 0.481754 -0.876306
vn -0.055024 0.481754 -0.874577
vn -0.109830 0.481754 -0.869397
vn -0.164203 0.481754 -0.860785
vn -0.217929 0.481754 -0.848776
vn -0.270794 0.481754 -0.833417
vn -0.322590 0.481754 -0.814769
vn -0.373113 0.481754 -0.792906
vn -0.422164 0.481754 -0.767913
vn -0.469548 0.481754 -0.739890
vn -0.515080 0.481754 -0.708947
vn -0.558579 0.481754 -0.675206
vn -0.599873 0.481754 -0.638800
vn -0.638800 0.481754 -0.599873
vn -0.675206 0.481754 -0.558579
vn -0.708947 0.481754 -0.515080
vn -0.739890 0.481754 -0.469548
vn -0.767913 0.481754 -0.422164
vn -0.792906 0.481754 -0.373113
vn -0.814769 0.481754 -0.322590
vn -0.833417 0.481754 -0.270794
vn -0.848776 0.481754 -0.217929
vn -0.860785 0.481754 -0.164203
vn -0.869397 0.481754 -0.109830
vn -0.874577 0.481754 -0.055024
vn -0.876306 0.481754 0.000000
vn -0.874577 0.481754 0.055024
vn -0.869397 0.481754 0.109830
vn -0.860785 0.481754 0.164203
vn -0.848776 0.481754 0.217929
vn -0.833417 0.481754 0.270794
vn -0.814769 0.481754 0.322590
vn -0.792906 0.481754 0.373113
vn -0.767913 0.481754 0.422164
vn -0.739890 0.481754 0.469548
vn -0.708947 0.481754 0.515080
vn -0.675206 0.481754 0.558579
vn -0.638800 0.481754 0.599873
vn -0.599873 0.481754 0.638800
vn -0.558579 0.481754 0.675206
vn -0.515080 0.481754 0.708947
vn -0.469548 0.481754 0.739890
vn -0.422164 0.481754 0.767913
vn -0.373113 0.481754 0.792906
vn -0.322590 0.481754 0.814769
vn -0.270794 0.481754 0.833417
vn -0.217929 0.481754 0.848776
vn -0.164203 0.481754 0.860785
vn -0.109830 0.481754 0.869397
vn -0.055024 0.481754 0.874577
vn 0.000000 0.481754 0.876306
vn 0.055024 0.481754 0.874577
vn 0.109830 0.481754 0.869397
vn 0.164203 0.481754 0.860785
vn 0.217929 0.481754 0.848776
vn 0.270794 0.481754 0.833417
vn 0.322590 0.481754 0.814769
vn 0.373113 0.481754 0.792906
vn 0.422164 0.481754 0.767913
vn 0.469548 0.481754 0.739890
vn 0.515080 0.481754 0.708947
vn 0.558579 0.481754 0.675206
vn 0.599873 0.481754 0.638800
vn 0.638800 0.481754 0.599873
vn 0.675206 0.481754 0.558579
vn 0.708947 0.481754 0.515080
vn 0.739890 0.481754 0.469548
vn 0.767913 0.481754 0.422164
vn 0.792906 0.481754 0.373113
vn 0.814769 0.481754 0.322590
vn 0.833417 0.481754 0.270794
vn 0.848776 0.481754 0.217929
vn 0.860785 0.481754 0.164203
vn 0.869397 0.481754 0.109830
vn 0.874577 0.481754 0.055024
vn 0.844328 0.535827 -0.000000
vn 0.842662 0.535827 -0.053016
vn 0.837670 0.535827 -0.105822
vn 0.829372 0.535827 -0.158211
vn 0.817801 0.535827 -0.209976
vn 0.803003 0.535827 -0.260912
vn 0.785036 0.535827 -0.310818
vn 0.763970 0.535827 -0.359497
vn 0.739890 0.535827 -0.406758
vn 0.712889 0.535827 -0.452413
vn 0.683075 0.535827 -0.496283
vn 0.650566 0.535827 -0.538195
vn 0.615488 0.535827 -0.577982
vn 0.577982 0.535827 -0.615488
vn 0.538195 0.535827 -0.650566
vn 0.496283 0.535827 -0.683075
vn 0.452413 0.535827 -0.712889
vn 0.406758 0.535827 -0.739890
vn 0.359497 0.535827 -0.763970
vn 0.310818 0.535827 -0.785036
vn 0.260912 0.535827 -0.803003
vn 0.209976 0.535827 -0.817801
vn 0.158211 0.535827 -0.829372
vn 0.105822 0.535827 -0.837670
vn 0.053016 0.535827 -0.842662
vn -0.000000 0.535827 -0.844328
vn -0.053016 0.535827 -0.842662
vn -0.105822 0.535827 -0.837670
vn -0.158211 0.535827 -0.829372
vn -0.209976 0.535827 -0.817801
vn -0.260912 0.535827 -0.803003
vn -0.310818 0.535827 -0.785036
vn -0.359497 0.535827 -0.763970
vn -0.406758 0.535827 -0.739890
vn -0.452413 0.535827 -0.712889
vn -0.496283 0.535827 -0.683075
vn -0.538195 0.535827 -0.650566
vn -0.577982 0.535827 -0.615488
vn -0.615488 0.535827 -0.577982
vn -0.650566 0.535827 -0.538195
vn -0.683075 0.535827 -0.496283
vn -0.712889 0.535827 -0.452413
vn -0.739890 0.535827 -0.406758
vn -0.763970 0.535827 -0.359497
vn -0.785036 0.535827 -0.310818
vn -0.803003 0.535827 -0.260912
vn -0.817801 0.535827 -0.209976
vn -0.829372 0.535827 -0.158211
vn -0.837670 0.535827 -0.105822
vn -0.842662 0.535827 -0.053016
vn -0.844328 0.535827 0.000000
vn -0.842662 0.535827 0.053016
vn -0.837670 0.535827 0.105822
vn -0.829372 0.535827 0.158211
vn -0.817801 0.535827 0.209976
vn -0.803003 0.535827 0.260912
vn -0.785036 0.535827 0.310818
vn -0.763970 0.535827 0.359497
vn -0.739890 0.535827 0.406758
vn -0.712889 0.535827 0.452413
vn -0.683075 0.535827 0.496283
vn -0.650566 0.535827 0.538195
vn -0.615488 0.535827 0.577982
vn -0.577982 0.535827 0.615488
vn -0.538195 0.535827 0.650566
vn -0.496283 0.535827 0.683075
vn -0.452413 0.535827 0.712889
vn -0.406758 0.535827 0.739890
vn -0.359497 0.535827 0.763970
vn -0.310818 0.535827 0.785036
vn -0.260912 0.535827 0.803003
vn -0.209976 0.535827 0.817801
vn -0.158211 0.535827 0.829372
vn -0.105822 0.535827 0.837670
vn -0.053016 0.535827 0.842662
vn 0.000000 0.535827 0.844328
vn 0.053016 0.535827 0.842662
vn 0.105822 0.535827 0.837670
vn 0.158211 0.535827 0.829372
vn 0.209976 0.535827 0.817801
vn 0.260912 0.535827 0.803003
vn 0.310818 0.535827 0.785036
vn 0.359497 0.535827 0.763970
vn 0.406758 0.535827 0.739890
vn 0.452413 0.535827 0.712889
vn 0.496283 0.535827 0.683075
vn 0.538195 0.535827 0.650566
vn 0.577982 0.535827 0.615488
vn 0.615488 0.535827 0.577982
vn 0.650566 0.535827 0.538195
vn 0.683075 0.535827 0.496283
vn 0.712889 0.535827 0.452413
vn 0.739890 0.535827 0.406758
vn 0.763970 0.535827 0.359497
vn 0.785036 0.535827 0.310818
vn 0.803003 0.535827 0.260912
vn 0.817801 0.535827 0.209976
vn 0.829372 0.535827 0.158211
vn 0.837670 0.535827 0.105822
vn 0.842662 0.535827 0.053016
vn 0.809017 0.587786 -0.000000
vn 0.807420 0.587786 -0.050799
vn 0.802637 0.587786 -0.101397
vn 0.794687 0.587786 -0.151594
vn 0.783600 0.587786 -0.201195
vn 0.769421 0.587786 -0.250000
vn 0.752205 0.587786 -0.297819
vn 0.732020 0.587786 -0.344463
vn 0.708947 0.587786 -0.389747
vn 0.683075 0.587786 -0.433493
vn 0.654508 0.587786 -0.475528
vn 0.623358 0.587786 -0.515687
vn 0.589748 0.587786 -0.553810
vn 0.553810 0.587786 -0.589748
vn 0.515687 0.587786 -0.623358
vn 0.475528 0.587786 -0.654508
vn 0.433493 0.587786 -0.683075
vn 0.389746 0.587786 -0.708947
vn 0.344463 0.587786 -0.732020
vn 0.297819 0.587786 -0.752205
vn 0.250000 0.587786 -0.769421
vn 0.201195 0.587786 -0.783600
vn 0.151595 0.587786 -0.794687
vn 0.101397 0.587786 -0.802637
vn 0.050799 0.587786 -0.807420
vn -0.000000 0.587786 -0.809017
vn -0.050799 0.587786 -0.807420
vn -0.101397 0.587786 -0.802637
vn -0.151594 0.587786 -0.794687
vn -0.201195 0.587786 -0.783600
vn -0.250000 0.587786 -0.769421
vn -0.297819 0.587786 -0.752205
vn -0.344463 0.587786 -0.732020
vn -0.389747 0.587786 -0.708947
vn -0.433493 0.587786 -0.683075
vn -0.475528 0.587786 -0.654508
vn -0.515687 0.587786 -0.623358
vn -0.553810 0.587786 -0.589748
vn -0.589748 0.587786 -0.553810
vn -0.623358 0.587786 -0.515687
vn -0.654508 0.587786 -0.475528
vn -0.683075 0.587786 -0.433493
vn -0.708947 0.587786 -0.389746
vn -0.732020 0.587786 -0.344463
vn -0.752205 0.587786 -0.297819
vn -0.769421 0.587786 -0.250000
vn -0.783600 0.587786 -0.201195
vn -0.794687 0.587786 -0.151595
vn -0.802637 0.587786 -0.101397
vn -0.807420 0.587786 -0.050799
vn -0.809017 0.587786 0.000000
vn -0.807420 0.587786 0.050799
vn -0.802637 0.587786 0.101397
vn -0.794687 0.587786 0.151594
vn -0.783600 0.587786 0.201195
vn -0.769421 0.587786 0.250000
vn -0.752205 0.587786 0.297819
vn -0.732020 0.587786 0.344463
vn -0.708947 0.587786 0.389747
vn -0.683075 0.587786 0.433493
vn -0.654508 0.587786 0.475528
vn -0.623358 0.587786 0.515687
vn -0.589748 0.587786 0.553810
vn -0.553810 0.587786 0.589748
vn -0.515687 0.587786 0.623358
vn -0.475528 0.587786 0.654508
vn -0.433493 0.587786 0.683075
vn -0.389746 0.587786 0.708947
vn -0.344463 0.587786 0.732020
vn -0.297819 0.587786 0.752205
vn -0.250000 0.587786 0.769421
vn -0.201195 0.587786 0.783600
vn -0.151595 0.587786 0.794687
vn -0.101397 0.587786 0.802637
vn -0.050799 0.587786 0.807420
vn 0.000000 0.587786 0.809017
vn 0.050799 0.587786 0.807420
vn 0.101397 0.587786 0.802637
vn 0.151594 0.587786 0.794687
vn 0.201195 0.587786 0.783600
vn 0.250000 0.587786 0.769421
vn 0.297819 0.587786 0.752205
vn 0.344463 0.587786 0.732020
vn 0.389747 0.587786 0.708947
vn 0.433493 0.587786 0.683075
vn 0.475528 0.587786 0.654508
vn 0.515687 0.587786 0.623358
vn 0.553810 0.587786 0.589748
vn 0.589748 0.587786 0.553810
vn 0.623358 0.587786 0.515687
vn 0.654508 0.587786 0.475528
vn 0.683075 0.587786 0.433493
vn 0.708947 0.587786 0.389746
vn 0.732020 0.587786 0.344463
vn 0.752205 0.587786 0.297819
vn 0.769421 0.587786 0.250000
vn 0.783600 0.587786 0.201195
vn 0.794687 0.587786 0.151595
vn 0.802637 0.587786 0.101397
vn 0.807420 0.587786 0.050799
vn 0.770513 0.637424 -0.000000
vn 0.768993 0.637424 -0.048381
vn 0.764437 0.637424 -0.096571
vn 0.756865 0.637424 -0.144380
vn 0.746306 0.637424 -0.191619
vn 0.732802 0.637424 -0.238102
vn 0.716405 0.637424 -0.283645
vn 0.697181 0.637424 -0.328068
vn 0.675206 0.637424 -0.371197
vn 0.650566 0.637424 -0.412861
vn 0.623358 0.637424 -0.452896
vn 0.593690 0.637424 -0.491144
vn 0.561680 0.637424 -0.527452
vn 0.527452 0.637424 -0.561680
vn 0.491144 0.637424 -0.593690
vn 0.452896 0.637424 -0.623358
vn 0.412861 0.637424 -0.650566
vn 0.371197 0.637424 -0.675206
vn 0.328069 0.637424 -0.697181
vn 0.283645 0.637424 -0.716405
vn 0.238102 0.637424 -0.732801
vn 0.191619 0.637424 -0.746306
vn 0.144380 0.637424 -0.756865
vn 0.096571 0.637424 -0.764437
vn 0.048381 0.637424 -0.768992
vn 0.000000 0.637424 -0.770513
vn -0.048381 0.637424 -0.768992
vn -0.096571 0.637424 -0.764437
vn -0.144380 0.637424 -0.756865
vn -0.191619 0.637424 -0.746306
vn -0.238102 0.637424 -0.732802
vn -0.283645 0.637424 -0.716405
vn -0.328068 0.637424 -0.697181
vn -0.371197 0.637424 -0.675206
vn -0.412861 0.637424 -0.650566
vn -0.452896 0.637424 -0.623358
vn -0.491144 0.637424 -0.593690
vn -0.527452 0.637424 -0.561680
vn -0.561680 0.637424 -0.527452
vn -0.593690 0.637424 -0.491144
vn -0.623358 0.637424 -0.452896
vn -0.650566 0.637424 -0.412862
vn -0.675206 0.637424 -0.371197
vn -0.697181 0.637424 -0.328069
vn -0.716405 0.637424 -0.283645
vn -0.732801 0.637424 -0.238102
vn -0.746306 0.637424 -0.191619
vn -0.756865 0.637424 -0.144380
vn -0.764437 0.637424 -0.096571
vn -0.768993 0.637424 -0.048381
vn -0.770513 0.637424 0.000000
vn -0.768993 0.637424 0.048381
vn -0.764437 0.637424 0.096571
vn -0.756865 0.637424 0.144380
vn -0.746306 0.637424 0.191619
vn -0.732802 0.637424 0.238102
vn -0.716405 0.637424 0.283645
vn -0.697181 0.637424 0.328068
vn -0.675206 0.637424 0.371197
vn -0.650566 0.637424 0.412861
vn -0.623358 0.637424 0.452896
vn -0.593690 0.637424 0.491144
vn -0.561680 0.637424 0.527452
vn -0.527452 0.637424 0.561680
vn -0.491144 0.637424 0.593690
vn -0.452896 0.637424 0.623358
vn -0.412861 0.637424 0.650566
vn -0.371197 0.637424 0.675206
vn -0.328069 0.637424 0.697181
vn -0.283645 0.637424 0.716405
vn -0.238102 0.637424 0.732801
vn -0.191619 0.637424 0.746306
vn -0.144380 0.637424 0.756865
vn -0.096571 0.637424 0.764437
vn -0.048381 0.637424 0.768992
vn 0.000000 0.637424 0.770513
vn 0.048381 0.637424 0.768992
vn 0.096571 0.637424 0.764437
vn 0.144380 0.637424 0.756865
vn 0.191619 0.637424 0.746306
vn 0.238102 0.637424 0.732802
vn 0.283645 0.637424 0.716405
vn 0.328068 0.637424 0.697181
vn 0.371197 0.637424 0.675206
vn 0.412861 0.637424 0.650566
vn 0.452896 0.637424 0.623358
vn 0.491144 0.637424 0.593690
vn 0.527452 0.637424 0.561680
vn 0.561680 0.637424 0.527452
vn 0.593690 0.637424 0.491144
vn 0.623358 0.637424 0.452896
vn 0.650566 0.637424 0.412862
vn 0.675206 0.637424 0.371197
vn 0.697181 0.637424 0.328069
vn 0.716405 0.637424 0.283645
vn 0.732801 0.637424 0.238102
vn 0.746306 0.637424 0.191619
vn 0.756865 0.637424 0.144380
vn 0.764437 0.637424 0.096571
vn 0.768993 0.637424 0.048381
vn 0.728968 0.684547 -0.000000
vn 0.727530 0.684547 -0.045772
vn 0.723220 0.684547 -0.091364
vn 0.716056 0.684548 -0.136595
vn 0.706066 0.684548 -0.181287
vn 0.693290 0.684547 -0.225264
vn 0.677778 0.684548 -0.268351
vn 0.659590 0.684548 -0.310380
vn 0.638800 0.684548 -0.351183
vn 0.615488 0.684548 -0.390601
vn 0.589748 0.684548 -0.428477
vn 0.561680 0.684547 -0.464662
vn 0.531395 0.684547 -0.499013
vn 0.499013 0.684547 -0.531395
vn 0.464662 0.684547 -0.561680
vn 0.428477 0.684548 -0.589748
vn 0.390601 0.684548 -0.615488
vn 0.351183 0.684548 -0.638800
vn 0.310380 0.684548 -0.659590
vn 0.268351 0.684548 -0.677778
vn 0.225264 0.684548 -0.693290
vn 0.181287 0.684547 -0.706066
vn 0.136595 0.684548 -0.716056
vn 0.091364 0.684547 -0.723220
vn 0.045772 0.684547 -0.727530
vn -0.000000 0.684547 -0.728968
vn -0.045772 0.684547 -0.727530
vn -0.091364 0.684547 -0.723220
vn -0.136595 0.684548 -0.716056
vn -0.181287 0.684548 -0.706066
vn -0.225264 0.684547 -0.693290
vn -0.268351 0.684548 -0.677778
vn -0.310380 0.684548 -0.659590
vn -0.351183 0.684548 -0.638800
vn -0.390601 0.684548 -0.615488
vn -0.428477 0.684548 -0.589748
vn -0.464662 0.684547 -0.561680
vn -0.499013 0.684547 -0.531395
vn -0.531395 0.684547 -0.499013
vn -0.561680 0.684547 -0.464662
vn -0.589748 0.684548 -0.428477
vn -0.615488 0.684548 -0.390601
vn -0.638800 0.684548 -0.351183
vn -0.659590 0.684548 -0.310380
vn -0.677778 0.684547 -0.268351
vn -0.693290 0.684547 -0.225264
vn -0.706066 0.684547 -0.181287
vn -0.716056 0.684548 -0.136595
vn -0.723220 0.684547 -0.091364
vn -0.727530 0.684547 -0.045772
vn -0.728968 0.684547 0.000000
vn -0.727530 0.684547 0.045772
vn -0.723220 0.684547 0.091364
vn -0.716056 0.684548 0.136595
vn -0.706066 0.684548 0.181287
vn -0.693290 0.684547 0.225264
vn -0.677778 0.684548 0.268351
vn -0.659590 0.684548 0.310380
vn -0.638800 0.684548 0.351183
vn -0.615488 0.684548 0.390601
vn -0.589748 0.684548 0.428477
vn -0.561680 0.684547 0.464662
vn -0.531395 0.684547 0.499013
vn -0.499013 0.684547 0.531395
vn -0.464662 0.684547 0.561680
vn -0.428477 0.684548 0.589748
vn -0.390601 0.684548 0.615488
vn -0.351183 0.684548 0.638800
vn -0.310380 0.684548 0.659590
vn -0.268351 0.684548 0.677778
vn -0.225264 0.684548 0.693290
vn -0.181287 0.684547 0.706066
vn -0.136595 0.684548 0.716056
vn -0.091364 0.684547 0.723220
vn -0.045772 0.684547 0.727530
vn 0.000000 0.684547 0.728968
vn 0.045772 0.684547 0.727530
vn 0.091364 0.684547 0.723220
vn 0.136595 0.684548 0.716056
vn 0.181287 0.684548 0.706066
vn 0.225264 0.684547 0.693290
vn 0.268351 0.684548 0.677778
vn 0.310380 0.684548 0.659590
vn 0.351183 0.684548 0.638800
vn 0.390601 0.684548 0.615488
vn 0.428477 0.684548 0.589748
vn 0.464662 0.684547 0.561680
vn 0.499013 0.684547 0.531395
vn 0.531395 0.684547 0.499013
vn 0.561680 0.684547 0.464662
vn 0.589748 0.684548 0.428477
vn 0.615488 0.684548 0.390601
vn 0.638800 0.684548 0.351183
vn 0.659590 0.684548 0.310380
vn 0.677778 0.684547 0.268351
vn 0.693290 0.684547 0.225264
vn 0.706066 0.684547 0.181287
vn 0.716056 0.684548 0.136595
vn 0.723220 0.684547 0.091364
vn 0.727530 0.684547 0.045772
vn 0.684547 0.728969 -0.000000
vn 0.683196 0.728969 -0.042983
vn 0.679149 0.728969 -0.085797
vn 0.672421 0.728969 -0.128271
vn 0.663040 0.728969 -0.170240
vn 0.651043 0.728969 -0.211537
vn 0.636475 0.728969 -0.251999
vn 0.619396 0.728969 -0.291466
vn 0.599873 0.728969 -0.329783
vn 0.577982 0.728969 -0.366798
vn 0.553810 0.728969 -0.402367
vn 0.527452 0.728969 -0.436346
vn 0.499013 0.728969 -0.468604
vn 0.468604 0.728969 -0.499013
vn 0.436347 0.728969 -0.527452
vn 0.402367 0.728969 -0.553810
vn 0.366798 0.728969 -0.577982
vn 0.329783 0.728969 -0.599873
vn 0.291466 0.728969 -0.619396
vn 0.251999 0.728969 -0.636475
vn 0.211537 0.728969 -0.651043
vn 0.170240 0.728969 -0.663040
vn 0.128271 0.728969 -0.672421
vn 0.085797 0.728969 -0.679149
vn 0.042983 0.728969 -0.683196
vn -0.000000 0.728969 -0.684547
vn -0.042983 0.728969 -0.683196
vn -0.085797 0.728969 -0.679149
vn -0.128271 0.728969 -0.672421
vn -0.170240 0.728969 -0.663040
vn -0.211537 0.728969 -0.651043
vn -0.251999 0.728969 -0.636475
vn -0.291466 0.728969 -0.619396
vn -0.329783 0.728969 -0.599873
vn -0.366798 0.728969 -0.577982
vn -0.402367 0.728969 -0.553810
vn -0.436346 0.728969 -0.527452
vn -0.468604 0.728969 -0.499013
vn -0.499013 0.728969 -0.468604
vn -0.527452 0.728969 -0.436346
vn -0.553810 0.728969 -0.402367
vn -0.577982 0.728969 -0.366798
vn -0.599873 0.728969 -0.329783
vn -0.619396 0.728969 -0.291466
vn -0.636475 0.728969 -0.251999
vn -0.651043 0.728969 -0.211537
vn -0.663040 0.728969 -0.170240
vn -0.672421 0.728969 -0.128271
vn -0.679149 0.728969 -0.085797
vn -0.683196 0.728969 -0.042983
vn -0.684547 0.728969 0.000000
vn -0.683196 0.728969 0.042983
vn -0.679149 0.728969 0.085797
vn -0.672421 0.728969 0.128271
vn -0.663040 0.728969 0.170240
vn -0.651043 0.728969 0.211537
vn -0.636475 0.728969 0.251999
vn -0.619396 0.728969 0.291466
vn -0.599873 0.728969 0.329783
vn -0.577982 0.728969 0.366798
vn -0.553810 0.728969 0.402367
vn -0.527452 0.728969 0.436346
vn -0.499013 0.728969 0.468604
vn -0.468604 0.728969 0.499013
vn -0.436347 0.728969 0.527452
vn -0.402367 0.728969 0.553810
vn -0.366798 0.728969 0.577982
vn -0.329783 0.728969 0.599873
vn -0.291466 0.728969 0.619396
vn -0.251999 0.728969 0.636475
vn -0.211537 0.728969 0.651043
vn -0.170240 0.728969 0.663040
vn -0.128271 0.728969 0.672421
vn -0.085797 0.728969 0.679149
vn -0.042983 0.728969 0.683196
vn 0.000000 0.728969 0.684547
vn 0.042983 0.728969 0.683196
vn 0.085797 0.728969 0.679149
vn 0.128271 0.728969 0.672421
vn 0.170240 0.728969 0.663040
vn 0.211537 0.728969 0.651043
vn 0.251999 0.728969 0.636475
vn 0.291466 0.728969 0.619396
vn 0.329783 0.728969 0.599873
vn 0.366798 0.728969 0.577982
vn 0.402367 0.728969 0.553810
vn 0.436346 0.728969 0.527452
vn 0.468604 0.728969 0.499013
vn 0.499013 0.728969 0.468604
vn 0.527452 0.728969 0.436346
vn 0.553810 0.728969 0.402367
vn 0.577982 0.728969 0.366798
vn 0.599873 0.728969 0.329783
vn 0.619396 0.728969 0.291466
vn 0.636475 0.728969 0.251999
vn 0.651043 0.728969 0.211537
vn 0.663040 0.728969 0.170240
vn 0.672421 0.728969 0.128271
vn 0.679149 0.728969 0.085797
vn 0.683196 0.728969 0.042983
vn 0.637424 0.770514 0.000000
vn 0.636166 0.770514 -0.040024
vn 0.632397 0.770514 -0.079890
vn 0.626133 0.770514 -0.119441
vn 0.617398 0.770514 -0.158521
vn 0.606226 0.770514 -0.196975
vn 0.592662 0.770514 -0.234651
vn 0.576758 0.770513 -0.271402
vn 0.558579 0.770513 -0.307081
vn 0.538195 0.770514 -0.341549
vn 0.515687 0.770514 -0.374668
vn 0.491143 0.770513 -0.406309
vn 0.464662 0.770513 -0.436347
vn 0.436346 0.770513 -0.464662
vn 0.406309 0.770513 -0.491143
vn 0.374668 0.770513 -0.515687
vn 0.341549 0.770513 -0.538195
vn 0.307081 0.770513 -0.558579
vn 0.271402 0.770514 -0.576758
vn 0.234651 0.770514 -0.592662
vn 0.196975 0.770514 -0.606226
vn 0.158521 0.770514 -0.617398
vn 0.119441 0.770514 -0.626133
vn 0.079890 0.770514 -0.632397
vn 0.040024 0.770514 -0.636166
vn 0.000000 0.770514 -0.637424
vn -0.040024 0.770514 -0.636166
vn -0.079890 0.770514 -0.632397
vn -0.119441 0.770514 -0.626133
vn -0.158521 0.770514 -0.617398
vn -0.196975 0.770514 -0.606226
vn -0.234651 0.770514 -0.592662
vn -0.271402 0.770513 -0.576758
vn -0.307081 0.770513 -0.558579
vn -0.341549 0.770514 -0.538195
vn -0.374668 0.770514 -0.515687
vn -0.406309 0.770513 -0.491143
vn -0.436347 0.770513 -0.464662
vn -0.464662 0.770513 -0.436346
vn -0.491143 0.770513 -0.406309
vn -0.515687 0.770513 -0.374668
vn -0.538195 0.770514 -0.341549
vn -0.558579 0.770513 -0.307081
vn -0.576758 0.770514 -0.271402
vn -0.592662 0.770514 -0.234651
vn -0.606226 0.770514 -0.196975
vn -0.617398 0.770514 -0.158521
vn -0.626133 0.770514 -0.119441
vn -0.632397 0.770514 -0.079890
vn -0.636166 0.770514 -0.040024
vn -0.637424 0.770514 -0.000000
vn -0.636166 0.770514 0.040024
vn -0.632397 0.770514 0.079890
vn -0.626133 0.770514 0.119441
vn -0.617398 0.770514 0.158521
vn -0.606226 0.770514 0.196975
vn -0.592662 0.770514 0.234651
vn -0.576758 0.770513 0.271402
vn -0.558579 0.770513 0.307081
vn -0.538195 0.770514 0.341549
vn -0.515687 0.770514 0.374668
vn -0.491143 0.770513 0.406309
vn -0.464662 0.770513 0.436347
vn -0.436346 0.770513 0.464662
vn -0.406309 0.770513 0.491143
vn -0.374668 0.770513 0.515687
vn -0.341549 0.770513 0.538195
vn -0.307081 0.770513 0.558579
vn -0.271402 0.770514 0.576758
vn -0.234651 0.770514 0.592662
vn -0.196975 0.770514 0.606226
vn -0.158521 0.770514 0.617398
vn -0.119441 0.770514 0.626133
vn -0.079890 0.770514 0.632397
vn -0.040024 0.770514 0.636166
vn -0.000000 0.770514 0.637424
vn 0.040024 0.770514 0.636166
vn 0.079890 0.770514 0.632397
vn 0.119441 0.770514 0.626133
vn 0.158521 0.770514 0.617398
vn 0.196975 0.770514 0.606226
vn 0.234651 0.770514 0.592662
vn 0.271402 0.770513 0.576758
vn 0.307081 0.770513 0.558579
vn 0.341549 0.770514 0.538195
vn 0.374668 0.770514 0.515687
vn 0.406309 0.770513 0.491143
vn 0.436347 0.770513 0.464662
vn 0.464662 0.770513 0.436346
vn 0.491143 0.770513 0.406309
vn 0.515687 0.770513 0.374668
vn 0.538195 0.770514 0.341549
vn 0.558579 0.770513 0.307081
vn 0.576758 0.770514 0.271402
vn 0.592662 0.770514 0.234651
vn 0.606226 0.770514 0.196975
vn 0.617398 0.770514 0.158521
vn 0.626133 0.770514 0.119441
vn 0.632397 0.770514 0.079890
vn 0.636166 0.770514 0.040024
vn 0.587785 0.809017 0.000000
vn 0.586625 0.809017 -0.036907
vn 0.583150 0.809017 -0.073669
vn 0.577374 0.809017 -0.110140
vn 0.569319 0.809017 -0.146176
vn 0.559017 0.809017 -0.181635
vn 0.546509 0.809017 -0.216378
vn 0.531844 0.809017 -0.250267
vn 0.515080 0.809017 -0.283168
vn 0.496283 0.809017 -0.314951
vn 0.475528 0.809017 -0.345491
vn 0.452896 0.809017 -0.374668
vn 0.428477 0.809017 -0.402366
vn 0.402366 0.809017 -0.428477
vn 0.374668 0.809017 -0.452896
vn 0.345491 0.809017 -0.475528
vn 0.314951 0.809017 -0.496283
vn 0.283168 0.809017 -0.515080
vn 0.250267 0.809017 -0.531844
vn 0.216378 0.809017 -0.546509
vn 0.181635 0.809017 -0.559017
vn 0.146176 0.809017 -0.569319
vn 0.110140 0.809017 -0.577374
vn 0.073669 0.809017 -0.583150
vn 0.036907 0.809017 -0.586625
vn 0.000000 0.809017 -0.587785
vn -0.036907 0.809017 -0.586625
vn -0.073669 0.809017 -0.583150
vn -0.110140 0.809017 -0.577374
vn -0.146176 0.809017 -0.569319
vn -0.181635 0.809017 -0.559017
vn -0.216378 0.809017 -0.546509
vn -0.250267 0.809017 -0.531844
vn -0.283168 0.809017 -0.515080
vn -0.314951 0.809017 -0.496283
vn -0.345491 0.809017 -0.475528
vn -0.374668 0.809017 -0.452896
vn -0.402366 0.809017 -0.428477
vn -0.428477 0.809017 -0.402366
vn -0.452896 0.809017 -0.374668
vn -0.475528 0.809017 -0.345491
vn -0.496283 0.809017 -0.314951
vn -0.515080 0.809017 -0.283168
vn -0.531844 0.809017 -0.250267
vn -0.546509 0.809017 -0.216378
vn -0.559017 0.809017 -0.181635
vn -0.569319 0.809017 -0.146176
vn -0.577374 0.809017 -0.110140
vn -0.583150 0.809017 -0.073669
vn -0.586625 0.809017 -0.036907
vn -0.587785 0.809017 -0.000000
vn -0.586625 0.809017 0.036907
vn -0.583150 0.809017 0.073669
vn -0.577374 0.809017 0.110140
vn -0.569319 0.809017 0.146176
vn -0.559017 0.809017 0.181635
vn -0.546509 0.809017 0.216378
vn -0.531844 0.809017 0.250267
vn -0.515080 0.809017 0.283168
vn -0.496283 0.809017 0.314951
vn -0.475528 0.809017 0.345491
vn -0.452896 0.809017 0.374668
vn -0.428477 0.809017 0.402366
vn -0.402366 0.809017 0.428477
vn -0.374668 0.809017 0.452896
vn -0.345491 0.809017 0.475528
vn -0.314951 0.809017 0.496283
vn -0.283168 0.809017 0.515080
vn -0.250267 0.809017 0.531844
vn -0.216378 0.809017 0.546509
vn -0.181635 0.809017 0.559017
vn -0.146176 0.809017 0.569319
vn -0.110140 0.809017 0.577374
vn -0.073669 0.809017 0.583150
vn -0.036907 0.809017 0.586625
vn -0.000000 0.809017 0.587785
vn 0.036907 0.809017 0.586625
vn 0.073669 0.809017 0.583150
vn 0.110140 0.809017 0.577374
vn 0.146176 0.809017 0.569319
vn 0.181635 0.809017 0.559017
vn 0.216378 0.809017 0.546509
vn 0.250267 0.809017 0.531844
vn 0.283168 0.809017 0.515080
vn 0.314951 0.809017 0.496283
vn 0.345491 0.809017 0.475528
vn 0.374668 0.809017 0.452896
vn 0.402366 0.809017 0.428477
vn 0.428477 0.809017 0.402366
vn 0.452896 0.809017 0.374668
vn 0.475528 0.809017 0.345491
vn 0.496283 0.809017 0.314951
vn 0.515080 0.809017 0.283168
vn 0.531844 0.809017 0.250267
vn 0.546509 0.809017 0.216378
vn 0.559017 0.809017 0.181635
vn 0.569319 0.809017 0.146176
vn 0.577374 0.809017 0.110140
vn 0.583150 0.809017 0.073669
vn 0.586625 0.809017 0.036907
vn 0.535826 0.844328 -0.000000
vn 0.534769 0.844328 -0.033645
vn 0.531601 0.844328 -0.067157
vn 0.526335 0.844328 -0.100404
vn 0.518992 0.844328 -0.133255
vn 0.509601 0.844328 -0.165579
vn 0.498199 0.844328 -0.197251
vn 0.484830 0.844328 -0.228144
vn 0.469548 0.844328 -0.258136
vn 0.452413 0.844328 -0.287110
vn 0.433493 0.844328 -0.314951
vn 0.412861 0.844328 -0.341548
vn 0.390600 0.844328 -0.366798
vn 0.366798 0.844328 -0.390600
vn 0.341549 0.844328 -0.412861
vn 0.314951 0.844328 -0.433492
vn 0.287110 0.844328 -0.452413
vn 0.258136 0.844328 -0.469548
vn 0.228144 0.844328 -0.484830
vn 0.197251 0.844328 -0.498199
vn 0.165579 0.844328 -0.509601
vn 0.133254 0.844328 -0.518992
vn 0.100404 0.844328 -0.526335
vn 0.067157 0.844328 -0.531601
vn 0.033645 0.844328 -0.534769
vn -0.000000 0.844328 -0.535826
vn -0.033645 0.844328 -0.534769
vn -0.067157 0.844328 -0.531601
vn -0.100404 0.844328 -0.526335
vn -0.133254 0.844328 -0.518992
vn -0.165579 0.844328 -0.509601
vn -0.197251 0.844328 -0.498199
vn -0.228144 0.844328 -0.484830
vn -0.258136 0.844328 -0.469548
vn -0.287110 0.844328 -0.452413
vn -0.314951 0.844328 -0.433492
vn -0.341548 0.844328 -0.412861
vn -0.366798 0.844328 -0.390600
vn -0.390600 0.844328 -0.366798
vn -0.412861 0.844328 -0.341549
vn -0.433493 0.844328 -0.314951
vn -0.452413 0.844328 -0.287110
vn -0.469548 0.844328 -0.258136
vn -0.484830 0.844328 -0.228144
vn -0.498199 0.844328 -0.197251
vn -0.509601 0.844328 -0.165579
vn -0.518992 0.844328 -0.133254
vn -0.526335 0.844328 -0.100404
vn -0.531601 0.844328 -0.067157
vn -0.534769 0.844328 -0.033645
vn -0.535826 0.844328 0.000000
vn -0.534769 0.844328 0.033645
vn -0.531601 0.844328 0.067157
vn -0.526335 0.844328 0.100404
vn -0.518992 0.844328 0.133255
vn -0.509601 0.844328 0.165579
vn -0.498199 0.844328 0.197251
vn -0.484830 0.844328 0.228144
vn -0.469548 0.844328 0.258136
vn -0.452413 0.844328 0.287110
vn -0.433493 0.844328 0.314951
vn -0.412861 0.844328 0.341548
vn -0.390600 0.844328 0.366798
vn -0.366798 0.844328 0.390600
vn -0.341549 0.844328 0.412861
vn -0.314951 0.844328 0.433492
vn -0.287110 0.844328 0.452413
vn -0.258136 0.844328 0.469548
vn -0.228144 0.844328 0.484830
vn -0.197251 0.844328 0.498199
vn -0.165579 0.844328 0.509601
vn -0.133254 0.844328 0.518992
vn -0.100404 0.844328 0.526335
vn -0.067157 0.844328 0.531601
vn -0.033645 0.844328 0.534769
vn 0.000000 0.844328 0.535826
vn 0.033645 0.844328 0.534769
vn 0.067157 0.844328 0.531601
vn 0.100404 0.844328 0.526335
vn 0.133254 0.844328 0.518992
vn 0.165579 0.844328 0.509601
vn 0.197251 0.844328 0.498199
vn 0.228144 0.844328 0.484830
vn 0.258136 0.844328 0.469548
vn 0.287110 0.844328 0.452413
vn 0.314951 0.844328 0.433492
vn 0.341548 0.844328 0.412861
vn 0.366798 0.844328 0.390600
vn 0.390600 0.844328 0.366798
vn 0.412861 0.844328 0.341549
vn 0.433493 0.844328 0.314951
vn 0.452413 0.844328 0.287110
vn 0.469548 0.844328 0.258136
vn 0.484830 0.844328 0.228144
vn 0.498199 0.844328 0.197251
vn 0.509601 0.844328 0.165579
vn 0.518992 0.844328 0.133254
vn 0.526335 0.844328 0.100404
vn 0.531601 0.844328 0.067157
vn 0.534769 0.844328 0.033645
vn 0.481753 0.876307 -0.000000
vn 0.480803 0.876307 -0.030250
vn 0.477955 0.876307 -0.060380
vn 0.473220 0.876307 -0.090272
vn 0.466618 0.876307 -0.119807
vn 0.458175 0.876307 -0.148870
vn 0.447923 0.876307 -0.177345
vn 0.435903 0.876307 -0.205121
vn 0.422164 0.876307 -0.232086
vn 0.406758 0.876307 -0.258136
vn 0.389747 0.876307 -0.283168
vn 0.371197 0.876307 -0.307081
vn 0.351183 0.876307 -0.329783
vn 0.329783 0.876307 -0.351183
vn 0.307081 0.876307 -0.371197
vn 0.283168 0.876307 -0.389747
vn 0.258136 0.876307 -0.406758
vn 0.232086 0.876307 -0.422164
vn 0.205121 0.876307 -0.435903
vn 0.177345 0.876307 -0.447923
vn 0.148870 0.876307 -0.458175
vn 0.119807 0.876307 -0.466618
vn 0.090272 0.876307 -0.473220
vn 0.060380 0.876307 -0.477955
vn 0.030250 0.876307 -0.480803
vn -0.000000 0.876307 -0.481753
vn -0.030250 0.876307 -0.480803
vn -0.060380 0.876307 -0.477955
vn -0.090272 0.876307 -0.473220
vn -0.119807 0.876307 -0.466618
vn -0.148870 0.876307 -0.458175
vn -0.177345 0.876307 -0.447923
vn -0.205121 0.876307 -0.435903
vn -0.232086 0.876307 -0.422164
vn -0.258136 0.876307 -0.406758
vn -0.283168 0.876307 -0.389747
vn -0.307081 0.876307 -0.371197
vn -0.329783 0.876307 -0.351183
vn -0.351183 0.876307 -0.329783
vn -0.371197 0.876307 -0.307081
vn -0.389747 0.876307 -0.283168
vn -0.406758 0.876307 -0.258136
vn -0.422164 0.876307 -0.232086
vn -0.435903 0.876307 -0.205121
vn -0.447923 0.876307 -0.177345
vn -0.458175 0.876307 -0.148870
vn -0.466618 0.876307 -0.119807
vn -0.473220 0.876307 -0.090272
vn -0.477955 0.876307 -0.060380
vn -0.480803 0.876307 -0.030250
vn -0.481753 0.876307 0.000000
vn -0.480803 0.876307 0.030250
vn -0.477955 0.876307 0.060380
vn -0.473220 0.876307 0.090272
vn -0.466618 0.876307 0.119807
vn -0.458175 0.876307 0.148870
vn -0.447923 0.876307 0.177345
vn -0.435903 0.876307 0.205121
vn -0.422164 0.876307 0.232086
vn -0.406758 0.876307 0.258136
vn -0.389747 0.876307 0.283168
vn -0.371197 0.876307 0.307081
vn -0.351183 0.876307 0.329783
vn -0.329783 0.876307 0.351183
vn -0.307081 0.876307 0.371197
vn -0.283168 0.876307 0.389747
vn -0.258136 0.876307 0.406758
vn -0.232086 0.876307 0.422164
vn -0.205121 0.876307 0.435903
vn -0.177345 0.876307 0.447923
vn -0.148870 0.876307 0.458175
vn -0.119807 0.876307 0.466618
vn -0.090272 0.876307 0.473220
vn -0.060380 0.876307 0.477955
vn -0.030250 0.876307 0.480803
vn 0.000000 0.876307 0.481753
vn 0.030250 0.876307 0.480803
vn 0.060380 0.876307 0.477955
vn 0.090272 0.876307 0.473220
vn 0.119807 0.876307 0.466618
vn 0.148870 0.876307 0.458175
vn 0.177345 0.876307 0.447923
vn 0.205121 0.876307 0.435903
vn 0.232086 0.876307 0.422164
vn 0.258136 0.876307 0.406758
vn 0.283168 0.876307 0.389747
vn 0.307081 0.876307 0.371197
vn 0.329783 0.876307 0.351183
vn 0.351183 0.876307 0.329783
vn 0.371197 0.876307 0.307081
vn 0.389747 0.876307 0.283168
vn 0.406758 0.876307 0.258136
vn 0.422164 0.876307 0.232086
vn 0.435903 0.876307 0.205121
vn 0.447923 0.876307 0.177345
vn 0.458175 0.876307 0.148870
vn 0.466618 0.876307 0.119807
vn 0.473220 0.876307 0.090272
vn 0.477955 0.876307 0.060380
vn 0.480803 0.876307 0.030250
vn 0.425779 0.904827 0.000000
vn 0.424939 0.904827 -0.026735
vn 0.422422 0.904827 -0.053364
vn 0.418237 0.904827 -0.079783
vn 0.412402 0.904827 -0.105887
vn 0.404940 0.904827 -0.131573
vn 0.395879 0.904827 -0.156740
vn 0.385256 0.904827 -0.181288
vn 0.373113 0.904827 -0.205121
vn 0.359497 0.904827 -0.228144
vn 0.344463 0.904827 -0.250267
vn 0.328068 0.904827 -0.271402
vn 0.310380 0.904827 -0.291466
vn 0.291466 0.904827 -0.310380
vn 0.271402 0.904827 -0.328068
vn 0.250267 0.904827 -0.344463
vn 0.228144 0.904827 -0.359497
vn 0.205121 0.904827 -0.373113
vn 0.181288 0.904827 -0.385256
vn 0.156740 0.904827 -0.395879
vn 0.131573 0.904827 -0.404940
vn 0.105887 0.904827 -0.412403
vn 0.079783 0.904827 -0.418237
vn 0.053364 0.904827 -0.422422
vn 0.026735 0.904827 -0.424939
vn 0.000000 0.904827 -0.425779
vn -0.026735 0.904827 -0.424939
vn -0.053364 0.904827 -0.422422
vn -0.079783 0.904827 -0.418237
vn -0.105887 0.904827 -0.412402
vn -0.131573 0.904827 -0.404940
vn -0.156740 0.904827 -0.395879
vn -0.181288 0.904827 -0.385256
vn -0.205121 0.904827 -0.373113
vn -0.228144 0.904827 -0.359497
vn -0.250267 0.904827 -0.344463
vn -0.271402 0.904827 -0.328068
vn -0.291466 0.904827 -0.310380
vn -0.310380 0.904827 -0.291466
vn -0.328068 0.904827 -0.271402
vn -0.344463 0.904827 -0.250267
vn -0.359497 0.904827 -0.228144
vn -0.373113 0.904827 -0.205121
vn -0.385256 0.904827 -0.181288
vn -0.395879 0.904827 -0.156740
vn -0.404940 0.904827 -0.131573
vn -0.412403 0.904827 -0.105887
vn -0.418237 0.904827 -0.079783
vn -0.422422 0.904827 -0.053364
vn -0.424939 0.904827 -0.026735
vn -0.425779 0.904827 -0.000000
vn -0.424939 0.904827 0.026735
vn -0.422422 0.904827 0.053364
vn -0.418237 0.904827 0.079783
vn -0.412402 0.904827 0.105887
vn -0.404940 0.904827 0.131573
vn -0.395879 0.904827 0.156740
vn -0.385256 0.904827 0.181288
vn -0.373113 0.904827 0.205121
vn -0.359497 0.904827 0.228144
vn -0.344463 0.904827 0.250267
vn -0.328068 0.904827 0.271402
vn -0.310380 0.904827 0.291466
vn -0.291466 0.904827 0.310380
vn -0.271402 0.904827 0.328068
vn -0.250267 0.904827 0.344463
vn -0.228144 0.904827 0.359497
vn -0.205121 0.904827 0.373113
vn -0.181288 0.904827 0.385256
vn -0.156740 0.904827 0.395879
vn -0.131573 0.904827 0.404940
vn -0.105887 0.904827 0.412403
vn -0.079783 0.904827 0.418237
vn -0.053364 0.904827 0.422422
vn -0.026735 0.904827 0.424939
vn -0.000000 0.904827 0.425779
vn 0.026735 0.904827 0.424939
vn 0.053364 0.904827 0.422422
vn 0.079783 0.904827 0.418237
vn 0.105887 0.904827 0.412402
vn 0.131573 0.904827 0.404940
vn 0.156740 0.904827 0.395879
vn 0.181288 0.904827 0.385256
vn 0.205121 0.904827 0.373113
vn 0.228144 0.904827 0.359497
vn 0.250267 0.904827 0.344463
vn 0.271402 0.904827 0.328068
vn 0.291466 0.904827 0.310380
vn 0.310380 0.904827 0.291466
vn 0.328068 0.904827 0.271402
vn 0.344463 0.904827 0.250267
vn 0.359497 0.904827 0.228144
vn 0.373113 0.904827 0.205121
vn 0.385256 0.904827 0.181288
vn 0.395879 0.904827 0.156740
vn 0.404940 0.904827 0.131573
vn 0.412403 0.904827 0.105887
vn 0.418237 0.904827 0.079783
vn 0.422422 0.904827 0.053364
vn 0.424939 0.904827 0.026735
vn 0.368124 0.929777 -0.000000
vn 0.367398 0.929777 -0.023115
vn 0.365222 0.929777 -0.046138
vn 0.361604 0.929777 -0.068980
vn 0.356559 0.929777 -0.091549
vn 0.350107 0.929777 -0.113757
vn 0.342273 0.929777 -0.135516
vn 0.333089 0.929777 -0.156740
vn 0.322590 0.929777 -0.177345
vn 0.310818 0.929777 -0.197251
vn 0.297819 0.929777 -0.216378
vn 0.283645 0.929777 -0.234651
vn 0.268351 0.929777 -0.251998
vn 0.251998 0.929777 -0.268351
vn 0.234651 0.929777 -0.283645
vn 0.216378 0.929777 -0.297819
vn 0.197251 0.929777 -0.310818
vn 0.177345 0.929777 -0.322590
vn 0.156740 0.929777 -0.333089
vn 0.135516 0.929777 -0.342273
vn 0.113757 0.929777 -0.350107
vn 0.091549 0.929777 -0.356559
vn 0.068980 0.929777 -0.361604
vn 0.046138 0.929777 -0.365222
vn 0.023115 0.929777 -0.367398
vn -0.000000 0.929777 -0.368124
vn -0.023115 0.929777 -0.367398
vn -0.046138 0.929777 -0.365222
vn -0.068980 0.929777 -0.361604
vn -0.091549 0.929777 -0.356559
vn -0.113757 0.929777 -0.350107
vn -0.135516 0.929777 -0.342273
vn -0.156740 0.929777 -0.333089
vn -0.177345 0.929777 -0.322590
vn -0.197251 0.929777 -0.310818
vn -0.216378 0.929777 -0.297819
vn -0.234651 0.929777 -0.283645
vn -0.251999 0.929777 -0.268351
vn -0.268351 0.929777 -0.251998
vn -0.283645 0.929777 -0.234651
vn -0.297819 0.929777 -0.216378
vn -0.310818 0.929777 -0.197251
vn -0.322590 0.929777 -0.177345
vn -0.333089 0.929777 -0.156740
vn -0.342273 0.929777 -0.135516
vn -0.350107 0.929777 -0.113757
vn -0.356559 0.929777 -0.091549
vn -0.361604 0.929777 -0.068980
vn -0.365222 0.929777 -0.046138
vn -0.367398 0.929777 -0.023115
vn -0.368124 0.929777 0.000000
vn -0.367398 0.929777 0.023115
vn -0.365222 0.929777 0.046138
vn -0.361604 0.929777 0.068980
vn -0.356559 0.929777 0.091549
vn -0.350107 0.929777 0.113757
vn -0.342273 0.929777 0.135516
vn -0.333089 0.929777 0.156740
vn -0.322590 0.929777 0.177345
vn -0.310818 0.929777 0.197251
vn -0.297819 0.929777 0.216378
vn -0.283645 0.929777 0.234651
vn -0.268351 0.929777 0.251998
vn -0.251998 0.929777 0.268351
vn -0.234651 0.929777 0.283645
vn -0.216378 0.929777 0.297819
vn -0.197251 0.929777 0.310818
vn -0.177345 0.929777 0.322590
vn -0.156740 0.929777 0.333089
vn -0.135516 0.929777 0.342273
vn -0.113757 0.929777 0.350107
vn -0.091549 0.929777 0.356559
vn -0.068980 0.929777 0.361604
vn -0.046138 0.929777 0.365222
vn -0.023115 0.929777 0.367398
vn 0.000000 0.929777 0.368124
vn 0.023115 0.929777 0.367398
vn 0.046138 0.929777 0.365222
vn 0.068980 0.929777 0.361604
vn 0.091549 0.929777 0.356559
vn 0.113757 0.929777 0.350107
vn 0.135516 0.929777 0.342273
vn 0.156740 0.929777 0.333089
vn 0.177345 0.929777 0.322590
vn 0.197251 0.929777 0.310818
vn 0.216378 0.929777 0.297819
vn 0.234651 0.929777 0.283645
vn 0.251999 0.929777 0.268351
vn 0.268351 0.929777 0.251998
vn 0.283645 0.929777 0.234651
vn 0.297819 0.929777 0.216378
vn 0.310818 0.929777 0.197251
vn 0.322590 0.929777 0.177345
vn 0.333089 0.929777 0.156740
vn 0.342273 0.929777 0.135516
vn 0.350107 0.929777 0.113757
vn 0.356559 0.929777 0.091549
vn 0.361604 0.929777 0.068980
vn 0.365222 0.929777 0.046138
vn 0.367398 0.929777 0.023115
vn 0.309017 0.951057 0.000000
vn 0.308407 0.951057 -0.019403
vn 0.306580 0.951057 -0.038730
vn 0.303543 0.951057 -0.057904
vn 0.299308 0.951057 -0.076849
vn 0.293892 0.951057 -0.095491
vn 0.287316 0.951057 -0.113757
vn 0.279607 0.951057 -0.131573
vn 0.270793 0.951057 -0.148870
vn 0.260912 0.951057 -0.165579
vn 0.250000 0.951057 -0.181635
vn 0.238101 0.951057 -0.196975
vn 0.225263 0.951057 -0.211536
vn 0.211536 0.951057 -0.225263
vn 0.196975 0.951057 -0.238101
vn 0.181635 0.951057 -0.250000
vn 0.165579 0.951057 -0.260912
vn 0.148870 0.951057 -0.270793
vn 0.131573 0.951057 -0.279607
vn 0.113757 0.951057 -0.287316
vn 0.095491 0.951057 -0.293892
vn 0.076849 0.951057 -0.299308
vn 0.057904 0.951057 -0.303543
vn 0.038730 0.951057 -0.306580
vn 0.019403 0.951057 -0.308407
vn 0.000000 0.951057 -0.309017
vn -0.019403 0.951057 -0.308407
vn -0.038730 0.951057 -0.306580
vn -0.057904 0.951057 -0.303543
vn -0.076849 0.951057 -0.299308
vn -0.095491 0.951057 -0.293892
vn -0.113757 0.951057 -0.287316
vn -0.131573 0.951057 -0.279607
vn -0.148870 0.951057 -0.270793
vn -0.165579 0.951057 -0.260912
vn -0.181635 0.951057 -0.250000
vn -0.196975 0.951057 -0.238101
vn -0.211536 0.951057 -0.225263
vn -0.225263 0.951057 -0.211536
vn -0.238101 0.951057 -0.196975
vn -0.250000 0.951057 -0.181635
vn -0.260912 0.951057 -0.165579
vn -0.270793 0.951057 -0.148870
vn -0.279607 0.951057 -0.131573
vn -0.287316 0.951057 -0.113757
vn -0.293892 0.951057 -0.095491
vn -0.299308 0.951057 -0.076849
vn -0.303543 0.951057 -0.057904
vn -0.306580 0.951057 -0.038730
vn -0.308407 0.951057 -0.019403
vn -0.309017 0.951057 -0.000000
vn -0.308407 0.951057 0.019403
vn -0.306580 0.951057 0.038730
vn -0.303543 0.951057 0.057904
vn -0.299308 0.951057 0.076849
vn -0.293892 0.951057 0.095491
vn -0.287316 0.951057 0.113757
vn -0.279607 0.951057 0.131573
vn -0.270793 0.951057 0.148870
vn -0.260912 0.951057 0.165579
vn -0.250000 0.951057 0.181635
vn -0.238101 0.951057 0.196975
vn -0.225263 0.951057 0.211536
vn -0.211536 0.951057 0.225263
vn -0.196975 0.951057 0.238101
vn -0.181635 0.951057 0.250000
vn -0.165579 0.951057 0.260912
vn -0.148870 0.951057 0.270793
vn -0.131573 0.951057 0.279607
vn -0.113757 0.951057 0.287316
vn -0.095491 0.951057 0.293892
vn -0.076849 0.951057 0.299308
vn -0.057904 0.951057 0.303543
vn -0.038730 0.951057 0.306580
vn -0.019403 0.951057 0.308407
vn -0.000000 0.951057 0.309017
vn 0.019403 0.951057 0.308407
vn 0.038730 0.951057 0.306580
vn 0.057904 0.951057 0.303543
vn 0.076849 0.951057 0.299308
vn 0.095491 0.951057 0.293892
vn 0.113757 0.951057 0.287316
vn 0.131573 0.951057 0.279607
vn 0.148870 0.951057 0.270793
vn 0.165579 0.951057 0.260912
vn 0.181635 0.951057 0.250000
vn 0.196975 0.951057 0.238101
vn 0.211536 0.951057 0.225263
vn 0.225263 0.951057 0.211536
vn 0.238101 0.951057 0.196975
vn 0.250000 0.951057 0.181635
vn 0.260912 0.951057 0.165579
vn 0.270793 0.951057 0.148870
vn 0.279607 0.951057 0.131573
vn 0.287316 0.951057 0.113757
vn 0.293892 0.951057 0.095491
vn 0.299308 0.951057 0.076849
vn 0.303543 0.951057 0.057904
vn 0.306580 0.951057 0.038730
vn 0.308407 0.951057 0.019403
vn 0.248689 0.968583 0.000000
vn 0.248199 0.968583 -0.015615
vn 0.246728 0.968583 -0.031169
vn 0.244284 0.968583 -0.046600
vn 0.240876 0.968583 -0.061847
vn 0.236518 0.968583 -0.076849
vn 0.231225 0.968583 -0.091549
vn 0.225021 0.968583 -0.105887
vn 0.217928 0.968583 -0.119807
vn 0.209975 0.968583 -0.133254
vn 0.201194 0.968583 -0.146176
vn 0.191618 0.968583 -0.158521
vn 0.181287 0.968583 -0.170240
vn 0.170240 0.968583 -0.181287
vn 0.158521 0.968583 -0.191618
vn 0.146176 0.968583 -0.201194
vn 0.133254 0.968583 -0.209975
vn 0.119807 0.968583 -0.217928
vn 0.105887 0.968583 -0.225021
vn 0.091549 0.968583 -0.231225
vn 0.076849 0.968583 -0.236518
vn 0.061847 0.968583 -0.240876
vn 0.046600 0.968583 -0.244284
vn 0.031169 0.968583 -0.246728
vn 0.015615 0.968583 -0.248199
vn 0.000000 0.968583 -0.248689
vn -0.015615 0.968583 -0.248199
vn -0.031169 0.968583 -0.246728
vn -0.046600 0.968583 -0.244284
vn -0.061847 0.968583 -0.240876
vn -0.076849 0.968583 -0.236518
vn -0.091549 0.968583 -0.231225
vn -0.105887 0.968583 -0.225021
vn -0.119807 0.968583 -0.217928
vn -0.133254 0.968583 -0.209975
vn -0.146176 0.968583 -0.201194
vn -0.158521 0.968583 -0.191618
vn -0.170240 0.968583 -0.181287
vn -0.181287 0.968583 -0.170240
vn -0.191618 0.968583 -0.158521
vn -0.201194 0.968583 -0.146176
vn -0.209975 0.968583 -0.133254
vn -0.217928 0.968583 -0.119807
vn -0.225021 0.968583 -0.105887
vn -0.231225 0.968583 -0.091549
vn -0.236518 0.968583 -0.076849
vn -0.240876 0.968583 -0.061847
vn -0.244284 0.968583 -0.046600
vn -0.246728 0.968583 -0.031169
vn -0.248199 0.968583 -0.015615
vn -0.248689 0.968583 -0.000000
vn -0.248199 0.968583 0.015615
vn -0.246728 0.968583 0.031169
vn -0.244284 0.968583 0.046600
vn -0.240876 0.968583 0.061847
vn -0.236518 0.968583 0.076849
vn -0.231225 0.968583 0.091549
vn -0.225021 0.968583 0.105887
vn -0.217928 0.968583 0.119807
vn -0.209975 0.968583 0.133254
vn -0.201194 0.968583 0.146176
vn -0.191618 0.968583 0.158521
vn -0.181287 0.968583 0.170240
vn -0.170240 0.968583 0.181287
vn -0.158521 0.968583 0.191618
vn -0.146176 0.968583 0.201194
vn -0.133254 0.968583 0.209975
vn -0.119807 0.968583 0.217928
vn -0.105887 0.968583 0.225021
vn -0.091549 0.968583 0.231225
vn -0.076849 0.968583 0.236518
vn -0.061847 0.968583 0.240876
vn -0.046600 0.968583 0.244284
vn -0.031169 0.968583 0.246728
vn -0.015615 0.968583 0.248199
vn -0.000000 0.968583 0.248689
vn 0.015615 0.968583 0.248199
vn 0.031169 0.968583 0.246728
vn 0.046600 0.968583 0.244284
vn 0.061847 0.968583 0.240876
vn 0.076849 0.968583 0.236518
vn 0.091549 0.968583 0.231225
vn 0.105887 0.968583 0.225021
vn 0.119807 0.968583 0.217928
vn 0.133254 0.968583 0.209975
vn 0.146176 0.968583 0.201194
vn 0.158521 0.968583 0.191618
vn 0.170240 0.968583 0.181287
vn 0.181287 0.968583 0.170240
vn 0.191618 0.968583 0.158521
vn 0.201194 0.968583 0.146176
vn 0.209975 0.968583 0.133254
vn 0.217928 0.968583 0.119807
vn 0.225021 0.968583 0.105887
vn 0.231225 0.968583 0.091549
vn 0.236518 0.968583 0.076849
vn 0.240876 0.968583 0.061847
vn 0.244284 0.968583 0.046600
vn 0.246728 0.968583 0.031169
vn 0.248199 0.968583 0.015615
vn 0.187381 0.982287 0.000000
vn 0.187012 0.982287 -0.011766
vn 0.185904 0.982287 -0.023485
vn 0.184062 0.982287 -0.035112
vn 0.181494 0.982287 -0.046600
vn 0.178210 0.982287 -0.057904
vn 0.174223 0.982287 -0.068980
vn 0.169548 0.982287 -0.079783
vn 0.164203 0.982287 -0.090272
vn 0.158211 0.982287 -0.100404
vn 0.151595 0.982287 -0.110140
vn 0.144380 0.982287 -0.119441
vn 0.136595 0.982287 -0.128271
vn 0.128271 0.982287 -0.136595
vn 0.119441 0.982287 -0.144380
vn 0.110140 0.982287 -0.151595
vn 0.100404 0.982287 -0.158211
vn 0.090272 0.982287 -0.164203
vn 0.079783 0.982287 -0.169548
vn 0.068980 0.982287 -0.174223
vn 0.057904 0.982287 -0.178210
vn 0.046600 0.982287 -0.181494
vn 0.035112 0.982287 -0.184062
vn 0.023485 0.982287 -0.185904
vn 0.011766 0.982287 -0.187012
vn 0.000000 0.982287 -0.187381
vn -0.011766 0.982287 -0.187012
vn -0.023485 0.982287 -0.185904
vn -0.035112 0.982287 -0.184062
vn -0.046600 0.982287 -0.181494
vn -0.057904 0.982287 -0.178210
vn -0.068980 0.982287 -0.174223
vn -0.079783 0.982287 -0.169548
vn -0.090272 0.982287 -0.164203
vn -0.100404 0.982287 -0.158211
vn -0.110140 0.982287 -0.151595
vn -0.119441 0.982287 -0.144380
vn -0.128271 0.982287 -0.136595
vn -0.136595 0.982287 -0.128271
vn -0.144380 0.982287 -0.119441
vn -0.151595 0.982287 -0.110140
vn -0.158211 0.982287 -0.100404
vn -0.164203 0.982287 -0.090272
vn -0.169548 0.982287 -0.079783
vn -0.174223 0.982287 -0.068980
vn -0.178210 0.982287 -0.057904
vn -0.181494 0.982287 -0.046600
vn -0.184062 0.982287 -0.035112
vn -0.185904 0.982287 -0.023485
vn -0.187012 0.982287 -0.011766
vn -0.187381 0.982287 0.000000
vn -0.187012 0.982287 0.011766
vn -0.185904 0.982287 0.023485
vn -0.184062 0.982287 0.035112
vn -0.181494 0.982287 0.046600
vn -0.178210 0.982287 0.057904
vn -0.174223 0.982287 0.068980
vn -0.169548 0.982287 0.079783
vn -0.164203 0.982287 0.090272
vn -0.158211 0.982287 0.100404
vn -0.151595 0.982287 0.110140
vn -0.144380 0.982287 0.119441
vn -0.136595 0.982287 0.128271
vn -0.128271 0.982287 0.136595
vn -0.119441 0.982287 0.144380
vn -0.110140 0.982287 0.151595
vn -0.100404 0.982287 0.158211
vn -0.090272 0.982287 0.164203
vn -0.079783 0.982287 0.169548
vn -0.068980 0.982287 0.174223
vn -0.057904 0.982287 0.178210
vn -0.046600 0.982287 0.181494
vn -0.035112 0.982287 0.184062
vn -0.023485 0.982287 0.185904
vn -0.011766 0.982287 0.187012
vn 0.000000 0.982287 0.187381
vn 0.011766 0.982287 0.187012
vn 0.023485 0.982287 0.185904
vn 0.035112 0.982287 0.184062
vn 0.046600 0.982287 0.181494
vn 0.057904 0.982287 0.178210
vn 0.068980 0.982287 0.174223
vn 0.079783 0.982287 0.169548
vn 0.090272 0.982287 0.164203
vn 0.100404 0.982287 0.158211
vn 0.110140 0.982287 0.151595
vn 0.119441 0.982287 0.144380
vn 0.128271 0.982287 0.136595
vn 0.136595 0.982287 0.128271
vn 0.144380 0.982287 0.119441
vn 0.151595 0.982287 0.110140
vn 0.158211 0.982287 0.100404
vn 0.164203 0.982287 0.090272
vn 0.169548 0.982287 0.079783
vn 0.174223 0.982287 0.068980
vn 0.178210 0.982287 0.057904
vn 0.181494 0.982287 0.046600
vn 0.184062 0.982287 0.035112
vn 0.185904 0.982287 0.023485
vn 0.187012 0.982287 0.011766
vn 0.125333 0.992115 -0.000000
vn 0.125086 0.992115 -0.007870
vn 0.124345 0.992115 -0.015708
vn 0.123113 0.992115 -0.023485
vn 0.121396 0.992115 -0.031169
vn 0.119199 0.992115 -0.038730
vn 0.116532 0.992115 -0.046138
vn 0.113405 0.992115 -0.053364
vn 0.109830 0.992115 -0.060380
vn 0.105822 0.992115 -0.067157
vn 0.101397 0.992115 -0.073669
vn 0.096571 0.992115 -0.079890
vn 0.091364 0.992115 -0.085797
vn 0.085797 0.992115 -0.091364
vn 0.079890 0.992115 -0.096571
vn 0.073669 0.992115 -0.101397
vn 0.067157 0.992115 -0.105822
vn 0.060380 0.992115 -0.109830
vn 0.053364 0.992115 -0.113405
vn 0.046138 0.992115 -0.116532
vn 0.038730 0.992115 -0.119199
vn 0.031169 0.992115 -0.121396
vn 0.023485 0.992115 -0.123113
vn 0.015708 0.992115 -0.124345
vn 0.007870 0.992115 -0.125086
vn -0.000000 0.992115 -0.125333
vn -0.007870 0.992115 -0.125086
vn -0.015708 0.992115 -0.124345
vn -0.023485 0.992115 -0.123113
vn -0.031169 0.992115 -0.121396
vn -0.038730 0.992115 -0.119199
vn -0.046138 0.992115 -0.116532
vn -0.053364 0.992115 -0.113405
vn -0.060380 0.992115 -0.109830
vn -0.067157 0.992115 -0.105822
vn -0.073669 0.992115 -0.101397
vn -0.079890 0.992115 -0.096571
vn -0.085797 0.992115 -0.091364
vn -0.091364 0.992115 -0.085797
vn -0.096571 0.992115 -0.079890
vn -0.101397 0.992115 -0.073669
vn -0.105822 0.992115 -0.067157
vn -0.109830 0.992115 -0.060380
vn -0.113405 0.992115 -0.053364
vn -0.116532 0.992115 -0.046138
vn -0.119199 0.992115 -0.038730
vn -0.121396 0.992115 -0.031169
vn -0.123113 0.992115 -0.023485
vn -0.124345 0.992115 -0.015708
vn -0.125086 0.992115 -0.007870
vn -0.125333 0.992115 0.000000
vn -0.125086 0.992115 0.007870
vn -0.124345 0.992115 0.015708
vn -0.123113 0.992115 0.023485
vn -0.121396 0.992115 0.031169
vn -0.119199 0.992115 0.038730
vn -0.116532 0.992115 0.046138
vn -0.113405 0.992115 0.053364
vn -0.109830 0.992115 0.060380
vn -0.105822 0.992115 0.067157
vn -0.101397 0.992115 0.073669
vn -0.096571 0.992115 0.079890
vn -0.091364 0.992115 0.085797
vn -0.085797 0.992115 0.091364
vn -0.079890 0.992115 0.096571
vn -0.073669 0.992115 0.101397
vn -0.067157 0.992115 0.105822
vn -0.060380 0.992115 0.109830
vn -0.053364 0.992115 0.113405
vn -0.046138 0.992115 0.116532
vn -0.038730 0.992115 0.119199
vn -0.031169 0.992115 0.121396
vn -0.023485 0.992115 0.123113
vn -0.015708 0.992115 0.124345
vn -0.007870 0.992115 0.125086
vn 0.000000 0.992115 0.125333
vn 0.007870 0.992115 0.125086
vn 0.015708 0.992115 0.124345
vn 0.023485 0.992115 0.123113
vn 0.031169 0.992115 0.121396
vn 0.038730 0.992115 0.119199
vn 0.046138 0.992115 0.116532
vn 0.053364 0.992115 0.113405
vn 0.060380 0.992115 0.109830
vn 0.067157 0.992115 0.105822
vn 0.073669 0.992115 0.101397
vn 0.079890 0.992115 0.096571
vn 0.085797 0.992115 0.091364
vn 0.091364 0.992115 0.085797
vn 0.096571 0.992115 0.079890
vn 0.101397 0.992115 0.073669
vn 0.105822 0.992115 0.067157
vn 0.109830 0.992115 0.060380
vn 0.113405 0.992115 0.053364
vn 0.116532 0.992115 0.046138
vn 0.119199 0.992115 0.038730
vn 0.121396 0.992115 0.031169
vn 0.123113 0.992115 0.023485
vn 0.124345 0.992115 0.015708
vn 0.125086 0.992115 0.007870
vn 0.062790 0.998027 -0.000000
vn 0.062666 0.998027 -0.003943
vn 0.062295 0.998027 -0.007870
vn 0.061678 0.998027 -0.011766
vn 0.060818 0.998027 -0.015615
vn 0.059717 0.998027 -0.019403
vn 0.058381 0.998027 -0.023115
vn 0.056814 0.998027 -0.026735
vn 0.055024 0.998027 -0.030249
vn 0.053016 0.998027 -0.033645
vn 0.050798 0.998027 -0.036907
vn 0.048381 0.998027 -0.040024
vn 0.045772 0.998027 -0.042983
vn 0.042983 0.998027 -0.045772
vn 0.040024 0.998027 -0.048381
vn 0.036907 0.998027 -0.050798
vn 0.033645 0.998027 -0.053016
vn 0.030249 0.998027 -0.055024
vn 0.026735 0.998027 -0.056814
vn 0.023115 0.998027 -0.058381
vn 0.019403 0.998027 -0.059717
vn 0.015615 0.998027 -0.060818
vn 0.011766 0.998027 -0.061678
vn 0.007870 0.998027 -0.062295
vn 0.003943 0.998027 -0.062666
vn -0.000000 0.998027 -0.062790
vn -0.003943 0.998027 -0.062666
vn -0.007870 0.998027 -0.062295
vn -0.011766 0.998027 -0.061678
vn -0.015615 0.998027 -0.060818
vn -0.019403 0.998027 -0.059717
vn -0.023115 0.998027 -0.058381
vn -0.026735 0.998027 -0.056814
vn -0.030249 0.998027 -0.055024
vn -0.033645 0.998027 -0.053016
vn -0.036907 0.998027 -0.050798
vn -0.040024 0.998027 -0.048381
vn -0.042983 0.998027 -0.045772
vn -0.045772 0.998027 -0.042983
vn -0.048381 0.998027 -0.040024
vn -0.050798 0.998027 -0.036907
vn -0.053016 0.998027 -0.033645
vn -0.055024 0.998027 -0.030249
vn -0.056814 0.998027 -0.026735
vn -0.058381 0.998027 -0.023115
vn -0.059717 0.998027 -0.019403
vn -0.060818 0.998027 -0.015615
vn -0.061678 0.998027 -0.011766
vn -0.062295 0.998027 -0.007870
vn -0.062666 0.998027 -0.003943
vn -0.062790 0.998027 0.000000
vn -0.062666 0.998027 0.003943
vn -0.062295 0.998027 0.007870
vn -0.061678 0.998027 0.011766
vn -0.060818 0.998027 0.015615
vn -0.059717 0.998027 0.019403
vn -0.058381 0.998027 0.023115
vn -0.056814 0.998027 0.026735
vn -0.055024 0.998027 0.030249
vn -0.053016 0.998027 0.033645
vn -0.050798 0.998027 0.036907
vn -0.048381 0.998027 0.040024
vn -0.045772 0.998027 0.042983
vn -0.042983 0.998027 0.045772
vn -0.040024 0.998027 0.048381
vn -0.036907 0.998027 0.050798
vn -0.033645 0.998027 0.053016
vn -0.030249 0.998027 0.055024
vn -0.026735 0.998027 0.056814
vn -0.023115 0.998027 0.058381
vn -0.019403 0.998027 0.059717
vn -0.015615 0.998027 0.060818
vn -0.011766 0.998027 0.061678
vn -0.007870 0.998027 0.062295
vn -0.003943 0.998027 0.062666
vn 0.000000 0.998027 0.062790
vn 0.003943 0.998027 0.062666
vn 0.007870 0.998027 0.062295
vn 0.011766 0.998027 0.061678
vn 0.015615 0.998027 0.060818
vn 0.019403 0.998027 0.059717
vn 0.023115 0.998027 0.058381
vn 0.026735 0.998027 0.056814
vn 0.030249 0.998027 0.055024
vn 0.033645 0.998027 0.053016
vn 0.036907 0.998027 0.050798
vn 0.040024 0.998027 0.048381
vn 0.042983 0.998027 0.045772
vn 0.045772 0.998027 0.042983
vn 0.048381 0.998027 0.040024
vn 0.050798 0.998027 0.036907
vn 0.053016 0.998027 0.033645
vn 0.055024 0.998027 0.030249
vn 0.056814 0.998027 0.026735
vn 0.058381 0.998027 0.023115
vn 0.059717 0.998027 0.019403
vn 0.060818 0.998027 0.015615
vn 0.061678 0.998027 0.011766
vn 0.062295 0.998027 0.007870
vn 0.062666 0.998027 0.003943
vn 0.000000 -1.000000 -0.000000
vn 0.000000 1.000000 -0.000000
# 4902 normals

vt 1.000000 0.020000 0.000000
vt 1.000000 0.040000 0.000000
vt 0.980000 0.040000 0.000000
vt 0.980000 0.020000 0.000000
vt 0.960000 0.040000 0.000000
vt 0.960000 0.020000 0.000000
vt 0.940000 0.040000 0.000000
vt 0.940000 0.020000 0.000000
vt 0.920000 0.040000 0.000000
vt 0.920000 0.020000 0.000000
vt 0.900000 0.040000 0.000000
vt 0.900000 0.020000 0.000000
vt 0.880000 0.040000 0.000000
vt 0.880000 0.020000 0.000000
vt 0.860000 0.040000 0.000000
vt 0.860000 0.020000 0.000000
vt 0.840000 0.040000 0.000000
vt 0.840000 0.020000 0.000000
vt 0.820000 0.040000 0.000000
vt 0.820000 0.020000 0.000000
vt 0.800000 0.040000 0.000000
vt 0.800000 0.020000 0.000000
vt 0.780000 0.040000 0.000000
vt 0.780000 0.020000 0.000000
vt 0.760000 0.040000 0.000000
vt 0.760000 0.020000 0.000000
vt 0.740000 0.040000 0.000000
vt 0.740000 0.020000 0.000000
vt 0.720000 0.040000 0.000000
vt 0.720000 0.020000 0.000000
vt 0.700000 0.040000 0.000000
vt 0.700000 0.020000 0.000000
vt 0.680000 0.040000 0.000000
vt 0.680000 0.020000 0.000000
vt 0.660000 0.040000 0.000000
vt 0.660000 0.020000 0.000000
vt 0.640000 0.040000 0.000000
vt 0.640000 0.020000 0.000000
vt 0.620000 0.040000 0.000000
vt 0.620000 0.020000 0.000000
vt 0.600000 0.040000 0.000000
vt 0.600000 0.020000 0.000000
vt 0.580000 0.040000 0.000000
vt 0.580000 0.020000 0.000000
vt 0.560000 0.040000 0.000000
vt 0.560000 0.020000 0.000000
vt 0.540000 0.040000 0.000000
vt 0.540000 0.020000 0.000000
vt 0.520000 0.040000 0.000000
vt 0.520000 0.020000 0.000000
vt 0.500000 0.040000 0.000000
vt 0.500000 0.020000 0.000000
vt 0.480000 0.040000 0.000000
vt 0.480000 0.020000 0.000000
vt 0.460000 0.040000 0.000000
vt 0.460000 0.020000 0.000000
vt 0.440000 0.040000 0.000000
vt 0.440000 0.020000 0.000000
vt 0.420000 0.040000 0.000000
vt 0.420000 0.020000 0.000000
vt 0.400000 0.040000 0.000000
vt 0.400000 0.020000 0.000000
vt 0.380000 0.040000 0.000000
vt 0.380000 0.020000 0.000000
vt 0.360000 0.040000 0.000000
vt 0.360000 0.020000 0.000000
vt 0.340000 0.040000 0.000000
vt 0.340000 0.020000 0.000000
vt 0.320000 0.040000 0.000000
vt 0.320000 0.020000 0.000000
vt 0.300000 0.040000 0.000000
vt 0.300000 0.020000 0.000000
vt 0.280000 0.040000 0.000000
vt 0.280000 0.020000 0.000000
vt 0.260000 0.040000 0.000000
vt 0.260000 0.020000 0.000000
vt 0.240000 0.040000 0.000000
vt 0.240000 0.020000 0.000000
vt 0.220000 0.040000 0.000000
vt 0.220000 0.020000 0.000000
vt 0.200000 0.040000 0.000000
vt 0.200000 0.020000 0.000000
vt 0.180000 0.040000 0.000000
vt 0.180000 0.020000 0.000000
vt 0.160000 0.040000 0.000000
vt 0.160000 0.020000 0.000000
vt 0.140000 0.040000 0.000000
vt 0.140000 0.020000 0.000000
vt 0.120000 0.040000 0.000000
vt 0.120000 0.020000 0.000000
vt 0.100000 0.040000 0.000000
vt 0.100000 0.020000 0.000000
vt 0.080000 0.040000 0.000000
vt 0.080000 0.020000 0.000000
vt 0.060000 0.040000 0.000000
vt 0.060000 0.020000 0.000000
vt 0.040000 0.040000 0.000000
vt 0.040000 0.020000 0.000000
vt 0.020000 0.040000 0.000000
vt 0.020000 0.020000 0.000000
vt 0.000000 0.040000 0.000000
vt 0.000000 0.020000 0.000000
vt -0.000000 0.020000 0.000000
vt -0.000000 0.040000 0.000000
vt 0.020000 0.040000 0.000000
vt 0.020000 0.020000 0.000000
vt 0.040000 0.040000 0.000000
vt 0.040000 0.020000 0.000000
vt 0.060000 0.040000 0.000000
vt 0.060000 0.020000 0.000000
vt 0.080000 0.040000 0.000000
vt 0.080000 0.020000 0.000000
vt 0.100000 0.040000 0.000000
vt 0.100000 0.020000 0.000000
vt 0.120000 0.040000 0.000000
vt 0.120000 0.020000 0.000000
vt 0.140000 0.040000 0.000000
vt 0.140000 0.020000 0.000000
vt 0.159999 0.040000 0.000000
vt 0.159999 0.020000 0.000000
vt 0.179999 0.040000 0.000000
vt 0.179999 0.020000 0.000000
vt 0.199999 0.040000 0.000000
vt 0.199999 0.020000 0.000000
vt 0.219999 0.040000 0.000000
vt 0.219999 0.020000 0.000000
vt 0.239999 0.040000 0.000000
vt 0.239999 0.020000 0.000000
vt 0.259999 0.040000 0.000000
vt 0.259999 0.020000 0.000000
vt 0.279999 0.040000 0.000000
vt 0.279999 0.020000 0.000000
vt 0.299999 0.040000 0.000000
vt 0.299999 0.020000 0.000000
vt 0.319999 0.040000 0.000000
vt 0.319999 0.020000 0.000000
vt 0.339999 0.040000 0.000000
vt 0.339999 0.020000 0.000000
vt 0.359999 0.040000 0.000000
vt 0.359999 0.020000 0.000000
vt 0.379999 0.040000 0.000000
vt 0.379999 0.020000 0.000000
vt 0.399999 0.040000 0.000000
vt 0.399999 0.020000 0.000000
vt 0.419999 0.040000 0.000000
vt 0.419999 0.020000 0.000000
vt 0.439999 0.040000 0.000000
vt 0.439999 0.020000 0.000000
vt 0.459999 0.040000 0.000000
vt 0.459999 0.020000 0.000000
vt 0.479999 0.040000 0.000000
vt 0.479999 0.020000 0.000000
vt 0.499999 0.040000 0.000000
vt 0.499999 0.020000 0.000000
vt 0.519999 0.040000 0.000000
vt 0.519999 0.020000 0.000000
vt 0.539999 0.040000 0.000000
vt 0.539999 0.020000 0.000000
vt 0.559999 0.040000 0.000000
vt 0.559999 0.020000 0.000000
vt 0.579999 0.040000 0.000000
vt 0.579999 0.020000 0.000000
vt 0.599999 0.040000 0.000000
vt 0.599999 0.020000 0.000000
vt 0.619999 0.040000 0.000000
vt 0.619999 0.020000 0.000000
vt 0.639999 0.040000 0.000000
vt 0.639999 0.020000 0.000000
vt 0.659999 0.040000 0.000000
vt 0.659999 0.020000 0.000000
vt 0.679999 0.040000 0.000000
vt 0.679999 0.020000 0.000000
vt 0.699999 0.040000 0.000000
vt 0.699999 0.020000 0.000000
vt 0.719999 0.040000 0.000000
vt 0.719999 0.020000 0.000000
vt 0.739999 0.040000 0.000000
vt 0.739999 0.020000 0.000000
vt 0.759999 0.040000 0.000000
vt 0.759999 0.020000 0.000000
vt 0.779999 0.040000 0.000000
vt 0.779999 0.020000 0.000000
vt 0.799999 0.040000 0.000000
vt 0.799999 0.020000 0.000000
vt 0.819999 0.040000 0.000000
vt 0.819999 0.020000 0.000000
vt 0.839999 0.040000 0.000000
vt 0.839999 0.020000 0.000000
vt 0.859999 0.040000 0.000000
vt 0.859999 0.020000 0.000000
vt 0.879999 0.040000 0.000000
vt 0.879999 0.020000 0.000000
vt 0.899999 0.040000 0.000000
vt 0.899999 0.020000 0.000000
vt 0.919999 0.040000 0.000000
vt 0.919999 0.020000 0.000000
vt 0.939999 0.040000 0.000000
vt 0.939999 0.020000 0.000000
vt 0.959999 0.040000 0.000000
vt 0.959999 0.020000 0.000000
vt 0.979999 0.040000 0.000000
vt 0.979999 0.020000 0.000000
vt 1.000000 0.040000 0.000000
vt 1.000000 0.020000 0.000000
vt 1.000000 0.060000 0.000000
vt 0.980000 0.060000 0.000000
vt 0.960000 0.060000 0.000000
vt 0.940000 0.060000 0.000000
vt 0.920000 0.060000 0.000000
vt 0.900000 0.060000 0.000000
vt 0.880000 0.060000 0.000000
vt 0.860000 0.060000 0.000000
vt 0.840000 0.060000 0.000000
vt 0.820000 0.060000 0.000000
vt 0.800000 0.060000 0.000000
vt 0.780000 0.060000 0.000000
vt 0.760000 0.060000 0.000000
vt 0.740000 0.060000 0.000000
vt 0.720000 0.060000 0.000000
vt 0.700000 0.060000 0.000000
vt 0.680000 0.060000 0.000000
vt 0.660000 0.060000 0.000000
vt 0.640000 0.060000 0.000000
vt 0.620000 0.060000 0.000000
vt 0.600000 0.060000 0.000000
vt 0.580000 0.060000 0.000000
vt 0.560000 0.060000 0.000000
vt 0.540000 0.060000 0.000000
vt 0.520000 0.060000 0.000000
vt 0.500000 0.060000 0.000000
vt 0.480000 0.060000 0.000000
vt 0.460000 0.060000 0.000000
vt 0.440000 0.060000 0.000000
vt 0.420000 0.060000 0.000000
vt 0.400000 0.060000 0.000000
vt 0.380000 0.060000 0.000000
vt 0.360000 0.060000 0.000000
vt 0.340000 0.060000 0.000000
vt 0.320000 0.060000 0.000000
vt 0.300000 0.060000 0.000000
vt 0.280000 0.060000 0.000000
vt 0.260000 0.060000 0.000000
vt 0.240000 0.060000 0.000000
vt 0.220000 0.060000 0.000000
vt 0.200000 0.060000 0.000000
vt 0.180000 0.060000 0.000000
vt 0.160000 0.060000 0.000000
vt 0.140000 0.060000 0.000000
vt 0.120000 0.060000 0.000000
vt 0.100000 0.060000 0.000000
vt 0.080000 0.060000 0.000000
vt 0.060000 0.060000 0.000000
vt 0.040000 0.060000 0.000000
vt 0.020000 0.060000 0.000000
vt 0.000000 0.060000 0.000000
vt -0.000000 0.060000 0.000000
vt 0.020000 0.060000 0.000000
vt 0.040000 0.060000 0.000000
vt 0.060000 0.060000 0.000000
vt 0.080000 0.060000 0.000000
vt 0.100000 0.060000 0.000000
vt 0.120000 0.060000 0.000000
vt 0.140000 0.060000 0.000000
vt 0.159999 0.060000 0.000000
vt 0.179999 0.060000 0.000000
vt 0.199999 0.060000 0.000000
vt 0.219999 0.060000 0.000000
vt 0.239999 0.060000 0.000000
vt 0.259999 0.060000 0.000000
vt 0.279999 0.060000 0.000000
vt 0.299999 0.060000 0.000000
vt 0.319999 0.060000 0.000000
vt 0.339999 0.060000 0.000000
vt 0.359999 0.060000 0.000000
vt 0.379999 0.060000 0.000000
vt 0.399999 0.060000 0.000000
vt 0.419999 0.060000 0.000000
vt 0.439999 0.060000 0.000000
vt 0.459999 0.060000 0.000000
vt 0.479999 0.060000 0.000000
vt 0.499999 0.060000 0.000000
vt 0.519999 0.060000 0.000000
vt 0.539999 0.060000 0.000000
vt 0.559999 0.060000 0.000000
vt 0.579999 0.060000 0.000000
vt 0.599999 0.060000 0.000000
vt 0.619999 0.060000 0.000000
vt 0.639999 0.060000 0.000000
vt 0.659999 0.060000 0.000000
vt 0.679999 0.060000 0.000000
vt 0.699999 0.060000 0.000000
vt 0.719999 0.060000 0.000000
vt 0.739999 0.060000 0.000000
vt 0.759999 0.060000 0.000000
vt 0.779999 0.060000 0.000000
vt 0.799999 0.060000 0.000000
vt 0.819999 0.060000 0.000000
vt 0.839999 0.060000 0.000000
vt 0.859999 0.060000 0.000000
vt 0.879999 0.060000 0.000000
vt 0.899999 0.060000 0.000000
vt 0.919999 0.060000 0.000000
vt 0.939999 0.060000 0.000000
vt 0.959999 0.060000 0.000000
vt 0.979999 0.060000 0.000000
vt 1.000000 0.060000 0.000000
vt 1.000000 0.080000 0.000000
vt 0.980000 0.080000 0.000000
vt 0.960000 0.080000 0.000000
vt 0.940000 0.080000 0.000000
vt 0.920000 0.080000 0.000000
vt 0.900000 0.080000 0.000000
vt 0.880000 0.080000 0.000000
vt 0.860000 0.080000 0.000000
vt 0.840000 0.080000 0.000000
vt 0.820000 0.080000 0.000000
vt 0.800000 0.080000 0.000000
vt 0.780000 0.080000 0.000000
vt 0.760000 0.080000 0.000000
vt 0.740000 0.080000 0.000000
vt 0.720000 0.080000 0.000000
vt 0.700000 0.080000 0.000000
vt 0.680000 0.080000 0.000000
vt 0.660000 0.080000 0.000000
vt 0.640000 0.080000 0.000000
vt 0.620000 0.080000 0.000000
vt 0.600000 0.080000 0.000000
vt 0.580000 0.080000 0.000000
vt 0.560000 0.080000 0.000000
vt 0.540000 0.080000 0.000000
vt 0.520000 0.080000 0.000000
vt 0.500000 0.080000 0.000000
vt 0.480000 0.080000 0.000000
vt 0.460000 0.080000 0.000000
vt 0.440000 0.080000 0.000000
vt 0.420000 0.080000 0.000000
vt 0.400000 0.080000 0.000000
vt 0.380000 0.080000 0.000000
vt 0.360000 0.080000 0.000000
vt 0.340000 0.080000 0.000000
vt 0.320000 0.080000 0.000000
vt 0.300000 0.080000 0.000000
vt 0.280000 0.080000 0.000000
vt 0.260000 0.080000 0.000000
vt 0.240000 0.080000 0.000000
vt 0.220000 0.080000 0.000000
vt 0.200000 0.080000 0.000000
vt 0.180000 0.080000 0.000000
vt 0.160000 0.080000 0.000000
vt 0.140000 0.080000 0.000000
vt 0.120000 0.080000 0.000000
vt 0.100000 0.080000 0.000000
vt 0.080000 0.080000 0.000000
vt 0.060000 0.080000 0.000000
vt 0.040000 0.080000 0.000000
vt 0.020000 0.080000 0.000000
vt 0.000000 0.080000 0.000000
vt -0.000000 0.080000 0.000000
vt 0.020000 0.080000 0.000000
vt 0.040000 0.080000 0.000000
vt 0.060000 0.080000 0.000000
vt 0.080000 0.080000 0.000000
vt 0.100000 0.080000 0.000000
vt 0.120000 0.080000 0.000000
vt 0.140000 0.080000 0.000000
vt 0.159999 0.080000 0.000000
vt 0.179999 0.080000 0.000000
vt 0.199999 0.080000 0.000000
vt 0.219999 0.080000 0.000000
vt 0.239999 0.080000 0.000000
vt 0.259999 0.080000 0.000000
vt 0.279999 0.080000 0.000000
vt 0.299999 0.080000 0.000000
vt 0.319999 0.080000 0.000000
vt 0.339999 0.080000 0.000000
vt 0.359999 0.080000 0.000000
vt 0.379999 0.080000 0.000000
vt 0.399999 0.080000 0.000000
vt 0.419999 0.080000 0.000000
vt 0.439999 0.080000 0.000000
vt 0.459999 0.080000 0.000000
vt 0.479999 0.080000 0.000000
vt 0.499999 0.080000 0.000000
vt 0.519999 0.080000 0.000000
vt 0.539999 0.080000 0.000000
vt 0.559999 0.080000 0.000000
vt 0.579999 0.080000 0.000000
vt 0.599999 0.080000 0.000000
vt 0.619999 0.080000 0.000000
vt 0.639999 0.080000 0.000000
vt 0.659999 0.080000 0.000000
vt 0.679999 0.080000 0.000000
vt 0.699999 0.080000 0.000000
vt 0.719999 0.080000 0.000000
vt 0.739999 0.080000 0.000000
vt 0.759999 0.080000 0.000000
vt 0.779999 0.080000 0.000000
vt 0.799999 0.080000 0.000000
vt 0.819999 0.080000 0.000000
vt 0.839999 0.080000 0.000000
vt 0.859999 0.080000 0.000000
vt 0.879999 0.080000 0.000000
vt 0.899999 0.080000 0.000000
vt 0.919999 0.080000 0.000000
vt 0.939999 0.080000 0.000000
vt 0.959999 0.080000 0.000000
vt 0.979999 0.080000 0.000000
vt 1.000000 0.080000 0.000000
vt 1.000000 0.100000 0.000000
vt 0.980000 0.100000 0.000000
vt 0.960000 0.100000 0.000000
vt 0.940000 0.100000 0.000000
vt 0.920000 0.100000 0.000000
vt 0.900000 0.100000 0.000000
vt 0.880000 0.100000 0.000000
vt 0.860000 0.100000 0.000000
vt 0.840000 0.100000 0.000000
vt 0.820000 0.100000 0.000000
vt 0.800000 0.100000 0.000000
vt 0.780000 0.100000 0.000000
vt 0.760000 0.100000 0.000000
vt 0.740000 0.100000 0.000000
vt 0.720000 0.100000 0.000000
vt 0.700000 0.100000 0.000000
vt 0.680000 0.100000 0.000000
vt 0.660000 0.100000 0.000000
vt 0.640000 0.100000 0.000000
vt 0.620000 0.100000 0.000000
vt 0.600000 0.100000 0.000000
vt 0.580000 0.100000 0.000000
vt 0.560000 0.100000 0.000000
vt 0.540000 0.100000 0.000000
vt 0.520000 0.100000 0.000000
vt 0.500000 0.100000 0.000000
vt 0.480000 0.100000 0.000000
vt 0.460000 0.100000 0.000000
vt 0.440000 0.100000 0.000000
vt 0.420000 0.100000 0.000000
vt 0.400000 0.100000 0.000000
vt 0.380000 0.100000 0.000000
vt 0.360000 0.100000 0.000000
vt 0.340000 0.100000 0.000000
vt 0.320000 0.100000 0.000000
vt 0.300000 0.100000 0.000000
vt 0.280000 0.100000 0.000000
vt 0.260000 0.100000 0.000000
vt 0.240000 0.100000 0.000000
vt 0.220000 0.100000 0.000000
vt 0.200000 0.100000 0.000000
vt 0.180000 0.100000 0.000000
vt 0.160000 0.100000 0.000000
vt 0.140000 0.100000 0.000000
vt 0.120000 0.100000 0.000000
vt 0.100000 0.100000 0.000000
vt 0.080000 0.100000 0.000000
vt 0.060000 0.100000 0.000000
vt 0.040000 0.100000 0.000000
vt 0.020000 0.100000 0.000000
vt 0.000000 0.100000 0.000000
vt -0.000000 0.100000 0.000000
vt 0.020000 0.100000 0.000000
vt 0.040000 0.100000 0.000000
vt 0.060000 0.100000 0.000000
vt 0.080000 0.100000 0.000000
vt 0.100000 0.100000 0.000000
vt 0.120000 0.100000 0.000000
vt 0.140000 0.100000 0.000000
vt 0.159999 0.100000 0.000000
vt 0.179999 0.100000 0.000000
vt 0.199999 0.100000 0.000000
vt 0.219999 0.100000 0.000000
vt 0.239999 0.100000 0.000000
vt 0.259999 0.100000 0.000000
vt 0.279999 0.100000 0.000000
vt 0.299999 0.100000 0.000000
vt 0.319999 0.100000 0.000000
vt 0.339999 0.100000 0.000000
vt 0.359999 0.100000 0.000000
vt 0.379999 0.100000 0.000000
vt 0.399999 0.100000 0.000000
vt 0.419999 0.100000 0.000000
vt 0.439999 0.100000 0.000000
vt 0.459999 0.100000 0.000000
vt 0.479999 0.100000 0.000000
vt 0.499999 0.100000 0.000000
vt 0.519999 0.100000 0.000000
vt 0.539999 0.100000 0.000000
vt 0.559999 0.100000 0.000000
vt 0.579999 0.100000 0.000000
vt 0.599999 0.100000 0.000000
vt 0.619999 0.100000 0.000000
vt 0.639999 0.100000 0.000000
vt 0.659999 0.100000 0.000000
vt 0.679999 0.100000 0.000000
vt 0.699999 0.100000 0.000000
vt 0.719999 0.100000 0.000000
vt 0.739999 0.100000 0.000000
vt 0.759999 0.100000 0.000000
vt 0.779999 0.100000 0.000000
vt 0.799999 0.100000 0.000000
vt 0.819999 0.100000 0.000000
vt 0.839999 0.100000 0.000000
vt 0.859999 0.100000 0.000000
vt 0.879999 0.100000 0.000000
vt 0.899999 0.100000 0.000000
vt 0.919999 0.100000 0.000000
vt 0.939999 0.100000 0.000000
vt 0.959999 0.100000 0.000000
vt 0.979999 0.100000 0.000000
vt 1.000000 0.100000 0.000000
vt 1.000000 0.120000 0.000000
vt 0.980000 0.120000 0.000000
vt 0.960000 0.120000 0.000000
vt 0.940000 0.120000 0.000000
vt 0.920000 0.120000 0.000000
vt 0.900000 0.120000 0.000000
vt 0.880000 0.120000 0.000000
vt 0.860000 0.120000 0.000000
vt 0.840000 0.120000 0.000000
vt 0.820000 0.120000 0.000000
vt 0.800000 0.120000 0.000000
vt 0.780000 0.120000 0.000000
vt 0.760000 0.120000 0.000000
vt 0.740000 0.120000 0.000000
vt 0.720000 0.120000 0.000000
vt 0.700000 0.120000 0.000000
vt 0.680000 0.120000 0.000000
vt 0.660000 0.120000 0.000000
vt 0.640000 0.120000 0.000000
vt 0.620000 0.120000 0.000000
vt 0.600000 0.120000 0.000000
vt 0.580000 0.120000 0.000000
vt 0.560000 0.120000 0.000000
vt 0.540000 0.120000 0.000000
vt 0.520000 0.120000 0.000000
vt 0.500000 0.120000 0.000000
vt 0.480000 0.120000 0.000000
vt 0.460000 0.120000 0.000000
vt 0.440000 0.120000 0.000000
vt 0.420000 0.120000 0.000000
vt 0.400000 0.120000 0.000000
vt 0.380000 0.120000 0.000000
vt 0.360000 0.120000 0.000000
vt 0.340000 0.120000 0.000000
vt 0.320000 0.120000 0.000000
vt 0.300000 0.120000 0.000000
vt 0.280000 0.120000 0.000000
vt 0.260000 0.120000 0.000000
vt 0.240000 0.120000 0.000000
vt 0.220000 0.120000 0.000000
vt 0.200000 0.120000 0.000000
vt 0.180000 0.120000 0.000000
vt 0.160000 0.120000 0.000000
vt 0.140000 0.120000 0.000000
vt 0.120000 0.120000 0.000000
vt 0.100000 0.120000 0.000000
vt 0.080000 0.120000 0.000000
vt 0.060000 0.120000 0.000000
vt 0.040000 0.120000 0.000000
vt 0.020000 0.120000 0.000000
vt 0.000000 0.120000 0.000000
vt -0.000000 0.120000 0.000000
vt 0.020000 0.120000 0.000000
vt 0.040000 0.120000 0.000000
vt 0.060000 0.120000 0.000000
vt 0.080000 0.120000 0.000000
vt 0.100000 0.120000 0.000000
vt 0.120000 0.120000 0.000000
vt 0.140000 0.120000 0.000000
vt 0.159999 0.120000 0.000000
vt 0.179999 0.120000 0.000000
vt 0.199999 0.120000 0.000000
vt 0.219999 0.120000 0.000000
vt 0.239999 0.120000 0.000000
vt 0.259999 0.120000 0.000000
vt 0.279999 0.120000 0.000000
vt 0.299999 0.120000 0.000000
vt 0.319999 0.120000 0.000000
vt 0.339999 0.120000 0.000000
vt 0.359999 0.120000 0.000000
vt 0.379999 0.120000 0.000000
vt 0.399999 0.120000 0.000000
vt 0.419999 0.120000 0.000000
vt 0.439999 0.120000 0.000000
vt 0.459999 0.120000 0.000000
vt 0.479999 0.120000 0.000000
vt 0.499999 0.120000 0.000000
vt 0.519999 0.120000 0.000000
vt 0.539999 0.120000 0.000000
vt 0.559999 0.120000 0.000000
vt 0.579999 0.120000 0.000000
vt 0.599999 0.120000 0.000000
vt 0.619999 0.120000 0.000000
vt 0.639999 0.120000 0.000000
vt 0.659999 0.120000 0.000000
vt 0.679999 0.120000 0.000000
vt 0.699999 0.120000 0.000000
vt 0.719999 0.120000 0.000000
vt 0.739999 0.120000 0.000000
vt 0.759999 0.120000 0.000000
vt 0.779999 0.120000 0.000000
vt 0.799999 0.120000 0.000000
vt 0.819999 0.120000 0.000000
vt 0.839999 0.120000 0.000000
vt 0.859999 0.120000 0.000000
vt 0.879999 0.120000 0.000000
vt 0.899999 0.120000 0.000000
vt 0.919999 0.120000 0.000000
vt 0.939999 0.120000 0.000000
vt 0.959999 0.120000 0.000000
vt 0.979999 0.120000 0.000000
vt 1.000000 0.120000 0.000000
vt 1.000000 0.140000 0.000000
vt 0.980000 0.140000 0.000000
vt 0.960000 0.140000 0.000000
vt 0.940000 0.140000 0.000000
vt 0.920000 0.140000 0.000000
vt 0.900000 0.140000 0.000000
vt 0.880000 0.140000 0.000000
vt 0.860000 0.140000 0.000000
vt 0.840000 0.140000 0.000000
vt 0.820000 0.140000 0.000000
vt 0.800000 0.140000 0.000000
vt 0.780000 0.140000 0.000000
vt 0.760000 0.140000 0.000000
vt 0.740000 0.140000 0.000000
vt 0.720000 0.140000 0.000000
vt 0.700000 0.140000 0.000000
vt 0.680000 0.140000 0.000000
vt 0.660000 0.140000 0.000000
vt 0.640000 0.140000 0.000000
vt 0.620000 0.140000 0.000000
vt 0.600000 0.140000 0.000000
vt 0.580000 0.140000 0.000000
vt 0.560000 0.140000 0.000000
vt 0.540000 0.140000 0.000000
vt 0.520000 0.140000 0.000000
vt 0.500000 0.140000 0.000000
vt 0.480000 0.140000 0.000000
vt 0.460000 0.140000 0.000000
vt 0.440000 0.140000 0.000000
vt 0.420000 0.140000 0.000000
vt 0.400000 0.140000 0.000000
vt 0.380000 0.140000 0.000000
vt 0.360000 0.140000 0.000000
vt 0.340000 0.140000 0.000000
vt 0.320000 0.140000 0.000000
vt 0.300000 0.140000 0.000000
vt 0.280000 0.140000 0.000000
vt 0.260000 0.140000 0.000000
vt 0.240000 0.140000 0.000000
vt 0.220000 0.140000 0.000000
vt 0.200000 0.140000 0.000000
vt 0.180000 0.140000 0.000000
vt 0.160000 0.140000 0.000000
vt 0.140000 0.140000 0.000000
vt 0.120000 0.140000 0.000000
vt 0.100000 0.140000 0.000000
vt 0.080000 0.140000 0.000000
vt 0.060000 0.140000 0.000000
vt 0.040000 0.140000 0.000000
vt 0.020000 0.140000 0.000000
vt 0.000000 0.140000 0.000000
vt -0.000000 0.140000 0.000000
vt 0.020000 0.140000 0.000000
vt 0.040000 0.140000 0.000000
vt 0.060000 0.140000 0.000000
vt 0.080000 0.140000 0.000000
vt 0.100000 0.140000 0.000000
vt 0.120000 0.140000 0.000000
vt 0.140000 0.140000 0.000000
vt 0.159999 0.140000 0.000000
vt 0.179999 0.140000 0.000000
vt 0.199999 0.140000 0.000000
vt 0.219999 0.140000 0.000000
vt 0.239999 0.140000 0.000000
vt 0.259999 0.140000 0.000000
vt 0.279999 0.140000 0.000000
vt 0.299999 0.140000 0.000000
vt 0.319999 0.140000 0.000000
vt 0.339999 0.140000 0.000000
vt 0.359999 0.140000 0.000000
vt 0.379999 0.140000 0.000000
vt 0.399999 0.140000 0.000000
vt 0.419999 0.140000 0.000000
vt 0.439999 0.140000 0.000000
vt 0.459999 0.140000 0.000000
vt 0.479999 0.140000 0.000000
vt 0.499999 0.140000 0.000000
vt 0.519999 0.140000 0.000000
vt 0.539999 0.140000 0.000000
vt 0.559999 0.140000 0.000000
vt 0.579999 0.140000 0.000000
vt 0.599999 0.140000 0.000000
vt 0.619999 0.140000 0.000000
vt 0.639999 0.140000 0.000000
vt 0.659999 0.140000 0.000000
vt 0.679999 0.140000 0.000000
vt 0.699999 0.140000 0.000000
vt 0.719999 0.140000 0.000000
vt 0.739999 0.140000 0.000000
vt 0.759999 0.140000 0.000000
vt 0.779999 0.140000 0.000000
vt 0.799999 0.140000 0.000000
vt 0.819999 0.140000 0.000000
vt 0.839999 0.140000 0.000000
vt 0.859999 0.140000 0.000000
vt 0.879999 0.140000 0.000000
vt 0.899999 0.140000 0.000000
vt 0.919999 0.140000 0.000000
vt 0.939999 0.140000 0.000000
vt 0.959999 0.140000 0.000000
vt 0.979999 0.140000 0.000000
vt 1.000000 0.140000 0.000000
vt 1.000000 0.160000 0.000000
vt 0.980000 0.160000 0.000000
vt 0.960000 0.160000 0.000000
vt 0.940000 0.160000 0.000000
vt 0.920000 0.160000 0.000000
vt 0.900000 0.160000 0.000000
vt 0.880000 0.160000 0.000000
vt 0.860000 0.160000 0.000000
vt 0.840000 0.160000 0.000000
vt 0.820000 0.160000 0.000000
vt 0.800000 0.160000 0.000000
vt 0.780000 0.160000 0.000000
vt 0.760000 0.160000 0.000000
vt 0.740000 0.160000 0.000000
vt 0.720000 0.160000 0.000000
vt 0.700000 0.160000 0.000000
vt 0.680000 0.160000 0.000000
vt 0.660000 0.160000 0.000000
vt 0.640000 0.160000 0.000000
vt 0.620000 0.160000 0.000000
vt 0.600000 0.160000 0.000000
vt 0.580000 0.160000 0.000000
vt 0.560000 0.160000 0.000000
vt 0.540000 0.160000 0.000000
vt 0.520000 0.160000 0.000000
vt 0.500000 0.160000 0.000000
vt 0.480000 0.160000 0.000000
vt 0.460000 0.160000 0.000000
vt 0.440000 0.160000 0.000000
vt 0.420000 0.160000 0.000000
vt 0.400000 0.160000 0.000000
vt 0.380000 0.160000 0.000000
vt 0.360000 0.160000 0.000000
vt 0.340000 0.160000 0.000000
vt 0.320000 0.160000 0.000000
vt 0.300000 0.160000 0.000000
vt 0.280000 0.160000 0.000000
vt 0.260000 0.160000 0.000000
vt 0.240000 0.160000 0.000000
vt 0.220000 0.160000 0.000000
vt 0.200000 0.160000 0.000000
vt 0.180000 0.160000 0.000000
vt 0.160000 0.160000 0.000000
vt 0.140000 0.160000 0.000000
vt 0.120000 0.160000 0.000000
vt 0.100000 0.160000 0.000000
vt 0.080000 0.160000 0.000000
vt 0.060000 0.160000 0.000000
vt 0.040000 0.160000 0.000000
vt 0.020000 0.160000 0.000000
vt 0.000000 0.160000 0.000000
vt -0.000000 0.160000 0.000000
vt 0.020000 0.160000 0.000000
vt 0.040000 0.160000 0.000000
vt 0.060000 0.160000 0.000000
vt 0.080000 0.160000 0.000000
vt 0.100000 0.160000 0.000000
vt 0.120000 0.160000 0.000000
vt 0.140000 0.160000 0.000000
vt 0.159999 0.160000 0.000000
vt 0.179999 0.160000 0.000000
vt 0.199999 0.160000 0.000000
vt 0.219999 0.160000 0.000000
vt 0.239999 0.160000 0.000000
vt 0.259999 0.160000 0.000000
vt 0.279999 0.160000 0.000000
vt 0.299999 0.160000 0.000000
vt 0.319999 0.160000 0.000000
vt 0.339999 0.160000 0.000000
vt 0.359999 0.160000 0.000000
vt 0.379999 0.160000 0.000000
vt 0.399999 0.160000 0.000000
vt 0.419999 0.160000 0.000000
vt 0.439999 0.160000 0.000000
vt 0.459999 0.160000 0.000000
vt 0.479999 0.160000 0.000000
vt 0.499999 0.160000 0.000000
vt 0.519999 0.160000 0.000000
vt 0.539999 0.160000 0.000000
vt 0.559999 0.160000 0.000000
vt 0.579999 0.160000 0.000000
vt 0.599999 0.160000 0.000000
vt 0.619999 0.160000 0.000000
vt 0.639999 0.160000 0.000000
vt 0.659999 0.160000 0.000000
vt 0.679999 0.160000 0.000000
vt 0.699999 0.160000 0.000000
vt 0.719999 0.160000 0.000000
vt 0.739999 0.160000 0.000000
vt 0.759999 0.160000 0.000000
vt 0.779999 0.160000 0.000000
vt 0.799999 0.160000 0.000000
vt 0.819999 0.160000 0.000000
vt 0.839999 0.160000 0.000000
vt 0.859999 0.160000 0.000000
vt 0.879999 0.160000 0.000000
vt 0.899999 0.160000 0.000000
vt 0.919999 0.160000 0.000000
vt 0.939999 0.160000 0.000000
vt 0.959999 0.160000 0.000000
vt 0.979999 0.160000 0.000000
vt 1.000000 0.160000 0.000000
vt 1.000000 0.180000 0.000000
vt 0.980000 0.180000 0.000000
vt 0.960000 0.180000 0.000000
vt 0.940000 0.180000 0.000000
vt 0.920000 0.180000 0.000000
vt 0.900000 0.180000 0.000000
vt 0.880000 0.180000 0.000000
vt 0.860000 0.180000 0.000000
vt 0.840000 0.180000 0.000000
vt 0.820000 0.180000 0.000000
vt 0.800000 0.180000 0.000000
vt 0.780000 0.180000 0.000000
vt 0.760000 0.180000 0.000000
vt 0.740000 0.180000 0.000000
vt 0.720000 0.180000 0.000000
vt 0.700000 0.180000 0.000000
vt 0.680000 0.180000 0.000000
vt 0.660000 0.180000 0.000000
vt 0.640000 0.180000 0.000000
vt 0.620000 0.180000 0.000000
vt 0.600000 0.180000 0.000000
vt 0.580000 0.180000 0.000000
vt 0.560000 0.180000 0.000000
vt 0.540000 0.180000 0.000000
vt 0.520000 0.180000 0.000000
vt 0.500000 0.180000 0.000000
vt 0.480000 0.180000 0.000000
vt 0.460000 0.180000 0.000000
vt 0.440000 0.180000 0.000000
vt 0.420000 0.180000 0.000000
vt 0.400000 0.180000 0.000000
vt 0.380000 0.180000 0.000000
vt 0.360000 0.180000 0.000000
vt 0.340000 0.180000 0.000000
vt 0.320000 0.180000 0.000000
vt 0.300000 0.180000 0.000000
vt 0.280000 0.180000 0.000000
vt 0.260000 0.180000 0.000000
vt 0.240000 0.180000 0.000000
vt 0.220000 0.180000 0.000000
vt 0.200000 0.180000 0.000000
vt 0.180000 0.180000 0.000000
vt 0.160000 0.180000 0.000000
vt 0.140000 0.180000 0.000000
vt 0.120000 0.180000 0.000000
vt 0.100000 0.180000 0.000000
vt 0.080000 0.180000 0.000000
vt 0.060000 0.180000 0.000000
vt 0.040000 0.180000 0.000000
vt 0.020000 0.180000 0.000000
vt 0.000000 0.180000 0.000000
vt -0.000000 0.180000 0.000000
vt 0.020000 0.180000 0.000000
vt 0.040000 0.180000 0.000000
vt 0.060000 0.180000 0.000000
vt 0.080000 0.180000 0.000000
vt 0.100000 0.180000 0.000000
vt 0.120000 0.180000 0.000000
vt 0.140000 0.180000 0.000000
vt 0.159999 0.180000 0.000000
vt 0.179999 0.180000 0.000000
vt 0.199999 0.180000 0.000000
vt 0.219999 0.180000 0.000000
vt 0.239999 0.180000 0.000000
vt 0.259999 0.180000 0.000000
vt 0.279999 0.180000 0.000000
vt 0.299999 0.180000 0.000000
vt 0.319999 0.180000 0.000000
vt 0.339999 0.180000 0.000000
vt 0.359999 0.180000 0.000000
vt 0.379999 0.180000 0.000000
vt 0.399999 0.180000 0.000000
vt 0.419999 0.180000 0.000000
vt 0.439999 0.180000 0.000000
vt 0.459999 0.180000 0.000000
vt 0.479999 0.180000 0.000000
vt 0.499999 0.180000 0.000000
vt 0.519999 0.180000 0.000000
vt 0.539999 0.180000 0.000000
vt 0.559999 0.180000 0.000000
vt 0.579999 0.180000 0.000000
vt 0.599999 0.180000 0.000000
vt 0.619999 0.180000 0.000000
vt 0.639999 0.180000 0.000000
vt 0.659999 0.180000 0.000000
vt 0.679999 0.180000 0.000000
vt 0.699999 0.180000 0.000000
vt 0.719999 0.180000 0.000000
vt 0.739999 0.180000 0.000000
vt 0.759999 0.180000 0.000000
vt 0.779999 0.180000 0.000000
vt 0.799999 0.180000 0.000000
vt 0.819999 0.180000 0.000000
vt 0.839999 0.180000 0.000000
vt 0.859999 0.180000 0.000000
vt 0.879999 0.180000 0.000000
vt 0.899999 0.180000 0.000000
vt 0.919999 0.180000 0.000000
vt 0.939999 0.180000 0.000000
vt 0.959999 0.180000 0.000000
vt 0.979999 0.180000 0.000000
vt 1.000000 0.180000 0.000000
vt 1.000000 0.200000 0.000000
vt 0.980000 0.200000 0.000000
vt 0.960000 0.200000 0.000000
vt 0.940000 0.200000 0.000000
vt 0.920000 0.200000 0.000000
vt 0.900000 0.200000 0.000000
vt 0.880000 0.200000 0.000000
vt 0.860000 0.200000 0.000000
vt 0.840000 0.200000 0.000000
vt 0.820000 0.200000 0.000000
vt 0.800000 0.200000 0.000000
vt 0.780000 0.200000 0.000000
vt 0.760000 0.200000 0.000000
vt 0.740000 0.200000 0.000000
vt 0.720000 0.200000 0.000000
vt 0.700000 0.200000 0.000000
vt 0.680000 0.200000 0.000000
vt 0.660000 0.200000 0.000000
vt 0.640000 0.200000 0.000000
vt 0.620000 0.200000 0.000000
vt 0.600000 0.200000 0.000000
vt 0.580000 0.200000 0.000000
vt 0.560000 0.200000 0.000000
vt 0.540000 0.200000 0.000000
vt 0.520000 0.200000 0.000000
vt 0.500000 0.200000 0.000000
vt 0.480000 0.200000 0.000000
vt 0.460000 0.200000 0.000000
vt 0.440000 0.200000 0.000000
vt 0.420000 0.200000 0.000000
vt 0.400000 0.200000 0.000000
vt 0.380000 0.200000 0.000000
vt 0.360000 0.200000 0.000000
vt 0.340000 0.200000 0.000000
vt 0.320000 0.200000 0.000000
vt 0.300000 0.200000 0.000000
vt 0.280000 0.200000 0.000000
vt 0.260000 0.200000 0.000000
vt 0.240000 0.200000 0.000000
vt 0.220000 0.200000 0.000000
vt 0.200000 0.200000 0.000000
vt 0.180000 0.200000 0.000000
vt 0.160000 0.200000 0.000000
vt 0.140000 0.200000 0.000000
vt 0.120000 0.200000 0.000000
vt 0.100000 0.200000 0.000000
vt 0.080000 0.200000 0.000000
vt 0.060000 0.200000 0.000000
vt 0.040000 0.200000 0.000000
vt 0.020000 0.200000 0.000000
vt 0.000000 0.200000 0.000000
vt -0.000000 0.200000 0.000000
vt 0.020000 0.200000 0.000000
vt 0.040000 0.200000 0.000000
vt 0.060000 0.200000 0.000000
vt 0.080000 0.200000 0.000000
vt 0.100000 0.200000 0.000000
vt 0.120000 0.200000 0.000000
vt 0.140000 0.200000 0.000000
vt 0.159999 0.200000 0.000000
vt 0.179999 0.200000 0.000000
vt 0.199999 0.200000 0.000000
vt 0.219999 0.200000 0.000000
vt 0.239999 0.200000 0.000000
vt 0.259999 0.200000 0.000000
vt 0.279999 0.200000 0.000000
vt 0.299999 0.200000 0.000000
vt 0.319999 0.200000 0.000000
vt 0.339999 0.200000 0.000000
vt 0.359999 0.200000 0.000000
vt 0.379999 0.200000 0.000000
vt 0.399999 0.200000 0.000000
vt 0.419999 0.200000 0.000000
vt 0.439999 0.200000 0.000000
vt 0.459999 0.200000 0.000000
vt 0.479999 0.200000 0.000000
vt 0.499999 0.200000 0.000000
vt 0.519999 0.200000 0.000000
vt 0.539999 0.200000 0.000000
vt 0.559999 0.200000 0.000000
vt 0.579999 0.200000 0.000000
vt 0.599999 0.200000 0.000000
vt 0.619999 0.200000 0.000000
vt 0.639999 0.200000 0.000000
vt 0.659999 0.200000 0.000000
vt 0.679999 0.200000 0.000000
vt 0.699999 0.200000 0.000000
vt 0.719999 0.200000 0.000000
vt 0.739999 0.200000 0.000000
vt 0.759999 0.200000 0.000000
vt 0.779999 0.200000 0.000000
vt 0.799999 0.200000 0.000000
vt 0.819999 0.200000 0.000000
vt 0.839999 0.200000 0.000000
vt 0.859999 0.200000 0.000000
vt 0.879999 0.200000 0.000000
vt 0.899999 0.200000 0.000000
vt 0.919999 0.200000 0.000000
vt 0.939999 0.200000 0.000000
vt 0.959999 0.200000 0.000000
vt 0.979999 0.200000 0.000000
vt 1.000000 0.200000 0.000000
vt 1.000000 0.220000 0.000000
vt 0.980000 0.220000 0.000000
vt 0.960000 0.220000 0.000000
vt 0.940000 0.220000 0.000000
vt 0.920000 0.220000 0.000000
vt 0.900000 0.220000 0.000000
vt 0.880000 0.220000 0.000000
vt 0.860000 0.220000 0.000000
vt 0.840000 0.220000 0.000000
vt 0.820000 0.220000 0.000000
vt 0.800000 0.220000 0.000000
vt 0.780000 0.220000 0.000000
vt 0.760000 0.220000 0.000000
vt 0.740000 0.220000 0.000000
vt 0.720000 0.220000 0.000000
vt 0.700000 0.220000 0.000000
vt 0.680000 0.220000 0.000000
vt 0.660000 0.220000 0.000000
vt 0.640000 0.220000 0.000000
vt 0.620000 0.220000 0.000000
vt 0.600000 0.220000 0.000000
vt 0.580000 0.220000 0.000000
vt 0.560000 0.220000 0.000000
vt 0.540000 0.220000 0.000000
vt 0.520000 0.220000 0.000000
vt 0.500000 0.220000 0.000000
vt 0.480000 0.220000 0.000000
vt 0.460000 0.220000 0.000000
vt 0.440000 0.220000 0.000000
vt 0.420000 0.220000 0.000000
vt 0.400000 0.220000 0.000000
vt 0.380000 0.220000 0.000000
vt 0.360000 0.220000 0.000000
vt 0.340000 0.220000 0.000000
vt 0.320000 0.220000 0.000000
vt 0.300000 0.220000 0.000000
vt 0.280000 0.220000 0.000000
vt 0.260000 0.220000 0.000000
vt 0.240000 0.220000 0.000000
vt 0.220000 0.220000 0.000000
vt 0.200000 0.220000 0.000000
vt 0.180000 0.220000 0.000000
vt 0.160000 0.220000 0.000000
vt 0.140000 0.220000 0.000000
vt 0.120000 0.220000 0.000000
vt 0.100000 0.220000 0.000000
vt 0.080000 0.220000 0.000000
vt 0.060000 0.220000 0.000000
vt 0.040000 0.220000 0.000000
vt 0.020000 0.220000 0.000000
vt 0.000000 0.220000 0.000000
vt -0.000000 0.220000 0.000000
vt 0.020000 0.220000 0.000000
vt 0.040000 0.220000 0.000000
vt 0.060000 0.220000 0.000000
vt 0.080000 0.220000 0.000000
vt 0.100000 0.220000 0.000000
vt 0.120000 0.220000 0.000000
vt 0.140000 0.220000 0.000000
vt 0.159999 0.220000 0.000000
vt 0.179999 0.220000 0.000000
vt 0.199999 0.220000 0.000000
vt 0.219999 0.220000 0.000000
vt 0.239999 0.220000 0.000000
vt 0.259999 0.220000 0.000000
vt 0.279999 0.220000 0.000000
vt 0.299999 0.220000 0.000000
vt 0.319999 0.220000 0.000000
vt 0.339999 0.220000 0.000000
vt 0.359999 0.220000 0.000000
vt 0.379999 0.220000 0.000000
vt 0.399999 0.220000 0.000000
vt 0.419999 0.220000 0.000000
vt 0.439999 0.220000 0.000000
vt 0.459999 0.220000 0.000000
vt 0.479999 0.220000 0.000000
vt 0.499999 0.220000 0.000000
vt 0.519999 0.220000 0.000000
vt 0.539999 0.220000 0.000000
vt 0.559999 0.220000 0.000000
vt 0.579999 0.220000 0.000000
vt 0.599999 0.220000 0.000000
vt 0.619999 0.220000 0.000000
vt 0.639999 0.220000 0.000000
vt 0.659999 0.220000 0.000000
vt 0.679999 0.220000 0.000000
vt 0.699999 0.220000 0.000000
vt 0.719999 0.220000 0.000000
vt 0.739999 0.220000 0.000000
vt 0.759999 0.220000 0.000000
vt 0.779999 0.220000 0.000000
vt 0.799999 0.220000 0.000000
vt 0.819999 0.220000 0.000000
vt 0.839999 0.220000 0.000000
vt 0.859999 0.220000 0.000000
vt 0.879999 0.220000 0.000000
vt 0.899999 0.220000 0.000000
vt 0.919999 0.220000 0.000000
vt 0.939999 0.220000 0.000000
vt 0.959999 0.220000 0.000000
vt 0.979999 0.220000 0.000000
vt 1.000000 0.220000 0.000000
vt 1.000000 0.240000 0.000000
vt 0.980000 0.240000 0.000000
vt 0.960000 0.240000 0.000000
vt 0.940000 0.240000 0.000000
vt 0.920000 0.240000 0.000000
vt 0.900000 0.240000 0.000000
vt 0.880000 0.240000 0.000000
vt 0.860000 0.240000 0.000000
vt 0.840000 0.240000 0.000000
vt 0.820000 0.240000 0.000000
vt 0.800000 0.240000 0.000000
vt 0.780000 0.240000 0.000000
vt 0.760000 0.240000 0.000000
vt 0.740000 0.240000 0.000000
vt 0.720000 0.240000 0.000000
vt 0.700000 0.240000 0.000000
vt 0.680000 0.240000 0.000000
vt 0.660000 0.240000 0.000000
vt 0.640000 0.240000 0.000000
vt 0.620000 0.240000 0.000000
vt 0.600000 0.240000 0.000000
vt 0.580000 0.240000 0.000000
vt 0.560000 0.240000 0.000000
vt 0.540000 0.240000 0.000000
vt 0.520000 0.240000 0.000000
vt 0.500000 0.240000 0.000000
vt 0.480000 0.240000 0.000000
vt 0.460000 0.240000 0.000000
vt 0.440000 0.240000 0.000000
vt 0.420000 0.240000 0.000000
vt 0.400000 0.240000 0.000000
vt 0.380000 0.240000 0.000000
vt 0.360000 0.240000 0.000000
vt 0.340000 0.240000 0.000000
vt 0.320000 0.240000 0.000000
vt 0.300000 0.240000 0.000000
vt 0.280000 0.240000 0.000000
vt 0.260000 0.240000 0.000000
vt 0.240000 0.240000 0.000000
vt 0.220000 0.240000 0.000000
vt 0.200000 0.240000 0.000000
vt 0.180000 0.240000 0.000000
vt 0.160000 0.240000 0.000000
vt 0.140000 0.240000 0.000000
vt 0.120000 0.240000 0.000000
vt 0.100000 0.240000 0.000000
vt 0.080000 0.240000 0.000000
vt 0.060000 0.240000 0.000000
vt 0.040000 0.240000 0.000000
vt 0.020000 0.240000 0.000000
vt 0.000000 0.240000 0.000000
vt -0.000000 0.240000 0.000000
vt 0.020000 0.240000 0.000000
vt 0.040000 0.240000 0.000000
vt 0.060000 0.240000 0.000000
vt 0.080000 0.240000 0.000000
vt 0.100000 0.240000 0.000000
vt 0.120000 0.240000 0.000000
vt 0.140000 0.240000 0.000000
vt 0.159999 0.240000 0.000000
vt 0.179999 0.240000 0.000000
vt 0.199999 0.240000 0.000000
vt 0.219999 0.240000 0.000000
vt 0.239999 0.240000 0.000000
vt 0.259999 0.240000 0.000000
vt 0.279999 0.240000 0.000000
vt 0.299999 0.240000 0.000000
vt 0.319999 0.240000 0.000000
vt 0.339999 0.240000 0.000000
vt 0.359999 0.240000 0.000000
vt 0.379999 0.240000 0.000000
vt 0.399999 0.240000 0.000000
vt 0.419999 0.240000 0.000000
vt 0.439999 0.240000 0.000000
vt 0.459999 0.240000 0.000000
vt 0.479999 0.240000 0.000000
vt 0.499999 0.240000 0.000000
vt 0.519999 0.240000 0.000000
vt 0.539999 0.240000 0.000000
vt 0.559999 0.240000 0.000000
vt 0.579999 0.240000 0.000000
vt 0.599999 0.240000 0.000000
vt 0.619999 0.240000 0.000000
vt 0.639999 0.240000 0.000000
vt 0.659999 0.240000 0.000000
vt 0.679999 0.240000 0.000000
vt 0.699999 0.240000 0.000000
vt 0.719999 0.240000 0.000000
vt 0.739999 0.240000 0.000000
vt 0.759999 0.240000 0.000000
vt 0.779999 0.240000 0.000000
vt 0.799999 0.240000 0.000000
vt 0.819999 0.240000 0.000000
vt 0.839999 0.240000 0.000000
vt 0.859999 0.240000 0.000000
vt 0.879999 0.240000 0.000000
vt 0.899999 0.240000 0.000000
vt 0.919999 0.240000 0.000000
vt 0.939999 0.240000 0.000000
vt 0.959999 0.240000 0.000000
vt 0.979999 0.240000 0.000000
vt 1.000000 0.240000 0.000000
vt 1.000000 0.260000 0.000000
vt 0.980000 0.260000 0.000000
vt 0.960000 0.260000 0.000000
vt 0.940000 0.260000 0.000000
vt 0.920000 0.260000 0.000000
vt 0.900000 0.260000 0.000000
vt 0.880000 0.260000 0.000000
vt 0.860000 0.260000 0.000000
vt 0.840000 0.260000 0.000000
vt 0.820000 0.260000 0.000000
vt 0.800000 0.260000 0.000000
vt 0.780000 0.260000 0.000000
vt 0.760000 0.260000 0.000000
vt 0.740000 0.260000 0.000000
vt 0.720000 0.260000 0.000000
vt 0.700000 0.260000 0.000000
vt 0.680000 0.260000 0.000000
vt 0.660000 0.260000 0.000000
vt 0.640000 0.260000 0.000000
vt 0.620000 0.260000 0.000000
vt 0.600000 0.260000 0.000000
vt 0.580000 0.260000 0.000000
vt 0.560000 0.260000 0.000000
vt 0.540000 0.260000 0.000000
vt 0.520000 0.260000 0.000000
vt 0.500000 0.260000 0.000000
vt 0.480000 0.260000 0.000000
vt 0.460000 0.260000 0.000000
vt 0.440000 0.260000 0.000000
vt 0.420000 0.260000 0.000000
vt 0.400000 0.260000 0.000000
vt 0.380000 0.260000 0.000000
vt 0.360000 0.260000 0.000000
vt 0.340000 0.260000 0.000000
vt 0.320000 0.260000 0.000000
vt 0.300000 0.260000 0.000000
vt 0.280000 0.260000 0.000000
vt 0.260000 0.260000 0.000000
vt 0.240000 0.260000 0.000000
vt 0.220000 0.260000 0.000000
vt 0.200000 0.260000 0.000000
vt 0.180000 0.260000 0.000000
vt 0.160000 0.260000 0.000000
vt 0.140000 0.260000 0.000000
vt 0.120000 0.260000 0.000000
vt 0.100000 0.260000 0.000000
vt 0.080000 0.260000 0.000000
vt 0.060000 0.260000 0.000000
vt 0.040000 0.260000 0.000000
vt 0.020000 0.260000 0.000000
vt 0.000000 0.260000 0.000000
vt -0.000000 0.260000 0.000000
vt 0.020000 0.260000 0.000000
vt 0.040000 0.260000 0.000000
vt 0.060000 0.260000 0.000000
vt 0.080000 0.260000 0.000000
vt 0.100000 0.260000 0.000000
vt 0.120000 0.260000 0.000000
vt 0.140000 0.260000 0.000000
vt 0.159999 0.260000 0.000000
vt 0.179999 0.260000 0.000000
vt 0.199999 0.260000 0.000000
vt 0.219999 0.260000 0.000000
vt 0.239999 0.260000 0.000000
vt 0.259999 0.260000 0.000000
vt 0.279999 0.260000 0.000000
vt 0.299999 0.260000 0.000000
vt 0.319999 0.260000 0.000000
vt 0.339999 0.260000 0.000000
vt 0.359999 0.260000 0.000000
vt 0.379999 0.260000 0.000000
vt 0.399999 0.260000 0.000000
vt 0.419999 0.260000 0.000000
vt 0.439999 0.260000 0.000000
vt 0.459999 0.260000 0.000000
vt 0.479999 0.260000 0.000000
vt 0.499999 0.260000 0.000000
vt 0.519999 0.260000 0.000000
vt 0.539999 0.260000 0.000000
vt 0.559999 0.260000 0.000000
vt 0.579999 0.260000 0.000000
vt 0.599999 0.260000 0.000000
vt 0.619999 0.260000 0.000000
vt 0.639999 0.260000 0.000000
vt 0.659999 0.260000 0.000000
vt 0.679999 0.260000 0.000000
vt 0.699999 0.260000 0.000000
vt 0.719999 0.260000 0.000000
vt 0.739999 0.260000 0.000000
vt 0.759999 0.260000 0.000000
vt 0.779999 0.260000 0.000000
vt 0.799999 0.260000 0.000000
vt 0.819999 0.260000 0.000000
vt 0.839999 0.260000 0.000000
vt 0.859999 0.260000 0.000000
vt 0.879999 0.260000 0.000000
vt 0.899999 0.260000 0.000000
vt 0.919999 0.260000 0.000000
vt 0.939999 0.260000 0.000000
vt 0.959999 0.260000 0.000000
vt 0.979999 0.260000 0.000000
vt 1.000000 0.260000 0.000000
vt 1.000000 0.280000 0.000000
vt 0.980000 0.280000 0.000000
vt 0.960000 0.280000 0.000000
vt 0.940000 0.280000 0.000000
vt 0.920000 0.280000 0.000000
vt 0.900000 0.280000 0.000000
vt 0.880000 0.280000 0.000000
vt 0.860000 0.280000 0.000000
vt 0.840000 0.280000 0.000000
vt 0.820000 0.280000 0.000000
vt 0.800000 0.280000 0.000000
vt 0.780000 0.280000 0.000000
vt 0.760000 0.280000 0.000000
vt 0.740000 0.280000 0.000000
vt 0.720000 0.280000 0.000000
vt 0.700000 0.280000 0.000000
vt 0.680000 0.280000 0.000000
vt 0.660000 0.280000 0.000000
vt 0.640000 0.280000 0.000000
vt 0.620000 0.280000 0.000000
vt 0.600000 0.280000 0.000000
vt 0.580000 0.280000 0.000000
vt 0.560000 0.280000 0.000000
vt 0.540000 0.280000 0.000000
vt 0.520000 0.280000 0.000000
vt 0.500000 0.280000 0.000000
vt 0.480000 0.280000 0.000000
vt 0.460000 0.280000 0.000000
vt 0.440000 0.280000 0.000000
vt 0.420000 0.280000 0.000000
vt 0.400000 0.280000 0.000000
vt 0.380000 0.280000 0.000000
vt 0.360000 0.280000 0.000000
vt 0.340000 0.280000 0.000000
vt 0.320000 0.280000 0.000000
vt 0.300000 0.280000 0.000000
vt 0.280000 0.280000 0.000000
vt 0.260000 0.280000 0.000000
vt 0.240000 0.280000 0.000000
vt 0.220000 0.280000 0.000000
vt 0.200000 0.280000 0.000000
vt 0.180000 0.280000 0.000000
vt 0.160000 0.280000 0.000000
vt 0.140000 0.280000 0.000000
vt 0.120000 0.280000 0.000000
vt 0.100000 0.280000 0.000000
vt 0.080000 0.280000 0.000000
vt 0.060000 0.280000 0.000000
vt 0.040000 0.280000 0.000000
vt 0.020000 0.280000 0.000000
vt 0.000000 0.280000 0.000000
vt -0.000000 0.280000 0.000000
vt 0.020000 0.280000 0.000000
vt 0.040000 0.280000 0.000000
vt 0.060000 0.280000 0.000000
vt 0.080000 0.280000 0.000000
vt 0.100000 0.280000 0.000000
vt 0.120000 0.280000 0.000000
vt 0.140000 0.280000 0.000000
vt 0.159999 0.280000 0.000000
vt 0.179999 0.280000 0.000000
vt 0.199999 0.280000 0.000000
vt 0.219999 0.280000 0.000000
vt 0.239999 0.280000 0.000000
vt 0.259999 0.280000 0.000000
vt 0.279999 0.280000 0.000000
vt 0.299999 0.280000 0.000000
vt 0.319999 0.280000 0.000000
vt 0.339999 0.280000 0.000000
vt 0.359999 0.280000 0.000000
vt 0.379999 0.280000 0.000000
vt 0.399999 0.280000 0.000000
vt 0.419999 0.280000 0.000000
vt 0.439999 0.280000 0.000000
vt 0.459999 0.280000 0.000000
vt 0.479999 0.280000 0.000000
vt 0.499999 0.280000 0.000000
vt 0.519999 0.280000 0.000000
vt 0.539999 0.280000 0.000000
vt 0.559999 0.280000 0.000000
vt 0.579999 0.280000 0.000000
vt 0.599999 0.280000 0.000000
vt 0.619999 0.280000 0.000000
vt 0.639999 0.280000 0.000000
vt 0.659999 0.280000 0.000000
vt 0.679999 0.280000 0.000000
vt 0.699999 0.280000 0.000000
vt 0.719999 0.280000 0.000000
vt 0.739999 0.280000 0.000000
vt 0.759999 0.280000 0.000000
vt 0.779999 0.280000 0.000000
vt 0.799999 0.280000 0.000000
vt 0.819999 0.280000 0.000000
vt 0.839999 0.280000 0.000000
vt 0.859999 0.280000 0.000000
vt 0.879999 0.280000 0.000000
vt 0.899999 0.280000 0.000000
vt 0.919999 0.280000 0.000000
vt 0.939999 0.280000 0.000000
vt 0.959999 0.280000 0.000000
vt 0.979999 0.280000 0.000000
vt 1.000000 0.280000 0.000000
vt 1.000000 0.300000 0.000000
vt 0.980000 0.300000 0.000000
vt 0.960000 0.300000 0.000000
vt 0.940000 0.300000 0.000000
vt 0.920000 0.300000 0.000000
vt 0.900000 0.300000 0.000000
vt 0.880000 0.300000 0.000000
vt 0.860000 0.300000 0.000000
vt 0.840000 0.300000 0.000000
vt 0.820000 0.300000 0.000000
vt 0.800000 0.300000 0.000000
vt 0.780000 0.300000 0.000000
vt 0.760000 0.300000 0.000000
vt 0.740000 0.300000 0.000000
vt 0.720000 0.300000 0.000000
vt 0.700000 0.300000 0.000000
vt 0.680000 0.300000 0.000000
vt 0.660000 0.300000 0.000000
vt 0.640000 0.300000 0.000000
vt 0.620000 0.300000 0.000000
vt 0.600000 0.300000 0.000000
vt 0.580000 0.300000 0.000000
vt 0.560000 0.300000 0.000000
vt 0.540000 0.300000 0.000000
vt 0.520000 0.300000 0.000000
vt 0.500000 0.300000 0.000000
vt 0.480000 0.300000 0.000000
vt 0.460000 0.300000 0.000000
vt 0.440000 0.300000 0.000000
vt 0.420000 0.300000 0.000000
vt 0.400000 0.300000 0.000000
vt 0.380000 0.300000 0.000000
vt 0.360000 0.300000 0.000000
vt 0.340000 0.300000 0.000000
vt 0.320000 0.300000 0.000000
vt 0.300000 0.300000 0.000000
vt 0.280000 0.300000 0.000000
vt 0.260000 0.300000 0.000000
vt 0.240000 0.300000 0.000000
vt 0.220000 0.300000 0.000000
vt 0.200000 0.300000 0.000000
vt 0.180000 0.300000 0.000000
vt 0.160000 0.300000 0.000000
vt 0.140000 0.300000 0.000000
vt 0.120000 0.300000 0.000000
vt 0.100000 0.300000 0.000000
vt 0.080000 0.300000 0.000000
vt 0.060000 0.300000 0.000000
vt 0.040000 0.300000 0.000000
vt 0.020000 0.300000 0.000000
vt 0.000000 0.300000 0.000000
vt -0.000000 0.300000 0.000000
vt 0.020000 0.300000 0.000000
vt 0.040000 0.300000 0.000000
vt 0.060000 0.300000 0.000000
vt 0.080000 0.300000 0.000000
vt 0.100000 0.300000 0.000000
vt 0.120000 0.300000 0.000000
vt 0.140000 0.300000 0.000000
vt 0.159999 0.300000 0.000000
vt 0.179999 0.300000 0.000000
vt 0.199999 0.300000 0.000000
vt 0.219999 0.300000 0.000000
vt 0.239999 0.300000 0.000000
vt 0.259999 0.300000 0.000000
vt 0.279999 0.300000 0.000000
vt 0.299999 0.300000 0.000000
vt 0.319999 0.300000 0.000000
vt 0.339999 0.300000 0.000000
vt 0.359999 0.300000 0.000000
vt 0.379999 0.300000 0.000000
vt 0.399999 0.300000 0.000000
vt 0.419999 0.300000 0.000000
vt 0.439999 0.300000 0.000000
vt 0.459999 0.300000 0.000000
vt 0.479999 0.300000 0.000000
vt 0.499999 0.300000 0.000000
vt 0.519999 0.300000 0.000000
vt 0.539999 0.300000 0.000000
vt 0.559999 0.300000 0.000000
vt 0.579999 0.300000 0.000000
vt 0.599999 0.300000 0.000000
vt 0.619999 0.300000 0.000000
vt 0.639999 0.300000 0.000000
vt 0.659999 0.300000 0.000000
vt 0.679999 0.300000 0.000000
vt 0.699999 0.300000 0.000000
vt 0.719999 0.300000 0.000000
vt 0.739999 0.300000 0.000000
vt 0.759999 0.300000 0.000000
vt 0.779999 0.300000 0.000000
vt 0.799999 0.300000 0.000000
vt 0.819999 0.300000 0.000000
vt 0.839999 0.300000 0.000000
vt 0.859999 0.300000 0.000000
vt 0.879999 0.300000 0.000000
vt 0.899999 0.300000 0.000000
vt 0.919999 0.300000 0.000000
vt 0.939999 0.300000 0.000000
vt 0.959999 0.300000 0.000000
vt 0.979999 0.300000 0.000000
vt 1.000000 0.300000 0.000000
vt 1.000000 0.320000 0.000000
vt 0.980000 0.320000 0.000000
vt 0.960000 0.320000 0.000000
vt 0.940000 0.320000 0.000000
vt 0.920000 0.320000 0.000000
vt 0.900000 0.320000 0.000000
vt 0.880000 0.320000 0.000000
vt 0.860000 0.320000 0.000000
vt 0.840000 0.320000 0.000000
vt 0.820000 0.320000 0.000000
vt 0.800000 0.320000 0.000000
vt 0.780000 0.320000 0.000000
vt 0.760000 0.320000 0.000000
vt 0.740000 0.320000 0.000000
vt 0.720000 0.320000 0.000000
vt 0.700000 0.320000 0.000000
vt 0.680000 0.320000 0.000000
vt 0.660000 0.320000 0.000000
vt 0.640000 0.320000 0.000000
vt 0.620000 0.320000 0.000000
vt 0.600000 0.320000 0.000000
vt 0.580000 0.320000 0.000000
vt 0.560000 0.320000 0.000000
vt 0.540000 0.320000 0.000000
vt 0.520000 0.320000 0.000000
vt 0.500000 0.320000 0.000000
vt 0.480000 0.320000 0.000000
vt 0.460000 0.320000 0.000000
vt 0.440000 0.320000 0.000000
vt 0.420000 0.320000 0.000000
vt 0.400000 0.320000 0.000000
vt 0.380000 0.320000 0.000000
vt 0.360000 0.320000 0.000000
vt 0.340000 0.320000 0.000000
vt 0.320000 0.320000 0.000000
vt 0.300000 0.320000 0.000000
vt 0.280000 0.320000 0.000000
vt 0.260000 0.320000 0.000000
vt 0.240000 0.320000 0.000000
vt 0.220000 0.320000 0.000000
vt 0.200000 0.320000 0.000000
vt 0.180000 0.320000 0.000000
vt 0.160000 0.320000 0.000000
vt 0.140000 0.320000 0.000000
vt 0.120000 0.320000 0.000000
vt 0.100000 0.320000 0.000000
vt 0.080000 0.320000 0.000000
vt 0.060000 0.320000 0.000000
vt 0.040000 0.320000 0.000000
vt 0.020000 0.320000 0.000000
vt 0.000000 0.320000 0.000000
vt -0.000000 0.320000 0.000000
vt 0.020000 0.320000 0.000000
vt 0.040000 0.320000 0.000000
vt 0.060000 0.320000 0.000000
vt 0.080000 0.320000 0.000000
vt 0.100000 0.320000 0.000000
vt 0.120000 0.320000 0.000000
vt 0.140000 0.320000 0.000000
vt 0.159999 0.320000 0.000000
vt 0.179999 0.320000 0.000000
vt 0.199999 0.320000 0.000000
vt 0.219999 0.320000 0.000000
vt 0.239999 0.320000 0.000000
vt 0.259999 0.320000 0.000000
vt 0.279999 0.320000 0.000000
vt 0.299999 0.320000 0.000000
vt 0.319999 0.320000 0.000000
vt 0.339999 0.320000 0.000000
vt 0.359999 0.320000 0.000000
vt 0.379999 0.320000 0.000000
vt 0.399999 0.320000 0.000000
vt 0.419999 0.320000 0.000000
vt 0.439999 0.320000 0.000000
vt 0.459999 0.320000 0.000000
vt 0.479999 0.320000 0.000000
vt 0.499999 0.320000 0.000000
vt 0.519999 0.320000 0.000000
vt 0.539999 0.320000 0.000000
vt 0.559999 0.320000 0.000000
vt 0.579999 0.320000 0.000000
vt 0.599999 0.320000 0.000000
vt 0.619999 0.320000 0.000000
vt 0.639999 0.320000 0.000000
vt 0.659999 0.320000 0.000000
vt 0.679999 0.320000 0.000000
vt 0.699999 0.320000 0.000000
vt 0.719999 0.320000 0.000000
vt 0.739999 0.320000 0.000000
vt 0.759999 0.320000 0.000000
vt 0.779999 0.320000 0.000000
vt 0.799999 0.320000 0.000000
vt 0.819999 0.320000 0.000000
vt 0.839999 0.320000 0.000000
vt 0.859999 0.320000 0.000000
vt 0.879999 0.320000 0.000000
vt 0.899999 0.320000 0.000000
vt 0.919999 0.320000 0.000000
vt 0.939999 0.320000 0.000000
vt 0.959999 0.320000 0.000000
vt 0.979999 0.320000 0.000000
vt 1.000000 0.320000 0.000000
vt 1.000000 0.340000 0.000000
vt 0.980000 0.340000 0.000000
vt 0.960000 0.340000 0.000000
vt 0.940000 0.340000 0.000000
vt 0.920000 0.340000 0.000000
vt 0.900000 0.340000 0.000000
vt 0.880000 0.340000 0.000000
vt 0.860000 0.340000 0.000000
vt 0.840000 0.340000 0.000000
vt 0.820000 0.340000 0.000000
vt 0.800000 0.340000 0.000000
vt 0.780000 0.340000 0.000000
vt 0.760000 0.340000 0.000000
vt 0.740000 0.340000 0.000000
vt 0.720000 0.340000 0.000000
vt 0.700000 0.340000 0.000000
vt 0.680000 0.340000 0.000000
vt 0.660000 0.340000 0.000000
vt 0.640000 0.340000 0.000000
vt 0.620000 0.340000 0.000000
vt 0.600000 0.340000 0.000000
vt 0.580000 0.340000 0.000000
vt 0.560000 0.340000 0.000000
vt 0.540000 0.340000 0.000000
vt 0.520000 0.340000 0.000000
vt 0.500000 0.340000 0.000000
vt 0.480000 0.340000 0.000000
vt 0.460000 0.340000 0.000000
vt 0.440000 0.340000 0.000000
vt 0.420000 0.340000 0.000000
vt 0.400000 0.340000 0.000000
vt 0.380000 0.340000 0.000000
vt 0.360000 0.340000 0.000000
vt 0.340000 0.340000 0.000000
vt 0.320000 0.340000 0.000000
vt 0.300000 0.340000 0.000000
vt 0.280000 0.340000 0.000000
vt 0.260000 0.340000 0.000000
vt 0.240000 0.340000 0.000000
vt 0.220000 0.340000 0.000000
vt 0.200000 0.340000 0.000000
vt 0.180000 0.340000 0.000000
vt 0.160000 0.340000 0.000000
vt 0.140000 0.340000 0.000000
vt 0.120000 0.340000 0.000000
vt 0.100000 0.340000 0.000000
vt 0.080000 0.340000 0.000000
vt 0.060000 0.340000 0.000000
vt 0.040000 0.340000 0.000000
vt 0.020000 0.340000 0.000000
vt 0.000000 0.340000 0.000000
vt -0.000000 0.340000 0.000000
vt 0.020000 0.340000 0.000000
vt 0.040000 0.340000 0.000000
vt 0.060000 0.340000 0.000000
vt 0.080000 0.340000 0.000000
vt 0.100000 0.340000 0.000000
vt 0.120000 0.340000 0.000000
vt 0.140000 0.340000 0.000000
vt 0.159999 0.340000 0.000000
vt 0.179999 0.340000 0.000000
vt 0.199999 0.340000 0.000000
vt 0.219999 0.340000 0.000000
vt 0.239999 0.340000 0.000000
vt 0.259999 0.340000 0.000000
vt 0.279999 0.340000 0.000000
vt 0.299999 0.340000 0.000000
vt 0.319999 0.340000 0.000000
vt 0.339999 0.340000 0.000000
vt 0.359999 0.340000 0.000000
vt 0.379999 0.340000 0.000000
vt 0.399999 0.340000 0.000000
vt 0.419999 0.340000 0.000000
vt 0.439999 0.340000 0.000000
vt 0.459999 0.340000 0.000000
vt 0.479999 0.340000 0.000000
vt 0.499999 0.340000 0.000000
vt 0.519999 0.340000 0.000000
vt 0.539999 0.340000 0.000000
vt 0.559999 0.340000 0.000000
vt 0.579999 0.340000 0.000000
vt 0.599999 0.340000 0.000000
vt 0.619999 0.340000 0.000000
vt 0.639999 0.340000 0.000000
vt 0.659999 0.340000 0.000000
vt 0.679999 0.340000 0.000000
vt 0.699999 0.340000 0.000000
vt 0.719999 0.340000 0.000000
vt 0.739999 0.340000 0.000000
vt 0.759999 0.340000 0.000000
vt 0.779999 0.340000 0.000000
vt 0.799999 0.340000 0.000000
vt 0.819999 0.340000 0.000000
vt 0.839999 0.340000 0.000000
vt 0.859999 0.340000 0.000000
vt 0.879999 0.340000 0.000000
vt 0.899999 0.340000 0.000000
vt 0.919999 0.340000 0.000000
vt 0.939999 0.340000 0.000000
vt 0.959999 0.340000 0.000000
vt 0.979999 0.340000 0.000000
vt 1.000000 0.340000 0.000000
vt 1.000000 0.360000 0.000000
vt 0.980000 0.360000 0.000000
vt 0.960000 0.360000 0.000000
vt 0.940000 0.360000 0.000000
vt 0.920000 0.360000 0.000000
vt 0.900000 0.360000 0.000000
vt 0.880000 0.360000 0.000000
vt 0.860000 0.360000 0.000000
vt 0.840000 0.360000 0.000000
vt 0.820000 0.360000 0.000000
vt 0.800000 0.360000 0.000000
vt 0.780000 0.360000 0.000000
vt 0.760000 0.360000 0.000000
vt 0.740000 0.360000 0.000000
vt 0.720000 0.360000 0.000000
vt 0.700000 0.360000 0.000000
vt 0.680000 0.360000 0.000000
vt 0.660000 0.360000 0.000000
vt 0.640000 0.360000 0.000000
vt 0.620000 0.360000 0.000000
vt 0.600000 0.360000 0.000000
vt 0.580000 0.360000 0.000000
vt 0.560000 0.360000 0.000000
vt 0.540000 0.360000 0.000000
vt 0.520000 0.360000 0.000000
vt 0.500000 0.360000 0.000000
vt 0.480000 0.360000 0.000000
vt 0.460000 0.360000 0.000000
vt 0.440000 0.360000 0.000000
vt 0.420000 0.360000 0.000000
vt 0.400000 0.360000 0.000000
vt 0.380000 0.360000 0.000000
vt 0.360000 0.360000 0.000000
vt 0.340000 0.360000 0.000000
vt 0.320000 0.360000 0.000000
vt 0.300000 0.360000 0.000000
vt 0.280000 0.360000 0.000000
vt 0.260000 0.360000 0.000000
vt 0.240000 0.360000 0.000000
vt 0.220000 0.360000 0.000000
vt 0.200000 0.360000 0.000000
vt 0.180000 0.360000 0.000000
vt 0.160000 0.360000 0.000000
vt 0.140000 0.360000 0.000000
vt 0.120000 0.360000 0.000000
vt 0.100000 0.360000 0.000000
vt 0.080000 0.360000 0.000000
vt 0.060000 0.360000 0.000000
vt 0.040000 0.360000 0.000000
vt 0.020000 0.360000 0.000000
vt 0.000000 0.360000 0.000000
vt -0.000000 0.360000 0.000000
vt 0.020000 0.360000 0.000000
vt 0.040000 0.360000 0.000000
vt 0.060000 0.360000 0.000000
vt 0.080000 0.360000 0.000000
vt 0.100000 0.360000 0.000000
vt 0.120000 0.360000 0.000000
vt 0.140000 0.360000 0.000000
vt 0.159999 0.360000 0.000000
vt 0.179999 0.360000 0.000000
vt 0.199999 0.360000 0.000000
vt 0.219999 0.360000 0.000000
vt 0.239999 0.360000 0.000000
vt 0.259999 0.360000 0.000000
vt 0.279999 0.360000 0.000000
vt 0.299999 0.360000 0.000000
vt 0.319999 0.360000 0.000000
vt 0.339999 0.360000 0.000000
vt 0.359999 0.360000 0.000000
vt 0.379999 0.360000 0.000000
vt 0.399999 0.360000 0.000000
vt 0.419999 0.360000 0.000000
vt 0.439999 0.360000 0.000000
vt 0.459999 0.360000 0.000000
vt 0.479999 0.360000 0.000000
vt 0.499999 0.360000 0.000000
vt 0.519999 0.360000 0.000000
vt 0.539999 0.360000 0.000000
vt 0.559999 0.360000 0.000000
vt 0.579999 0.360000 0.000000
vt 0.599999 0.360000 0.000000
vt 0.619999 0.360000 0.000000
vt 0.639999 0.360000 0.000000
vt 0.659999 0.360000 0.000000
vt 0.679999 0.360000 0.000000
vt 0.699999 0.360000 0.000000
vt 0.719999 0.360000 0.000000
vt 0.739999 0.360000 0.000000
vt 0.759999 0.360000 0.000000
vt 0.779999 0.360000 0.000000
vt 0.799999 0.360000 0.000000
vt 0.819999 0.360000 0.000000
vt 0.839999 0.360000 0.000000
vt 0.859999 0.360000 0.000000
vt 0.879999 0.360000 0.000000
vt 0.899999 0.360000 0.000000
vt 0.919999 0.360000 0.000000
vt 0.939999 0.360000 0.000000
vt 0.959999 0.360000 0.000000
vt 0.979999 0.360000 0.000000
vt 1.000000 0.360000 0.000000
vt 1.000000 0.380000 0.000000
vt 0.980000 0.380000 0.000000
vt 0.960000 0.380000 0.000000
vt 0.940000 0.380000 0.000000
vt 0.920000 0.380000 0.000000
vt 0.900000 0.380000 0.000000
vt 0.880000 0.380000 0.000000
vt 0.860000 0.380000 0.000000
vt 0.840000 0.380000 0.000000
vt 0.820000 0.380000 0.000000
vt 0.800000 0.380000 0.000000
vt 0.780000 0.380000 0.000000
vt 0.760000 0.380000 0.000000
vt 0.740000 0.380000 0.000000
vt 0.720000 0.380000 0.000000
vt 0.700000 0.380000 0.000000
vt 0.680000 0.380000 0.000000
vt 0.660000 0.380000 0.000000
vt 0.640000 0.380000 0.000000
vt 0.620000 0.380000 0.000000
vt 0.600000 0.380000 0.000000
vt 0.580000 0.380000 0.000000
vt 0.560000 0.380000 0.000000
vt 0.540000 0.380000 0.000000
vt 0.520000 0.380000 0.000000
vt 0.500000 0.380000 0.000000
vt 0.480000 0.380000 0.000000
vt 0.460000 0.380000 0.000000
vt 0.440000 0.380000 0.000000
vt 0.420000 0.380000 0.000000
vt 0.400000 0.380000 0.000000
vt 0.380000 0.380000 0.000000
vt 0.360000 0.380000 0.000000
vt 0.340000 0.380000 0.000000
vt 0.320000 0.380000 0.000000
vt 0.300000 0.380000 0.000000
vt 0.280000 0.380000 0.000000
vt 0.260000 0.380000 0.000000
vt 0.240000 0.380000 0.000000
vt 0.220000 0.380000 0.000000
vt 0.200000 0.380000 0.000000
vt 0.180000 0.380000 0.000000
vt 0.160000 0.380000 0.000000
vt 0.140000 0.380000 0.000000
vt 0.120000 0.380000 0.000000
vt 0.100000 0.380000 0.000000
vt 0.080000 0.380000 0.000000
vt 0.060000 0.380000 0.000000
vt 0.040000 0.380000 0.000000
vt 0.020000 0.380000 0.000000
vt 0.000000 0.380000 0.000000
vt -0.000000 0.380000 0.000000
vt 0.020000 0.380000 0.000000
vt 0.040000 0.380000 0.000000
vt 0.060000 0.380000 0.000000
vt 0.080000 0.380000 0.000000
vt 0.100000 0.380000 0.000000
vt 0.120000 0.380000 0.000000
vt 0.140000 0.380000 0.000000
vt 0.159999 0.380000 0.000000
vt 0.179999 0.380000 0.000000
vt 0.199999 0.380000 0.000000
vt 0.219999 0.380000 0.000000
vt 0.239999 0.380000 0.000000
vt 0.259999 0.380000 0.000000
vt 0.279999 0.380000 0.000000
vt 0.299999 0.380000 0.000000
vt 0.319999 0.380000 0.000000
vt 0.339999 0.380000 0.000000
vt 0.359999 0.380000 0.000000
vt 0.379999 0.380000 0.000000
vt 0.399999 0.380000 0.000000
vt 0.419999 0.380000 0.000000
vt 0.439999 0.380000 0.000000
vt 0.459999 0.380000 0.000000
vt 0.479999 0.380000 0.000000
vt 0.499999 0.380000 0.000000
vt 0.519999 0.380000 0.000000
vt 0.539999 0.380000 0.000000
vt 0.559999 0.380000 0.000000
vt 0.579999 0.380000 0.000000
vt 0.599999 0.380000 0.000000
vt 0.619999 0.380000 0.000000
vt 0.639999 0.380000 0.000000
vt 0.659999 0.380000 0.000000
vt 0.679999 0.380000 0.000000
vt 0.699999 0.380000 0.000000
vt 0.719999 0.380000 0.000000
vt 0.739999 0.380000 0.000000
vt 0.759999 0.380000 0.000000
vt 0.779999 0.380000 0.000000
vt 0.799999 0.380000 0.000000
vt 0.819999 0.380000 0.000000
vt 0.839999 0.380000 0.000000
vt 0.859999 0.380000 0.000000
vt 0.879999 0.380000 0.000000
vt 0.899999 0.380000 0.000000
vt 0.919999 0.380000 0.000000
vt 0.939999 0.380000 0.000000
vt 0.959999 0.380000 0.000000
vt 0.979999 0.380000 0.000000
vt 1.000000 0.380000 0.000000
vt 1.000000 0.400000 0.000000
vt 0.980000 0.400000 0.000000
vt 0.960000 0.400000 0.000000
vt 0.940000 0.400000 0.000000
vt 0.920000 0.400000 0.000000
vt 0.900000 0.400000 0.000000
vt 0.880000 0.400000 0.000000
vt 0.860000 0.400000 0.000000
vt 0.840000 0.400000 0.000000
vt 0.820000 0.400000 0.000000
vt 0.800000 0.400000 0.000000
vt 0.780000 0.400000 0.000000
vt 0.760000 0.400000 0.000000
vt 0.740000 0.400000 0.000000
vt 0.720000 0.400000 0.000000
vt 0.700000 0.400000 0.000000
vt 0.680000 0.400000 0.000000
vt 0.660000 0.400000 0.000000
vt 0.640000 0.400000 0.000000
vt 0.620000 0.400000 0.000000
vt 0.600000 0.400000 0.000000
vt 0.580000 0.400000 0.000000
vt 0.560000 0.400000 0.000000
vt 0.540000 0.400000 0.000000
vt 0.520000 0.400000 0.000000
vt 0.500000 0.400000 0.000000
vt 0.480000 0.400000 0.000000
vt 0.460000 0.400000 0.000000
vt 0.440000 0.400000 0.000000
vt 0.420000 0.400000 0.000000
vt 0.400000 0.400000 0.000000
vt 0.380000 0.400000 0.000000
vt 0.360000 0.400000 0.000000
vt 0.340000 0.400000 0.000000
vt 0.320000 0.400000 0.000000
vt 0.300000 0.400000 0.000000
vt 0.280000 0.400000 0.000000
vt 0.260000 0.400000 0.000000
vt 0.240000 0.400000 0.000000
vt 0.220000 0.400000 0.000000
vt 0.200000 0.400000 0.000000
vt 0.180000 0.400000 0.000000
vt 0.160000 0.400000 0.000000
vt 0.140000 0.400000 0.000000
vt 0.120000 0.400000 0.000000
vt 0.100000 0.400000 0.000000
vt 0.080000 0.400000 0.000000
vt 0.060000 0.400000 0.000000
vt 0.040000 0.400000 0.000000
vt 0.020000 0.400000 0.000000
vt 0.000000 0.400000 0.000000
vt -0.000000 0.400000 0.000000
vt 0.020000 0.400000 0.000000
vt 0.040000 0.400000 0.000000
vt 0.060000 0.400000 0.000000
vt 0.080000 0.400000 0.000000
vt 0.100000 0.400000 0.000000
vt 0.120000 0.400000 0.000000
vt 0.140000 0.400000 0.000000
vt 0.159999 0.400000 0.000000
vt 0.179999 0.400000 0.000000
vt 0.199999 0.400000 0.000000
vt 0.219999 0.400000 0.000000
vt 0.239999 0.400000 0.000000
vt 0.259999 0.400000 0.000000
vt 0.279999 0.400000 0.000000
vt 0.299999 0.400000 0.000000
vt 0.319999 0.400000 0.000000
vt 0.339999 0.400000 0.000000
vt 0.359999 0.400000 0.000000
vt 0.379999 0.400000 0.000000
vt 0.399999 0.400000 0.000000
vt 0.419999 0.400000 0.000000
vt 0.439999 0.400000 0.000000
vt 0.459999 0.400000 0.000000
vt 0.479999 0.400000 0.000000
vt 0.499999 0.400000 0.000000
vt 0.519999 0.400000 0.000000
vt 0.539999 0.400000 0.000000
vt 0.559999 0.400000 0.000000
vt 0.579999 0.400000 0.000000
vt 0.599999 0.400000 0.000000
vt 0.619999 0.400000 0.000000
vt 0.639999 0.400000 0.000000
vt 0.659999 0.400000 0.000000
vt 0.679999 0.400000 0.000000
vt 0.699999 0.400000 0.000000
vt 0.719999 0.400000 0.000000
vt 0.739999 0.400000 0.000000
vt 0.759999 0.400000 0.000000
vt 0.779999 0.400000 0.000000
vt 0.799999 0.400000 0.000000
vt 0.819999 0.400000 0.000000
vt 0.839999 0.400000 0.000000
vt 0.859999 0.400000 0.000000
vt 0.879999 0.400000 0.000000
vt 0.899999 0.400000 0.000000
vt 0.919999 0.400000 0.000000
vt 0.939999 0.400000 0.000000
vt 0.959999 0.400000 0.000000
vt 0.979999 0.400000 0.000000
vt 1.000000 0.400000 0.000000
vt 1.000000 0.420000 0.000000
vt 0.980000 0.420000 0.000000
vt 0.960000 0.420000 0.000000
vt 0.940000 0.420000 0.000000
vt 0.920000 0.420000 0.000000
vt 0.900000 0.420000 0.000000
vt 0.880000 0.420000 0.000000
vt 0.860000 0.420000 0.000000
vt 0.840000 0.420000 0.000000
vt 0.820000 0.420000 0.000000
vt 0.800000 0.420000 0.000000
vt 0.780000 0.420000 0.000000
vt 0.760000 0.420000 0.000000
vt 0.740000 0.420000 0.000000
vt 0.720000 0.420000 0.000000
vt 0.700000 0.420000 0.000000
vt 0.680000 0.420000 0.000000
vt 0.660000 0.420000 0.000000
vt 0.640000 0.420000 0.000000
vt 0.620000 0.420000 0.000000
vt 0.600000 0.420000 0.000000
vt 0.580000 0.420000 0.000000
vt 0.560000 0.420000 0.000000
vt 0.540000 0.420000 0.000000
vt 0.520000 0.420000 0.000000
vt 0.500000 0.420000 0.000000
vt 0.480000 0.420000 0.000000
vt 0.460000 0.420000 0.000000
vt 0.440000 0.420000 0.000000
vt 0.420000 0.420000 0.000000
vt 0.400000 0.420000 0.000000
vt 0.380000 0.420000 0.000000
vt 0.360000 0.420000 0.000000
vt 0.340000 0.420000 0.000000
vt 0.320000 0.420000 0.000000
vt 0.300000 0.420000 0.000000
vt 0.280000 0.420000 0.000000
vt 0.260000 0.420000 0.000000
vt 0.240000 0.420000 0.000000
vt 0.220000 0.420000 0.000000
vt 0.200000 0.420000 0.000000
vt 0.180000 0.420000 0.000000
vt 0.160000 0.420000 0.000000
vt 0.140000 0.420000 0.000000
vt 0.120000 0.420000 0.000000
vt 0.100000 0.420000 0.000000
vt 0.080000 0.420000 0.000000
vt 0.060000 0.420000 0.000000
vt 0.040000 0.420000 0.000000
vt 0.020000 0.420000 0.000000
vt 0.000000 0.420000 0.000000
vt -0.000000 0.420000 0.000000
vt 0.020000 0.420000 0.000000
vt 0.040000 0.420000 0.000000
vt 0.060000 0.420000 0.000000
vt 0.080000 0.420000 0.000000
vt 0.100000 0.420000 0.000000
vt 0.120000 0.420000 0.000000
vt 0.140000 0.420000 0.000000
vt 0.159999 0.420000 0.000000
vt 0.179999 0.420000 0.000000
vt 0.199999 0.420000 0.000000
vt 0.219999 0.420000 0.000000
vt 0.239999 0.420000 0.000000
vt 0.259999 0.420000 0.000000
vt 0.279999 0.420000 0.000000
vt 0.299999 0.420000 0.000000
vt 0.319999 0.420000 0.000000
vt 0.339999 0.420000 0.000000
vt 0.359999 0.420000 0.000000
vt 0.379999 0.420000 0.000000
vt 0.399999 0.420000 0.000000
vt 0.419999 0.420000 0.000000
vt 0.439999 0.420000 0.000000
vt 0.459999 0.420000 0.000000
vt 0.479999 0.420000 0.000000
vt 0.499999 0.420000 0.000000
vt 0.519999 0.420000 0.000000
vt 0.539999 0.420000 0.000000
vt 0.559999 0.420000 0.000000
vt 0.579999 0.420000 0.000000
vt 0.599999 0.420000 0.000000
vt 0.619999 0.420000 0.000000
vt 0.639999 0.420000 0.000000
vt 0.659999 0.420000 0.000000
vt 0.679999 0.420000 0.000000
vt 0.699999 0.420000 0.000000
vt 0.719999 0.420000 0.000000
vt 0.739999 0.420000 0.000000
vt 0.759999 0.420000 0.000000
vt 0.779999 0.420000 0.000000
vt 0.799999 0.420000 0.000000
vt 0.819999 0.420000 0.000000
vt 0.839999 0.420000 0.000000
vt 0.859999 0.420000 0.000000
vt 0.879999 0.420000 0.000000
vt 0.899999 0.420000 0.000000
vt 0.919999 0.420000 0.000000
vt 0.939999 0.420000 0.000000
vt 0.959999 0.420000 0.000000
vt 0.979999 0.420000 0.000000
vt 1.000000 0.420000 0.000000
vt 1.000000 0.440000 0.000000
vt 0.980000 0.440000 0.000000
vt 0.960000 0.440000 0.000000
vt 0.940000 0.440000 0.000000
vt 0.920000 0.440000 0.000000
vt 0.900000 0.440000 0.000000
vt 0.880000 0.440000 0.000000
vt 0.860000 0.440000 0.000000
vt 0.840000 0.440000 0.000000
vt 0.820000 0.440000 0.000000
vt 0.800000 0.440000 0.000000
vt 0.780000 0.440000 0.000000
vt 0.760000 0.440000 0.000000
vt 0.740000 0.440000 0.000000
vt 0.720000 0.440000 0.000000
vt 0.700000 0.440000 0.000000
vt 0.680000 0.440000 0.000000
vt 0.660000 0.440000 0.000000
vt 0.640000 0.440000 0.000000
vt 0.620000 0.440000 0.000000
vt 0.600000 0.440000 0.000000
vt 0.580000 0.440000 0.000000
vt 0.560000 0.440000 0.000000
vt 0.540000 0.440000 0.000000
vt 0.520000 0.440000 0.000000
vt 0.500000 0.440000 0.000000
vt 0.480000 0.440000 0.000000
vt 0.460000 0.440000 0.000000
vt 0.440000 0.440000 0.000000
vt 0.420000 0.440000 0.000000
vt 0.400000 0.440000 0.000000
vt 0.380000 0.440000 0.000000
vt 0.360000 0.440000 0.000000
vt 0.340000 0.440000 0.000000
vt 0.320000 0.440000 0.000000
vt 0.300000 0.440000 0.000000
vt 0.280000 0.440000 0.000000
vt 0.260000 0.440000 0.000000
vt 0.240000 0.440000 0.000000
vt 0.220000 0.440000 0.000000
vt 0.200000 0.440000 0.000000
vt 0.180000 0.440000 0.000000
vt 0.160000 0.440000 0.000000
vt 0.140000 0.440000 0.000000
vt 0.120000 0.440000 0.000000
vt 0.100000 0.440000 0.000000
vt 0.080000 0.440000 0.000000
vt 0.060000 0.440000 0.000000
vt 0.040000 0.440000 0.000000
vt 0.020000 0.440000 0.000000
vt 0.000000 0.440000 0.000000
vt -0.000000 0.440000 0.000000
vt 0.020000 0.440000 0.000000
vt 0.040000 0.440000 0.000000
vt 0.060000 0.440000 0.000000
vt 0.080000 0.440000 0.000000
vt 0.100000 0.440000 0.000000
vt 0.120000 0.440000 0.000000
vt 0.140000 0.440000 0.000000
vt 0.159999 0.440000 0.000000
vt 0.179999 0.440000 0.000000
vt 0.199999 0.440000 0.000000
vt 0.219999 0.440000 0.000000
vt 0.239999 0.440000 0.000000
vt 0.259999 0.440000 0.000000
vt 0.279999 0.440000 0.000000
vt 0.299999 0.440000 0.000000
vt 0.319999 0.440000 0.000000
vt 0.339999 0.440000 0.000000
vt 0.359999 0.440000 0.000000
vt 0.379999 0.440000 0.000000
vt 0.399999 0.440000 0.000000
vt 0.419999 0.440000 0.000000
vt 0.439999 0.440000 0.000000
vt 0.459999 0.440000 0.000000
vt 0.479999 0.440000 0.000000
vt 0.499999 0.440000 0.000000
vt 0.519999 0.440000 0.000000
vt 0.539999 0.440000 0.000000
vt 0.559999 0.440000 0.000000
vt 0.579999 0.440000 0.000000
vt 0.599999 0.440000 0.000000
vt 0.619999 0.440000 0.000000
vt 0.639999 0.440000 0.000000
vt 0.659999 0.440000 0.000000
vt 0.679999 0.440000 0.000000
vt 0.699999 0.440000 0.000000
vt 0.719999 0.440000 0.000000
vt 0.739999 0.440000 0.000000
vt 0.759999 0.440000 0.000000
vt 0.779999 0.440000 0.000000
vt 0.799999 0.440000 0.000000
vt 0.819999 0.440000 0.000000
vt 0.839999 0.440000 0.000000
vt 0.859999 0.440000 0.000000
vt 0.879999 0.440000 0.000000
vt 0.899999 0.440000 0.000000
vt 0.919999 0.440000 0.000000
vt 0.939999 0.440000 0.000000
vt 0.959999 0.440000 0.000000
vt 0.979999 0.440000 0.000000
vt 1.000000 0.440000 0.000000
vt 1.000000 0.460000 0.000000
vt 0.980000 0.460000 0.000000
vt 0.960000 0.460000 0.000000
vt 0.940000 0.460000 0.000000
vt 0.920000 0.460000 0.000000
vt 0.900000 0.460000 0.000000
vt 0.880000 0.460000 0.000000
vt 0.860000 0.460000 0.000000
vt 0.840000 0.460000 0.000000
vt 0.820000 0.460000 0.000000
vt 0.800000 0.460000 0.000000
vt 0.780000 0.460000 0.000000
vt 0.760000 0.460000 0.000000
vt 0.740000 0.460000 0.000000
vt 0.720000 0.460000 0.000000
vt 0.700000 0.460000 0.000000
vt 0.680000 0.460000 0.000000
vt 0.660000 0.460000 0.000000
vt 0.640000 0.460000 0.000000
vt 0.620000 0.460000 0.000000
vt 0.600000 0.460000 0.000000
vt 0.580000 0.460000 0.000000
vt 0.560000 0.460000 0.000000
vt 0.540000 0.460000 0.000000
vt 0.520000 0.460000 0.000000
vt 0.500000 0.460000 0.000000
vt 0.480000 0.460000 0.000000
vt 0.460000 0.460000 0.000000
vt 0.440000 0.460000 0.000000
vt 0.420000 0.460000 0.000000
vt 0.400000 0.460000 0.000000
vt 0.380000 0.460000 0.000000
vt 0.360000 0.460000 0.000000
vt 0.340000 0.460000 0.000000
vt 0.320000 0.460000 0.000000
vt 0.300000 0.460000 0.000000
vt 0.280000 0.460000 0.000000
vt 0.260000 0.460000 0.000000
vt 0.240000 0.460000 0.000000
vt 0.220000 0.460000 0.000000
vt 0.200000 0.460000 0.000000
vt 0.180000 0.460000 0.000000
vt 0.160000 0.460000 0.000000
vt 0.140000 0.460000 0.000000
vt 0.120000 0.460000 0.000000
vt 0.100000 0.460000 0.000000
vt 0.080000 0.460000 0.000000
vt 0.060000 0.460000 0.000000
vt 0.040000 0.460000 0.000000
vt 0.020000 0.460000 0.000000
vt 0.000000 0.460000 0.000000
vt -0.000000 0.460000 0.000000
vt 0.020000 0.460000 0.000000
vt 0.040000 0.460000 0.000000
vt 0.060000 0.460000 0.000000
vt 0.080000 0.460000 0.000000
vt 0.100000 0.460000 0.000000
vt 0.120000 0.460000 0.000000
vt 0.140000 0.460000 0.000000
vt 0.159999 0.460000 0.000000
vt 0.179999 0.460000 0.000000
vt 0.199999 0.460000 0.000000
vt 0.219999 0.460000 0.000000
vt 0.239999 0.460000 0.000000
vt 0.259999 0.460000 0.000000
vt 0.279999 0.460000 0.000000
vt 0.299999 0.460000 0.000000
vt 0.319999 0.460000 0.000000
vt 0.339999 0.460000 0.000000
vt 0.359999 0.460000 0.000000
vt 0.379999 0.460000 0.000000
vt 0.399999 0.460000 0.000000
vt 0.419999 0.460000 0.000000
vt 0.439999 0.460000 0.000000
vt 0.459999 0.460000 0.000000
vt 0.479999 0.460000 0.000000
vt 0.499999 0.460000 0.000000
vt 0.519999 0.460000 0.000000
vt 0.539999 0.460000 0.000000
vt 0.559999 0.460000 0.000000
vt 0.579999 0.460000 0.000000
vt 0.599999 0.460000 0.000000
vt 0.619999 0.460000 0.000000
vt 0.639999 0.460000 0.000000
vt 0.659999 0.460000 0.000000
vt 0.679999 0.460000 0.000000
vt 0.699999 0.460000 0.000000
vt 0.719999 0.460000 0.000000
vt 0.739999 0.460000 0.000000
vt 0.759999 0.460000 0.000000
vt 0.779999 0.460000 0.000000
vt 0.799999 0.460000 0.000000
vt 0.819999 0.460000 0.000000
vt 0.839999 0.460000 0.000000
vt 0.859999 0.460000 0.000000
vt 0.879999 0.460000 0.000000
vt 0.899999 0.460000 0.000000
vt 0.919999 0.460000 0.000000
vt 0.939999 0.460000 0.000000
vt 0.959999 0.460000 0.000000
vt 0.979999 0.460000 0.000000
vt 1.000000 0.460000 0.000000
vt 1.000000 0.480000 0.000000
vt 0.980000 0.480000 0.000000
vt 0.960000 0.480000 0.000000
vt 0.940000 0.480000 0.000000
vt 0.920000 0.480000 0.000000
vt 0.900000 0.480000 0.000000
vt 0.880000 0.480000 0.000000
vt 0.860000 0.480000 0.000000
vt 0.840000 0.480000 0.000000
vt 0.820000 0.480000 0.000000
vt 0.800000 0.480000 0.000000
vt 0.780000 0.480000 0.000000
vt 0.760000 0.480000 0.000000
vt 0.740000 0.480000 0.000000
vt 0.720000 0.480000 0.000000
vt 0.700000 0.480000 0.000000
vt 0.680000 0.480000 0.000000
vt 0.660000 0.480000 0.000000
vt 0.640000 0.480000 0.000000
vt 0.620000 0.480000 0.000000
vt 0.600000 0.480000 0.000000
vt 0.580000 0.480000 0.000000
vt 0.560000 0.480000 0.000000
vt 0.540000 0.480000 0.000000
vt 0.520000 0.480000 0.000000
vt 0.500000 0.480000 0.000000
vt 0.480000 0.480000 0.000000
vt 0.460000 0.480000 0.000000
vt 0.440000 0.480000 0.000000
vt 0.420000 0.480000 0.000000
vt 0.400000 0.480000 0.000000
vt 0.380000 0.480000 0.000000
vt 0.360000 0.480000 0.000000
vt 0.340000 0.480000 0.000000
vt 0.320000 0.480000 0.000000
vt 0.300000 0.480000 0.000000
vt 0.280000 0.480000 0.000000
vt 0.260000 0.480000 0.000000
vt 0.240000 0.480000 0.000000
vt 0.220000 0.480000 0.000000
vt 0.200000 0.480000 0.000000
vt 0.180000 0.480000 0.000000
vt 0.160000 0.480000 0.000000
vt 0.140000 0.480000 0.000000
vt 0.120000 0.480000 0.000000
vt 0.100000 0.480000 0.000000
vt 0.080000 0.480000 0.000000
vt 0.060000 0.480000 0.000000
vt 0.040000 0.480000 0.000000
vt 0.020000 0.480000 0.000000
vt 0.000000 0.480000 0.000000
vt -0.000000 0.480000 0.000000
vt 0.020000 0.480000 0.000000
vt 0.040000 0.480000 0.000000
vt 0.060000 0.480000 0.000000
vt 0.080000 0.480000 0.000000
vt 0.100000 0.480000 0.000000
vt 0.120000 0.480000 0.000000
vt 0.140000 0.480000 0.000000
vt 0.159999 0.480000 0.000000
vt 0.179999 0.480000 0.000000
vt 0.199999 0.480000 0.000000
vt 0.219999 0.480000 0.000000
vt 0.239999 0.480000 0.000000
vt 0.259999 0.480000 0.000000
vt 0.279999 0.480000 0.000000
vt 0.299999 0.480000 0.000000
vt 0.319999 0.480000 0.000000
vt 0.339999 0.480000 0.000000
vt 0.359999 0.480000 0.000000
vt 0.379999 0.480000 0.000000
vt 0.399999 0.480000 0.000000
vt 0.419999 0.480000 0.000000
vt 0.439999 0.480000 0.000000
vt 0.459999 0.480000 0.000000
vt 0.479999 0.480000 0.000000
vt 0.499999 0.480000 0.000000
vt 0.519999 0.480000 0.000000
vt 0.539999 0.480000 0.000000
vt 0.559999 0.480000 0.000000
vt 0.579999 0.480000 0.000000
vt 0.599999 0.480000 0.000000
vt 0.619999 0.480000 0.000000
vt 0.639999 0.480000 0.000000
vt 0.659999 0.480000 0.000000
vt 0.679999 0.480000 0.000000
vt 0.699999 0.480000 0.000000
vt 0.719999 0.480000 0.000000
vt 0.739999 0.480000 0.000000
vt 0.759999 0.480000 0.000000
vt 0.779999 0.480000 0.000000
vt 0.799999 0.480000 0.000000
vt 0.819999 0.480000 0.000000
vt 0.839999 0.480000 0.000000
vt 0.859999 0.480000 0.000000
vt 0.879999 0.480000 0.000000
vt 0.899999 0.480000 0.000000
vt 0.919999 0.480000 0.000000
vt 0.939999 0.480000 0.000000
vt 0.959999 0.480000 0.000000
vt 0.979999 0.480000 0.000000
vt 1.000000 0.480000 0.000000
vt 1.000000 0.500000 0.000000
vt 0.980000 0.500000 0.000000
vt 0.960000 0.500000 0.000000
vt 0.940000 0.500000 0.000000
vt 0.920000 0.500000 0.000000
vt 0.900000 0.500000 0.000000
vt 0.880000 0.500000 0.000000
vt 0.860000 0.500000 0.000000
vt 0.840000 0.500000 0.000000
vt 0.820000 0.500000 0.000000
vt 0.800000 0.500000 0.000000
vt 0.780000 0.500000 0.000000
vt 0.760000 0.500000 0.000000
vt 0.740000 0.500000 0.000000
vt 0.720000 0.500000 0.000000
vt 0.700000 0.500000 0.000000
vt 0.680000 0.500000 0.000000
vt 0.660000 0.500000 0.000000
vt 0.640000 0.500000 0.000000
vt 0.620000 0.500000 0.000000
vt 0.600000 0.500000 0.000000
vt 0.580000 0.500000 0.000000
vt 0.560000 0.500000 0.000000
vt 0.540000 0.500000 0.000000
vt 0.520000 0.500000 0.000000
vt 0.500000 0.500000 0.000000
vt 0.480000 0.500000 0.000000
vt 0.460000 0.500000 0.000000
vt 0.440000 0.500000 0.000000
vt 0.420000 0.500000 0.000000
vt 0.400000 0.500000 0.000000
vt 0.380000 0.500000 0.000000
vt 0.360000 0.500000 0.000000
vt 0.340000 0.500000 0.000000
vt 0.320000 0.500000 0.000000
vt 0.300000 0.500000 0.000000
vt 0.280000 0.500000 0.000000
vt 0.260000 0.500000 0.000000
vt 0.240000 0.500000 0.000000
vt 0.220000 0.500000 0.000000
vt 0.200000 0.500000 0.000000
vt 0.180000 0.500000 0.000000
vt 0.160000 0.500000 0.000000
vt 0.140000 0.500000 0.000000
vt 0.120000 0.500000 0.000000
vt 0.100000 0.500000 0.000000
vt 0.080000 0.500000 0.000000
vt 0.060000 0.500000 0.000000
vt 0.040000 0.500000 0.000000
vt 0.020000 0.500000 0.000000
vt 0.000000 0.500000 0.000000
vt -0.000000 0.500000 0.000000
vt 0.020000 0.500000 0.000000
vt 0.040000 0.500000 0.000000
vt 0.060000 0.500000 0.000000
vt 0.080000 0.500000 0.000000
vt 0.100000 0.500000 0.000000
vt 0.120000 0.500000 0.000000
vt 0.140000 0.500000 0.000000
vt 0.159999 0.500000 0.000000
vt 0.179999 0.500000 0.000000
vt 0.199999 0.500000 0.000000
vt 0.219999 0.500000 0.000000
vt 0.239999 0.500000 0.000000
vt 0.259999 0.500000 0.000000
vt 0.279999 0.500000 0.000000
vt 0.299999 0.500000 0.000000
vt 0.319999 0.500000 0.000000
vt 0.339999 0.500000 0.000000
vt 0.359999 0.500000 0.000000
vt 0.379999 0.500000 0.000000
vt 0.399999 0.500000 0.000000
vt 0.419999 0.500000 0.000000
vt 0.439999 0.500000 0.000000
vt 0.459999 0.500000 0.000000
vt 0.479999 0.500000 0.000000
vt 0.499999 0.500000 0.000000
vt 0.519999 0.500000 0.000000
vt 0.539999 0.500000 0.000000
vt 0.559999 0.500000 0.000000
vt 0.579999 0.500000 0.000000
vt 0.599999 0.500000 0.000000
vt 0.619999 0.500000 0.000000
vt 0.639999 0.500000 0.000000
vt 0.659999 0.500000 0.000000
vt 0.679999 0.500000 0.000000
vt 0.699999 0.500000 0.000000
vt 0.719999 0.500000 0.000000
vt 0.739999 0.500000 0.000000
vt 0.759999 0.500000 0.000000
vt 0.779999 0.500000 0.000000
vt 0.799999 0.500000 0.000000
vt 0.819999 0.500000 0.000000
vt 0.839999 0.500000 0.000000
vt 0.859999 0.500000 0.000000
vt 0.879999 0.500000 0.000000
vt 0.899999 0.500000 0.000000
vt 0.919999 0.500000 0.000000
vt 0.939999 0.500000 0.000000
vt 0.959999 0.500000 0.000000
vt 0.979999 0.500000 0.000000
vt 1.000000 0.500000 0.000000
vt 1.000000 0.520000 0.000000
vt 0.980000 0.520000 0.000000
vt 0.960000 0.520000 0.000000
vt 0.940000 0.520000 0.000000
vt 0.920000 0.520000 0.000000
vt 0.900000 0.520000 0.000000
vt 0.880000 0.520000 0.000000
vt 0.860000 0.520000 0.000000
vt 0.840000 0.520000 0.000000
vt 0.820000 0.520000 0.000000
vt 0.800000 0.520000 0.000000
vt 0.780000 0.520000 0.000000
vt 0.760000 0.520000 0.000000
vt 0.740000 0.520000 0.000000
vt 0.720000 0.520000 0.000000
vt 0.700000 0.520000 0.000000
vt 0.680000 0.520000 0.000000
vt 0.660000 0.520000 0.000000
vt 0.640000 0.520000 0.000000
vt 0.620000 0.520000 0.000000
vt 0.600000 0.520000 0.000000
vt 0.580000 0.520000 0.000000
vt 0.560000 0.520000 0.000000
vt 0.540000 0.520000 0.000000
vt 0.520000 0.520000 0.000000
vt 0.500000 0.520000 0.000000
vt 0.480000 0.520000 0.000000
vt 0.460000 0.520000 0.000000
vt 0.440000 0.520000 0.000000
vt 0.420000 0.520000 0.000000
vt 0.400000 0.520000 0.000000
vt 0.380000 0.520000 0.000000
vt 0.360000 0.520000 0.000000
vt 0.340000 0.520000 0.000000
vt 0.320000 0.520000 0.000000
vt 0.300000 0.520000 0.000000
vt 0.280000 0.520000 0.000000
vt 0.260000 0.520000 0.000000
vt 0.240000 0.520000 0.000000
vt 0.220000 0.520000 0.000000
vt 0.200000 0.520000 0.000000
vt 0.180000 0.520000 0.000000
vt 0.160000 0.520000 0.000000
vt 0.140000 0.520000 0.000000
vt 0.120000 0.520000 0.000000
vt 0.100000 0.520000 0.000000
vt 0.080000 0.520000 0.000000
vt 0.060000 0.520000 0.000000
vt 0.040000 0.520000 0.000000
vt 0.020000 0.520000 0.000000
vt 0.000000 0.520000 0.000000
vt -0.000000 0.520000 0.000000
vt 0.020000 0.520000 0.000000
vt 0.040000 0.520000 0.000000
vt 0.060000 0.520000 0.000000
vt 0.080000 0.520000 0.000000
vt 0.100000 0.520000 0.000000
vt 0.120000 0.520000 0.000000
vt 0.140000 0.520000 0.000000
vt 0.159999 0.520000 0.000000
vt 0.179999 0.520000 0.000000
vt 0.199999 0.520000 0.000000
vt 0.219999 0.520000 0.000000
vt 0.239999 0.520000 0.000000
vt 0.259999 0.520000 0.000000
vt 0.279999 0.520000 0.000000
vt 0.299999 0.520000 0.000000
vt 0.319999 0.520000 0.000000
vt 0.339999 0.520000 0.000000
vt 0.359999 0.520000 0.000000
vt 0.379999 0.520000 0.000000
vt 0.399999 0.520000 0.000000
vt 0.419999 0.520000 0.000000
vt 0.439999 0.520000 0.000000
vt 0.459999 0.520000 0.000000
vt 0.479999 0.520000 0.000000
vt 0.499999 0.520000 0.000000
vt 0.519999 0.520000 0.000000
vt 0.539999 0.520000 0.000000
vt 0.559999 0.520000 0.000000
vt 0.579999 0.520000 0.000000
vt 0.599999 0.520000 0.000000
vt 0.619999 0.520000 0.000000
vt 0.639999 0.520000 0.000000
vt 0.659999 0.520000 0.000000
vt 0.679999 0.520000 0.000000
vt 0.699999 0.520000 0.000000
vt 0.719999 0.520000 0.000000
vt 0.739999 0.520000 0.000000
vt 0.759999 0.520000 0.000000
vt 0.779999 0.520000 0.000000
vt 0.799999 0.520000 0.000000
vt 0.819999 0.520000 0.000000
vt 0.839999 0.520000 0.000000
vt 0.859999 0.520000 0.000000
vt 0.879999 0.520000 0.000000
vt 0.899999 0.520000 0.000000
vt 0.919999 0.520000 0.000000
vt 0.939999 0.520000 0.000000
vt 0.959999 0.520000 0.000000
vt 0.979999 0.520000 0.000000
vt 1.000000 0.520000 0.000000
vt 1.000000 0.540000 0.000000
vt 0.980000 0.540000 0.000000
vt 0.960000 0.540000 0.000000
vt 0.940000 0.540000 0.000000
vt 0.920000 0.540000 0.000000
vt 0.900000 0.540000 0.000000
vt 0.880000 0.540000 0.000000
vt 0.860000 0.540000 0.000000
vt 0.840000 0.540000 0.000000
vt 0.820000 0.540000 0.000000
vt 0.800000 0.540000 0.000000
vt 0.780000 0.540000 0.000000
vt 0.760000 0.540000 0.000000
vt 0.740000 0.540000 0.000000
vt 0.720000 0.540000 0.000000
vt 0.700000 0.540000 0.000000
vt 0.680000 0.540000 0.000000
vt 0.660000 0.540000 0.000000
vt 0.640000 0.540000 0.000000
vt 0.620000 0.540000 0.000000
vt 0.600000 0.540000 0.000000
vt 0.580000 0.540000 0.000000
vt 0.560000 0.540000 0.000000
vt 0.540000 0.540000 0.000000
vt 0.520000 0.540000 0.000000
vt 0.500000 0.540000 0.000000
vt 0.480000 0.540000 0.000000
vt 0.460000 0.540000 0.000000
vt 0.440000 0.540000 0.000000
vt 0.420000 0.540000 0.000000
vt 0.400000 0.540000 0.000000
vt 0.380000 0.540000 0.000000
vt 0.360000 0.540000 0.000000
vt 0.340000 0.540000 0.000000
vt 0.320000 0.540000 0.000000
vt 0.300000 0.540000 0.000000
vt 0.280000 0.540000 0.000000
vt 0.260000 0.540000 0.000000
vt 0.240000 0.540000 0.000000
vt 0.220000 0.540000 0.000000
vt 0.200000 0.540000 0.000000
vt 0.180000 0.540000 0.000000
vt 0.160000 0.540000 0.000000
vt 0.140000 0.540000 0.000000
vt 0.120000 0.540000 0.000000
vt 0.100000 0.540000 0.000000
vt 0.080000 0.540000 0.000000
vt 0.060000 0.540000 0.000000
vt 0.040000 0.540000 0.000000
vt 0.020000 0.540000 0.000000
vt 0.000000 0.540000 0.000000
vt -0.000000 0.540000 0.000000
vt 0.020000 0.540000 0.000000
vt 0.040000 0.540000 0.000000
vt 0.060000 0.540000 0.000000
vt 0.080000 0.540000 0.000000
vt 0.100000 0.540000 0.000000
vt 0.120000 0.540000 0.000000
vt 0.140000 0.540000 0.000000
vt 0.159999 0.540000 0.000000
vt 0.179999 0.540000 0.000000
vt 0.199999 0.540000 0.000000
vt 0.219999 0.540000 0.000000
vt 0.239999 0.540000 0.000000
vt 0.259999 0.540000 0.000000
vt 0.279999 0.540000 0.000000
vt 0.299999 0.540000 0.000000
vt 0.319999 0.540000 0.000000
vt 0.339999 0.540000 0.000000
vt 0.359999 0.540000 0.000000
vt 0.379999 0.540000 0.000000
vt 0.399999 0.540000 0.000000
vt 0.419999 0.540000 0.000000
vt 0.439999 0.540000 0.000000
vt 0.459999 0.540000 0.000000
vt 0.479999 0.540000 0.000000
vt 0.499999 0.540000 0.000000
vt 0.519999 0.540000 0.000000
vt 0.539999 0.540000 0.000000
vt 0.559999 0.540000 0.000000
vt 0.579999 0.540000 0.000000
vt 0.599999 0.540000 0.000000
vt 0.619999 0.540000 0.000000
vt 0.639999 0.540000 0.000000
vt 0.659999 0.540000 0.000000
vt 0.679999 0.540000 0.000000
vt 0.699999 0.540000 0.000000
vt 0.719999 0.540000 0.000000
vt 0.739999 0.540000 0.000000
vt 0.759999 0.540000 0.000000
vt 0.779999 0.540000 0.000000
vt 0.799999 0.540000 0.000000
vt 0.819999 0.540000 0.000000
vt 0.839999 0.540000 0.000000
vt 0.859999 0.540000 0.000000
vt 0.879999 0.540000 0.000000
vt 0.899999 0.540000 0.000000
vt 0.919999 0.540000 0.000000
vt 0.939999 0.540000 0.000000
vt 0.959999 0.540000 0.000000
vt 0.979999 0.540000 0.000000
vt 1.000000 0.540000 0.000000
vt 1.000000 0.560000 0.000000
vt 0.980000 0.560000 0.000000
vt 0.960000 0.560000 0.000000
vt 0.940000 0.560000 0.000000
vt 0.920000 0.560000 0.000000
vt 0.900000 0.560000 0.000000
vt 0.880000 0.560000 0.000000
vt 0.860000 0.560000 0.000000
vt 0.840000 0.560000 0.000000
vt 0.820000 0.560000 0.000000
vt 0.800000 0.560000 0.000000
vt 0.780000 0.560000 0.000000
vt 0.760000 0.560000 0.000000
vt 0.740000 0.560000 0.000000
vt 0.720000 0.560000 0.000000
vt 0.700000 0.560000 0.000000
vt 0.680000 0.560000 0.000000
vt 0.660000 0.560000 0.000000
vt 0.640000 0.560000 0.000000
vt 0.620000 0.560000 0.000000
vt 0.600000 0.560000 0.000000
vt 0.580000 0.560000 0.000000
vt 0.560000 0.560000 0.000000
vt 0.540000 0.560000 0.000000
vt 0.520000 0.560000 0.000000
vt 0.500000 0.560000 0.000000
vt 0.480000 0.560000 0.000000
vt 0.460000 0.560000 0.000000
vt 0.440000 0.560000 0.000000
vt 0.420000 0.560000 0.000000
vt 0.400000 0.560000 0.000000
vt 0.380000 0.560000 0.000000
vt 0.360000 0.560000 0.000000
vt 0.340000 0.560000 0.000000
vt 0.320000 0.560000 0.000000
vt 0.300000 0.560000 0.000000
vt 0.280000 0.560000 0.000000
vt 0.260000 0.560000 0.000000
vt 0.240000 0.560000 0.000000
vt 0.220000 0.560000 0.000000
vt 0.200000 0.560000 0.000000
vt 0.180000 0.560000 0.000000
vt 0.160000 0.560000 0.000000
vt 0.140000 0.560000 0.000000
vt 0.120000 0.560000 0.000000
vt 0.100000 0.560000 0.000000
vt 0.080000 0.560000 0.000000
vt 0.060000 0.560000 0.000000
vt 0.040000 0.560000 0.000000
vt 0.020000 0.560000 0.000000
vt 0.000000 0.560000 0.000000
vt -0.000000 0.560000 0.000000
vt 0.020000 0.560000 0.000000
vt 0.040000 0.560000 0.000000
vt 0.060000 0.560000 0.000000
vt 0.080000 0.560000 0.000000
vt 0.100000 0.560000 0.000000
vt 0.120000 0.560000 0.000000
vt 0.140000 0.560000 0.000000
vt 0.159999 0.560000 0.000000
vt 0.179999 0.560000 0.000000
vt 0.199999 0.560000 0.000000
vt 0.219999 0.560000 0.000000
vt 0.239999 0.560000 0.000000
vt 0.259999 0.560000 0.000000
vt 0.279999 0.560000 0.000000
vt 0.299999 0.560000 0.000000
vt 0.319999 0.560000 0.000000
vt 0.339999 0.560000 0.000000
vt 0.359999 0.560000 0.000000
vt 0.379999 0.560000 0.000000
vt 0.399999 0.560000 0.000000
vt 0.419999 0.560000 0.000000
vt 0.439999 0.560000 0.000000
vt 0.459999 0.560000 0.000000
vt 0.479999 0.560000 0.000000
vt 0.499999 0.560000 0.000000
vt 0.519999 0.560000 0.000000
vt 0.539999 0.560000 0.000000
vt 0.559999 0.560000 0.000000
vt 0.579999 0.560000 0.000000
vt 0.599999 0.560000 0.000000
vt 0.619999 0.560000 0.000000
vt 0.639999 0.560000 0.000000
vt 0.659999 0.560000 0.000000
vt 0.679999 0.560000 0.000000
vt 0.699999 0.560000 0.000000
vt 0.719999 0.560000 0.000000
vt 0.739999 0.560000 0.000000
vt 0.759999 0.560000 0.000000
vt 0.779999 0.560000 0.000000
vt 0.799999 0.560000 0.000000
vt 0.819999 0.560000 0.000000
vt 0.839999 0.560000 0.000000
vt 0.859999 0.560000 0.000000
vt 0.879999 0.560000 0.000000
vt 0.899999 0.560000 0.000000
vt 0.919999 0.560000 0.000000
vt 0.939999 0.560000 0.000000
vt 0.959999 0.560000 0.000000
vt 0.979999 0.560000 0.000000
vt 1.000000 0.560000 0.000000
vt 1.000000 0.580000 0.000000
vt 0.980000 0.580000 0.000000
vt 0.960000 0.580000 0.000000
vt 0.940000 0.580000 0.000000
vt 0.920000 0.580000 0.000000
vt 0.900000 0.580000 0.000000
vt 0.880000 0.580000 0.000000
vt 0.860000 0.580000 0.000000
vt 0.840000 0.580000 0.000000
vt 0.820000 0.580000 0.000000
vt 0.800000 0.580000 0.000000
vt 0.780000 0.580000 0.000000
vt 0.760000 0.580000 0.000000
vt 0.740000 0.580000 0.000000
vt 0.720000 0.580000 0.000000
vt 0.700000 0.580000 0.000000
vt 0.680000 0.580000 0.000000
vt 0.660000 0.580000 0.000000
vt 0.640000 0.580000 0.000000
vt 0.620000 0.580000 0.000000
vt 0.600000 0.580000 0.000000
vt 0.580000 0.580000 0.000000
vt 0.560000 0.580000 0.000000
vt 0.540000 0.580000 0.000000
vt 0.520000 0.580000 0.000000
vt 0.500000 0.580000 0.000000
vt 0.480000 0.580000 0.000000
vt 0.460000 0.580000 0.000000
vt 0.440000 0.580000 0.000000
vt 0.420000 0.580000 0.000000
vt 0.400000 0.580000 0.000000
vt 0.380000 0.580000 0.000000
vt 0.360000 0.580000 0.000000
vt 0.340000 0.580000 0.000000
vt 0.320000 0.580000 0.000000
vt 0.300000 0.580000 0.000000
vt 0.280000 0.580000 0.000000
vt 0.260000 0.580000 0.000000
vt 0.240000 0.580000 0.000000
vt 0.220000 0.580000 0.000000
vt 0.200000 0.580000 0.000000
vt 0.180000 0.580000 0.000000
vt 0.160000 0.580000 0.000000
vt 0.140000 0.580000 0.000000
vt 0.120000 0.580000 0.000000
vt 0.100000 0.580000 0.000000
vt 0.080000 0.580000 0.000000
vt 0.060000 0.580000 0.000000
vt 0.040000 0.580000 0.000000
vt 0.020000 0.580000 0.000000
vt 0.000000 0.580000 0.000000
vt -0.000000 0.580000 0.000000
vt 0.020000 0.580000 0.000000
vt 0.040000 0.580000 0.000000
vt 0.060000 0.580000 0.000000
vt 0.080000 0.580000 0.000000
vt 0.100000 0.580000 0.000000
vt 0.120000 0.580000 0.000000
vt 0.140000 0.580000 0.000000
vt 0.159999 0.580000 0.000000
vt 0.179999 0.580000 0.000000
vt 0.199999 0.580000 0.000000
vt 0.219999 0.580000 0.000000
vt 0.239999 0.580000 0.000000
vt 0.259999 0.580000 0.000000
vt 0.279999 0.580000 0.000000
vt 0.299999 0.580000 0.000000
vt 0.319999 0.580000 0.000000
vt 0.339999 0.580000 0.000000
vt 0.359999 0.580000 0.000000
vt 0.379999 0.580000 0.000000
vt 0.399999 0.580000 0.000000
vt 0.419999 0.580000 0.000000
vt 0.439999 0.580000 0.000000
vt 0.459999 0.580000 0.000000
vt 0.479999 0.580000 0.000000
vt 0.499999 0.580000 0.000000
vt 0.519999 0.580000 0.000000
vt 0.539999 0.580000 0.000000
vt 0.559999 0.580000 0.000000
vt 0.579999 0.580000 0.000000
vt 0.599999 0.580000 0.000000
vt 0.619999 0.580000 0.000000
vt 0.639999 0.580000 0.000000
vt 0.659999 0.580000 0.000000
vt 0.679999 0.580000 0.000000
vt 0.699999 0.580000 0.000000
vt 0.719999 0.580000 0.000000
vt 0.739999 0.580000 0.000000
vt 0.759999 0.580000 0.000000
vt 0.779999 0.580000 0.000000
vt 0.799999 0.580000 0.000000
vt 0.819999 0.580000 0.000000
vt 0.839999 0.580000 0.000000
vt 0.859999 0.580000 0.000000
vt 0.879999 0.580000 0.000000
vt 0.899999 0.580000 0.000000
vt 0.919999 0.580000 0.000000
vt 0.939999 0.580000 0.000000
vt 0.959999 0.580000 0.000000
vt 0.979999 0.580000 0.000000
vt 1.000000 0.580000 0.000000
vt 1.000000 0.600000 0.000000
vt 0.980000 0.600000 0.000000
vt 0.960000 0.600000 0.000000
vt 0.940000 0.600000 0.000000
vt 0.920000 0.600000 0.000000
vt 0.900000 0.600000 0.000000
vt 0.880000 0.600000 0.000000
vt 0.860000 0.600000 0.000000
vt 0.840000 0.600000 0.000000
vt 0.820000 0.600000 0.000000
vt 0.800000 0.600000 0.000000
vt 0.780000 0.600000 0.000000
vt 0.760000 0.600000 0.000000
vt 0.740000 0.600000 0.000000
vt 0.720000 0.600000 0.000000
vt 0.700000 0.600000 0.000000
vt 0.680000 0.600000 0.000000
vt 0.660000 0.600000 0.000000
vt 0.640000 0.600000 0.000000
vt 0.620000 0.600000 0.000000
vt 0.600000 0.600000 0.000000
vt 0.580000 0.600000 0.000000
vt 0.560000 0.600000 0.000000
vt 0.540000 0.600000 0.000000
vt 0.520000 0.600000 0.000000
vt 0.500000 0.600000 0.000000
vt 0.480000 0.600000 0.000000
vt 0.460000 0.600000 0.000000
vt 0.440000 0.600000 0.000000
vt 0.420000 0.600000 0.000000
vt 0.400000 0.600000 0.000000
vt 0.380000 0.600000 0.000000
vt 0.360000 0.600000 0.000000
vt 0.340000 0.600000 0.000000
vt 0.320000 0.600000 0.000000
vt 0.300000 0.600000 0.000000
vt 0.280000 0.600000 0.000000
vt 0.260000 0.600000 0.000000
vt 0.240000 0.600000 0.000000
vt 0.220000 0.600000 0.000000
vt 0.200000 0.600000 0.000000
vt 0.180000 0.600000 0.000000
vt 0.160000 0.600000 0.000000
vt 0.140000 0.600000 0.000000
vt 0.120000 0.600000 0.000000
vt 0.100000 0.600000 0.000000
vt 0.080000 0.600000 0.000000
vt 0.060000 0.600000 0.000000
vt 0.040000 0.600000 0.000000
vt 0.020000 0.600000 0.000000
vt 0.000000 0.600000 0.000000
vt -0.000000 0.600000 0.000000
vt 0.020000 0.600000 0.000000
vt 0.040000 0.600000 0.000000
vt 0.060000 0.600000 0.000000
vt 0.080000 0.600000 0.000000
vt 0.100000 0.600000 0.000000
vt 0.120000 0.600000 0.000000
vt 0.140000 0.600000 0.000000
vt 0.159999 0.600000 0.000000
vt 0.179999 0.600000 0.000000
vt 0.199999 0.600000 0.000000
vt 0.219999 0.600000 0.000000
vt 0.239999 0.600000 0.000000
vt 0.259999 0.600000 0.000000
vt 0.279999 0.600000 0.000000
vt 0.299999 0.600000 0.000000
vt 0.319999 0.600000 0.000000
vt 0.339999 0.600000 0.000000
vt 0.359999 0.600000 0.000000
vt 0.379999 0.600000 0.000000
vt 0.399999 0.600000 0.000000
vt 0.419999 0.600000 0.000000
vt 0.439999 0.600000 0.000000
vt 0.459999 0.600000 0.000000
vt 0.479999 0.600000 0.000000
vt 0.499999 0.600000 0.000000
vt 0.519999 0.600000 0.000000
vt 0.539999 0.600000 0.000000
vt 0.559999 0.600000 0.000000
vt 0.579999 0.600000 0.000000
vt 0.599999 0.600000 0.000000
vt 0.619999 0.600000 0.000000
vt 0.639999 0.600000 0.000000
vt 0.659999 0.600000 0.000000
vt 0.679999 0.600000 0.000000
vt 0.699999 0.600000 0.000000
vt 0.719999 0.600000 0.000000
vt 0.739999 0.600000 0.000000
vt 0.759999 0.600000 0.000000
vt 0.779999 0.600000 0.000000
vt 0.799999 0.600000 0.000000
vt 0.819999 0.600000 0.000000
vt 0.839999 0.600000 0.000000
vt 0.859999 0.600000 0.000000
vt 0.879999 0.600000 0.000000
vt 0.899999 0.600000 0.000000
vt 0.919999 0.600000 0.000000
vt 0.939999 0.600000 0.000000
vt 0.959999 0.600000 0.000000
vt 0.979999 0.600000 0.000000
vt 1.000000 0.600000 0.000000
vt 1.000000 0.620000 0.000000
vt 0.980000 0.620000 0.000000
vt 0.960000 0.620000 0.000000
vt 0.940000 0.620000 0.000000
vt 0.920000 0.620000 0.000000
vt 0.900000 0.620000 0.000000
vt 0.880000 0.620000 0.000000
vt 0.860000 0.620000 0.000000
vt 0.840000 0.620000 0.000000
vt 0.820000 0.620000 0.000000
vt 0.800000 0.620000 0.000000
vt 0.780000 0.620000 0.000000
vt 0.760000 0.620000 0.000000
vt 0.740000 0.620000 0.000000
vt 0.720000 0.620000 0.000000
vt 0.700000 0.620000 0.000000
vt 0.680000 0.620000 0.000000
vt 0.660000 0.620000 0.000000
vt 0.640000 0.620000 0.000000
vt 0.620000 0.620000 0.000000
vt 0.600000 0.620000 0.000000
vt 0.580000 0.620000 0.000000
vt 0.560000 0.620000 0.000000
vt 0.540000 0.620000 0.000000
vt 0.520000 0.620000 0.000000
vt 0.500000 0.620000 0.000000
vt 0.480000 0.620000 0.000000
vt 0.460000 0.620000 0.000000
vt 0.440000 0.620000 0.000000
vt 0.420000 0.620000 0.000000
vt 0.400000 0.620000 0.000000
vt 0.380000 0.620000 0.000000
vt 0.360000 0.620000 0.000000
vt 0.340000 0.620000 0.000000
vt 0.320000 0.620000 0.000000
vt 0.300000 0.620000 0.000000
vt 0.280000 0.620000 0.000000
vt 0.260000 0.620000 0.000000
vt 0.240000 0.620000 0.000000
vt 0.220000 0.620000 0.000000
vt 0.200000 0.620000 0.000000
vt 0.180000 0.620000 0.000000
vt 0.160000 0.620000 0.000000
vt 0.140000 0.620000 0.000000
vt 0.120000 0.620000 0.000000
vt 0.100000 0.620000 0.000000
vt 0.080000 0.620000 0.000000
vt 0.060000 0.620000 0.000000
vt 0.040000 0.620000 0.000000
vt 0.020000 0.620000 0.000000
vt 0.000000 0.620000 0.000000
vt -0.000000 0.620000 0.000000
vt 0.020000 0.620000 0.000000
vt 0.040000 0.620000 0.000000
vt 0.060000 0.620000 0.000000
vt 0.080000 0.620000 0.000000
vt 0.100000 0.620000 0.000000
vt 0.120000 0.620000 0.000000
vt 0.140000 0.620000 0.000000
vt 0.159999 0.620000 0.000000
vt 0.179999 0.620000 0.000000
vt 0.199999 0.620000 0.000000
vt 0.219999 0.620000 0.000000
vt 0.239999 0.620000 0.000000
vt 0.259999 0.620000 0.000000
vt 0.279999 0.620000 0.000000
vt 0.299999 0.620000 0.000000
vt 0.319999 0.620000 0.000000
vt 0.339999 0.620000 0.000000
vt 0.359999 0.620000 0.000000
vt 0.379999 0.620000 0.000000
vt 0.399999 0.620000 0.000000
vt 0.419999 0.620000 0.000000
vt 0.439999 0.620000 0.000000
vt 0.459999 0.620000 0.000000
vt 0.479999 0.620000 0.000000
vt 0.499999 0.620000 0.000000
vt 0.519999 0.620000 0.000000
vt 0.539999 0.620000 0.000000
vt 0.559999 0.620000 0.000000
vt 0.579999 0.620000 0.000000
vt 0.599999 0.620000 0.000000
vt 0.619999 0.620000 0.000000
vt 0.639999 0.620000 0.000000
vt 0.659999 0.620000 0.000000
vt 0.679999 0.620000 0.000000
vt 0.699999 0.620000 0.000000
vt 0.719999 0.620000 0.000000
vt 0.739999 0.620000 0.000000
vt 0.759999 0.620000 0.000000
vt 0.779999 0.620000 0.000000
vt 0.799999 0.620000 0.000000
vt 0.819999 0.620000 0.000000
vt 0.839999 0.620000 0.000000
vt 0.859999 0.620000 0.000000
vt 0.879999 0.620000 0.000000
vt 0.899999 0.620000 0.000000
vt 0.919999 0.620000 0.000000
vt 0.939999 0.620000 0.000000
vt 0.959999 0.620000 0.000000
vt 0.979999 0.620000 0.000000
vt 1.000000 0.620000 0.000000
vt 1.000000 0.640000 0.000000
vt 0.980000 0.640000 0.000000
vt 0.960000 0.640000 0.000000
vt 0.940000 0.640000 0.000000
vt 0.920000 0.640000 0.000000
vt 0.900000 0.640000 0.000000
vt 0.880000 0.640000 0.000000
vt 0.860000 0.640000 0.000000
vt 0.840000 0.640000 0.000000
vt 0.820000 0.640000 0.000000
vt 0.800000 0.640000 0.000000
vt 0.780000 0.640000 0.000000
vt 0.760000 0.640000 0.000000
vt 0.740000 0.640000 0.000000
vt 0.720000 0.640000 0.000000
vt 0.700000 0.640000 0.000000
vt 0.680000 0.640000 0.000000
vt 0.660000 0.640000 0.000000
vt 0.640000 0.640000 0.000000
vt 0.620000 0.640000 0.000000
vt 0.600000 0.640000 0.000000
vt 0.580000 0.640000 0.000000
vt 0.560000 0.640000 0.000000
vt 0.540000 0.640000 0.000000
vt 0.520000 0.640000 0.000000
vt 0.500000 0.640000 0.000000
vt 0.480000 0.640000 0.000000
vt 0.460000 0.640000 0.000000
vt 0.440000 0.640000 0.000000
vt 0.420000 0.640000 0.000000
vt 0.400000 0.640000 0.000000
vt 0.380000 0.640000 0.000000
vt 0.360000 0.640000 0.000000
vt 0.340000 0.640000 0.000000
vt 0.320000 0.640000 0.000000
vt 0.300000 0.640000 0.000000
vt 0.280000 0.640000 0.000000
vt 0.260000 0.640000 0.000000
vt 0.240000 0.640000 0.000000
vt 0.220000 0.640000 0.000000
vt 0.200000 0.640000 0.000000
vt 0.180000 0.640000 0.000000
vt 0.160000 0.640000 0.000000
vt 0.140000 0.640000 0.000000
vt 0.120000 0.640000 0.000000
vt 0.100000 0.640000 0.000000
vt 0.080000 0.640000 0.000000
vt 0.060000 0.640000 0.000000
vt 0.040000 0.640000 0.000000
vt 0.020000 0.640000 0.000000
vt 0.000000 0.640000 0.000000
vt -0.000000 0.640000 0.000000
vt 0.020000 0.640000 0.000000
vt 0.040000 0.640000 0.000000
vt 0.060000 0.640000 0.000000
vt 0.080000 0.640000 0.000000
vt 0.100000 0.640000 0.000000
vt 0.120000 0.640000 0.000000
vt 0.140000 0.640000 0.000000
vt 0.159999 0.640000 0.000000
vt 0.179999 0.640000 0.000000
vt 0.199999 0.640000 0.000000
vt 0.219999 0.640000 0.000000
vt 0.239999 0.640000 0.000000
vt 0.259999 0.640000 0.000000
vt 0.279999 0.640000 0.000000
vt 0.299999 0.640000 0.000000
vt 0.319999 0.640000 0.000000
vt 0.339999 0.640000 0.000000
vt 0.359999 0.640000 0.000000
vt 0.379999 0.640000 0.000000
vt 0.399999 0.640000 0.000000
vt 0.419999 0.640000 0.000000
vt 0.439999 0.640000 0.000000
vt 0.459999 0.640000 0.000000
vt 0.479999 0.640000 0.000000
vt 0.499999 0.640000 0.000000
vt 0.519999 0.640000 0.000000
vt 0.539999 0.640000 0.000000
vt 0.559999 0.640000 0.000000
vt 0.579999 0.640000 0.000000
vt 0.599999 0.640000 0.000000
vt 0.619999 0.640000 0.000000
vt 0.639999 0.640000 0.000000
vt 0.659999 0.640000 0.000000
vt 0.679999 0.640000 0.000000
vt 0.699999 0.640000 0.000000
vt 0.719999 0.640000 0.000000
vt 0.739999 0.640000 0.000000
vt 0.759999 0.640000 0.000000
vt 0.779999 0.640000 0.000000
vt 0.799999 0.640000 0.000000
vt 0.819999 0.640000 0.000000
vt 0.839999 0.640000 0.000000
vt 0.859999 0.640000 0.000000
vt 0.879999 0.640000 0.000000
vt 0.899999 0.640000 0.000000
vt 0.919999 0.640000 0.000000
vt 0.939999 0.640000 0.000000
vt 0.959999 0.640000 0.000000
vt 0.979999 0.640000 0.000000
vt 1.000000 0.640000 0.000000
vt 1.000000 0.660000 0.000000
vt 0.980000 0.660000 0.000000
vt 0.960000 0.660000 0.000000
vt 0.940000 0.660000 0.000000
vt 0.920000 0.660000 0.000000
vt 0.900000 0.660000 0.000000
vt 0.880000 0.660000 0.000000
vt 0.860000 0.660000 0.000000
vt 0.840000 0.660000 0.000000
vt 0.820000 0.660000 0.000000
vt 0.800000 0.660000 0.000000
vt 0.780000 0.660000 0.000000
vt 0.760000 0.660000 0.000000
vt 0.740000 0.660000 0.000000
vt 0.720000 0.660000 0.000000
vt 0.700000 0.660000 0.000000
vt 0.680000 0.660000 0.000000
vt 0.660000 0.660000 0.000000
vt 0.640000 0.660000 0.000000
vt 0.620000 0.660000 0.000000
vt 0.600000 0.660000 0.000000
vt 0.580000 0.660000 0.000000
vt 0.560000 0.660000 0.000000
vt 0.540000 0.660000 0.000000
vt 0.520000 0.660000 0.000000
vt 0.500000 0.660000 0.000000
vt 0.480000 0.660000 0.000000
vt 0.460000 0.660000 0.000000
vt 0.440000 0.660000 0.000000
vt 0.420000 0.660000 0.000000
vt 0.400000 0.660000 0.000000
vt 0.380000 0.660000 0.000000
vt 0.360000 0.660000 0.000000
vt 0.340000 0.660000 0.000000
vt 0.320000 0.660000 0.000000
vt 0.300000 0.660000 0.000000
vt 0.280000 0.660000 0.000000
vt 0.260000 0.660000 0.000000
vt 0.240000 0.660000 0.000000
vt 0.220000 0.660000 0.000000
vt 0.200000 0.660000 0.000000
vt 0.180000 0.660000 0.000000
vt 0.160000 0.660000 0.000000
vt 0.140000 0.660000 0.000000
vt 0.120000 0.660000 0.000000
vt 0.100000 0.660000 0.000000
vt 0.080000 0.660000 0.000000
vt 0.060000 0.660000 0.000000
vt 0.040000 0.660000 0.000000
vt 0.020000 0.660000 0.000000
vt 0.000000 0.660000 0.000000
vt -0.000000 0.660000 0.000000
vt 0.020000 0.660000 0.000000
vt 0.040000 0.660000 0.000000
vt 0.060000 0.660000 0.000000
vt 0.080000 0.660000 0.000000
vt 0.100000 0.660000 0.000000
vt 0.120000 0.660000 0.000000
vt 0.140000 0.660000 0.000000
vt 0.159999 0.660000 0.000000
vt 0.179999 0.660000 0.000000
vt 0.199999 0.660000 0.000000
vt 0.219999 0.660000 0.000000
vt 0.239999 0.660000 0.000000
vt 0.259999 0.660000 0.000000
vt 0.279999 0.660000 0.000000
vt 0.299999 0.660000 0.000000
vt 0.319999 0.660000 0.000000
vt 0.339999 0.660000 0.000000
vt 0.359999 0.660000 0.000000
vt 0.379999 0.660000 0.000000
vt 0.399999 0.660000 0.000000
vt 0.419999 0.660000 0.000000
vt 0.439999 0.660000 0.000000
vt 0.459999 0.660000 0.000000
vt 0.479999 0.660000 0.000000
vt 0.499999 0.660000 0.000000
vt 0.519999 0.660000 0.000000
vt 0.539999 0.660000 0.000000
vt 0.559999 0.660000 0.000000
vt 0.579999 0.660000 0.000000
vt 0.599999 0.660000 0.000000
vt 0.619999 0.660000 0.000000
vt 0.639999 0.660000 0.000000
vt 0.659999 0.660000 0.000000
vt 0.679999 0.660000 0.000000
vt 0.699999 0.660000 0.000000
vt 0.719999 0.660000 0.000000
vt 0.739999 0.660000 0.000000
vt 0.759999 0.660000 0.000000
vt 0.779999 0.660000 0.000000
vt 0.799999 0.660000 0.000000
vt 0.819999 0.660000 0.000000
vt 0.839999 0.660000 0.000000
vt 0.859999 0.660000 0.000000
vt 0.879999 0.660000 0.000000
vt 0.899999 0.660000 0.000000
vt 0.919999 0.660000 0.000000
vt 0.939999 0.660000 0.000000
vt 0.959999 0.660000 0.000000
vt 0.979999 0.660000 0.000000
vt 1.000000 0.660000 0.000000
vt 1.000000 0.680000 0.000000
vt 0.980000 0.680000 0.000000
vt 0.960000 0.680000 0.000000
vt 0.940000 0.680000 0.000000
vt 0.920000 0.680000 0.000000
vt 0.900000 0.680000 0.000000
vt 0.880000 0.680000 0.000000
vt 0.860000 0.680000 0.000000
vt 0.840000 0.680000 0.000000
vt 0.820000 0.680000 0.000000
vt 0.800000 0.680000 0.000000
vt 0.780000 0.680000 0.000000
vt 0.760000 0.680000 0.000000
vt 0.740000 0.680000 0.000000
vt 0.720000 0.680000 0.000000
vt 0.700000 0.680000 0.000000
vt 0.680000 0.680000 0.000000
vt 0.660000 0.680000 0.000000
vt 0.640000 0.680000 0.000000
vt 0.620000 0.680000 0.000000
vt 0.600000 0.680000 0.000000
vt 0.580000 0.680000 0.000000
vt 0.560000 0.680000 0.000000
vt 0.540000 0.680000 0.000000
vt 0.520000 0.680000 0.000000
vt 0.500000 0.680000 0.000000
vt 0.480000 0.680000 0.000000
vt 0.460000 0.680000 0.000000
vt 0.440000 0.680000 0.000000
vt 0.420000 0.680000 0.000000
vt 0.400000 0.680000 0.000000
vt 0.380000 0.680000 0.000000
vt 0.360000 0.680000 0.000000
vt 0.340000 0.680000 0.000000
vt 0.320000 0.680000 0.000000
vt 0.300000 0.680000 0.000000
vt 0.280000 0.680000 0.000000
vt 0.260000 0.680000 0.000000
vt 0.240000 0.680000 0.000000
vt 0.220000 0.680000 0.000000
vt 0.200000 0.680000 0.000000
vt 0.180000 0.680000 0.000000
vt 0.160000 0.680000 0.000000
vt 0.140000 0.680000 0.000000
vt 0.120000 0.680000 0.000000
vt 0.100000 0.680000 0.000000
vt 0.080000 0.680000 0.000000
vt 0.060000 0.680000 0.000000
vt 0.040000 0.680000 0.000000
vt 0.020000 0.680000 0.000000
vt 0.000000 0.680000 0.000000
vt -0.000000 0.680000 0.000000
vt 0.020000 0.680000 0.000000
vt 0.040000 0.680000 0.000000
vt 0.060000 0.680000 0.000000
vt 0.080000 0.680000 0.000000
vt 0.100000 0.680000 0.000000
vt 0.120000 0.680000 0.000000
vt 0.140000 0.680000 0.000000
vt 0.159999 0.680000 0.000000
vt 0.179999 0.680000 0.000000
vt 0.199999 0.680000 0.000000
vt 0.219999 0.680000 0.000000
vt 0.239999 0.680000 0.000000
vt 0.259999 0.680000 0.000000
vt 0.279999 0.680000 0.000000
vt 0.299999 0.680000 0.000000
vt 0.319999 0.680000 0.000000
vt 0.339999 0.680000 0.000000
vt 0.359999 0.680000 0.000000
vt 0.379999 0.680000 0.000000
vt 0.399999 0.680000 0.000000
vt 0.419999 0.680000 0.000000
vt 0.439999 0.680000 0.000000
vt 0.459999 0.680000 0.000000
vt 0.479999 0.680000 0.000000
vt 0.499999 0.680000 0.000000
vt 0.519999 0.680000 0.000000
vt 0.539999 0.680000 0.000000
vt 0.559999 0.680000 0.000000
vt 0.579999 0.680000 0.000000
vt 0.599999 0.680000 0.000000
vt 0.619999 0.680000 0.000000
vt 0.639999 0.680000 0.000000
vt 0.659999 0.680000 0.000000
vt 0.679999 0.680000 0.000000
vt 0.699999 0.680000 0.000000
vt 0.719999 0.680000 0.000000
vt 0.739999 0.680000 0.000000
vt 0.759999 0.680000 0.000000
vt 0.779999 0.680000 0.000000
vt 0.799999 0.680000 0.000000
vt 0.819999 0.680000 0.000000
vt 0.839999 0.680000 0.000000
vt 0.859999 0.680000 0.000000
vt 0.879999 0.680000 0.000000
vt 0.899999 0.680000 0.000000
vt 0.919999 0.680000 0.000000
vt 0.939999 0.680000 0.000000
vt 0.959999 0.680000 0.000000
vt 0.979999 0.680000 0.000000
vt 1.000000 0.680000 0.000000
vt 1.000000 0.700000 0.000000
vt 0.980000 0.700000 0.000000
vt 0.960000 0.700000 0.000000
vt 0.940000 0.700000 0.000000
vt 0.920000 0.700000 0.000000
vt 0.900000 0.700000 0.000000
vt 0.880000 0.700000 0.000000
vt 0.860000 0.700000 0.000000
vt 0.840000 0.700000 0.000000
vt 0.820000 0.700000 0.000000
vt 0.800000 0.700000 0.000000
vt 0.780000 0.700000 0.000000
vt 0.760000 0.700000 0.000000
vt 0.740000 0.700000 0.000000
vt 0.720000 0.700000 0.000000
vt 0.700000 0.700000 0.000000
vt 0.680000 0.700000 0.000000
vt 0.660000 0.700000 0.000000
vt 0.640000 0.700000 0.000000
vt 0.620000 0.700000 0.000000
vt 0.600000 0.700000 0.000000
vt 0.580000 0.700000 0.000000
vt 0.560000 0.700000 0.000000
vt 0.540000 0.700000 0.000000
vt 0.520000 0.700000 0.000000
vt 0.500000 0.700000 0.000000
vt 0.480000 0.700000 0.000000
vt 0.460000 0.700000 0.000000
vt 0.440000 0.700000 0.000000
vt 0.420000 0.700000 0.000000
vt 0.400000 0.700000 0.000000
vt 0.380000 0.700000 0.000000
vt 0.360000 0.700000 0.000000
vt 0.340000 0.700000 0.000000
vt 0.320000 0.700000 0.000000
vt 0.300000 0.700000 0.000000
vt 0.280000 0.700000 0.000000
vt 0.260000 0.700000 0.000000
vt 0.240000 0.700000 0.000000
vt 0.220000 0.700000 0.000000
vt 0.200000 0.700000 0.000000
vt 0.180000 0.700000 0.000000
vt 0.160000 0.700000 0.000000
vt 0.140000 0.700000 0.000000
vt 0.120000 0.700000 0.000000
vt 0.100000 0.700000 0.000000
vt 0.080000 0.700000 0.000000
vt 0.060000 0.700000 0.000000
vt 0.040000 0.700000 0.000000
vt 0.020000 0.700000 0.000000
vt 0.000000 0.700000 0.000000
vt -0.000000 0.700000 0.000000
vt 0.020000 0.700000 0.000000
vt 0.040000 0.700000 0.000000
vt 0.060000 0.700000 0.000000
vt 0.080000 0.700000 0.000000
vt 0.100000 0.700000 0.000000
vt 0.120000 0.700000 0.000000
vt 0.140000 0.700000 0.000000
vt 0.159999 0.700000 0.000000
vt 0.179999 0.700000 0.000000
vt 0.199999 0.700000 0.000000
vt 0.219999 0.700000 0.000000
vt 0.239999 0.700000 0.000000
vt 0.259999 0.700000 0.000000
vt 0.279999 0.700000 0.000000
vt 0.299999 0.700000 0.000000
vt 0.319999 0.700000 0.000000
vt 0.339999 0.700000 0.000000
vt 0.359999 0.700000 0.000000
vt 0.379999 0.700000 0.000000
vt 0.399999 0.700000 0.000000
vt 0.419999 0.700000 0.000000
vt 0.439999 0.700000 0.000000
vt 0.459999 0.700000 0.000000
vt 0.479999 0.700000 0.000000
vt 0.499999 0.700000 0.000000
vt 0.519999 0.700000 0.000000
vt 0.539999 0.700000 0.000000
vt 0.559999 0.700000 0.000000
vt 0.579999 0.700000 0.000000
vt 0.599999 0.700000 0.000000
vt 0.619999 0.700000 0.000000
vt 0.639999 0.700000 0.000000
vt 0.659999 0.700000 0.000000
vt 0.679999 0.700000 0.000000
vt 0.699999 0.700000 0.000000
vt 0.719999 0.700000 0.000000
vt 0.739999 0.700000 0.000000
vt 0.759999 0.700000 0.000000
vt 0.779999 0.700000 0.000000
vt 0.799999 0.700000 0.000000
vt 0.819999 0.700000 0.000000
vt 0.839999 0.700000 0.000000
vt 0.859999 0.700000 0.000000
vt 0.879999 0.700000 0.000000
vt 0.899999 0.700000 0.000000
vt 0.919999 0.700000 0.000000
vt 0.939999 0.700000 0.000000
vt 0.959999 0.700000 0.000000
vt 0.979999 0.700000 0.000000
vt 1.000000 0.700000 0.000000
vt 1.000000 0.720000 0.000000
vt 0.980000 0.720000 0.000000
vt 0.960000 0.720000 0.000000
vt 0.940000 0.720000 0.000000
vt 0.920000 0.720000 0.000000
vt 0.900000 0.720000 0.000000
vt 0.880000 0.720000 0.000000
vt 0.860000 0.720000 0.000000
vt 0.840000 0.720000 0.000000
vt 0.820000 0.720000 0.000000
vt 0.800000 0.720000 0.000000
vt 0.780000 0.720000 0.000000
vt 0.760000 0.720000 0.000000
vt 0.740000 0.720000 0.000000
vt 0.720000 0.720000 0.000000
vt 0.700000 0.720000 0.000000
vt 0.680000 0.720000 0.000000
vt 0.660000 0.720000 0.000000
vt 0.640000 0.720000 0.000000
vt 0.620000 0.720000 0.000000
vt 0.600000 0.720000 0.000000
vt 0.580000 0.720000 0.000000
vt 0.560000 0.720000 0.000000
vt 0.540000 0.720000 0.000000
vt 0.520000 0.720000 0.000000
vt 0.500000 0.720000 0.000000
vt 0.480000 0.720000 0.000000
vt 0.460000 0.720000 0.000000
vt 0.440000 0.720000 0.000000
vt 0.420000 0.720000 0.000000
vt 0.400000 0.720000 0.000000
vt 0.380000 0.720000 0.000000
vt 0.360000 0.720000 0.000000
vt 0.340000 0.720000 0.000000
vt 0.320000 0.720000 0.000000
vt 0.300000 0.720000 0.000000
vt 0.280000 0.720000 0.000000
vt 0.260000 0.720000 0.000000
vt 0.240000 0.720000 0.000000
vt 0.220000 0.720000 0.000000
vt 0.200000 0.720000 0.000000
vt 0.180000 0.720000 0.000000
vt 0.160000 0.720000 0.000000
vt 0.140000 0.720000 0.000000
vt 0.120000 0.720000 0.000000
vt 0.100000 0.720000 0.000000
vt 0.080000 0.720000 0.000000
vt 0.060000 0.720000 0.000000
vt 0.040000 0.720000 0.000000
vt 0.020000 0.720000 0.000000
vt 0.000000 0.720000 0.000000
vt -0.000000 0.720000 0.000000
vt 0.020000 0.720000 0.000000
vt 0.040000 0.720000 0.000000
vt 0.060000 0.720000 0.000000
vt 0.080000 0.720000 0.000000
vt 0.100000 0.720000 0.000000
vt 0.120000 0.720000 0.000000
vt 0.140000 0.720000 0.000000
vt 0.159999 0.720000 0.000000
vt 0.179999 0.720000 0.000000
vt 0.199999 0.720000 0.000000
vt 0.219999 0.720000 0.000000
vt 0.239999 0.720000 0.000000
vt 0.259999 0.720000 0.000000
vt 0.279999 0.720000 0.000000
vt 0.299999 0.720000 0.000000
vt 0.319999 0.720000 0.000000
vt 0.339999 0.720000 0.000000
vt 0.359999 0.720000 0.000000
vt 0.379999 0.720000 0.000000
vt 0.399999 0.720000 0.000000
vt 0.419999 0.720000 0.000000
vt 0.439999 0.720000 0.000000
vt 0.459999 0.720000 0.000000
vt 0.479999 0.720000 0.000000
vt 0.499999 0.720000 0.000000
vt 0.519999 0.720000 0.000000
vt 0.539999 0.720000 0.000000
vt 0.559999 0.720000 0.000000
vt 0.579999 0.720000 0.000000
vt 0.599999 0.720000 0.000000
vt 0.619999 0.720000 0.000000
vt 0.639999 0.720000 0.000000
vt 0.659999 0.720000 0.000000
vt 0.679999 0.720000 0.000000
vt 0.699999 0.720000 0.000000
vt 0.719999 0.720000 0.000000
vt 0.739999 0.720000 0.000000
vt 0.759999 0.720000 0.000000
vt 0.779999 0.720000 0.000000
vt 0.799999 0.720000 0.000000
vt 0.819999 0.720000 0.000000
vt 0.839999 0.720000 0.000000
vt 0.859999 0.720000 0.000000
vt 0.879999 0.720000 0.000000
vt 0.899999 0.720000 0.000000
vt 0.919999 0.720000 0.000000
vt 0.939999 0.720000 0.000000
vt 0.959999 0.720000 0.000000
vt 0.979999 0.720000 0.000000
vt 1.000000 0.720000 0.000000
vt 1.000000 0.740000 0.000000
vt 0.980000 0.740000 0.000000
vt 0.960000 0.740000 0.000000
vt 0.940000 0.740000 0.000000
vt 0.920000 0.740000 0.000000
vt 0.900000 0.740000 0.000000
vt 0.880000 0.740000 0.000000
vt 0.860000 0.740000 0.000000
vt 0.840000 0.740000 0.000000
vt 0.820000 0.740000 0.000000
vt 0.800000 0.740000 0.000000
vt 0.780000 0.740000 0.000000
vt 0.760000 0.740000 0.000000
vt 0.740000 0.740000 0.000000
vt 0.720000 0.740000 0.000000
vt 0.700000 0.740000 0.000000
vt 0.680000 0.740000 0.000000
vt 0.660000 0.740000 0.000000
vt 0.640000 0.740000 0.000000
vt 0.620000 0.740000 0.000000
vt 0.600000 0.740000 0.000000
vt 0.580000 0.740000 0.000000
vt 0.560000 0.740000 0.000000
vt 0.540000 0.740000 0.000000
vt 0.520000 0.740000 0.000000
vt 0.500000 0.740000 0.000000
vt 0.480000 0.740000 0.000000
vt 0.460000 0.740000 0.000000
vt 0.440000 0.740000 0.000000
vt 0.420000 0.740000 0.000000
vt 0.400000 0.740000 0.000000
vt 0.380000 0.740000 0.000000
vt 0.360000 0.740000 0.000000
vt 0.340000 0.740000 0.000000
vt 0.320000 0.740000 0.000000
vt 0.300000 0.740000 0.000000
vt 0.280000 0.740000 0.000000
vt 0.260000 0.740000 0.000000
vt 0.240000 0.740000 0.000000
vt 0.220000 0.740000 0.000000
vt 0.200000 0.740000 0.000000
vt 0.180000 0.740000 0.000000
vt 0.160000 0.740000 0.000000
vt 0.140000 0.740000 0.000000
vt 0.120000 0.740000 0.000000
vt 0.100000 0.740000 0.000000
vt 0.080000 0.740000 0.000000
vt 0.060000 0.740000 0.000000
vt 0.040000 0.740000 0.000000
vt 0.020000 0.740000 0.000000
vt 0.000000 0.740000 0.000000
vt -0.000000 0.740000 0.000000
vt 0.020000 0.740000 0.000000
vt 0.040000 0.740000 0.000000
vt 0.060000 0.740000 0.000000
vt 0.080000 0.740000 0.000000
vt 0.100000 0.740000 0.000000
vt 0.120000 0.740000 0.000000
vt 0.140000 0.740000 0.000000
vt 0.159999 0.740000 0.000000
vt 0.179999 0.740000 0.000000
vt 0.199999 0.740000 0.000000
vt 0.219999 0.740000 0.000000
vt 0.239999 0.740000 0.000000
vt 0.259999 0.740000 0.000000
vt 0.279999 0.740000 0.000000
vt 0.299999 0.740000 0.000000
vt 0.319999 0.740000 0.000000
vt 0.339999 0.740000 0.000000
vt 0.359999 0.740000 0.000000
vt 0.379999 0.740000 0.000000
vt 0.399999 0.740000 0.000000
vt 0.419999 0.740000 0.000000
vt 0.439999 0.740000 0.000000
vt 0.459999 0.740000 0.000000
vt 0.479999 0.740000 0.000000
vt 0.499999 0.740000 0.000000
vt 0.519999 0.740000 0.000000
vt 0.539999 0.740000 0.000000
vt 0.559999 0.740000 0.000000
vt 0.579999 0.740000 0.000000
vt 0.599999 0.740000 0.000000
vt 0.619999 0.740000 0.000000
vt 0.639999 0.740000 0.000000
vt 0.659999 0.740000 0.000000
vt 0.679999 0.740000 0.000000
vt 0.699999 0.740000 0.000000
vt 0.719999 0.740000 0.000000
vt 0.739999 0.740000 0.000000
vt 0.759999 0.740000 0.000000
vt 0.779999 0.740000 0.000000
vt 0.799999 0.740000 0.000000
vt 0.819999 0.740000 0.000000
vt 0.839999 0.740000 0.000000
vt 0.859999 0.740000 0.000000
vt 0.879999 0.740000 0.000000
vt 0.899999 0.740000 0.000000
vt 0.919999 0.740000 0.000000
vt 0.939999 0.740000 0.000000
vt 0.959999 0.740000 0.000000
vt 0.979999 0.740000 0.000000
vt 1.000000 0.740000 0.000000
vt 1.000000 0.760000 0.000000
vt 0.980000 0.760000 0.000000
vt 0.960000 0.760000 0.000000
vt 0.940000 0.760000 0.000000
vt 0.920000 0.760000 0.000000
vt 0.900000 0.760000 0.000000
vt 0.880000 0.760000 0.000000
vt 0.860000 0.760000 0.000000
vt 0.840000 0.760000 0.000000
vt 0.820000 0.760000 0.000000
vt 0.800000 0.760000 0.000000
vt 0.780000 0.760000 0.000000
vt 0.760000 0.760000 0.000000
vt 0.740000 0.760000 0.000000
vt 0.720000 0.760000 0.000000
vt 0.700000 0.760000 0.000000
vt 0.680000 0.760000 0.000000
vt 0.660000 0.760000 0.000000
vt 0.640000 0.760000 0.000000
vt 0.620000 0.760000 0.000000
vt 0.600000 0.760000 0.000000
vt 0.580000 0.760000 0.000000
vt 0.560000 0.760000 0.000000
vt 0.540000 0.760000 0.000000
vt 0.520000 0.760000 0.000000
vt 0.500000 0.760000 0.000000
vt 0.480000 0.760000 0.000000
vt 0.460000 0.760000 0.000000
vt 0.440000 0.760000 0.000000
vt 0.420000 0.760000 0.000000
vt 0.400000 0.760000 0.000000
vt 0.380000 0.760000 0.000000
vt 0.360000 0.760000 0.000000
vt 0.340000 0.760000 0.000000
vt 0.320000 0.760000 0.000000
vt 0.300000 0.760000 0.000000
vt 0.280000 0.760000 0.000000
vt 0.260000 0.760000 0.000000
vt 0.240000 0.760000 0.000000
vt 0.220000 0.760000 0.000000
vt 0.200000 0.760000 0.000000
vt 0.180000 0.760000 0.000000
vt 0.160000 0.760000 0.000000
vt 0.140000 0.760000 0.000000
vt 0.120000 0.760000 0.000000
vt 0.100000 0.760000 0.000000
vt 0.080000 0.760000 0.000000
vt 0.060000 0.760000 0.000000
vt 0.040000 0.760000 0.000000
vt 0.020000 0.760000 0.000000
vt 0.000000 0.760000 0.000000
vt -0.000000 0.760000 0.000000
vt 0.020000 0.760000 0.000000
vt 0.040000 0.760000 0.000000
vt 0.060000 0.760000 0.000000
vt 0.080000 0.760000 0.000000
vt 0.100000 0.760000 0.000000
vt 0.120000 0.760000 0.000000
vt 0.140000 0.760000 0.000000
vt 0.159999 0.760000 0.000000
vt 0.179999 0.760000 0.000000
vt 0.199999 0.760000 0.000000
vt 0.219999 0.760000 0.000000
vt 0.239999 0.760000 0.000000
vt 0.259999 0.760000 0.000000
vt 0.279999 0.760000 0.000000
vt 0.299999 0.760000 0.000000
vt 0.319999 0.760000 0.000000
vt 0.339999 0.760000 0.000000
vt 0.359999 0.760000 0.000000
vt 0.379999 0.760000 0.000000
vt 0.399999 0.760000 0.000000
vt 0.419999 0.760000 0.000000
vt 0.439999 0.760000 0.000000
vt 0.459999 0.760000 0.000000
vt 0.479999 0.760000 0.000000
vt 0.499999 0.760000 0.000000
vt 0.519999 0.760000 0.000000
vt 0.539999 0.760000 0.000000
vt 0.559999 0.760000 0.000000
vt 0.579999 0.760000 0.000000
vt 0.599999 0.760000 0.000000
vt 0.619999 0.760000 0.000000
vt 0.639999 0.760000 0.000000
vt 0.659999 0.760000 0.000000
vt 0.679999 0.760000 0.000000
vt 0.699999 0.760000 0.000000
vt 0.719999 0.760000 0.000000
vt 0.739999 0.760000 0.000000
vt 0.759999 0.760000 0.000000
vt 0.779999 0.760000 0.000000
vt 0.799999 0.760000 0.000000
vt 0.819999 0.760000 0.000000
vt 0.839999 0.760000 0.000000
vt 0.859999 0.760000 0.000000
vt 0.879999 0.760000 0.000000
vt 0.899999 0.760000 0.000000
vt 0.919999 0.760000 0.000000
vt 0.939999 0.760000 0.000000
vt 0.959999 0.760000 0.000000
vt 0.979999 0.760000 0.000000
vt 1.000000 0.760000 0.000000
vt 1.000000 0.780000 0.000000
vt 0.980000 0.780000 0.000000
vt 0.960000 0.780000 0.000000
vt 0.940000 0.780000 0.000000
vt 0.920000 0.780000 0.000000
vt 0.900000 0.780000 0.000000
vt 0.880000 0.780000 0.000000
vt 0.860000 0.780000 0.000000
vt 0.840000 0.780000 0.000000
vt 0.820000 0.780000 0.000000
vt 0.800000 0.780000 0.000000
vt 0.780000 0.780000 0.000000
vt 0.760000 0.780000 0.000000
vt 0.740000 0.780000 0.000000
vt 0.720000 0.780000 0.000000
vt 0.700000 0.780000 0.000000
vt 0.680000 0.780000 0.000000
vt 0.660000 0.780000 0.000000
vt 0.640000 0.780000 0.000000
vt 0.620000 0.780000 0.000000
vt 0.600000 0.780000 0.000000
vt 0.580000 0.780000 0.000000
vt 0.560000 0.780000 0.000000
vt 0.540000 0.780000 0.000000
vt 0.520000 0.780000 0.000000
vt 0.500000 0.780000 0.000000
vt 0.480000 0.780000 0.000000
vt 0.460000 0.780000 0.000000
vt 0.440000 0.780000 0.000000
vt 0.420000 0.780000 0.000000
vt 0.400000 0.780000 0.000000
vt 0.380000 0.780000 0.000000
vt 0.360000 0.780000 0.000000
vt 0.340000 0.780000 0.000000
vt 0.320000 0.780000 0.000000
vt 0.300000 0.780000 0.000000
vt 0.280000 0.780000 0.000000
vt 0.260000 0.780000 0.000000
vt 0.240000 0.780000 0.000000
vt 0.220000 0.780000 0.000000
vt 0.200000 0.780000 0.000000
vt 0.180000 0.780000 0.000000
vt 0.160000 0.780000 0.000000
vt 0.140000 0.780000 0.000000
vt 0.120000 0.780000 0.000000
vt 0.100000 0.780000 0.000000
vt 0.080000 0.780000 0.000000
vt 0.060000 0.780000 0.000000
vt 0.040000 0.780000 0.000000
vt 0.020000 0.780000 0.000000
vt 0.000000 0.780000 0.000000
vt -0.000000 0.780000 0.000000
vt 0.020000 0.780000 0.000000
vt 0.040000 0.780000 0.000000
vt 0.060000 0.780000 0.000000
vt 0.080000 0.780000 0.000000
vt 0.100000 0.780000 0.000000
vt 0.120000 0.780000 0.000000
vt 0.140000 0.780000 0.000000
vt 0.159999 0.780000 0.000000
vt 0.179999 0.780000 0.000000
vt 0.199999 0.780000 0.000000
vt 0.219999 0.780000 0.000000
vt 0.239999 0.780000 0.000000
vt 0.259999 0.780000 0.000000
vt 0.279999 0.780000 0.000000
vt 0.299999 0.780000 0.000000
vt 0.319999 0.780000 0.000000
vt 0.339999 0.780000 0.000000
vt 0.359999 0.780000 0.000000
vt 0.379999 0.780000 0.000000
vt 0.399999 0.780000 0.000000
vt 0.419999 0.780000 0.000000
vt 0.439999 0.780000 0.000000
vt 0.459999 0.780000 0.000000
vt 0.479999 0.780000 0.000000
vt 0.499999 0.780000 0.000000
vt 0.519999 0.780000 0.000000
vt 0.539999 0.780000 0.000000
vt 0.559999 0.780000 0.000000
vt 0.579999 0.780000 0.000000
vt 0.599999 0.780000 0.000000
vt 0.619999 0.780000 0.000000
vt 0.639999 0.780000 0.000000
vt 0.659999 0.780000 0.000000
vt 0.679999 0.780000 0.000000
vt 0.699999 0.780000 0.000000
vt 0.719999 0.780000 0.000000
vt 0.739999 0.780000 0.000000
vt 0.759999 0.780000 0.000000
vt 0.779999 0.780000 0.000000
vt 0.799999 0.780000 0.000000
vt 0.819999 0.780000 0.000000
vt 0.839999 0.780000 0.000000
vt 0.859999 0.780000 0.000000
vt 0.879999 0.780000 0.000000
vt 0.899999 0.780000 0.000000
vt 0.919999 0.780000 0.000000
vt 0.939999 0.780000 0.000000
vt 0.959999 0.780000 0.000000
vt 0.979999 0.780000 0.000000
vt 1.000000 0.780000 0.000000
vt 1.000000 0.800000 0.000000
vt 0.980000 0.800000 0.000000
vt 0.960000 0.800000 0.000000
vt 0.940000 0.800000 0.000000
vt 0.920000 0.800000 0.000000
vt 0.900000 0.800000 0.000000
vt 0.880000 0.800000 0.000000
vt 0.860000 0.800000 0.000000
vt 0.840000 0.800000 0.000000
vt 0.820000 0.800000 0.000000
vt 0.800000 0.800000 0.000000
vt 0.780000 0.800000 0.000000
vt 0.760000 0.800000 0.000000
vt 0.740000 0.800000 0.000000
vt 0.720000 0.800000 0.000000
vt 0.700000 0.800000 0.000000
vt 0.680000 0.800000 0.000000
vt 0.660000 0.800000 0.000000
vt 0.640000 0.800000 0.000000
vt 0.620000 0.800000 0.000000
vt 0.600000 0.800000 0.000000
vt 0.580000 0.800000 0.000000
vt 0.560000 0.800000 0.000000
vt 0.540000 0.800000 0.000000
vt 0.520000 0.800000 0.000000
vt 0.500000 0.800000 0.000000
vt 0.480000 0.800000 0.000000
vt 0.460000 0.800000 0.000000
vt 0.440000 0.800000 0.000000
vt 0.420000 0.800000 0.000000
vt 0.400000 0.800000 0.000000
vt 0.380000 0.800000 0.000000
vt 0.360000 0.800000 0.000000
vt 0.340000 0.800000 0.000000
vt 0.320000 0.800000 0.000000
vt 0.300000 0.800000 0.000000
vt 0.280000 0.800000 0.000000
vt 0.260000 0.800000 0.000000
vt 0.240000 0.800000 0.000000
vt 0.220000 0.800000 0.000000
vt 0.200000 0.800000 0.000000
vt 0.180000 0.800000 0.000000
vt 0.160000 0.800000 0.000000
vt 0.140000 0.800000 0.000000
vt 0.120000 0.800000 0.000000
vt 0.100000 0.800000 0.000000
vt 0.080000 0.800000 0.000000
vt 0.060000 0.800000 0.000000
vt 0.040000 0.800000 0.000000
vt 0.020000 0.800000 0.000000
vt 0.000000 0.800000 0.000000
vt -0.000000 0.800000 0.000000
vt 0.020000 0.800000 0.000000
vt 0.040000 0.800000 0.000000
vt 0.060000 0.800000 0.000000
vt 0.080000 0.800000 0.000000
vt 0.100000 0.800000 0.000000
vt 0.120000 0.800000 0.000000
vt 0.140000 0.800000 0.000000
vt 0.159999 0.800000 0.000000
vt 0.179999 0.800000 0.000000
vt 0.199999 0.800000 0.000000
vt 0.219999 0.800000 0.000000
vt 0.239999 0.800000 0.000000
vt 0.259999 0.800000 0.000000
vt 0.279999 0.800000 0.000000
vt 0.299999 0.800000 0.000000
vt 0.319999 0.800000 0.000000
vt 0.339999 0.800000 0.000000
vt 0.359999 0.800000 0.000000
vt 0.379999 0.800000 0.000000
vt 0.399999 0.800000 0.000000
vt 0.419999 0.800000 0.000000
vt 0.439999 0.800000 0.000000
vt 0.459999 0.800000 0.000000
vt 0.479999 0.800000 0.000000
vt 0.499999 0.800000 0.000000
vt 0.519999 0.800000 0.000000
vt 0.539999 0.800000 0.000000
vt 0.559999 0.800000 0.000000
vt 0.579999 0.800000 0.000000
vt 0.599999 0.800000 0.000000
vt 0.619999 0.800000 0.000000
vt 0.639999 0.800000 0.000000
vt 0.659999 0.800000 0.000000
vt 0.679999 0.800000 0.000000
vt 0.699999 0.800000 0.000000
vt 0.719999 0.800000 0.000000
vt 0.739999 0.800000 0.000000
vt 0.759999 0.800000 0.000000
vt 0.779999 0.800000 0.000000
vt 0.799999 0.800000 0.000000
vt 0.819999 0.800000 0.000000
vt 0.839999 0.800000 0.000000
vt 0.859999 0.800000 0.000000
vt 0.879999 0.800000 0.000000
vt 0.899999 0.800000 0.000000
vt 0.919999 0.800000 0.000000
vt 0.939999 0.800000 0.000000
vt 0.959999 0.800000 0.000000
vt 0.979999 0.800000 0.000000
vt 1.000000 0.800000 0.000000
vt 1.000000 0.820000 0.000000
vt 0.980000 0.820000 0.000000
vt 0.960000 0.820000 0.000000
vt 0.940000 0.820000 0.000000
vt 0.920000 0.820000 0.000000
vt 0.900000 0.820000 0.000000
vt 0.880000 0.820000 0.000000
vt 0.860000 0.820000 0.000000
vt 0.840000 0.820000 0.000000
vt 0.820000 0.820000 0.000000
vt 0.800000 0.820000 0.000000
vt 0.780000 0.820000 0.000000
vt 0.760000 0.820000 0.000000
vt 0.740000 0.820000 0.000000
vt 0.720000 0.820000 0.000000
vt 0.700000 0.820000 0.000000
vt 0.680000 0.820000 0.000000
vt 0.660000 0.820000 0.000000
vt 0.640000 0.820000 0.000000
vt 0.620000 0.820000 0.000000
vt 0.600000 0.820000 0.000000
vt 0.580000 0.820000 0.000000
vt 0.560000 0.820000 0.000000
vt 0.540000 0.820000 0.000000
vt 0.520000 0.820000 0.000000
vt 0.500000 0.820000 0.000000
vt 0.480000 0.820000 0.000000
vt 0.460000 0.820000 0.000000
vt 0.440000 0.820000 0.000000
vt 0.420000 0.820000 0.000000
vt 0.400000 0.820000 0.000000
vt 0.380000 0.820000 0.000000
vt 0.360000 0.820000 0.000000
vt 0.340000 0.820000 0.000000
vt 0.320000 0.820000 0.000000
vt 0.300000 0.820000 0.000000
vt 0.280000 0.820000 0.000000
vt 0.260000 0.820000 0.000000
vt 0.240000 0.820000 0.000000
vt 0.220000 0.820000 0.000000
vt 0.200000 0.820000 0.000000
vt 0.180000 0.820000 0.000000
vt 0.160000 0.820000 0.000000
vt 0.140000 0.820000 0.000000
vt 0.120000 0.820000 0.000000
vt 0.100000 0.820000 0.000000
vt 0.080000 0.820000 0.000000
vt 0.060000 0.820000 0.000000
vt 0.040000 0.820000 0.000000
vt 0.020000 0.820000 0.000000
vt 0.000000 0.820000 0.000000
vt -0.000000 0.820000 0.000000
vt 0.020000 0.820000 0.000000
vt 0.040000 0.820000 0.000000
vt 0.060000 0.820000 0.000000
vt 0.080000 0.820000 0.000000
vt 0.100000 0.820000 0.000000
vt 0.120000 0.820000 0.000000
vt 0.140000 0.820000 0.000000
vt 0.159999 0.820000 0.000000
vt 0.179999 0.820000 0.000000
vt 0.199999 0.820000 0.000000
vt 0.219999 0.820000 0.000000
vt 0.239999 0.820000 0.000000
vt 0.259999 0.820000 0.000000
vt 0.279999 0.820000 0.000000
vt 0.299999 0.820000 0.000000
vt 0.319999 0.820000 0.000000
vt 0.339999 0.820000 0.000000
vt 0.359999 0.820000 0.000000
vt 0.379999 0.820000 0.000000
vt 0.399999 0.820000 0.000000
vt 0.419999 0.820000 0.000000
vt 0.439999 0.820000 0.000000
vt 0.459999 0.820000 0.000000
vt 0.479999 0.820000 0.000000
vt 0.499999 0.820000 0.000000
vt 0.519999 0.820000 0.000000
vt 0.539999 0.820000 0.000000
vt 0.559999 0.820000 0.000000
vt 0.579999 0.820000 0.000000
vt 0.599999 0.820000 0.000000
vt 0.619999 0.820000 0.000000
vt 0.639999 0.820000 0.000000
vt 0.659999 0.820000 0.000000
vt 0.679999 0.820000 0.000000
vt 0.699999 0.820000 0.000000
vt 0.719999 0.820000 0.000000
vt 0.739999 0.820000 0.000000
vt 0.759999 0.820000 0.000000
vt 0.779999 0.820000 0.000000
vt 0.799999 0.820000 0.000000
vt 0.819999 0.820000 0.000000
vt 0.839999 0.820000 0.000000
vt 0.859999 0.820000 0.000000
vt 0.879999 0.820000 0.000000
vt 0.899999 0.820000 0.000000
vt 0.919999 0.820000 0.000000
vt 0.939999 0.820000 0.000000
vt 0.959999 0.820000 0.000000
vt 0.979999 0.820000 0.000000
vt 1.000000 0.820000 0.000000
vt 1.000000 0.840000 0.000000
vt 0.980000 0.840000 0.000000
vt 0.960000 0.840000 0.000000
vt 0.940000 0.840000 0.000000
vt 0.920000 0.840000 0.000000
vt 0.900000 0.840000 0.000000
vt 0.880000 0.840000 0.000000
vt 0.860000 0.840000 0.000000
vt 0.840000 0.840000 0.000000
vt 0.820000 0.840000 0.000000
vt 0.800000 0.840000 0.000000
vt 0.780000 0.840000 0.000000
vt 0.760000 0.840000 0.000000
vt 0.740000 0.840000 0.000000
vt 0.720000 0.840000 0.000000
vt 0.700000 0.840000 0.000000
vt 0.680000 0.840000 0.000000
vt 0.660000 0.840000 0.000000
vt 0.640000 0.840000 0.000000
vt 0.620000 0.840000 0.000000
vt 0.600000 0.840000 0.000000
vt 0.580000 0.840000 0.000000
vt 0.560000 0.840000 0.000000
vt 0.540000 0.840000 0.000000
vt 0.520000 0.840000 0.000000
vt 0.500000 0.840000 0.000000
vt 0.480000 0.840000 0.000000
vt 0.460000 0.840000 0.000000
vt 0.440000 0.840000 0.000000
vt 0.420000 0.840000 0.000000
vt 0.400000 0.840000 0.000000
vt 0.380000 0.840000 0.000000
vt 0.360000 0.840000 0.000000
vt 0.340000 0.840000 0.000000
vt 0.320000 0.840000 0.000000
vt 0.300000 0.840000 0.000000
vt 0.280000 0.840000 0.000000
vt 0.260000 0.840000 0.000000
vt 0.240000 0.840000 0.000000
vt 0.220000 0.840000 0.000000
vt 0.200000 0.840000 0.000000
vt 0.180000 0.840000 0.000000
vt 0.160000 0.840000 0.000000
vt 0.140000 0.840000 0.000000
vt 0.120000 0.840000 0.000000
vt 0.100000 0.840000 0.000000
vt 0.080000 0.840000 0.000000
vt 0.060000 0.840000 0.000000
vt 0.040000 0.840000 0.000000
vt 0.020000 0.840000 0.000000
vt 0.000000 0.840000 0.000000
vt -0.000000 0.840000 0.000000
vt 0.020000 0.840000 0.000000
vt 0.040000 0.840000 0.000000
vt 0.060000 0.840000 0.000000
vt 0.080000 0.840000 0.000000
vt 0.100000 0.840000 0.000000
vt 0.120000 0.840000 0.000000
vt 0.140000 0.840000 0.000000
vt 0.159999 0.840000 0.000000
vt 0.179999 0.840000 0.000000
vt 0.199999 0.840000 0.000000
vt 0.219999 0.840000 0.000000
vt 0.239999 0.840000 0.000000
vt 0.259999 0.840000 0.000000
vt 0.279999 0.840000 0.000000
vt 0.299999 0.840000 0.000000
vt 0.319999 0.840000 0.000000
vt 0.339999 0.840000 0.000000
vt 0.359999 0.840000 0.000000
vt 0.379999 0.840000 0.000000
vt 0.399999 0.840000 0.000000
vt 0.419999 0.840000 0.000000
vt 0.439999 0.840000 0.000000
vt 0.459999 0.840000 0.000000
vt 0.479999 0.840000 0.000000
vt 0.499999 0.840000 0.000000
vt 0.519999 0.840000 0.000000
vt 0.539999 0.840000 0.000000
vt 0.559999 0.840000 0.000000
vt 0.579999 0.840000 0.000000
vt 0.599999 0.840000 0.000000
vt 0.619999 0.840000 0.000000
vt 0.639999 0.840000 0.000000
vt 0.659999 0.840000 0.000000
vt 0.679999 0.840000 0.000000
vt 0.699999 0.840000 0.000000
vt 0.719999 0.840000 0.000000
vt 0.739999 0.840000 0.000000
vt 0.759999 0.840000 0.000000
vt 0.779999 0.840000 0.000000
vt 0.799999 0.840000 0.000000
vt 0.819999 0.840000 0.000000
vt 0.839999 0.840000 0.000000
vt 0.859999 0.840000 0.000000
vt 0.879999 0.840000 0.000000
vt 0.899999 0.840000 0.000000
vt 0.919999 0.840000 0.000000
vt 0.939999 0.840000 0.000000
vt 0.959999 0.840000 0.000000
vt 0.979999 0.840000 0.000000
vt 1.000000 0.840000 0.000000
vt 1.000000 0.860000 0.000000
vt 0.980000 0.860000 0.000000
vt 0.960000 0.860000 0.000000
vt 0.940000 0.860000 0.000000
vt 0.920000 0.860000 0.000000
vt 0.900000 0.860000 0.000000
vt 0.880000 0.860000 0.000000
vt 0.860000 0.860000 0.000000
vt 0.840000 0.860000 0.000000
vt 0.820000 0.860000 0.000000
vt 0.800000 0.860000 0.000000
vt 0.780000 0.860000 0.000000
vt 0.760000 0.860000 0.000000
vt 0.740000 0.860000 0.000000
vt 0.720000 0.860000 0.000000
vt 0.700000 0.860000 0.000000
vt 0.680000 0.860000 0.000000
vt 0.660000 0.860000 0.000000
vt 0.640000 0.860000 0.000000
vt 0.620000 0.860000 0.000000
vt 0.600000 0.860000 0.000000
vt 0.580000 0.860000 0.000000
vt 0.560000 0.860000 0.000000
vt 0.540000 0.860000 0.000000
vt 0.520000 0.860000 0.000000
vt 0.500000 0.860000 0.000000
vt 0.480000 0.860000 0.000000
vt 0.460000 0.860000 0.000000
vt 0.440000 0.860000 0.000000
vt 0.420000 0.860000 0.000000
vt 0.400000 0.860000 0.000000
vt 0.380000 0.860000 0.000000
vt 0.360000 0.860000 0.000000
vt 0.340000 0.860000 0.000000
vt 0.320000 0.860000 0.000000
vt 0.300000 0.860000 0.000000
vt 0.280000 0.860000 0.000000
vt 0.260000 0.860000 0.000000
vt 0.240000 0.860000 0.000000
vt 0.220000 0.860000 0.000000
vt 0.200000 0.860000 0.000000
vt 0.180000 0.860000 0.000000
vt 0.160000 0.860000 0.000000
vt 0.140000 0.860000 0.000000
vt 0.120000 0.860000 0.000000
vt 0.100000 0.860000 0.000000
vt 0.080000 0.860000 0.000000
vt 0.060000 0.860000 0.000000
vt 0.040000 0.860000 0.000000
vt 0.020000 0.860000 0.000000
vt 0.000000 0.860000 0.000000
vt -0.000000 0.860000 0.000000
vt 0.020000 0.860000 0.000000
vt 0.040000 0.860000 0.000000
vt 0.060000 0.860000 0.000000
vt 0.080000 0.860000 0.000000
vt 0.100000 0.860000 0.000000
vt 0.120000 0.860000 0.000000
vt 0.140000 0.860000 0.000000
vt 0.159999 0.860000 0.000000
vt 0.179999 0.860000 0.000000
vt 0.199999 0.860000 0.000000
vt 0.219999 0.860000 0.000000
vt 0.239999 0.860000 0.000000
vt 0.259999 0.860000 0.000000
vt 0.279999 0.860000 0.000000
vt 0.299999 0.860000 0.000000
vt 0.319999 0.860000 0.000000
vt 0.339999 0.860000 0.000000
vt 0.359999 0.860000 0.000000
vt 0.379999 0.860000 0.000000
vt 0.399999 0.860000 0.000000
vt 0.419999 0.860000 0.000000
vt 0.439999 0.860000 0.000000
vt 0.459999 0.860000 0.000000
vt 0.479999 0.860000 0.000000
vt 0.499999 0.860000 0.000000
vt 0.519999 0.860000 0.000000
vt 0.539999 0.860000 0.000000
vt 0.559999 0.860000 0.000000
vt 0.579999 0.860000 0.000000
vt 0.599999 0.860000 0.000000
vt 0.619999 0.860000 0.000000
vt 0.639999 0.860000 0.000000
vt 0.659999 0.860000 0.000000
vt 0.679999 0.860000 0.000000
vt 0.699999 0.860000 0.000000
vt 0.719999 0.860000 0.000000
vt 0.739999 0.860000 0.000000
vt 0.759999 0.860000 0.000000
vt 0.779999 0.860000 0.000000
vt 0.799999 0.860000 0.000000
vt 0.819999 0.860000 0.000000
vt 0.839999 0.860000 0.000000
vt 0.859999 0.860000 0.000000
vt 0.879999 0.860000 0.000000
vt 0.899999 0.860000 0.000000
vt 0.919999 0.860000 0.000000
vt 0.939999 0.860000 0.000000
vt 0.959999 0.860000 0.000000
vt 0.979999 0.860000 0.000000
vt 1.000000 0.860000 0.000000
vt 1.000000 0.880000 0.000000
vt 0.980000 0.880000 0.000000
vt 0.960000 0.880000 0.000000
vt 0.940000 0.880000 0.000000
vt 0.920000 0.880000 0.000000
vt 0.900000 0.880000 0.000000
vt 0.880000 0.880000 0.000000
vt 0.860000 0.880000 0.000000
vt 0.840000 0.880000 0.000000
vt 0.820000 0.880000 0.000000
vt 0.800000 0.880000 0.000000
vt 0.780000 0.880000 0.000000
vt 0.760000 0.880000 0.000000
vt 0.740000 0.880000 0.000000
vt 0.720000 0.880000 0.000000
vt 0.700000 0.880000 0.000000
vt 0.680000 0.880000 0.000000
vt 0.660000 0.880000 0.000000
vt 0.640000 0.880000 0.000000
vt 0.620000 0.880000 0.000000
vt 0.600000 0.880000 0.000000
vt 0.580000 0.880000 0.000000
vt 0.560000 0.880000 0.000000
vt 0.540000 0.880000 0.000000
vt 0.520000 0.880000 0.000000
vt 0.500000 0.880000 0.000000
vt 0.480000 0.880000 0.000000
vt 0.460000 0.880000 0.000000
vt 0.440000 0.880000 0.000000
vt 0.420000 0.880000 0.000000
vt 0.400000 0.880000 0.000000
vt 0.380000 0.880000 0.000000
vt 0.360000 0.880000 0.000000
vt 0.340000 0.880000 0.000000
vt 0.320000 0.880000 0.000000
vt 0.300000 0.880000 0.000000
vt 0.280000 0.880000 0.000000
vt 0.260000 0.880000 0.000000
vt 0.240000 0.880000 0.000000
vt 0.220000 0.880000 0.000000
vt 0.200000 0.880000 0.000000
vt 0.180000 0.880000 0.000000
vt 0.160000 0.880000 0.000000
vt 0.140000 0.880000 0.000000
vt 0.120000 0.880000 0.000000
vt 0.100000 0.880000 0.000000
vt 0.080000 0.880000 0.000000
vt 0.060000 0.880000 0.000000
vt 0.040000 0.880000 0.000000
vt 0.020000 0.880000 0.000000
vt 0.000000 0.880000 0.000000
vt -0.000000 0.880000 0.000000
vt 0.020000 0.880000 0.000000
vt 0.040000 0.880000 0.000000
vt 0.060000 0.880000 0.000000
vt 0.080000 0.880000 0.000000
vt 0.100000 0.880000 0.000000
vt 0.120000 0.880000 0.000000
vt 0.140000 0.880000 0.000000
vt 0.159999 0.880000 0.000000
vt 0.179999 0.880000 0.000000
vt 0.199999 0.880000 0.000000
vt 0.219999 0.880000 0.000000
vt 0.239999 0.880000 0.000000
vt 0.259999 0.880000 0.000000
vt 0.279999 0.880000 0.000000
vt 0.299999 0.880000 0.000000
vt 0.319999 0.880000 0.000000
vt 0.339999 0.880000 0.000000
vt 0.359999 0.880000 0.000000
vt 0.379999 0.880000 0.000000
vt 0.399999 0.880000 0.000000
vt 0.419999 0.880000 0.000000
vt 0.439999 0.880000 0.000000
vt 0.459999 0.880000 0.000000
vt 0.479999 0.880000 0.000000
vt 0.499999 0.880000 0.000000
vt 0.519999 0.880000 0.000000
vt 0.539999 0.880000 0.000000
vt 0.559999 0.880000 0.000000
vt 0.579999 0.880000 0.000000
vt 0.599999 0.880000 0.000000
vt 0.619999 0.880000 0.000000
vt 0.639999 0.880000 0.000000
vt 0.659999 0.880000 0.000000
vt 0.679999 0.880000 0.000000
vt 0.699999 0.880000 0.000000
vt 0.719999 0.880000 0.000000
vt 0.739999 0.880000 0.000000
vt 0.759999 0.880000 0.000000
vt 0.779999 0.880000 0.000000
vt 0.799999 0.880000 0.000000
vt 0.819999 0.880000 0.000000
vt 0.839999 0.880000 0.000000
vt 0.859999 0.880000 0.000000
vt 0.879999 0.880000 0.000000
vt 0.899999 0.880000 0.000000
vt 0.919999 0.880000 0.000000
vt 0.939999 0.880000 0.000000
vt 0.959999 0.880000 0.000000
vt 0.979999 0.880000 0.000000
vt 1.000000 0.880000 0.000000
vt 1.000000 0.900000 0.000000
vt 0.980000 0.900000 0.000000
vt 0.960000 0.900000 0.000000
vt 0.940000 0.900000 0.000000
vt 0.920000 0.900000 0.000000
vt 0.900000 0.900000 0.000000
vt 0.880000 0.900000 0.000000
vt 0.860000 0.900000 0.000000
vt 0.840000 0.900000 0.000000
vt 0.820000 0.900000 0.000000
vt 0.800000 0.900000 0.000000
vt 0.780000 0.900000 0.000000
vt 0.760000 0.900000 0.000000
vt 0.740000 0.900000 0.000000
vt 0.720000 0.900000 0.000000
vt 0.700000 0.900000 0.000000
vt 0.680000 0.900000 0.000000
vt 0.660000 0.900000 0.000000
vt 0.640000 0.900000 0.000000
vt 0.620000 0.900000 0.000000
vt 0.600000 0.900000 0.000000
vt 0.580000 0.900000 0.000000
vt 0.560000 0.900000 0.000000
vt 0.540000 0.900000 0.000000
vt 0.520000 0.900000 0.000000
vt 0.500000 0.900000 0.000000
vt 0.480000 0.900000 0.000000
vt 0.460000 0.900000 0.000000
vt 0.440000 0.900000 0.000000
vt 0.420000 0.900000 0.000000
vt 0.400000 0.900000 0.000000
vt 0.380000 0.900000 0.000000
vt 0.360000 0.900000 0.000000
vt 0.340000 0.900000 0.000000
vt 0.320000 0.900000 0.000000
vt 0.300000 0.900000 0.000000
vt 0.280000 0.900000 0.000000
vt 0.260000 0.900000 0.000000
vt 0.240000 0.900000 0.000000
vt 0.220000 0.900000 0.000000
vt 0.200000 0.900000 0.000000
vt 0.180000 0.900000 0.000000
vt 0.160000 0.900000 0.000000
vt 0.140000 0.900000 0.000000
vt 0.120000 0.900000 0.000000
vt 0.100000 0.900000 0.000000
vt 0.080000 0.900000 0.000000
vt 0.060000 0.900000 0.000000
vt 0.040000 0.900000 0.000000
vt 0.020000 0.900000 0.000000
vt 0.000000 0.900000 0.000000
vt -0.000000 0.900000 0.000000
vt 0.020000 0.900000 0.000000
vt 0.040000 0.900000 0.000000
vt 0.060000 0.900000 0.000000
vt 0.080000 0.900000 0.000000
vt 0.100000 0.900000 0.000000
vt 0.120000 0.900000 0.000000
vt 0.140000 0.900000 0.000000
vt 0.159999 0.900000 0.000000
vt 0.179999 0.900000 0.000000
vt 0.199999 0.900000 0.000000
vt 0.219999 0.900000 0.000000
vt 0.239999 0.900000 0.000000
vt 0.259999 0.900000 0.000000
vt 0.279999 0.900000 0.000000
vt 0.299999 0.900000 0.000000
vt 0.319999 0.900000 0.000000
vt 0.339999 0.900000 0.000000
vt 0.359999 0.900000 0.000000
vt 0.379999 0.900000 0.000000
vt 0.399999 0.900000 0.000000
vt 0.419999 0.900000 0.000000
vt 0.439999 0.900000 0.000000
vt 0.459999 0.900000 0.000000
vt 0.479999 0.900000 0.000000
vt 0.499999 0.900000 0.000000
vt 0.519999 0.900000 0.000000
vt 0.539999 0.900000 0.000000
vt 0.559999 0.900000 0.000000
vt 0.579999 0.900000 0.000000
vt 0.599999 0.900000 0.000000
vt 0.619999 0.900000 0.000000
vt 0.639999 0.900000 0.000000
vt 0.659999 0.900000 0.000000
vt 0.679999 0.900000 0.000000
vt 0.699999 0.900000 0.000000
vt 0.719999 0.900000 0.000000
vt 0.739999 0.900000 0.000000
vt 0.759999 0.900000 0.000000
vt 0.779999 0.900000 0.000000
vt 0.799999 0.900000 0.000000
vt 0.819999 0.900000 0.000000
vt 0.839999 0.900000 0.000000
vt 0.859999 0.900000 0.000000
vt 0.879999 0.900000 0.000000
vt 0.899999 0.900000 0.000000
vt 0.919999 0.900000 0.000000
vt 0.939999 0.900000 0.000000
vt 0.959999 0.900000 0.000000
vt 0.979999 0.900000 0.000000
vt 1.000000 0.900000 0.000000
vt 1.000000 0.920000 0.000000
vt 0.980000 0.920000 0.000000
vt 0.960000 0.920000 0.000000
vt 0.940000 0.920000 0.000000
vt 0.920000 0.920000 0.000000
vt 0.900000 0.920000 0.000000
vt 0.880000 0.920000 0.000000
vt 0.860000 0.920000 0.000000
vt 0.840000 0.920000 0.000000
vt 0.820000 0.920000 0.000000
vt 0.800000 0.920000 0.000000
vt 0.780000 0.920000 0.000000
vt 0.760000 0.920000 0.000000
vt 0.740000 0.920000 0.000000
vt 0.720000 0.920000 0.000000
vt 0.700000 0.920000 0.000000
vt 0.680000 0.920000 0.000000
vt 0.660000 0.920000 0.000000
vt 0.640000 0.920000 0.000000
vt 0.620000 0.920000 0.000000
vt 0.600000 0.920000 0.000000
vt 0.580000 0.920000 0.000000
vt 0.560000 0.920000 0.000000
vt 0.540000 0.920000 0.000000
vt 0.520000 0.920000 0.000000
vt 0.500000 0.920000 0.000000
vt 0.480000 0.920000 0.000000
vt 0.460000 0.920000 0.000000
vt 0.440000 0.920000 0.000000
vt 0.420000 0.920000 0.000000
vt 0.400000 0.920000 0.000000
vt 0.380000 0.920000 0.000000
vt 0.360000 0.920000 0.000000
vt 0.340000 0.920000 0.000000
vt 0.320000 0.920000 0.000000
vt 0.300000 0.920000 0.000000
vt 0.280000 0.920000 0.000000
vt 0.260000 0.920000 0.000000
vt 0.240000 0.920000 0.000000
vt 0.220000 0.920000 0.000000
vt 0.200000 0.920000 0.000000
vt 0.180000 0.920000 0.000000
vt 0.160000 0.920000 0.000000
vt 0.140000 0.920000 0.000000
vt 0.120000 0.920000 0.000000
vt 0.100000 0.920000 0.000000
vt 0.080000 0.920000 0.000000
vt 0.060000 0.920000 0.000000
vt 0.040000 0.920000 0.000000
vt 0.020000 0.920000 0.000000
vt 0.000000 0.920000 0.000000
vt -0.000000 0.920000 0.000000
vt 0.020000 0.920000 0.000000
vt 0.040000 0.920000 0.000000
vt 0.060000 0.920000 0.000000
vt 0.080000 0.920000 0.000000
vt 0.100000 0.920000 0.000000
vt 0.120000 0.920000 0.000000
vt 0.140000 0.920000 0.000000
vt 0.159999 0.920000 0.000000
vt 0.179999 0.920000 0.000000
vt 0.199999 0.920000 0.000000
vt 0.219999 0.920000 0.000000
vt 0.239999 0.920000 0.000000
vt 0.259999 0.920000 0.000000
vt 0.279999 0.920000 0.000000
vt 0.299999 0.920000 0.000000
vt 0.319999 0.920000 0.000000
vt 0.339999 0.920000 0.000000
vt 0.359999 0.920000 0.000000
vt 0.379999 0.920000 0.000000
vt 0.399999 0.920000 0.000000
vt 0.419999 0.920000 0.000000
vt 0.439999 0.920000 0.000000
vt 0.459999 0.920000 0.000000
vt 0.479999 0.920000 0.000000
vt 0.499999 0.920000 0.000000
vt 0.519999 0.920000 0.000000
vt 0.539999 0.920000 0.000000
vt 0.559999 0.920000 0.000000
vt 0.579999 0.920000 0.000000
vt 0.599999 0.920000 0.000000
vt 0.619999 0.920000 0.000000
vt 0.639999 0.920000 0.000000
vt 0.659999 0.920000 0.000000
vt 0.679999 0.920000 0.000000
vt 0.699999 0.920000 0.000000
vt 0.719999 0.920000 0.000000
vt 0.739999 0.920000 0.000000
vt 0.759999 0.920000 0.000000
vt 0.779999 0.920000 0.000000
vt 0.799999 0.920000 0.000000
vt 0.819999 0.920000 0.000000
vt 0.839999 0.920000 0.000000
vt 0.859999 0.920000 0.000000
vt 0.879999 0.920000 0.000000
vt 0.899999 0.920000 0.000000
vt 0.919999 0.920000 0.000000
vt 0.939999 0.920000 0.000000
vt 0.959999 0.920000 0.000000
vt 0.979999 0.920000 0.000000
vt 1.000000 0.920000 0.000000
vt 1.000000 0.940000 0.000000
vt 0.980000 0.940000 0.000000
vt 0.960000 0.940000 0.000000
vt 0.940000 0.940000 0.000000
vt 0.920000 0.940000 0.000000
vt 0.900000 0.940000 0.000000
vt 0.880000 0.940000 0.000000
vt 0.860000 0.940000 0.000000
vt 0.840000 0.940000 0.000000
vt 0.820000 0.940000 0.000000
vt 0.800000 0.940000 0.000000
vt 0.780000 0.940000 0.000000
vt 0.760000 0.940000 0.000000
vt 0.740000 0.940000 0.000000
vt 0.720000 0.940000 0.000000
vt 0.700000 0.940000 0.000000
vt 0.680000 0.940000 0.000000
vt 0.660000 0.940000 0.000000
vt 0.640000 0.940000 0.000000
vt 0.620000 0.940000 0.000000
vt 0.600000 0.940000 0.000000
vt 0.580000 0.940000 0.000000
vt 0.560000 0.940000 0.000000
vt 0.540000 0.940000 0.000000
vt 0.520000 0.940000 0.000000
vt 0.500000 0.940000 0.000000
vt 0.480000 0.940000 0.000000
vt 0.460000 0.940000 0.000000
vt 0.440000 0.940000 0.000000
vt 0.420000 0.940000 0.000000
vt 0.400000 0.940000 0.000000
vt 0.380000 0.940000 0.000000
vt 0.360000 0.940000 0.000000
vt 0.340000 0.940000 0.000000
vt 0.320000 0.940000 0.000000
vt 0.300000 0.940000 0.000000
vt 0.280000 0.940000 0.000000
vt 0.260000 0.940000 0.000000
vt 0.240000 0.940000 0.000000
vt 0.220000 0.940000 0.000000
vt 0.200000 0.940000 0.000000
vt 0.180000 0.940000 0.000000
vt 0.160000 0.940000 0.000000
vt 0.140000 0.940000 0.000000
vt 0.120000 0.940000 0.000000
vt 0.100000 0.940000 0.000000
vt 0.080000 0.940000 0.000000
vt 0.060000 0.940000 0.000000
vt 0.040000 0.940000 0.000000
vt 0.020000 0.940000 0.000000
vt 0.000000 0.940000 0.000000
vt -0.000000 0.940000 0.000000
vt 0.020000 0.940000 0.000000
vt 0.040000 0.940000 0.000000
vt 0.060000 0.940000 0.000000
vt 0.080000 0.940000 0.000000
vt 0.100000 0.940000 0.000000
vt 0.120000 0.940000 0.000000
vt 0.140000 0.940000 0.000000
vt 0.159999 0.940000 0.000000
vt 0.179999 0.940000 0.000000
vt 0.199999 0.940000 0.000000
vt 0.219999 0.940000 0.000000
vt 0.239999 0.940000 0.000000
vt 0.259999 0.940000 0.000000
vt 0.279999 0.940000 0.000000
vt 0.299999 0.940000 0.000000
vt 0.319999 0.940000 0.000000
vt 0.339999 0.940000 0.000000
vt 0.359999 0.940000 0.000000
vt 0.379999 0.940000 0.000000
vt 0.399999 0.940000 0.000000
vt 0.419999 0.940000 0.000000
vt 0.439999 0.940000 0.000000
vt 0.459999 0.940000 0.000000
vt 0.479999 0.940000 0.000000
vt 0.499999 0.940000 0.000000
vt 0.519999 0.940000 0.000000
vt 0.539999 0.940000 0.000000
vt 0.559999 0.940000 0.000000
vt 0.579999 0.940000 0.000000
vt 0.599999 0.940000 0.000000
vt 0.619999 0.940000 0.000000
vt 0.639999 0.940000 0.000000
vt 0.659999 0.940000 0.000000
vt 0.679999 0.940000 0.000000
vt 0.699999 0.940000 0.000000
vt 0.719999 0.940000 0.000000
vt 0.739999 0.940000 0.000000
vt 0.759999 0.940000 0.000000
vt 0.779999 0.940000 0.000000
vt 0.799999 0.940000 0.000000
vt 0.819999 0.940000 0.000000
vt 0.839999 0.940000 0.000000
vt 0.859999 0.940000 0.000000
vt 0.879999 0.940000 0.000000
vt 0.899999 0.940000 0.000000
vt 0.919999 0.940000 0.000000
vt 0.939999 0.940000 0.000000
vt 0.959999 0.940000 0.000000
vt 0.979999 0.940000 0.000000
vt 1.000000 0.940000 0.000000
vt 1.000000 0.960000 0.000000
vt 0.980000 0.960000 0.000000
vt 0.960000 0.960000 0.000000
vt 0.940000 0.960000 0.000000
vt 0.920000 0.960000 0.000000
vt 0.900000 0.960000 0.000000
vt 0.880000 0.960000 0.000000
vt 0.860000 0.960000 0.000000
vt 0.840000 0.960000 0.000000
vt 0.820000 0.960000 0.000000
vt 0.800000 0.960000 0.000000
vt 0.780000 0.960000 0.000000
vt 0.760000 0.960000 0.000000
vt 0.740000 0.960000 0.000000
vt 0.720000 0.960000 0.000000
vt 0.700000 0.960000 0.000000
vt 0.680000 0.960000 0.000000
vt 0.660000 0.960000 0.000000
vt 0.640000 0.960000 0.000000
vt 0.620000 0.960000 0.000000
vt 0.600000 0.960000 0.000000
vt 0.580000 0.960000 0.000000
vt 0.560000 0.960000 0.000000
vt 0.540000 0.960000 0.000000
vt 0.520000 0.960000 0.000000
vt 0.500000 0.960000 0.000000
vt 0.480000 0.960000 0.000000
vt 0.460000 0.960000 0.000000
vt 0.440000 0.960000 0.000000
vt 0.420000 0.960000 0.000000
vt 0.400000 0.960000 0.000000
vt 0.380000 0.960000 0.000000
vt 0.360000 0.960000 0.000000
vt 0.340000 0.960000 0.000000
vt 0.320000 0.960000 0.000000
vt 0.300000 0.960000 0.000000
vt 0.280000 0.960000 0.000000
vt 0.260000 0.960000 0.000000
vt 0.240000 0.960000 0.000000
vt 0.220000 0.960000 0.000000
vt 0.200000 0.960000 0.000000
vt 0.180000 0.960000 0.000000
vt 0.160000 0.960000 0.000000
vt 0.140000 0.960000 0.000000
vt 0.120000 0.960000 0.000000
vt 0.100000 0.960000 0.000000
vt 0.080000 0.960000 0.000000
vt 0.060000 0.960000 0.000000
vt 0.040000 0.960000 0.000000
vt 0.020000 0.960000 0.000000
vt 0.000000 0.960000 0.000000
vt -0.000000 0.960000 0.000000
vt 0.020000 0.960000 0.000000
vt 0.040000 0.960000 0.000000
vt 0.060000 0.960000 0.000000
vt 0.080000 0.960000 0.000000
vt 0.100000 0.960000 0.000000
vt 0.120000 0.960000 0.000000
vt 0.140000 0.960000 0.000000
vt 0.159999 0.960000 0.000000
vt 0.179999 0.960000 0.000000
vt 0.199999 0.960000 0.000000
vt 0.219999 0.960000 0.000000
vt 0.239999 0.960000 0.000000
vt 0.259999 0.960000 0.000000
vt 0.279999 0.960000 0.000000
vt 0.299999 0.960000 0.000000
vt 0.319999 0.960000 0.000000
vt 0.339999 0.960000 0.000000
vt 0.359999 0.960000 0.000000
vt 0.379999 0.960000 0.000000
vt 0.399999 0.960000 0.000000
vt 0.419999 0.960000 0.000000
vt 0.439999 0.960000 0.000000
vt 0.459999 0.960000 0.000000
vt 0.479999 0.960000 0.000000
vt 0.499999 0.960000 0.000000
vt 0.519999 0.960000 0.000000
vt 0.539999 0.960000 0.000000
vt 0.559999 0.960000 0.000000
vt 0.579999 0.960000 0.000000
vt 0.599999 0.960000 0.000000
vt 0.619999 0.960000 0.000000
vt 0.639999 0.960000 0.000000
vt 0.659999 0.960000 0.000000
vt 0.679999 0.960000 0.000000
vt 0.699999 0.960000 0.000000
vt 0.719999 0.960000 0.000000
vt 0.739999 0.960000 0.000000
vt 0.759999 0.960000 0.000000
vt 0.779999 0.960000 0.000000
vt 0.799999 0.960000 0.000000
vt 0.819999 0.960000 0.000000
vt 0.839999 0.960000 0.000000
vt 0.859999 0.960000 0.000000
vt 0.879999 0.960000 0.000000
vt 0.899999 0.960000 0.000000
vt 0.919999 0.960000 0.000000
vt 0.939999 0.960000 0.000000
vt 0.959999 0.960000 0.000000
vt 0.979999 0.960000 0.000000
vt 1.000000 0.960000 0.000000
vt 1.000000 0.980000 0.000000
vt 0.980000 0.980000 0.000000
vt 0.960000 0.980000 0.000000
vt 0.940000 0.980000 0.000000
vt 0.920000 0.980000 0.000000
vt 0.900000 0.980000 0.000000
vt 0.880000 0.980000 0.000000
vt 0.860000 0.980000 0.000000
vt 0.840000 0.980000 0.000000
vt 0.820000 0.980000 0.000000
vt 0.800000 0.980000 0.000000
vt 0.780000 0.980000 0.000000
vt 0.760000 0.980000 0.000000
vt 0.740000 0.980000 0.000000
vt 0.720000 0.980000 0.000000
vt 0.700000 0.980000 0.000000
vt 0.680000 0.980000 0.000000
vt 0.660000 0.980000 0.000000
vt 0.640000 0.980000 0.000000
vt 0.620000 0.980000 0.000000
vt 0.600000 0.980000 0.000000
vt 0.580000 0.980000 0.000000
vt 0.560000 0.980000 0.000000
vt 0.540000 0.980000 0.000000
vt 0.520000 0.980000 0.000000
vt 0.500000 0.980000 0.000000
vt 0.480000 0.980000 0.000000
vt 0.460000 0.980000 0.000000
vt 0.440000 0.980000 0.000000
vt 0.420000 0.980000 0.000000
vt 0.400000 0.980000 0.000000
vt 0.380000 0.980000 0.000000
vt 0.360000 0.980000 0.000000
vt 0.340000 0.980000 0.000000
vt 0.320000 0.980000 0.000000
vt 0.300000 0.980000 0.000000
vt 0.280000 0.980000 0.000000
vt 0.260000 0.980000 0.000000
vt 0.240000 0.980000 0.000000
vt 0.220000 0.980000 0.000000
vt 0.200000 0.980000 0.000000
vt 0.180000 0.980000 0.000000
vt 0.160000 0.980000 0.000000
vt 0.140000 0.980000 0.000000
vt 0.120000 0.980000 0.000000
vt 0.100000 0.980000 0.000000
vt 0.080000 0.980000 0.000000
vt 0.060000 0.980000 0.000000
vt 0.040000 0.980000 0.000000
vt 0.020000 0.980000 0.000000
vt 0.000000 0.980000 0.000000
vt -0.000000 0.980000 0.000000
vt 0.020000 0.980000 0.000000
vt 0.040000 0.980000 0.000000
vt 0.060000 0.980000 0.000000
vt 0.080000 0.980000 0.000000
vt 0.100000 0.980000 0.000000
vt 0.120000 0.980000 0.000000
vt 0.140000 0.980000 0.000000
vt 0.159999 0.980000 0.000000
vt 0.179999 0.980000 0.000000
vt 0.199999 0.980000 0.000000
vt 0.219999 0.980000 0.000000
vt 0.239999 0.980000 0.000000
vt 0.259999 0.980000 0.000000
vt 0.279999 0.980000 0.000000
vt 0.299999 0.980000 0.000000
vt 0.319999 0.980000 0.000000
vt 0.339999 0.980000 0.000000
vt 0.359999 0.980000 0.000000
vt 0.379999 0.980000 0.000000
vt 0.399999 0.980000 0.000000
vt 0.419999 0.980000 0.000000
vt 0.439999 0.980000 0.000000
vt 0.459999 0.980000 0.000000
vt 0.479999 0.980000 0.000000
vt 0.499999 0.980000 0.000000
vt 0.519999 0.980000 0.000000
vt 0.539999 0.980000 0.000000
vt 0.559999 0.980000 0.000000
vt 0.579999 0.980000 0.000000
vt 0.599999 0.980000 0.000000
vt 0.619999 0.980000 0.000000
vt 0.639999 0.980000 0.000000
vt 0.659999 0.980000 0.000000
vt 0.679999 0.980000 0.000000
vt 0.699999 0.980000 0.000000
vt 0.719999 0.980000 0.000000
vt 0.739999 0.980000 0.000000
vt 0.759999 0.980000 0.000000
vt 0.779999 0.980000 0.000000
vt 0.799999 0.980000 0.000000
vt 0.819999 0.980000 0.000000
vt 0.839999 0.980000 0.000000
vt 0.859999 0.980000 0.000000
vt 0.879999 0.980000 0.000000
vt 0.899999 0.980000 0.000000
vt 0.919999 0.980000 0.000000
vt 0.939999 0.980000 0.000000
vt 0.959999 0.980000 0.000000
vt 0.979999 0.980000 0.000000
vt 1.000000 0.980000 0.000000
vt 1.000000 0.000000 0.000000
vt 1.000000 1.000000 0.000000
vt 0.980000 0.000000 0.000000
vt 0.980000 1.000000 0.000000
vt 0.960000 0.000000 0.000000
vt 0.960000 1.000000 0.000000
vt 0.940000 0.000000 0.000000
vt 0.940000 1.000000 0.000000
vt 0.920000 0.000000 0.000000
vt 0.920000 1.000000 0.000000
vt 0.900000 0.000000 0.000000
vt 0.900000 1.000000 0.000000
vt 0.880000 0.000000 0.000000
vt 0.880000 1.000000 0.000000
vt 0.860000 0.000000 0.000000
vt 0.860000 1.000000 0.000000
vt 0.840000 0.000000 0.000000
vt 0.840000 1.000000 0.000000
vt 0.820000 0.000000 0.000000
vt 0.820000 1.000000 0.000000
vt 0.800000 0.000000 0.000000
vt 0.800000 1.000000 0.000000
vt 0.780000 0.000000 0.000000
vt 0.780000 1.000000 0.000000
vt 0.760000 0.000000 0.000000
vt 0.760000 1.000000 0.000000
vt 0.740000 0.000000 0.000000
vt 0.740000 1.000000 0.000000
vt 0.720000 0.000000 0.000000
vt 0.720000 1.000000 0.000000
vt 0.700000 0.000000 0.000000
vt 0.700000 1.000000 0.000000
vt 0.680000 0.000000 0.000000
vt 0.680000 1.000000 0.000000
vt 0.660000 0.000000 0.000000
vt 0.660000 1.000000 0.000000
vt 0.640000 0.000000 0.000000
vt 0.640000 1.000000 0.000000
vt 0.620000 0.000000 0.000000
vt 0.620000 1.000000 0.000000
vt 0.600000 0.000000 0.000000
vt 0.600000 1.000000 0.000000
vt 0.580000 0.000000 0.000000
vt 0.580000 1.000000 0.000000
vt 0.560000 0.000000 0.000000
vt 0.560000 1.000000 0.000000
vt 0.540000 0.000000 0.000000
vt 0.540000 1.000000 0.000000
vt 0.520000 0.000000 0.000000
vt 0.520000 1.000000 0.000000
vt 0.500000 0.000000 0.000000
vt 0.500000 1.000000 0.000000
vt 0.480000 0.000000 0.000000
vt 0.480000 1.000000 0.000000
vt 0.460000 0.000000 0.000000
vt 0.460000 1.000000 0.000000
vt 0.440000 0.000000 0.000000
vt 0.440000 1.000000 0.000000
vt 0.420000 0.000000 0.000000
vt 0.420000 1.000000 0.000000
vt 0.400000 0.000000 0.000000
vt 0.400000 1.000000 0.000000
vt 0.380000 0.000000 0.000000
vt 0.380000 1.000000 0.000000
vt 0.360000 0.000000 0.000000
vt 0.360000 1.000000 0.000000
vt 0.340000 0.000000 0.000000
vt 0.340000 1.000000 0.000000
vt 0.320000 0.000000 0.000000
vt 0.320000 1.000000 0.000000
vt 0.300000 0.000000 0.000000
vt 0.300000 1.000000 0.000000
vt 0.280000 0.000000 0.000000
vt 0.280000 1.000000 0.000000
vt 0.260000 0.000000 0.000000
vt 0.260000 1.000000 0.000000
vt 0.240000 0.000000 0.000000
vt 0.240000 1.000000 0.000000
vt 0.220000 0.000000 0.000000
vt 0.220000 1.000000 0.000000
vt 0.200000 0.000000 0.000000
vt 0.200000 1.000000 0.000000
vt 0.180000 0.000000 0.000000
vt 0.180000 1.000000 0.000000
vt 0.160000 0.000000 0.000000
vt 0.160000 1.000000 0.000000
vt 0.140000 0.000000 0.000000
vt 0.140000 1.000000 0.000000
vt 0.120000 0.000000 0.000000
vt 0.120000 1.000000 0.000000
vt 0.100000 0.000000 0.000000
vt 0.100000 1.000000 0.000000
vt 0.080000 0.000000 0.000000
vt 0.080000 1.000000 0.000000
vt 0.060000 0.000000 0.000000
vt 0.060000 1.000000 0.000000
vt 0.040000 0.000000 0.000000
vt 0.040000 1.000000 0.000000
vt 0.020000 0.000000 0.000000
vt 0.020000 1.000000 0.000000
vt 0.000000 0.000000 0.000000
vt 0.000000 1.000000 0.000000
vt 0.020000 0.000000 0.000000
vt 0.020000 1.000000 0.000000
vt 0.040000 0.000000 0.000000
vt 0.040000 1.000000 0.000000
vt 0.060000 0.000000 0.000000
vt 0.060000 1.000000 0.000000
vt 0.080000 0.000000 0.000000
vt 0.080000 1.000000 0.000000
vt 0.100000 0.000000 0.000000
vt 0.100000 1.000000 0.000000
vt 0.120000 0.000000 0.000000
vt 0.120000 1.000000 0.000000
vt 0.140000 0.000000 0.000000
vt 0.140000 1.000000 0.000000
vt 0.160000 0.000000 0.000000
vt 0.160000 1.000000 0.000000
vt 0.180000 0.000000 0.000000
vt 0.180000 1.000000 0.000000
vt 0.200000 0.000000 0.000000
vt 0.200000 1.000000 0.000000
vt 0.220000 0.000000 0.000000
vt 0.220000 1.000000 0.000000
vt 0.240000 0.000000 0.000000
vt 0.240000 1.000000 0.000000
vt 0.260000 0.000000 0.000000
vt 0.260000 1.000000 0.000000
vt 0.280000 0.000000 0.000000
vt 0.280000 1.000000 0.000000
vt 0.300000 0.000000 0.000000
vt 0.300000 1.000000 0.000000
vt 0.320000 0.000000 0.000000
vt 0.320000 1.000000 0.000000
vt 0.340000 0.000000 0.000000
vt 0.340000 1.000000 0.000000
vt 0.360000 0.000000 0.000000
vt 0.360000 1.000000 0.000000
vt 0.380000 0.000000 0.000000
vt 0.380000 1.000000 0.000000
vt 0.400000 0.000000 0.000000
vt 0.400000 1.000000 0.000000
vt 0.420000 0.000000 0.000000
vt 0.420000 1.000000 0.000000
vt 0.440000 0.000000 0.000000
vt 0.440000 1.000000 0.000000
vt 0.460000 0.000000 0.000000
vt 0.460000 1.000000 0.000000
vt 0.480000 0.000000 0.000000
vt 0.480000 1.000000 0.000000
vt 0.500000 0.000000 0.000000
vt 0.500000 1.000000 0.000000
vt 0.520000 0.000000 0.000000
vt 0.520000 1.000000 0.000000
vt 0.540000 0.000000 0.000000
vt 0.540000 1.000000 0.000000
vt 0.560000 0.000000 0.000000
vt 0.560000 1.000000 0.000000
vt 0.580000 0.000000 0.000000
vt 0.580000 1.000000 0.000000
vt 0.600000 0.000000 0.000000
vt 0.600000 1.000000 0.000000
vt 0.620000 0.000000 0.000000
vt 0.620000 1.000000 0.000000
vt 0.640000 0.000000 0.000000
vt 0.640000 1.000000 0.000000
vt 0.660000 0.000000 0.000000
vt 0.660000 1.000000 0.000000
vt 0.680000 0.000000 0.000000
vt 0.680000 1.000000 0.000000
vt 0.700000 0.000000 0.000000
vt 0.700000 1.000000 0.000000
vt 0.720000 0.000000 0.000000
vt 0.720000 1.000000 0.000000
vt 0.740000 0.000000 0.000000
vt 0.740000 1.000000 0.000000
vt 0.760000 0.000000 0.000000
vt 0.760000 1.000000 0.000000
vt 0.780000 0.000000 0.000000
vt 0.780000 1.000000 0.000000
vt 0.800000 0.000000 0.000000
vt 0.800000 1.000000 0.000000
vt 0.820000 0.000000 0.000000
vt 0.820000 1.000000 0.000000
vt 0.840000 0.000000 0.000000
vt 0.840000 1.000000 0.000000
vt 0.860000 0.000000 0.000000
vt 0.860000 1.000000 0.000000
vt 0.880000 0.000000 0.000000
vt 0.880000 1.000000 0.000000
vt 0.900000 0.000000 0.000000
vt 0.900000 1.000000 0.000000
vt 0.920000 0.000000 0.000000
vt 0.920000 1.000000 0.000000
vt 0.940000 0.000000 0.000000
vt 0.940000 1.000000 0.000000
vt 0.960000 0.000000 0.000000
vt 0.960000 1.000000 0.000000
vt 0.980000 0.000000 0.000000
vt 0.980000 1.000000 0.000000
# 5198 texture coordinates

o Sphere
usemtl Mat
f 4/4/4 104/3/3 103/2/2 3/1/1
f 5/6/6 105/5/5 104/3/3 4/4/4
f 6/8/8 106/7/7 105/5/5 5/6/6
f 7/10/10 107/9/9 106/7/7 6/8/8
f 8/12/12 108/11/11 107/9/9 7/10/10
f 9/14/14 109/13/13 108/11/11 8/12/12
f 10/16/16 110/15/15 109/13/13 9/14/14
f 11/18/18 111/17/17 110/15/15 10/16/16
f 12/20/20 112/19/19 111/17/17 11/18/18
f 13/22/22 113/21/21 112/19/19 12/20/20
f 14/24/24 114/23/23 113/21/21 13/22/22
f 15/26/26 115/25/25 114/23/23 14/24/24
f 16/28/28 116/27/27 115/25/25 15/26/26
f 17/30/30 117/29/29 116/27/27 16/28/28
f 18/32/32 118/31/31 117/29/29 17/30/30
f 19/34/34 119/33/33 118/31/31 18/32/32
f 20/36/36 120/35/35 119/33/33 19/34/34
f 21/38/38 121/37/37 120/35/35 20/36/36
f 22/40/40 122/39/39 121/37/37 21/38/38
f 23/42/42 123/41/41 122/39/39 22/40/40
f 24/44/44 124/43/43 123/41/41 23/42/42
f 25/46/46 125/45/45 124/43/43 24/44/44
f 26/48/48 126/47/47 125/45/45 25/46/46
f 27/50/50 127/49/49 126/47/47 26/48/48
f 28/52/52 128/51/51 127/49/49 27/50/50
f 29/54/54 129/53/53 128/51/51 28/52/52
f 30/56/56 130/55/55 129/53/53 29/54/54
f 31/58/58 131/57/57 130/55/55 30/56/56
f 32/60/60 132/59/59 131/57/57 31/58/58
f 33/62/62 133/61/61 132/59/59 32/60/60
f 34/64/64 134/63/63 133/61/61 33/62/62
f 35/66/66 135/65/65 134/63/63 34/64/64
f 36/68/68 136/67/67 135/65/65 35/66/66
f 37/70/70 137/69/69 136/67/67 36/68/68
f 38/72/72 138/71/71 137/69/69 37/70/70
f 39/74/74 139/73/73 138/71/71 38/72/72
f 40/76/76 140/75/75 139/73/73 39/74/74
f 41/78/78 141/77/77 140/75/75 40/76/76
f 42/80/80 142/79/79 141/77/77 41/78/78
f 43/82/82 143/81/81 142/79/79 42/80/80
f 44/84/84 144/83/83 143/81/81 43/82/82
f 45/86/86 145/85/85 144/83/83 44/84/84
f 46/88/88 146/87/87 145/85/85 45/86/86
f 47/90/90 147/89/89 146/87/87 46/88/88
f 48/92/92 148/91/91 147/89/89 47/90/90
f 49/94/94 149/93/93 148/91/91 48/92/92
f 50/96/96 150/95/95 149/93/93 49/94/94
f 51/98/98 151/97/97 150/95/95 50/96/96
f 52/100/100 152/99/99 151/97/97 51/98/98
f 53/102/102 153/101/101 152/99/99 52/100/100
f 54/106/104 154/105/103 153/104/101 53/103/102
f 55/108/106 155/107/105 154/105/103 54/106/104
f 56/110/108 156/109/107 155/107/105 55/108/106
f 57/112/110 157/111/109 156/109/107 56/110/108
f 58/114/112 158/113/111 157/111/109 57/112/110
f 59/116/114 159/115/113 158/113/111 58/114/112
f 60/118/116 160/117/115 159/115/113 59/116/114
f 61/120/118 161/119/117 160/117/115 60/118/116
f 62/122/120 162/121/119 161/119/117 61/120/118
f 63/124/122 163/123/121 162/121/119 62/122/120
f 64/126/124 164/125/123 163/123/121 63/124/122
f 65/128/126 165/127/125 164/125/123 64/126/124
f 66/130/128 166/129/127 165/127/125 65/128/126
f 67/132/130 167/131/129 166/129/127 66/130/128
f 68/134/132 168/133/131 167/131/129 67/132/130
f 69/136/134 169/135/133 168/133/131 68/134/132
f 70/138/136 170/137/135 169/135/133 69/136/134
f 71/140/138 171/139/137 170/137/135 70/138/136
f 72/142/140 172/141/139 171/139/137 71/140/138
f 73/144/142 173/143/141 172/141/139 72/142/140
f 74/146/144 174/145/143 173/143/141 73/144/142
f 75/148/146 175/147/145 174/145/143 74/146/144
f 76/150/148 176/149/147 175/147/145 75/148/146
f 77/152/150 177/151/149 176/149/147 76/150/148
f 78/154/152 178/153/151 177/151/149 77/152/150
f 79/156/154 179/155/153 178/153/151 78/154/152
f 80/158/156 180/157/155 179/155/153 79/156/154
f 81/160/158 181/159/157 180/157/155 80/158/156
f 82/162/160 182/161/159 181/159/157 81/160/158
f 83/164/162 183/163/161 182/161/159 82/162/160
f 84/166/164 184/165/163 183/163/161 83/164/162
f 85/168/166 185/167/165 184/165/163 84/166/164
f 86/170/168 186/169/167 185/167/165 85/168/166
f 87/172/170 187/171/169 186/169/167 86/170/168
f 88/174/172 188/173/171 187/171/169 87/172/170
f 89/176/174 189/175/173 188/173/171 88/174/172
f 90/178/176 190/177/175 189/175/173 89/176/174
f 91/180/178 191/179/177 190/177/175 90/178/176
f 92/182/180 192/181/179 191/179/177 91/180/178
f 93/184/182 193/183/181 192/181/179 92/182/180
f 94/186/184 194/185/183 193/183/181 93/184/182
f 95/188/186 195/187/185 194/185/183 94/186/184
f 96/190/188 196/189/187 195/187/185 95/188/186
f 97/192/190 197/191/189 196/189/187 96/190/188
f 98/194/192 198/193/191 197/191/189 97/192/190
f 99/196/194 199/195/193 198/193/191 98/194/192
f 100/198/196 200/197/195 199/195/193 99/196/194
f 101/200/198 201/199/197 200/197/195 100/198/196
f 102/202/200 202/201/199 201/199/197 101/200/198
f 3/204/1 103/203/2 202/201/199 102/202/200
f 104/3/3 204/206/202 203/205/201 103/2/2
f 105/5/5 205/207/203 204/206/202 104/3/3
f 106/7/7 206/208/204 205/207/203 105/5/5
f 107/9/9 207/209/205 206/208/204 106/7/7
f 108/11/11 208/210/206 207/209/205 107/9/9
f 109/13/13 209/211/207 208/210/206 108/11/11
f 110/15/15 210/212/208 209/211/207 109/13/13
f 111/17/17 211/213/209 210/212/208 110/15/15
f 112/19/19 212/214/210 211/213/209 111/17/17
f 113/21/21 213/215/211 212/214/210 112/19/19
f 114/23/23 214/216/212 213/215/211 113/21/21
f 115/25/25 215/217/213 214/216/212 114/23/23
f 116/27/27 216/218/214 215/217/213 115/25/25
f 117/29/29 217/219/215 216/218/214 116/27/27
f 118/31/31 218/220/216 217/219/215 117/29/29
f 119/33/33 219/221/217 218/220/216 118/31/31
f 120/35/35 220/222/218 219/221/217 119/33/33
f 121/37/37 221/223/219 220/222/218 120/35/35
f 122/39/39 222/224/220 221/223/219 121/37/37
f 123/41/41 223/225/221 222/224/220 122/39/39
f 124/43/43 224/226/222 223/225/221 123/41/41
f 125/45/45 225/227/223 224/226/222 124/43/43
f 126/47/47 226/228/224 225/227/223 125/45/45
f 127/49/49 227/229/225 226/228/224 126/47/47
f 128/51/51 228/230/226 227/229/225 127/49/49
f 129/53/53 229/231/227 228/230/226 128/51/51
f 130/55/55 230/232/228 229/231/227 129/53/53
f 131/57/57 231/233/229 230/232/228 130/55/55
f 132/59/59 232/234/230 231/233/229 131/57/57
f 133/61/61 233/235/231 232/234/230 132/59/59
f 134/63/63 234/236/232 233/235/231 133/61/61
f 135/65/65 235/237/233 234/236/232 134/63/63
f 136/67/67 236/238/234 235/237/233 135/65/65
f 137/69/69 237/239/235 236/238/234 136/67/67
f 138/71/71 238/240/236 237/239/235 137/69/69
f 139/73/73 239/241/237 238/240/236 138/71/71
f 140/75/75 240/242/238 239/241/237 139/73/73
f 141/77/77 241/243/239 240/242/238 140/75/75
f 142/79/79 242/244/240 241/243/239 141/77/77
f 143/81/81 243/245/241 242/244/240 142/79/79
f 144/83/83 244/246/242 243/245/241 143/81/81
f 145/85/85 245/247/243 244/246/242 144/83/83
f 146/87/87 246/248/244 245/247/243 145/85/85
f 147/89/89 247/249/245 246/248/244 146/87/87
f 148/91/91 248/250/246 247/249/245 147/89/89
f 149/93/93 249/251/247 248/250/246 148/91/91
f 150/95/95 250/252/248 249/251/247 149/93/93
f 151/97/97 251/253/249 250/252/248 150/95/95
f 152/99/99 252/254/250 251/253/249 151/97/97
f 153/101/101 253/255/251 252/254/250 152/99/99
f 154/105/103 254/257/252 253/256/251 153/104/101
f 155/107/105 255/258/253 254/257/252 154/105/103
f 156/109/107 256/259/254 255/258/253 155/107/105
f 157/111/109 257/260/255 256/259/254 156/109/107
f 158/113/111 258/261/256 257/260/255 157/111/109
f 159/115/113 259/262/257 258/261/256 158/113/111
f 160/117/115 260/263/258 259/262/257 159/115/113
f 161/119/117 261/264/259 260/263/258 160/117/115
f 162/121/119 262/265/260 261/264/259 161/119/117
f 163/123/121 263/266/261 262/265/260 162/121/119
f 164/125/123 264/267/262 263/266/261 163/123/121
f 165/127/125 265/268/263 264/267/262 164/125/123
f 166/129/127 266/269/264 265/268/263 165/127/125
f 167/131/129 267/270/265 266/269/264 166/129/127
f 168/133/131 268/271/266 267/270/265 167/131/129
f 169/135/133 269/272/267 268/271/266 168/133/131
f 170/137/135 270/273/268 269/272/267 169/135/133
f 171/139/137 271/274/269 270/273/268 170/137/135
f 172/141/139 272/275/270 271/274/269 171/139/137
f 173/143/141 273/276/271 272/275/270 172/141/139
f 174/145/143 274/277/272 273/276/271 173/143/141
f 175/147/145 275/278/273 274/277/272 174/145/143
f 176/149/147 276/279/274 275/278/273 175/147/145
f 177/151/149 277/280/275 276/279/274 176/149/147
f 178/153/151 278/281/276 277/280/275 177/151/149
f 179/155/153 279/282/277 278/281/276 178/153/151
f 180/157/155 280/283/278 279/282/277 179/155/153
f 181/159/157 281/284/279 280/283/278 180/157/155
f 182/161/159 282/285/280 281/284/279 181/159/157
f 183/163/161 283/286/281 282/285/280 182/161/159
f 184/165/163 284/287/282 283/286/281 183/163/161
f 185/167/165 285/288/283 284/287/282 184/165/163
f 186/169/167 286/289/284 285/288/283 185/167/165
f 187/171/169 287/290/285 286/289/284 186/169/167
f 188/173/171 288/291/286 287/290/285 187/171/169
f 189/175/173 289/292/287 288/291/286 188/173/171
f 190/177/175 290/293/288 289/292/287 189/175/173
f 191/179/177 291/294/289 290/293/288 190/177/175
f 192/181/179 292/295/290 291/294/289 191/179/177
f 193/183/181 293/296/291 292/295/290 192/181/179
f 194/185/183 294/297/292 293/296/291 193/183/181
f 195/187/185 295/298/293 294/297/292 194/185/183
f 196/189/187 296/299/294 295/298/293 195/187/185
f 197/191/189 297/300/295 296/299/294 196/189/187
f 198/193/191 298/301/296 297/300/295 197/191/189
f 199/195/193 299/302/297 298/301/296 198/193/191
f 200/197/195 300/303/298 299/302/297 199/195/193
f 201/199/197 301/304/299 300/303/298 200/197/195
f 202/201/199 302/305/300 301/304/299 201/199/197
f 103/203/2 203/306/201 302/305/300 202/201/199
f 204/206/202 304/308/302 303/307/301 203/205/201
f 205/207/203 305/309/303 304/308/302 204/206/202
f 206/208/204 306/310/304 305/309/303 205/207/203
f 207/209/205 307/311/305 306/310/304 206/208/204
f 208/210/206 308/312/306 307/311/305 207/209/205
f 209/211/207 309/313/307 308/312/306 208/210/206
f 210/212/208 310/314/308 309/313/307 209/211/207
f 211/213/209 311/315/309 310/314/308 210/212/208
f 212/214/210 312/316/310 311/315/309 211/213/209
f 213/215/211 313/317/311 312/316/310 212/214/210
f 214/216/212 314/318/312 313/317/311 213/215/211
f 215/217/213 315/319/313 314/318/312 214/216/212
f 216/218/214 316/320/314 315/319/313 215/217/213
f 217/219/215 317/321/315 316/320/314 216/218/214
f 218/220/216 318/322/316 317/321/315 217/219/215
f 219/221/217 319/323/317 318/322/316 218/220/216
f 220/222/218 320/324/318 319/323/317 219/221/217
f 221/223/219 321/325/319 320/324/318 220/222/218
f 222/224/220 322/326/320 321/325/319 221/223/219
f 223/225/221 323/327/321 322/326/320 222/224/220
f 224/226/222 324/328/322 323/327/321 223/225/221
f 225/227/223 325/329/323 324/328/322 224/226/222
f 226/228/224 326/330/324 325/329/323 225/227/223
f 227/229/225 327/331/325 326/330/324 226/228/224
f 228/230/226 328/332/326 327/331/325 227/229/225
f 229/231/227 329/333/327 328/332/326 228/230/226
f 230/232/228 330/334/328 329/333/327 229/231/227
f 231/233/229 331/335/329 330/334/328 230/232/228
f 232/234/230 332/336/330 331/335/329 231/233/229
f 233/235/231 333/337/331 332/336/330 232/234/230
f 234/236/232 334/338/332 333/337/331 233/235/231
f 235/237/233 335/339/333 334/338/332 234/236/232
f 236/238/234 336/340/334 335/339/333 235/237/233
f 237/239/235 337/341/335 336/340/334 236/238/234
f 238/240/236 338/342/336 337/341/335 237/239/235
f 239/241/237 339/343/337 338/342/336 238/240/236
f 240/242/238 340/344/338 339/343/337 239/241/237
f 241/243/239 341/345/339 340/344/338 240/242/238
f 242/244/240 342/346/340 341/345/339 241/243/239
f 243/245/241 343/347/341 342/346/340 242/244/240
f 244/246/242 344/348/342 343/347/341 243/245/241
f 245/247/243 345/349/343 344/348/342 244/246/242
f 246/248/244 346/350/344 345/349/343 245/247/243
f 247/249/245 347/351/345 346/350/344 246/248/244
f 248/250/246 348/352/346 347/351/345 247/249/245
f 249/251/247 349/353/347 348/352/346 248/250/246
f 250/252/248 350/354/348 349/353/347 249/251/247
f 251/253/249 351/355/349 350/354/348 250/252/248
f 252/254/250 352/356/350 351/355/349 251/253/249
f 253/255/251 353/357/351 352/356/350 252/254/250
f 254/257/252 354/359/352 353/358/351 253/256/251
f 255/258/253 355/360/353 354/359/352 254/257/252
f 256/259/254 356/361/354 355/360/353 255/258/253
f 257/260/255 357/362/355 356/361/354 256/259/254
f 258/261/256 358/363/356 357/362/355 257/260/255
f 259/262/257 359/364/357 358/363/356 258/261/256
f 260/263/258 360/365/358 359/364/357 259/262/257
f 261/264/259 361/366/359 360/365/358 260/263/258
f 262/265/260 362/367/360 361/366/359 261/264/259
f 263/266/261 363/368/361 362/367/360 262/265/260
f 264/267/262 364/369/362 363/368/361 263/266/261
f 265/268/263 365/370/363 364/369/362 264/267/262
f 266/269/264 366/371/364 365/370/363 265/268/263
f 267/270/265 367/372/365 366/371/364 266/269/264
f 268/271/266 368/373/366 367/372/365 267/270/265
f 269/272/267 369/374/367 368/373/366 268/271/266
f 270/273/268 370/375/368 369/374/367 269/272/267
f 271/274/269 371/376/369 370/375/368 270/273/268
f 272/275/270 372/377/370 371/376/369 271/274/269
f 273/276/271 373/378/371 372/377/370 272/275/270
f 274/277/272 374/379/372 373/378/371 273/276/271
f 275/278/273 375/380/373 374/379/372 274/277/272
f 276/279/274 376/381/374 375/380/373 275/278/273
f 277/280/275 377/382/375 376/381/374 276/279/274
f 278/281/276 378/383/376 377/382/375 277/280/275
f 279/282/277 379/384/377 378/383/376 278/281/276
f 280/283/278 380/385/378 379/384/377 279/282/277
f 281/284/279 381/386/379 380/385/378 280/283/278
f 282/285/280 382/387/380 381/386/379 281/284/279
f 283/286/281 383/388/381 382/387/380 282/285/280
f 284/287/282 384/389/382 383/388/381 283/286/281
f 285/288/283 385/390/383 384/389/382 284/287/282
f 286/289/284 386/391/384 385/390/383 285/288/283
f 287/290/285 387/392/385 386/391/384 286/289/284
f 288/291/286 388/393/386 387/392/385 287/290/285
f 289/292/287 389/394/387 388/393/386 288/291/286
f 290/293/288 390/395/388 389/394/387 289/292/287
f 291/294/289 391/396/389 390/395/388 290/293/288
f 292/295/290 392/397/390 391/396/389 291/294/289
f 293/296/291 393/398/391 392/397/390 292/295/290
f 294/297/292 394/399/392 393/398/391 293/296/291
f 295/298/293 395/400/393 394/399/392 294/297/292
f 296/299/294 396/401/394 395/400/393 295/298/293
f 297/300/295 397/402/395 396/401/394 296/299/294
f 298/301/296 398/403/396 397/402/395 297/300/295
f 299/302/297 399/404/397 398/403/396 298/301/296
f 300/303/298 400/405/398 399/404/397 299/302/297
f 301/304/299 401/406/399 400/405/398 300/303/298
f 302/305/300 402/407/400 401/406/399 301/304/299
f 203/306/201 303/408/301 402/407/400 302/305/300
f 304/308/302 404/410/402 403/409/401 303/307/301
f 305/309/303 405/411/403 404/410/402 304/308/302
f 306/310/304 406/412/404 405/411/403 305/309/303
f 307/311/305 407/413/405 406/412/404 306/310/304
f 308/312/306 408/414/406 407/413/405 307/311/305
f 309/313/307 409/415/407 408/414/406 308/312/306
f 310/314/308 410/416/408 409/415/407 309/313/307
f 311/315/309 411/417/409 410/416/408 310/314/308
f 312/316/310 412/418/410 411/417/409 311/315/309
f 313/317/311 413/419/411 412/418/410 312/316/310
f 314/318/312 414/420/412 413/419/411 313/317/311
f 315/319/313 415/421/413 414/420/412 314/318/312
f 316/320/314 416/422/414 415/421/413 315/319/313
f 317/321/315 417/423/415 416/422/414 316/320/314
f 318/322/316 418/424/416 417/423/415 317/321/315
f 319/323/317 419/425/417 418/424/416 318/322/316
f 320/324/318 420/426/418 419/425/417 319/323/317
f 321/325/319 421/427/419 420/426/418 320/324/318
f 322/326/320 422/428/420 421/427/419 321/325/319
f 323/327/321 423/429/421 422/428/420 322/326/320
f 324/328/322 424/430/422 423/429/421 323/327/321
f 325/329/323 425/431/423 424/430/422 324/328/322
f 326/330/324 426/432/424 425/431/423 325/329/323
f 327/331/325 427/433/425 426/432/424 326/330/324
f 328/332/326 428/434/426 427/433/425 327/331/325
f 329/333/327 429/435/427 428/434/426 328/332/326
f 330/334/328 430/436/428 429/435/427 329/333/327
f 331/335/329 431/437/429 430/436/428 330/334/328
f 332/336/330 432/438/430 431/437/429 331/335/329
f 333/337/331 433/439/431 432/438/430 332/336/330
f 334/338/332 434/440/432 433/439/431 333/337/331
f 335/339/333 435/441/433 434/440/432 334/338/332
f 336/340/334 436/442/434 435/441/433 335/339/333
f 337/341/335 437/443/435 436/442/434 336/340/334
f 338/342/336 438/444/436 437/443/435 337/341/335
f 339/343/337 439/445/437 438/444/436 338/342/336
f 340/344/338 440/446/438 439/445/437 339/343/337
f 341/345/339 441/447/439 440/446/438 340/344/338
f 342/346/340 442/448/440 441/447/439 341/345/339
f 343/347/341 443/449/441 442/448/440 342/346/340
f 344/348/342 444/450/442 443/449/441 343/347/341
f 345/349/343 445/451/443 444/450/442 344/348/342
f 346/350/344 446/452/444 445/451/443 345/349/343
f 347/351/345 447/453/445 446/452/444 346/350/344
f 348/352/346 448/454/446 447/453/445 347/351/345
f 349/353/347 449/455/447 448/454/446 348/352/346
f 350/354/348 450/456/448 449/455/447 349/353/347
f 351/355/349 451/457/449 450/456/448 350/354/348
f 352/356/350 452/458/450 451/457/449 351/355/349
f 353/357/351 453/459/451 452/458/450 352/356/350
f 354/359/352 454/461/452 453/460/451 353/358/351
f 355/360/353 455/462/453 454/461/452 354/359/352
f 356/361/354 456/463/454 455/462/453 355/360/353
f 357/362/355 457/464/455 456/463/454 356/361/354
f 358/363/356 458/465/456 457/464/455 357/362/355
f 359/364/357 459/466/457 458/465/456 358/363/356
f 360/365/358 460/467/458 459/466/457 359/364/357
f 361/366/359 461/468/459 460/467/458 360/365/358
f 362/367/360 462/469/460 461/468/459 361/366/359
f 363/368/361 463/470/461 462/469/460 362/367/360
f 364/369/362 464/471/462 463/470/461 363/368/361
f 365/370/363 465/472/463 464/471/462 364/369/362
f 366/371/364 466/473/464 465/472/463 365/370/363
f 367/372/365 467/474/465 466/473/464 366/371/364
f 368/373/366 468/475/466 467/474/465 367/372/365
f 369/374/367 469/476/467 468/475/466 368/373/366
f 370/375/368 470/477/468 469/476/467 369/374/367
f 371/376/369 471/478/469 470/477/468 370/375/368
f 372/377/370 472/479/470 471/478/469 371/376/369
f 373/378/371 473/480/471 472/479/470 372/377/370
f 374/379/372 474/481/472 473/480/471 373/378/371
f 375/380/373 475/482/473 474/481/472 374/379/372
f 376/381/374 476/483/474 475/482/473 375/380/373
f 377/382/375 477/484/475 476/483/474 376/381/374
f 378/383/376 478/485/476 477/484/475 377/382/375
f 379/384/377 479/486/477 478/485/476 378/383/376
f 380/385/378 480/487/478 479/486/477 379/384/377
f 381/386/379 481/488/479 480/487/478 380/385/378
f 382/387/380 482/489/480 481/488/479 381/386/379
f 383/388/381 483/490/481 482/489/480 382/387/380
f 384/389/382 484/491/482 483/490/481 383/388/381
f 385/390/383 485/492/483 484/491/482 384/389/382
f 386/391/384 486/493/484 485/492/483 385/390/383
f 387/392/385 487/494/485 486/493/484 386/391/384
f 388/393/386 488/495/486 487/494/485 387/392/385
f 389/394/387 489/496/487 488/495/486 388/393/386
f 390/395/388 490/497/488 489/496/487 389/394/387
f 391/396/389 491/498/489 490/497/488 390/395/388
f 392/397/390 492/499/490 491/498/489 391/396/389
f 393/398/391 493/500/491 492/499/490 392/397/390
f 394/399/392 494/501/492 493/500/491 393/398/391
f 395/400/393 495/502/493 494/501/492 394/399/392
f 396/401/394 496/503/494 495/502/493 395/400/393
f 397/402/395 497/504/495 496/503/494 396/401/394
f 398/403/396 498/505/496 497/504/495 397/402/395
f 399/404/397 499/506/497 498/505/496 398/403/396
f 400/405/398 500/507/498 499/506/497 399/404/397
f 401/406/399 501/508/499 500/507/498 400/405/398
f 402/407/400 502/509/500 501/508/499 401/406/399
f 303/408/301 403/510/401 502/509/500 402/407/400
f 404/410/402 504/512/502 503/511/501 403/409/401
f 405/411/403 505/513/503 504/512/502 404/410/402
f 406/412/404 506/514/504 505/513/503 405/411/403
f 407/413/405 507/515/505 506/514/504 406/412/404
f 408/414/406 508/516/506 507/515/505 407/413/405
f 409/415/407 509/517/507 508/516/506 408/414/406
f 410/416/408 510/518/508 509/517/507 409/415/407
f 411/417/409 511/519/509 510/518/508 410/416/408
f 412/418/410 512/520/510 511/519/509 411/417/409
f 413/419/411 513/521/511 512/520/510 412/418/410
f 414/420/412 514/522/512 513/521/511 413/419/411
f 415/421/413 515/523/513 514/522/512 414/420/412
f 416/422/414 516/524/514 515/523/513 415/421/413
f 417/423/415 517/525/515 516/524/514 416/422/414
f 418/424/416 518/526/516 517/525/515 417/423/415
f 419/425/417 519/527/517 518/526/516 418/424/416
f 420/426/418 520/528/518 519/527/517 419/425/417
f 421/427/419 521/529/519 520/528/518 420/426/418
f 422/428/420 522/530/520 521/529/519 421/427/419
f 423/429/421 523/531/521 522/530/520 422/428/420
f 424/430/422 524/532/522 523/531/521 423/429/421
f 425/431/423 525/533/523 524/532/522 424/430/422
f 426/432/424 526/534/524 525/533/523 425/431/423
f 427/433/425 527/535/525 526/534/524 426/432/424
f 428/434/426 528/536/526 527/535/525 427/433/425
f 429/435/427 529/537/527 528/536/526 428/434/426
f 430/436/428 530/538/528 529/537/527 429/435/427
f 431/437/429 531/539/529 530/538/528 430/436/428
f 432/438/430 532/540/530 531/539/529 431/437/429
f 433/439/431 533/541/531 532/540/530 432/438/430
f 434/440/432 534/542/532 533/541/531 433/439/431
f 435/441/433 535/543/533 534/542/532 434/440/432
f 436/442/434 536/544/534 535/543/533 435/441/433
f 437/443/435 537/545/535 536/544/534 436/442/434
f 438/444/436 538/546/536 537/545/535 437/443/435
f 439/445/437 539/547/537 538/546/536 438/444/436
f 440/446/438 540/548/538 539/547/537 439/445/437
f 441/447/439 541/549/539 540/548/538 440/446/438
f 442/448/440 542/550/540 541/549/539 441/447/439
f 443/449/441 543/551/541 542/550/540 442/448/440
f 444/450/442 544/552/542 543/551/541 443/449/441
f 445/451/443 545/553/543 544/552/542 444/450/442
f 446/452/444 546/554/544 545/553/543 445/451/443
f 447/453/445 547/555/545 546/554/544 446/452/444
f 448/454/446 548/556/546 547/555/545 447/453/445
f 449/455/447 549/557/547 548/556/546 448/454/446
f 450/456/448 550/558/548 549/557/547 449/455/447
f 451/457/449 551/559/549 550/558/548 450/456/448
f 452/458/450 552/560/550 551/559/549 451/457/449
f 453/459/451 553/561/551 552/560/550 452/458/450
f 454/461/452 554/563/552 553/562/551 453/460/451
f 455/462/453 555/564/553 554/563/552 454/461/452
f 456/463/454 556/565/554 555/564/553 455/462/453
f 457/464/455 557/566/555 556/565/554 456/463/454
f 458/465/456 558/567/556 557/566/555 457/464/455
f 459/466/457 559/568/557 558/567/556 458/465/456
f 460/467/458 560/569/558 559/568/557 459/466/457
f 461/468/459 561/570/559 560/569/558 460/467/458
f 462/469/460 562/571/560 561/570/559 461/468/459
f 463/470/461 563/572/561 562/571/560 462/469/460
f 464/471/462 564/573/562 563/572/561 463/470/461
f 465/472/463 565/574/563 564/573/562 464/471/462
f 466/473/464 566/575/564 565/574/563 465/472/463
f 467/474/465 567/576/565 566/575/564 466/473/464
f 468/475/466 568/577/566 567/576/565 467/474/465
f 469/476/467 569/578/567 568/577/566 468/475/466
f 470/477/468 570/579/568 569/578/567 469/476/467
f 471/478/469 571/580/569 570/579/568 470/477/468
f 472/479/470 572/581/570 571/580/569 471/478/469
f 473/480/471 573/582/571 572/581/570 472/479/470
f 474/481/472 574/583/572 573/582/571 473/480/471
f 475/482/473 575/584/573 574/583/572 474/481/472
f 476/483/474 576/585/574 575/584/573 475/482/473
f 477/484/475 577/586/575 576/585/574 476/483/474
f 478/485/476 578/587/576 577/586/575 477/484/475
f 479/486/477 579/588/577 578/587/576 478/485/476
f 480/487/478 580/589/578 579/588/577 479/486/477
f 481/488/479 581/590/579 580/589/578 480/487/478
f 482/489/480 582/591/580 581/590/579 481/488/479
f 483/490/481 583/592/581 582/591/580 482/489/480
f 484/491/482 584/593/582 583/592/581 483/490/481
f 485/492/483 585/594/583 584/593/582 484/491/482
f 486/493/484 586/595/584 585/594/583 485/492/483
f 487/494/485 587/596/585 586/595/584 486/493/484
f 488/495/486 588/597/586 587/596/585 487/494/485
f 489/496/487 589/598/587 588/597/586 488/495/486
f 490/497/488 590/599/588 589/598/587 489/496/487
f 491/498/489 591/600/589 590/599/588 490/497/488
f 492/499/490 592/601/590 591/600/589 491/498/489
f 493/500/491 593/602/591 592/601/590 492/499/490
f 494/501/492 594/603/592 593/602/591 493/500/491
f 495/502/493 595/604/593 594/603/592 494/501/492
f 496/503/494 596/605/594 595/604/593 495/502/493
f 497/504/495 597/606/595 596/605/594 496/503/494
f 498/505/496 598/607/596 597/606/595 497/504/495
f 499/506/497 599/608/597 598/607/596 498/505/496
f 500/507/498 600/609/598 599/608/597 499/506/497
f 501/508/499 601/610/599 600/609/598 500/507/498
f 502/509/500 602/611/600 601/610/599 501/508/499
f 403/510/401 503/612/501 602/611/600 502/509/500
f 504/512/502 604/614/602 603/613/601 503/511/501
f 505/513/503 605/615/603 604/614/602 504/512/502
f 506/514/504 606/616/604 605/615/603 505/513/503
f 507/515/505 607/617/605 606/616/604 506/514/504
f 508/516/506 608/618/606 607/617/605 507/515/505
f 509/517/507 609/619/607 608/618/606 508/516/506
f 510/518/508 610/620/608 609/619/607 509/517/507
f 511/519/509 611/621/609 610/620/608 510/518/508
f 512/520/510 612/622/610 611/621/609 511/519/509
f 513/521/511 613/623/611 612/622/610 512/520/510
f 514/522/512 614/624/612 613/623/611 513/521/511
f 515/523/513 615/625/613 614/624/612 514/522/512
f 516/524/514 616/626/614 615/625/613 515/523/513
f 517/525/515 617/627/615 616/626/614 516/524/514
f 518/526/516 618/628/616 617/627/615 517/525/515
f 519/527/517 619/629/617 618/628/616 518/526/516
f 520/528/518 620/630/618 619/629/617 519/527/517
f 521/529/519 621/631/619 620/630/618 520/528/518
f 522/530/520 622/632/620 621/631/619 521/529/519
f 523/531/521 623/633/621 622/632/620 522/530/520
f 524/532/522 624/634/622 623/633/621 523/531/521
f 525/533/523 625/635/623 624/634/622 524/532/522
f 526/534/524 626/636/624 625/635/623 525/533/523
f 527/535/525 627/637/625 626/636/624 526/534/524
f 528/536/526 628/638/626 627/637/625 527/535/525
f 529/537/527 629/639/627 628/638/626 528/536/526
f 530/538/528 630/640/628 629/639/627 529/537/527
f 531/539/529 631/641/629 630/640/628 530/538/528
f 532/540/530 632/642/630 631/641/629 531/539/529
f 533/541/531 633/643/631 632/642/630 532/540/530
f 534/542/532 634/644/632 633/643/631 533/541/531
f 535/543/533 635/645/633 634/644/632 534/542/532
f 536/544/534 636/646/634 635/645/633 535/543/533
f 537/545/535 637/647/635 636/646/634 536/544/534
f 538/546/536 638/648/636 637/647/635 537/545/535
f 539/547/537 639/649/637 638/648/636 538/546/536
f 540/548/538 640/650/638 639/649/637 539/547/537
f 541/549/539 641/651/639 640/650/638 540/548/538
f 542/550/540 642/652/640 641/651/639 541/549/539
f 543/551/541 643/653/641 642/652/640 542/550/540
f 544/552/542 644/654/642 643/653/641 543/551/541
f 545/553/543 645/655/643 644/654/642 544/552/542
f 546/554/544 646/656/644 645/655/643 545/553/543
f 547/555/545 647/657/645 646/656/644 546/554/544
f 548/556/546 648/658/646 647/657/645 547/555/545
f 549/557/547 649/659/647 648/658/646 548/556/546
f 550/558/548 650/660/648 649/659/647 549/557/547
f 551/559/549 651/661/649 650/660/648 550/558/548
f 552/560/550 652/662/650 651/661/649 551/559/549
f 553/561/551 653/663/651 652/662/650 552/560/550
f 554/563/552 654/665/652 653/664/651 553/562/551
f 555/564/553 655/666/653 654/665/652 554/563/552
f 556/565/554 656/667/654 655/666/653 555/564/553
f 557/566/555 657/668/655 656/667/654 556/565/554
f 558/567/556 658/669/656 657/668/655 557/566/555
f 559/568/557 659/670/657 658/669/656 558/567/556
f 560/569/558 660/671/658 659/670/657 559/568/557
f 561/570/559 661/672/659 660/671/658 560/569/558
f 562/571/560 662/673/660 661/672/659 561/570/559
f 563/572/561 663/674/661 662/673/660 562/571/560
f 564/573/562 664/675/662 663/674/661 563/572/561
f 565/574/563 665/676/663 664/675/662 564/573/562
f 566/575/564 666/677/664 665/676/663 565/574/563
f 567/576/565 667/678/665 666/677/664 566/575/564
f 568/577/566 668/679/666 667/678/665 567/576/565
f 569/578/567 669/680/667 668/679/666 568/577/566
f 570/579/568 670/681/668 669/680/667 569/578/567
f 571/580/569 671/682/669 670/681/668 570/579/568
f 572/581/570 672/683/670 671/682/669 571/580/569
f 573/582/571 673/684/671 672/683/670 572/581/570
f 574/583/572 674/685/672 673/684/671 573/582/571
f 575/584/573 675/686/673 674/685/672 574/583/572
f 576/585/574 676/687/674 675/686/673 575/584/573
f 577/586/575 677/688/675 676/687/674 576/585/574
f 578/587/576 678/689/676 677/688/675 577/586/575
f 579/588/577 679/690/677 678/689/676 578/587/576
f 580/589/578 680/691/678 679/690/677 579/588/577
f 581/590/579 681/692/679 680/691/678 580/589/578
f 582/591/580 682/693/680 681/692/679 581/590/579
f 583/592/581 683/694/681 682/693/680 582/591/580
f 584/593/582 684/695/682 683/694/681 583/592/581
f 585/594/583 685/696/683 684/695/682 584/593/582
f 586/595/584 686/697/684 685/696/683 585/594/583
f 587/596/585 687/698/685 686/697/684 586/595/584
f 588/597/586 688/699/686 687/698/685 587/596/585
f 589/598/587 689/700/687 688/699/686 588/597/586
f 590/599/588 690/701/688 689/700/687 589/598/587
f 591/600/589 691/702/689 690/701/688 590/599/588
f 592/601/590 692/703/690 691/702/689 591/600/589
f 593/602/591 693/704/691 692/703/690 592/601/590
f 594/603/592 694/705/692 693/704/691 593/602/591
f 595/604/593 695/706/693 694/705/692 594/603/592
f 596/605/594 696/707/694 695/706/693 595/604/593
f 597/606/595 697/708/695 696/707/694 596/605/594
f 598/607/596 698/709/696 697/708/695 597/606/595
f 599/608/597 699/710/697 698/709/696 598/607/596
f 600/609/598 700/711/698 699/710/697 599/608/597
f 601/610/599 701/712/699 700/711/698 600/609/598
f 602/611/600 702/713/700 701/712/699 601/610/599
f 503/612/501 603/714/601 702/713/700 602/611/600
f 604/614/602 704/716/702 703/715/701 603/613/601
f 605/615/603 705/717/703 704/716/702 604/614/602
f 606/616/604 706/718/704 705/717/703 605/615/603
f 607/617/605 707/719/705 706/718/704 606/616/604
f 608/618/606 708/720/706 707/719/705 607/617/605
f 609/619/607 709/721/707 708/720/706 608/618/606
f 610/620/608 710/722/708 709/721/707 609/619/607
f 611/621/609 711/723/709 710/722/708 610/620/608
f 612/622/610 712/724/710 711/723/709 611/621/609
f 613/623/611 713/725/711 712/724/710 612/622/610
f 614/624/612 714/726/712 713/725/711 613/623/611
f 615/625/613 715/727/713 714/726/712 614/624/612
f 616/626/614 716/728/714 715/727/713 615/625/613
f 617/627/615 717/729/715 716/728/714 616/626/614
f 618/628/616 718/730/716 717/729/715 617/627/615
f 619/629/617 719/731/717 718/730/716 618/628/616
f 620/630/618 720/732/718 719/731/717 619/629/617
f 621/631/619 721/733/719 720/732/718 620/630/618
f 622/632/620 722/734/720 721/733/719 621/631/619
f 623/633/621 723/735/721 722/734/720 622/632/620
f 624/634/622 724/736/722 723/735/721 623/633/621
f 625/635/623 725/737/723 724/736/722 624/634/622
f 626/636/624 726/738/724 725/737/723 625/635/623
f 627/637/625 727/739/725 726/738/724 626/636/624
f 628/638/626 728/740/726 727/739/725 627/637/625
f 629/639/627 729/741/727 728/740/726 628/638/626
f 630/640/628 730/742/728 729/741/727 629/639/627
f 631/641/629 731/743/729 730/742/728 630/640/628
f 632/642/630 732/744/730 731/743/729 631/641/629
f 633/643/631 733/745/731 732/744/730 632/642/630
f 634/644/632 734/746/732 733/745/731 633/643/631
f 635/645/633 735/747/733 734/746/732 634/644/632
f 636/646/634 736/748/734 735/747/733 635/645/633
f 637/647/635 737/749/735 736/748/734 636/646/634
f 638/648/636 738/750/736 737/749/735 637/647/635
f 639/649/637 739/751/737 738/750/736 638/648/636
f 640/650/638 740/752/738 739/751/737 639/649/637
f 641/651/639 741/753/739 740/752/738 640/650/638
f 642/652/640 742/754/740 741/753/739 641/651/639
f 643/653/641 743/755/741 742/754/740 642/652/640
f 644/654/642 744/756/742 743/755/741 643/653/641
f 645/655/643 745/757/743 744/756/742 644/654/642
f 646/656/644 746/758/744 745/757/743 645/655/643
f 647/657/645 747/759/745 746/758/744 646/656/644
f 648/658/646 748/760/746 747/759/745 647/657/645
f 649/659/647 749/761/747 748/760/746 648/658/646
f 650/660/648 750/762/748 749/761/747 649/659/647
f 651/661/649 751/763/749 750/762/748 650/660/648
f 652/662/650 752/764/750 751/763/749 651/661/649
f 653/663/651 753/765/751 752/764/750 652/662/650
f 654/665/652 754/767/752 753/766/751 653/664/651
f 655/666/653 755/768/753 754/767/752 654/665/652
f 656/667/654 756/769/754 755/768/753 655/666/653
f 657/668/655 757/770/755 756/769/754 656/667/654
f 658/669/656 758/771/756 757/770/755 657/668/655
f 659/670/657 759/772/757 758/771/756 658/669/656
f 660/671/658 760/773/758 759/772/757 659/670/657
f 661/672/659 761/774/759 760/773/758 660/671/658
f 662/673/660 762/775/760 761/774/759 661/672/659
f 663/674/661 763/776/761 762/775/760 662/673/660
f 664/675/662 764/777/762 763/776/761 663/674/661
f 665/676/663 765/778/763 764/777/762 664/675/662
f 666/677/664 766/779/764 765/778/763 665/676/663
f 667/678/665 767/780/765 766/779/764 666/677/664
f 668/679/666 768/781/766 767/780/765 667/678/665
f 669/680/667 769/782/767 768/781/766 668/679/666
f 670/681/668 770/783/768 769/782/767 669/680/667
f 671/682/669 771/784/769 770/783/768 670/681/668
f 672/683/670 772/785/770 771/784/769 671/682/669
f 673/684/671 773/786/771 772/785/770 672/683/670
f 674/685/672 774/787/772 773/786/771 673/684/671
f 675/686/673 775/788/773 774/787/772 674/685/672
f 676/687/674 776/789/774 775/788/773 675/686/673
f 677/688/675 777/790/775 776/789/774 676/687/674
f 678/689/676 778/791/776 777/790/775 677/688/675
f 679/690/677 779/792/777 778/791/776 678/689/676
f 680/691/678 780/793/778 779/792/777 679/690/677
f 681/692/679 781/794/779 780/793/778 680/691/678
f 682/693/680 782/795/780 781/794/779 681/692/679
f 683/694/681 783/796/781 782/795/780 682/693/680
f 684/695/682 784/797/782 783/796/781 683/694/681
f 685/696/683 785/798/783 784/797/782 684/695/682
f 686/697/684 786/799/784 785/798/783 685/696/683
f 687/698/685 787/800/785 786/799/784 686/697/684
f 688/699/686 788/801/786 787/800/785 687/698/685
f 689/700/687 789/802/787 788/801/786 688/699/686
f 690/701/688 790/803/788 789/802/787 689/700/687
f 691/702/689 791/804/789 790/803/788 690/701/688
f 692/703/690 792/805/790 791/804/789 691/702/689
f 693/704/691 793/806/791 792/805/790 692/703/690
f 694/705/692 794/807/792 793/806/791 693/704/691
f 695/706/693 795/808/793 794/807/792 694/705/692
f 696/707/694 796/809/794 795/808/793 695/706/693
f 697/708/695 797/810/795 796/809/794 696/707/694
f 698/709/696 798/811/796 797/810/795 697/708/695
f 699/710/697 799/812/797 798/811/796 698/709/696
f 700/711/698 800/813/798 799/812/797 699/710/697
f 701/712/699 801/814/799 800/813/798 700/711/698
f 702/713/700 802/815/800 801/814/799 701/712/699
f 603/714/601 703/816/701 802/815/800 702/713/700
f 704/716/702 804/818/802 803/817/801 703/715/701
f 705/717/703 805/819/803 804/818/802 704/716/702
f 706/718/704 806/820/804 805/819/803 705/717/703
f 707/719/705 807/821/805 806/820/804 706/718/704
f 708/720/706 808/822/806 807/821/805 707/719/705
f 709/721/707 809/823/807 808/822/806 708/720/706
f 710/722/708 810/824/808 809/823/807 709/721/707
f 711/723/709 811/825/809 810/824/808 710/722/708
f 712/724/710 812/826/810 811/825/809 711/723/709
f 713/725/711 813/827/811 812/826/810 712/724/710
f 714/726/712 814/828/812 813/827/811 713/725/711
f 715/727/713 815/829/813 814/828/812 714/726/712
f 716/728/714 816/830/814 815/829/813 715/727/713
f 717/729/715 817/831/815 816/830/814 716/728/714
f 718/730/716 818/832/816 817/831/815 717/729/715
f 719/731/717 819/833/817 818/832/816 718/730/716
f 720/732/718 820/834/818 819/833/817 719/731/717
f 721/733/719 821/835/819 820/834/818 720/732/718
f 722/734/720 822/836/820 821/835/819 721/733/719
f 723/735/721 823/837/821 822/836/820 722/734/720
f 724/736/722 824/838/822 823/837/821 723/735/721
f 725/737/723 825/839/823 824/838/822 724/736/722
f 726/738/724 826/840/824 825/839/823 725/737/723
f 727/739/725 827/841/825 826/840/824 726/738/724
f 728/740/726 828/842/826 827/841/825 727/739/725
f 729/741/727 829/843/827 828/842/826 728/740/726
f 730/742/728 830/844/828 829/843/827 729/741/727
f 731/743/729 831/845/829 830/844/828 730/742/728
f 732/744/730 832/846/830 831/845/829 731/743/729
f 733/745/731 833/847/831 832/846/830 732/744/730
f 734/746/732 834/848/832 833/847/831 733/745/731
f 735/747/733 835/849/833 834/848/832 734/746/732
f 736/748/734 836/850/834 835/849/833 735/747/733
f 737/749/735 837/851/835 836/850/834 736/748/734
f 738/750/736 838/852/836 837/851/835 737/749/735
f 739/751/737 839/853/837 838/852/836 738/750/736
f 740/752/738 840/854/838 839/853/837 739/751/737
f 741/753/739 841/855/839 840/854/838 740/752/738
f 742/754/740 842/856/840 841/855/839 741/753/739
f 743/755/741 843/857/841 842/856/840 742/754/740
f 744/756/742 844/858/842 843/857/841 743/755/741
f 745/757/743 845/859/843 844/858/842 744/756/742
f 746/758/744 846/860/844 845/859/843 745/757/743
f 747/759/745 847/861/845 846/860/844 746/758/744
f 748/760/746 848/862/846 847/861/845 747/759/745
f 749/761/747 849/863/847 848/862/846 748/760/746
f 750/762/748 850/864/848 849/863/847 749/761/747
f 751/763/749 851/865/849 850/864/848 750/762/748
f 752/764/750 852/866/850 851/865/849 751/763/749
f 753/765/751 853/867/851 852/866/850 752/764/750
f 754/767/752 854/869/852 853/868/851 753/766/751
f 755/768/753 855/870/853 854/869/852 754/767/752
f 756/769/754 856/871/854 855/870/853 755/768/753
f 757/770/755 857/872/855 856/871/854 756/769/754
f 758/771/756 858/873/856 857/872/855 757/770/755
f 759/772/757 859/874/857 858/873/856 758/771/756
f 760/773/758 860/875/858 859/874/857 759/772/757
f 761/774/759 861/876/859 860/875/858 760/773/758
f 762/775/760 862/877/860 861/876/859 761/774/759
f 763/776/761 863/878/861 862/877/860 762/775/760
f 764/777/762 864/879/862 863/878/861 763/776/761
f 765/778/763 865/880/863 864/879/862 764/777/762
f 766/779/764 866/881/864 865/880/863 765/778/763
f 767/780/765 867/882/865 866/881/864 766/779/764
f 768/781/766 868/883/866 867/882/865 767/780/765
f 769/782/767 869/884/867 868/883/866 768/781/766
f 770/783/768 870/885/868 869/884/867 769/782/767
f 771/784/769 871/886/869 870/885/868 770/783/768
f 772/785/770 872/887/870 871/886/869 771/784/769
f 773/786/771 873/888/871 872/887/870 772/785/770
f 774/787/772 874/889/872 873/888/871 773/786/771
f 775/788/773 875/890/873 874/889/872 774/787/772
f 776/789/774 876/891/874 875/890/873 775/788/773
f 777/790/775 877/892/875 876/891/874 776/789/774
f 778/791/776 878/893/876 877/892/875 777/790/775
f 779/792/777 879/894/877 878/893/876 778/791/776
f 780/793/778 880/895/878 879/894/877 779/792/777
f 781/794/779 881/896/879 880/895/878 780/793/778
f 782/795/780 882/897/880 881/896/879 781/794/779
f 783/796/781 883/898/881 882/897/880 782/795/780
f 784/797/782 884/899/882 883/898/881 783/796/781
f 785/798/783 885/900/883 884/899/882 784/797/782
f 786/799/784 886/901/884 885/900/883 785/798/783
f 787/800/785 887/902/885 886/901/884 786/799/784
f 788/801/786 888/903/886 887/902/885 787/800/785
f 789/802/787 889/904/887 888/903/886 788/801/786
f 790/803/788 890/905/888 889/904/887 789/802/787
f 791/804/789 891/906/889 890/905/888 790/803/788
f 792/805/790 892/907/890 891/906/889 791/804/789
f 793/806/791 893/908/891 892/907/890 792/805/790
f 794/807/792 894/909/892 893/908/891 793/806/791
f 795/808/793 895/910/893 894/909/892 794/807/792
f 796/809/794 896/911/894 895/910/893 795/808/793
f 797/810/795 897/912/895 896/911/894 796/809/794
f 798/811/796 898/913/896 897/912/895 797/810/795
f 799/812/797 899/914/897 898/913/896 798/811/796
f 800/813/798 900/915/898 899/914/897 799/812/797
f 801/814/799 901/916/899 900/915/898 800/813/798
f 802/815/800 902/917/900 901/916/899 801/814/799
f 703/816/701 803/918/801 902/917/900 802/815/800
f 804/818/802 904/920/902 903/919/901 803/817/801
f 805/819/803 905/921/903 904/920/902 804/818/802
f 806/820/804 906/922/904 905/921/903 805/819/803
f 807/821/805 907/923/905 906/922/904 806/820/804
f 808/822/806 908/924/906 907/923/905 807/821/805
f 809/823/807 909/925/907 908/924/906 808/822/806
f 810/824/808 910/926/908 909/925/907 809/823/807
f 811/825/809 911/927/909 910/926/908 810/824/808
f 812/826/810 912/928/910 911/927/909 811/825/809
f 813/827/811 913/929/911 912/928/910 812/826/810
f 814/828/812 914/930/912 913/929/911 813/827/811
f 815/829/813 915/931/913 914/930/912 814/828/812
f 816/830/814 916/932/914 915/931/913 815/829/813
f 817/831/815 917/933/915 916/932/914 816/830/814
f 818/832/816 918/934/916 917/933/915 817/831/815
f 819/833/817 919/935/917 918/934/916 818/832/816
f 820/834/818 920/936/918 919/935/917 819/833/817
f 821/835/819 921/937/919 920/936/918 820/834/818
f 822/836/820 922/938/920 921/937/919 821/835/819
f 823/837/821 923/939/921 922/938/920 822/836/820
f 824/838/822 924/940/922 923/939/921 823/837/821
f 825/839/823 925/941/923 924/940/922 824/838/822
f 826/840/824 926/942/924 925/941/923 825/839/823
f 827/841/825 927/943/925 926/942/924 826/840/824
f 828/842/826 928/944/926 927/943/925 827/841/825
f 829/843/827 929/945/927 928/944/926 828/842/826
f 830/844/828 930/946/928 929/945/927 829/843/827
f 831/845/829 931/947/929 930/946/928 830/844/828
f 832/846/830 932/948/930 931/947/929 831/845/829
f 833/847/831 933/949/931 932/948/930 832/846/830
f 834/848/832 934/950/932 933/949/931 833/847/831
f 835/849/833 935/951/933 934/950/932 834/848/832
f 836/850/834 936/952/934 935/951/933 835/849/833
f 837/851/835 937/953/935 936/952/934 836/850/834
f 838/852/836 938/954/936 937/953/935 837/851/835
f 839/853/837 939/955/937 938/954/936 838/852/836
f 840/854/838 940/956/938 939/955/937 839/853/837
f 841/855/839 941/957/939 940/956/938 840/854/838
f 842/856/840 942/958/940 941/957/939 841/855/839
f 843/857/841 943/959/941 942/958/940 842/856/840
f 844/858/842 944/960/942 943/959/941 843/857/841
f 845/859/843 945/961/943 944/960/942 844/858/842
f 846/860/844 946/962/944 945/961/943 845/859/843
f 847/861/845 947/963/945 946/962/944 846/860/844
f 848/862/846 948/964/946 947/963/945 847/861/845
f 849/863/847 949/965/947 948/964/946 848/862/846
f 850/864/848 950/966/948 949/965/947 849/863/847
f 851/865/849 951/967/949 950/966/948 850/864/848
f 852/866/850 952/968/950 951/967/949 851/865/849
f 853/867/851 953/969/951 952/968/950 852/866/850
f 854/869/852 954/971/952 953/970/951 853/868/851
f 855/870/853 955/972/953 954/971/952 854/869/852
f 856/871/854 956/973/954 955/972/953 855/870/853
f 857/872/855 957/974/955 956/973/954 856/871/854
f 858/873/856 958/975/956 957/974/955 857/872/855
f 859/874/857 959/976/957 958/975/956 858/873/856
f 860/875/858 960/977/958 959/976/957 859/874/857
f 861/876/859 961/978/959 960/977/958 860/875/858
f 862/877/860 962/979/960 961/978/959 861/876/859
f 863/878/861 963/980/961 962/979/960 862/877/860
f 864/879/862 964/981/962 963/980/961 863/878/861
f 865/880/863 965/982/963 964/981/962 864/879/862
f 866/881/864 966/983/964 965/982/963 865/880/863
f 867/882/865 967/984/965 966/983/964 866/881/864
f 868/883/866 968/985/966 967/984/965 867/882/865
f 869/884/867 969/986/967 968/985/966 868/883/866
f 870/885/868 970/987/968 969/986/967 869/884/867
f 871/886/869 971/988/969 970/987/968 870/885/868
f 872/887/870 972/989/970 971/988/969 871/886/869
f 873/888/871 973/990/971 972/989/970 872/887/870
f 874/889/872 974/991/972 973/990/971 873/888/871
f 875/890/873 975/992/973 974/991/972 874/889/872
f 876/891/874 976/993/974 975/992/973 875/890/873
f 877/892/875 977/994/975 976/993/974 876/891/874
f 878/893/876 978/995/976 977/994/975 877/892/875
f 879/894/877 979/996/977 978/995/976 878/893/876
f 880/895/878 980/997/978 979/996/977 879/894/877
f 881/896/879 981/998/979 980/997/978 880/895/878
f 882/897/880 982/999/980 981/998/979 881/896/879
f 883/898/881 983/1000/981 982/999/980 882/897/880
f 884/899/882 984/1001/982 983/1000/981 883/898/881
f 885/900/883 985/1002/983 984/1001/982 884/899/882
f 886/901/884 986/1003/984 985/1002/983 885/900/883
f 887/902/885 987/1004/985 986/1003/984 886/901/884
f 888/903/886 988/1005/986 987/1004/985 887/902/885
f 889/904/887 989/1006/987 988/1005/986 888/903/886
f 890/905/888 990/1007/988 989/1006/987 889/904/887
f 891/906/889 991/1008/989 990/1007/988 890/905/888
f 892/907/890 992/1009/990 991/1008/989 891/906/889
f 893/908/891 993/1010/991 992/1009/990 892/907/890
f 894/909/892 994/1011/992 993/1010/991 893/908/891
f 895/910/893 995/1012/993 994/1011/992 894/909/892
f 896/911/894 996/1013/994 995/1012/993 895/910/893
f 897/912/895 997/1014/995 996/1013/994 896/911/894
f 898/913/896 998/1015/996 997/1014/995 897/912/895
f 899/914/897 999/1016/997 998/1015/996 898/913/896
f 900/915/898 1000/1017/998 999/1016/997 899/914/897
f 901/916/899 1001/1018/999 1000/1017/998 900/915/898
f 902/917/900 1002/1019/1000 1001/1018/999 901/916/899
f 803/918/801 903/1020/901 1002/1019/1000 902/917/900
f 904/920/902 1004/1022/1002 1003/1021/1001 903/919/901
f 905/921/903 1005/1023/1003 1004/1022/1002 904/920/902
f 906/922/904 1006/1024/1004 1005/1023/1003 905/921/903
f 907/923/905 1007/1025/1005 1006/1024/1004 906/922/904
f 908/924/906 1008/1026/1006 1007/1025/1005 907/923/905
f 909/925/907 1009/1027/1007 1008/1026/1006 908/924/906
f 910/926/908 1010/1028/1008 1009/1027/1007 909/925/907
f 911/927/909 1011/1029/1009 1010/1028/1008 910/926/908
f 912/928/910 1012/1030/1010 1011/1029/1009 911/927/909
f 913/929/911 1013/1031/1011 1012/1030/1010 912/928/910
f 914/930/912 1014/1032/1012 1013/1031/1011 913/929/911
f 915/931/913 1015/1033/1013 1014/1032/1012 914/930/912
f 916/932/914 1016/1034/1014 1015/1033/1013 915/931/913
f 917/933/915 1017/1035/1015 1016/1034/1014 916/932/914
f 918/934/916 1018/1036/1016 1017/1035/1015 917/933/915
f 919/935/917 1019/1037/1017 1018/1036/1016 918/934/916
f 920/936/918 1020/1038/1018 1019/1037/1017 919/935/917
f 921/937/919 1021/1039/1019 1020/1038/1018 920/936/918
f 922/938/920 1022/1040/1020 1021/1039/1019 921/937/919
f 923/939/921 1023/1041/1021 1022/1040/1020 922/938/920
f 924/940/922 1024/1042/1022 1023/1041/1021 923/939/921
f 925/941/923 1025/1043/1023 1024/1042/1022 924/940/922
f 926/942/924 1026/1044/1024 1025/1043/1023 925/941/923
f 927/943/925 1027/1045/1025 1026/1044/1024 926/942/924
f 928/944/926 1028/1046/1026 1027/1045/1025 927/943/925
f 929/945/927 1029/1047/1027 1028/1046/1026 928/944/926
f 930/946/928 1030/1048/1028 1029/1047/1027 929/945/927
f 931/947/929 1031/1049/1029 1030/1048/1028 930/946/928
f 932/948/930 1032/1050/1030 1031/1049/1029 931/947/929
f 933/949/931 1033/1051/1031 1032/1050/1030 932/948/930
f 934/950/932 1034/1052/1032 1033/1051/1031 933/949/931
f 935/951/933 1035/1053/1033 1034/1052/1032 934/950/932
f 936/952/934 1036/1054/1034 1035/1053/1033 935/951/933
f 937/953/935 1037/1055/1035 1036/1054/1034 936/952/934
f 938/954/936 1038/1056/1036 1037/1055/1035 937/953/935
f 939/955/937 1039/1057/1037 1038/1056/1036 938/954/936
f 940/956/938 1040/1058/1038 1039/1057/1037 939/955/937
f 941/957/939 1041/1059/1039 1040/1058/1038 940/956/938
f 942/958/940 1042/1060/1040 1041/1059/1039 941/957/939
f 943/959/941 1043/1061/1041 1042/1060/1040 942/958/940
f 944/960/942 1044/1062/1042 1043/1061/1041 943/959/941
f 945/961/943 1045/1063/1043 1044/1062/1042 944/960/942
f 946/962/944 1046/1064/1044 1045/1063/1043 945/961/943
f 947/963/945 1047/1065/1045 1046/1064/1044 946/962/944
f 948/964/946 1048/1066/1046 1047/1065/1045 947/963/945
f 949/965/947 1049/1067/1047 1048/1066/1046 948/964/946
f 950/966/948 1050/1068/1048 1049/1067/1047 949/965/947
f 951/967/949 1051/1069/1049 1050/1068/1048 950/966/948
f 952/968/950 1052/1070/1050 1051/1069/1049 951/967/949
f 953/969/951 1053/1071/1051 1052/1070/1050 952/968/950
f 954/971/952 1054/1073/1052 1053/1072/1051 953/970/951
f 955/972/953 1055/1074/1053 1054/1073/1052 954/971/952
f 956/973/954 1056/1075/1054 1055/1074/1053 955/972/953
f 957/974/955 1057/1076/1055 1056/1075/1054 956/973/954
f 958/975/956 1058/1077/1056 1057/1076/1055 957/974/955
f 959/976/957 1059/1078/1057 1058/1077/1056 958/975/956
f 960/977/958 1060/1079/1058 1059/1078/1057 959/976/957
f 961/978/959 1061/1080/1059 1060/1079/1058 960/977/958
f 962/979/960 1062/1081/1060 1061/1080/1059 961/978/959
f 963/980/961 1063/1082/1061 1062/1081/1060 962/979/960
f 964/981/962 1064/1083/1062 1063/1082/1061 963/980/961
f 965/982/963 1065/1084/1063 1064/1083/1062 964/981/962
f 966/983/964 1066/1085/1064 1065/1084/1063 965/982/963
f 967/984/965 1067/1086/1065 1066/1085/1064 966/983/964
f 968/985/966 1068/1087/1066 1067/1086/1065 967/984/965
f 969/986/967 1069/1088/1067 1068/1087/1066 968/985/966
f 970/987/968 1070/1089/1068 1069/1088/1067 969/986/967
f 971/988/969 1071/1090/1069 1070/1089/1068 970/987/968
f 972/989/970 1072/1091/1070 1071/1090/1069 971/988/969
f 973/990/971 1073/1092/1071 1072/1091/1070 972/989/970
f 974/991/972 1074/1093/1072 1073/1092/1071 973/990/971
f 975/992/973 1075/1094/1073 1074/1093/1072 974/991/972
f 976/993/974 1076/1095/1074 1075/1094/1073 975/992/973
f 977/994/975 1077/1096/1075 1076/1095/1074 976/993/974
f 978/995/976 1078/1097/1076 1077/1096/1075 977/994/975
f 979/996/977 1079/1098/1077 1078/1097/1076 978/995/976
f 980/997/978 1080/1099/1078 1079/1098/1077 979/996/977
f 981/998/979 1081/1100/1079 1080/1099/1078 980/997/978
f 982/999/980 1082/1101/1080 1081/1100/1079 981/998/979
f 983/1000/981 1083/1102/1081 1082/1101/1080 982/999/980
f 984/1001/982 1084/1103/1082 1083/1102/1081 983/1000/981
f 985/1002/983 1085/1104/1083 1084/1103/1082 984/1001/982
f 986/1003/984 1086/1105/1084 1085/1104/1083 985/1002/983
f 987/1004/985 1087/1106/1085 1086/1105/1084 986/1003/984
f 988/1005/986 1088/1107/1086 1087/1106/1085 987/1004/985
f 989/1006/987 1089/1108/1087 1088/1107/1086 988/1005/986
f 990/1007/988 1090/1109/1088 1089/1108/1087 989/1006/987
f 991/1008/989 1091/1110/1089 1090/1109/1088 990/1007/988
f 992/1009/990 1092/1111/1090 1091/1110/1089 991/1008/989
f 993/1010/991 1093/1112/1091 1092/1111/1090 992/1009/990
f 994/1011/992 1094/1113/1092 1093/1112/1091 993/1010/991
f 995/1012/993 1095/1114/1093 1094/1113/1092 994/1011/992
f 996/1013/994 1096/1115/1094 1095/1114/1093 995/1012/993
f 997/1014/995 1097/1116/1095 1096/1115/1094 996/1013/994
f 998/1015/996 1098/1117/1096 1097/1116/1095 997/1014/995
f 999/1016/997 1099/1118/1097 1098/1117/1096 998/1015/996
f 1000/1017/998 1100/1119/1098 1099/1118/1097 999/1016/997
f 1001/1018/999 1101/1120/1099 1100/1119/1098 1000/1017/998
f 1002/1019/1000 1102/1121/1100 1101/1120/1099 1001/1018/999
f 903/1020/901 1003/1122/1001 1102/1121/1100 1002/1019/1000
f 1004/1022/1002 1104/1124/1102 1103/1123/1101 1003/1021/1001
f 1005/1023/1003 1105/1125/1103 1104/1124/1102 1004/1022/1002
f 1006/1024/1004 1106/1126/1104 1105/1125/1103 1005/1023/1003
f 1007/1025/1005 1107/1127/1105 1106/1126/1104 1006/1024/1004
f 1008/1026/1006 1108/1128/1106 1107/1127/1105 1007/1025/1005
f 1009/1027/1007 1109/1129/1107 1108/1128/1106 1008/1026/1006
f 1010/1028/1008 1110/1130/1108 1109/1129/1107 1009/1027/1007
f 1011/1029/1009 1111/1131/1109 1110/1130/1108 1010/1028/1008
f 1012/1030/1010 1112/1132/1110 1111/1131/1109 1011/1029/1009
f 1013/1031/1011 1113/1133/1111 1112/1132/1110 1012/1030/1010
f 1014/1032/1012 1114/1134/1112 1113/1133/1111 1013/1031/1011
f 1015/1033/1013 1115/1135/1113 1114/1134/1112 1014/1032/1012
f 1016/1034/1014 1116/1136/1114 1115/1135/1113 1015/1033/1013
f 1017/1035/1015 1117/1137/1115 1116/1136/1114 1016/1034/1014
f 1018/1036/1016 1118/1138/1116 1117/1137/1115 1017/1035/1015
f 1019/1037/1017 1119/1139/1117 1118/1138/1116 1018/1036/1016
f 1020/1038/1018 1120/1140/1118 1119/1139/1117 1019/1037/1017
f 1021/1039/1019 1121/1141/1119 1120/1140/1118 1020/1038/1018
f 1022/1040/1020 1122/1142/1120 1121/1141/1119 1021/1039/1019
f 1023/1041/1021 1123/1143/1121 1122/1142/1120 1022/1040/1020
f 1024/1042/1022 1124/1144/1122 1123/1143/1121 1023/1041/1021
f 1025/1043/1023 1125/1145/1123 1124/1144/1122 1024/1042/1022
f 1026/1044/1024 1126/1146/1124 1125/1145/1123 1025/1043/1023
f 1027/1045/1025 1127/1147/1125 1126/1146/1124 1026/1044/1024
f 1028/1046/1026 1128/1148/1126 1127/1147/1125 1027/1045/1025
f 1029/1047/1027 1129/1149/1127 1128/1148/1126 1028/1046/1026
f 1030/1048/1028 1130/1150/1128 1129/1149/1127 1029/1047/1027
f 1031/1049/1029 1131/1151/1129 1130/1150/1128 1030/1048/1028
f 1032/1050/1030 1132/1152/1130 1131/1151/1129 1031/1049/1029
f 1033/1051/1031 1133/1153/1131 1132/1152/1130 1032/1050/1030
f 1034/1052/1032 1134/1154/1132 1133/1153/1131 1033/1051/1031
f 1035/1053/1033 1135/1155/1133 1134/1154/1132 1034/1052/1032
f 1036/1054/1034 1136/1156/1134 1135/1155/1133 1035/1053/1033
f 1037/1055/1035 1137/1157/1135 1136/1156/1134 1036/1054/1034
f 1038/1056/1036 1138/1158/1136 1137/1157/1135 1037/1055/1035
f 1039/1057/1037 1139/1159/1137 1138/1158/1136 1038/1056/1036
f 1040/1058/1038 1140/1160/1138 1139/1159/1137 1039/1057/1037
f 1041/1059/1039 1141/1161/1139 1140/1160/1138 1040/1058/1038
f 1042/1060/1040 1142/1162/1140 1141/1161/1139 1041/1059/1039
f 1043/1061/1041 1143/1163/1141 1142/1162/1140 1042/1060/1040
f 1044/1062/1042 1144/1164/1142 1143/1163/1141 1043/1061/1041
f 1045/1063/1043 1145/1165/1143 1144/1164/1142 1044/1062/1042
f 1046/1064/1044 1146/1166/1144 1145/1165/1143 1045/1063/1043
f 1047/1065/1045 1147/1167/1145 1146/1166/1144 1046/1064/1044
f 1048/1066/1046 1148/1168/1146 1147/1167/1145 1047/1065/1045
f 1049/1067/1047 1149/1169/1147 1148/1168/1146 1048/1066/1046
f 1050/1068/1048 1150/1170/1148 1149/1169/1147 1049/1067/1047
f 1051/1069/1049 1151/1171/1149 1150/1170/1148 1050/1068/1048
f 1052/1070/1050 1152/1172/1150 1151/1171/1149 1051/1069/1049
f 1053/1071/1051 1153/1173/1151 1152/1172/1150 1052/1070/1050
f 1054/1073/1052 1154/1175/1152 1153/1174/1151 1053/1072/1051
f 1055/1074/1053 1155/1176/1153 1154/1175/1152 1054/1073/1052
f 1056/1075/1054 1156/1177/1154 1155/1176/1153 1055/1074/1053
f 1057/1076/1055 1157/1178/1155 1156/1177/1154 1056/1075/1054
f 1058/1077/1056 1158/1179/1156 1157/1178/1155 1057/1076/1055
f 1059/1078/1057 1159/1180/1157 1158/1179/1156 1058/1077/1056
f 1060/1079/1058 1160/1181/1158 1159/1180/1157 1059/1078/1057
f 1061/1080/1059 1161/1182/1159 1160/1181/1158 1060/1079/1058
f 1062/1081/1060 1162/1183/1160 1161/1182/1159 1061/1080/1059
f 1063/1082/1061 1163/1184/1161 1162/1183/1160 1062/1081/1060
f 1064/1083/1062 1164/1185/1162 1163/1184/1161 1063/1082/1061
f 1065/1084/1063 1165/1186/1163 1164/1185/1162 1064/1083/1062
f 1066/1085/1064 1166/1187/1164 1165/1186/1163 1065/1084/1063
f 1067/1086/1065 1167/1188/1165 1166/1187/1164 1066/1085/1064
f 1068/1087/1066 1168/1189/1166 1167/1188/1165 1067/1086/1065
f 1069/1088/1067 1169/1190/1167 1168/1189/1166 1068/1087/1066
f 1070/1089/1068 1170/1191/1168 1169/1190/1167 1069/1088/1067
f 1071/1090/1069 1171/1192/1169 1170/1191/1168 1070/1089/1068
f 1072/1091/1070 1172/1193/1170 1171/1192/1169 1071/1090/1069
f 1073/1092/1071 1173/1194/1171 1172/1193/1170 1072/1091/1070
f 1074/1093/1072 1174/1195/1172 1173/1194/1171 1073/1092/1071
f 1075/1094/1073 1175/1196/1173 1174/1195/1172 1074/1093/1072
f 1076/1095/1074 1176/1197/1174 1175/1196/1173 1075/1094/1073
f 1077/1096/1075 1177/1198/1175 1176/1197/1174 1076/1095/1074
f 1078/1097/1076 1178/1199/1176 1177/1198/1175 1077/1096/1075
f 1079/1098/1077 1179/1200/1177 1178/1199/1176 1078/1097/1076
f 1080/1099/1078 1180/1201/1178 1179/1200/1177 1079/1098/1077
f 1081/1100/1079 1181/1202/1179 1180/1201/1178 1080/1099/1078
f 1082/1101/1080 1182/1203/1180 1181/1202/1179 1081/1100/1079
f 1083/1102/1081 1183/1204/1181 1182/1203/1180 1082/1101/1080
f 1084/1103/1082 1184/1205/1182 1183/1204/1181 1083/1102/1081
f 1085/1104/1083 1185/1206/1183 1184/1205/1182 1084/1103/1082
f 1086/1105/1084 1186/1207/1184 1185/1206/1183 1085/1104/1083
f 1087/1106/1085 1187/1208/1185 1186/1207/1184 1086/1105/1084
f 1088/1107/1086 1188/1209/1186 1187/1208/1185 1087/1106/1085
f 1089/1108/1087 1189/1210/1187 1188/1209/1186 1088/1107/1086
f 1090/1109/1088 1190/1211/1188 1189/1210/1187 1089/1108/1087
f 1091/1110/1089 1191/1212/1189 1190/1211/1188 1090/1109/1088
f 1092/1111/1090 1192/1213/1190 1191/1212/1189 1091/1110/1089
f 1093/1112/1091 1193/1214/1191 1192/1213/1190 1092/1111/1090
f 1094/1113/1092 1194/1215/1192 1193/1214/1191 1093/1112/1091
f 1095/1114/1093 1195/1216/1193 1194/1215/1192 1094/1113/1092
f 1096/1115/1094 1196/1217/1194 1195/1216/1193 1095/1114/1093
f 1097/1116/1095 1197/1218/1195 1196/1217/1194 1096/1115/1094
f 1098/1117/1096 1198/1219/1196 1197/1218/1195 1097/1116/1095
f 1099/1118/1097 1199/1220/1197 1198/1219/1196 1098/1117/1096
f 1100/1119/1098 1200/1221/1198 1199/1220/1197 1099/1118/1097
f 1101/1120/1099 1201/1222/1199 1200/1221/1198 1100/1119/1098
f 1102/1121/1100 1202/1223/1200 1201/1222/1199 1101/1120/1099
f 1003/1122/1001 1103/1224/1101 1202/1223/1200 1102/1121/1100
f 1104/1124/1102 1204/1226/1202 1203/1225/1201 1103/1123/1101
f 1105/1125/1103 1205/1227/1203 1204/1226/1202 1104/1124/1102
f 1106/1126/1104 1206/1228/1204 1205/1227/1203 1105/1125/1103
f 1107/1127/1105 1207/1229/1205 1206/1228/1204 1106/1126/1104
f 1108/1128/1106 1208/1230/1206 1207/1229/1205 1107/1127/1105
f 1109/1129/1107 1209/1231/1207 1208/1230/1206 1108/1128/1106
f 1110/1130/1108 1210/1232/1208 1209/1231/1207 1109/1129/1107
f 1111/1131/1109 1211/1233/1209 1210/1232/1208 1110/1130/1108
f 1112/1132/1110 1212/1234/1210 1211/1233/1209 1111/1131/1109
f 1113/1133/1111 1213/1235/1211 1212/1234/1210 1112/1132/1110
f 1114/1134/1112 1214/1236/1212 1213/1235/1211 1113/1133/1111
f 1115/1135/1113 1215/1237/1213 1214/1236/1212 1114/1134/1112
f 1116/1136/1114 1216/1238/1214 1215/1237/1213 1115/1135/1113
f 1117/1137/1115 1217/1239/1215 1216/1238/1214 1116/1136/1114
f 1118/1138/1116 1218/1240/1216 1217/1239/1215 1117/1137/1115
f 1119/1139/1117 1219/1241/1217 1218/1240/1216 1118/1138/1116
f 1120/1140/1118 1220/1242/1218 1219/1241/1217 1119/1139/1117
f 1121/1141/1119 1221/1243/1219 1220/1242/1218 1120/1140/1118
f 1122/1142/1120 1222/1244/1220 1221/1243/1219 1121/1141/1119
f 1123/1143/1121 1223/1245/1221 1222/1244/1220 1122/1142/1120
f 1124/1144/1122 1224/1246/1222 1223/1245/1221 1123/1143/1121
f 1125/1145/1123 1225/1247/1223 1224/1246/1222 1124/1144/1122
f 1126/1146/1124 1226/1248/1224 1225/1247/1223 1125/1145/1123
f 1127/1147/1125 1227/1249/1225 1226/1248/1224 1126/1146/1124
f 1128/1148/1126 1228/1250/1226 1227/1249/1225 1127/1147/1125
f 1129/1149/1127 1229/1251/1227 1228/1250/1226 1128/1148/1126
f 1130/1150/1128 1230/1252/1228 1229/1251/1227 1129/1149/1127
f 1131/1151/1129 1231/1253/1229 1230/1252/1228 1130/1150/1128
f 1132/1152/1130 1232/1254/1230 1231/1253/1229 1131/1151/1129
f 1133/1153/1131 1233/1255/1231 1232/1254/1230 1132/1152/1130
f 1134/1154/1132 1234/1256/1232 1233/1255/1231 1133/1153/1131
f 1135/1155/1133 1235/1257/1233 1234/1256/1232 1134/1154/1132
f 1136/1156/1134 1236/1258/1234 1235/1257/1233 1135/1155/1133
f 1137/1157/1135 1237/1259/1235 1236/1258/1234 1136/1156/1134
f 1138/1158/1136 1238/1260/1236 1237/1259/1235 1137/1157/1135
f 1139/1159/1137 1239/1261/1237 1238/1260/1236 1138/1158/1136
f 1140/1160/1138 1240/1262/1238 1239/1261/1237 1139/1159/1137
f 1141/1161/1139 1241/1263/1239 1240/1262/1238 1140/1160/1138
f 1142/1162/1140 1242/1264/1240 1241/1263/1239 1141/1161/1139
f 1143/1163/1141 1243/1265/1241 1242/1264/1240 1142/1162/1140
f 1144/1164/1142 1244/1266/1242 1243/1265/1241 1143/1163/1141
f 1145/1165/1143 1245/1267/1243 1244/1266/1242 1144/1164/1142
f 1146/1166/1144 1246/1268/1244 1245/1267/1243 1145/1165/1143
f 1147/1167/1145 1247/1269/1245 1246/1268/1244 1146/1166/1144
f 1148/1168/1146 1248/1270/1246 1247/1269/1245 1147/1167/1145
f 1149/1169/1147 1249/1271/1247 1248/1270/1246 1148/1168/1146
f 1150/1170/1148 1250/1272/1248 1249/1271/1247 1149/1169/1147
f 1151/1171/1149 1251/1273/1249 1250/1272/1248 1150/1170/1148
f 1152/1172/1150 1252/1274/1250 1251/1273/1249 1151/1171/1149
f 1153/1173/1151 1253/1275/1251 1252/1274/1250 1152/1172/1150
f 1154/1175/1152 1254/1277/1252 1253/1276/1251 1153/1174/1151
f 1155/1176/1153 1255/1278/1253 1254/1277/1252 1154/1175/1152
f 1156/1177/1154 1256/1279/1254 1255/1278/1253 1155/1176/1153
f 1157/1178/1155 1257/1280/1255 1256/1279/1254 1156/1177/1154
f 1158/1179/1156 1258/1281/1256 1257/1280/1255 1157/1178/1155
f 1159/1180/1157 1259/1282/1257 1258/1281/1256 1158/1179/1156
f 1160/1181/1158 1260/1283/1258 1259/1282/1257 1159/1180/1157
f 1161/1182/1159 1261/1284/1259 1260/1283/1258 1160/1181/1158
f 1162/1183/1160 1262/1285/1260 1261/1284/1259 1161/1182/1159
f 1163/1184/1161 1263/1286/1261 1262/1285/1260 1162/1183/1160
f 1164/1185/1162 1264/1287/1262 1263/1286/1261 1163/1184/1161
f 1165/1186/1163 1265/1288/1263 1264/1287/1262 1164/1185/1162
f 1166/1187/1164 1266/1289/1264 1265/1288/1263 1165/1186/1163
f 1167/1188/1165 1267/1290/1265 1266/1289/1264 1166/1187/1164
f 1168/1189/1166 1268/1291/1266 1267/1290/1265 1167/1188/1165
f 1169/1190/1167 1269/1292/1267 1268/1291/1266 1168/1189/1166
f 1170/1191/1168 1270/1293/1268 1269/1292/1267 1169/1190/1167
f 1171/1192/1169 1271/1294/1269 1270/1293/1268 1170/1191/1168
f 1172/1193/1170 1272/1295/1270 1271/1294/1269 1171/1192/1169
f 1173/1194/1171 1273/1296/1271 1272/1295/1270 1172/1193/1170
f 1174/1195/1172 1274/1297/1272 1273/1296/1271 1173/1194/1171
f 1175/1196/1173 1275/1298/1273 1274/1297/1272 1174/1195/1172
f 1176/1197/1174 1276/1299/1274 1275/1298/1273 1175/1196/1173
f 1177/1198/1175 1277/1300/1275 1276/1299/1274 1176/1197/1174
f 1178/1199/1176 1278/1301/1276 1277/1300/1275 1177/1198/1175
f 1179/1200/1177 1279/1302/1277 1278/1301/1276 1178/1199/1176
f 1180/1201/1178 1280/1303/1278 1279/1302/1277 1179/1200/1177
f 1181/1202/1179 1281/1304/1279 1280/1303/1278 1180/1201/1178
f 1182/1203/1180 1282/1305/1280 1281/1304/1279 1181/1202/1179
f 1183/1204/1181 1283/1306/1281 1282/1305/1280 1182/1203/1180
f 1184/1205/1182 1284/1307/1282 1283/1306/1281 1183/1204/1181
f 1185/1206/1183 1285/1308/1283 1284/1307/1282 1184/1205/1182
f 1186/1207/1184 1286/1309/1284 1285/1308/1283 1185/1206/1183
f 1187/1208/1185 1287/1310/1285 1286/1309/1284 1186/1207/1184
f 1188/1209/1186 1288/1311/1286 1287/1310/1285 1187/1208/1185
f 1189/1210/1187 1289/1312/1287 1288/1311/1286 1188/1209/1186
f 1190/1211/1188 1290/1313/1288 1289/1312/1287 1189/1210/1187
f 1191/1212/1189 1291/1314/1289 1290/1313/1288 1190/1211/1188
f 1192/1213/1190 1292/1315/1290 1291/1314/1289 1191/1212/1189
f 1193/1214/1191 1293/1316/1291 1292/1315/1290 1192/1213/1190
f 1194/1215/1192 1294/1317/1292 1293/1316/1291 1193/1214/1191
f 1195/1216/1193 1295/1318/1293 1294/1317/1292 1194/1215/1192
f 1196/1217/1194 1296/1319/1294 1295/1318/1293 1195/1216/1193
f 1197/1218/1195 1297/1320/1295 1296/1319/1294 1196/1217/1194
f 1198/1219/1196 1298/1321/1296 1297/1320/1295 1197/1218/1195
f 1199/1220/1197 1299/1322/1297 1298/1321/1296 1198/1219/1196
f 1200/1221/1198 1300/1323/1298 1299/1322/1297 1199/1220/1197
f 1201/1222/1199 1301/1324/1299 1300/1323/1298 1200/1221/1198
f 1202/1223/1200 1302/1325/1300 1301/1324/1299 1201/1222/1199
f 1103/1224/1101 1203/1326/1201 1302/1325/1300 1202/1223/1200
f 1204/1226/1202 1304/1328/1302 1303/1327/1301 1203/1225/1201
f 1205/1227/1203 1305/1329/1303 1304/1328/1302 1204/1226/1202
f 1206/1228/1204 1306/1330/1304 1305/1329/1303 1205/1227/1203
f 1207/1229/1205 1307/1331/1305 1306/1330/1304 1206/1228/1204
f 1208/1230/1206 1308/1332/1306 1307/1331/1305 1207/1229/1205
f 1209/1231/1207 1309/1333/1307 1308/1332/1306 1208/1230/1206
f 1210/1232/1208 1310/1334/1308 1309/1333/1307 1209/1231/1207
f 1211/1233/1209 1311/1335/1309 1310/1334/1308 1210/1232/1208
f 1212/1234/1210 1312/1336/1310 1311/1335/1309 1211/1233/1209
f 1213/1235/1211 1313/1337/1311 1312/1336/1310 1212/1234/1210
f 1214/1236/1212 1314/1338/1312 1313/1337/1311 1213/1235/1211
f 1215/1237/1213 1315/1339/1313 1314/1338/1312 1214/1236/1212
f 1216/1238/1214 1316/1340/1314 1315/1339/1313 1215/1237/1213
f 1217/1239/1215 1317/1341/1315 1316/1340/1314 1216/1238/1214
f 1218/1240/1216 1318/1342/1316 1317/1341/1315 1217/1239/1215
f 1219/1241/1217 1319/1343/1317 1318/1342/1316 1218/1240/1216
f 1220/1242/1218 1320/1344/1318 1319/1343/1317 1219/1241/1217
f 1221/1243/1219 1321/1345/1319 1320/1344/1318 1220/1242/1218
f 1222/1244/1220 1322/1346/1320 1321/1345/1319 1221/1243/1219
f 1223/1245/1221 1323/1347/1321 1322/1346/1320 1222/1244/1220
f 1224/1246/1222 1324/1348/1322 1323/1347/1321 1223/1245/1221
f 1225/1247/1223 1325/1349/1323 1324/1348/1322 1224/1246/1222
f 1226/1248/1224 1326/1350/1324 1325/1349/1323 1225/1247/1223
f 1227/1249/1225 1327/1351/1325 1326/1350/1324 1226/1248/1224
f 1228/1250/1226 1328/1352/1326 1327/1351/1325 1227/1249/1225
f 1229/1251/1227 1329/1353/1327 1328/1352/1326 1228/1250/1226
f 1230/1252/1228 1330/1354/1328 1329/1353/1327 1229/1251/1227
f 1231/1253/1229 1331/1355/1329 1330/1354/1328 1230/1252/1228
f 1232/1254/1230 1332/1356/1330 1331/1355/1329 1231/1253/1229
f 1233/1255/1231 1333/1357/1331 1332/1356/1330 1232/1254/1230
f 1234/1256/1232 1334/1358/1332 1333/1357/1331 1233/1255/1231
f 1235/1257/1233 1335/1359/1333 1334/1358/1332 1234/1256/1232
f 1236/1258/1234 1336/1360/1334 1335/1359/1333 1235/1257/1233
f 1237/1259/1235 1337/1361/1335 1336/1360/1334 1236/1258/1234
f 1238/1260/1236 1338/1362/1336 1337/1361/1335 1237/1259/1235
f 1239/1261/1237 1339/1363/1337 1338/1362/1336 1238/1260/1236
f 1240/1262/1238 1340/1364/1338 1339/1363/1337 1239/1261/1237
f 1241/1263/1239 1341/1365/1339 1340/1364/1338 1240/1262/1238
f 1242/1264/1240 1342/1366/1340 1341/1365/1339 1241/1263/1239
f 1243/1265/1241 1343/1367/1341 1342/1366/1340 1242/1264/1240
f 1244/1266/1242 1344/1368/1342 1343/1367/1341 1243/1265/1241
f 1245/1267/1243 1345/1369/1343 1344/1368/1342 1244/1266/1242
f 1246/1268/1244 1346/1370/1344 1345/1369/1343 1245/1267/1243
f 1247/1269/1245 1347/1371/1345 1346/1370/1344 1246/1268/1244
f 1248/1270/1246 1348/1372/1346 1347/1371/1345 1247/1269/1245
f 1249/1271/1247 1349/1373/1347 1348/1372/1346 1248/1270/1246
f 1250/1272/1248 1350/1374/1348 1349/1373/1347 1249/1271/1247
f 1251/1273/1249 1351/1375/1349 1350/1374/1348 1250/1272/1248
f 1252/1274/1250 1352/1376/1350 1351/1375/1349 1251/1273/1249
f 1253/1275/1251 1353/1377/1351 1352/1376/1350 1252/1274/1250
f 1254/1277/1252 1354/1379/1352 1353/1378/1351 1253/1276/1251
f 1255/1278/1253 1355/1380/1353 1354/1379/1352 1254/1277/1252
f 1256/1279/1254 1356/1381/1354 1355/1380/1353 1255/1278/1253
f 1257/1280/1255 1357/1382/1355 1356/1381/1354 1256/1279/1254
f 1258/1281/1256 1358/1383/1356 1357/1382/1355 1257/1280/1255
f 1259/1282/1257 1359/1384/1357 1358/1383/1356 1258/1281/1256
f 1260/1283/1258 1360/1385/1358 1359/1384/1357 1259/1282/1257
f 1261/1284/1259 1361/1386/1359 1360/1385/1358 1260/1283/1258
f 1262/1285/1260 1362/1387/1360 1361/1386/1359 1261/1284/1259
f 1263/1286/1261 1363/1388/1361 1362/1387/1360 1262/1285/1260
f 1264/1287/1262 1364/1389/1362 1363/1388/1361 1263/1286/1261
f 1265/1288/1263 1365/1390/1363 1364/1389/1362 1264/1287/1262
f 1266/1289/1264 1366/1391/1364 1365/1390/1363 1265/1288/1263
f 1267/1290/1265 1367/1392/1365 1366/1391/1364 1266/1289/1264
f 1268/1291/1266 1368/1393/1366 1367/1392/1365 1267/1290/1265
f 1269/1292/1267 1369/1394/1367 1368/1393/1366 1268/1291/1266
f 1270/1293/1268 1370/1395/1368 1369/1394/1367 1269/1292/1267
f 1271/1294/1269 1371/1396/1369 1370/1395/1368 1270/1293/1268
f 1272/1295/1270 1372/1397/1370 1371/1396/1369 1271/1294/1269
f 1273/1296/1271 1373/1398/1371 1372/1397/1370 1272/1295/1270
f 1274/1297/1272 1374/1399/1372 1373/1398/1371 1273/1296/1271
f 1275/1298/1273 1375/1400/1373 1374/1399/1372 1274/1297/1272
f 1276/1299/1274 1376/1401/1374 1375/1400/1373 1275/1298/1273
f 1277/1300/1275 1377/1402/1375 1376/1401/1374 1276/1299/1274
f 1278/1301/1276 1378/1403/1376 1377/1402/1375 1277/1300/1275
f 1279/1302/1277 1379/1404/1377 1378/1403/1376 1278/1301/1276
f 1280/1303/1278 1380/1405/1378 1379/1404/1377 1279/1302/1277
f 1281/1304/1279 1381/1406/1379 1380/1405/1378 1280/1303/1278
f 1282/1305/1280 1382/1407/1380 1381/1406/1379 1281/1304/1279
f 1283/1306/1281 1383/1408/1381 1382/1407/1380 1282/1305/1280
f 1284/1307/1282 1384/1409/1382 1383/1408/1381 1283/1306/1281
f 1285/1308/1283 1385/1410/1383 1384/1409/1382 1284/1307/1282
f 1286/1309/1284 1386/1411/1384 1385/1410/1383 1285/1308/1283
f 1287/1310/1285 1387/1412/1385 1386/1411/1384 1286/1309/1284
f 1288/1311/1286 1388/1413/1386 1387/1412/1385 1287/1310/1285
f 1289/1312/1287 1389/1414/1387 1388/1413/1386 1288/1311/1286
f 1290/1313/1288 1390/1415/1388 1389/1414/1387 1289/1312/1287
f 1291/1314/1289 1391/1416/1389 1390/1415/1388 1290/1313/1288
f 1292/1315/1290 1392/1417/1390 1391/1416/1389 1291/1314/1289
f 1293/1316/1291 1393/1418/1391 1392/1417/1390 1292/1315/1290
f 1294/1317/1292 1394/1419/1392 1393/1418/1391 1293/1316/1291
f 1295/1318/1293 1395/1420/1393 1394/1419/1392 1294/1317/1292
f 1296/1319/1294 1396/1421/1394 1395/1420/1393 1295/1318/1293
f 1297/1320/1295 1397/1422/1395 1396/1421/1394 1296/1319/1294
f 1298/1321/1296 1398/1423/1396 1397/1422/1395 1297/1320/1295
f 1299/1322/1297 1399/1424/1397 1398/1423/1396 1298/1321/1296
f 1300/1323/1298 1400/1425/1398 1399/1424/1397 1299/1322/1297
f 1301/1324/1299 1401/1426/1399 1400/1425/1398 1300/1323/1298
f 1302/1325/1300 1402/1427/1400 1401/1426/1399 1301/1324/1299
f 1203/1326/1201 1303/1428/1301 1402/1427/1400 1302/1325/1300
f 1304/1328/1302 1404/1430/1402 1403/1429/1401 1303/1327/1301
f 1305/1329/1303 1405/1431/1403 1404/1430/1402 1304/1328/1302
f 1306/1330/1304 1406/1432/1404 1405/1431/1403 1305/1329/1303
f 1307/1331/1305 1407/1433/1405 1406/1432/1404 1306/1330/1304
f 1308/1332/1306 1408/1434/1406 1407/1433/1405 1307/1331/1305
f 1309/1333/1307 1409/1435/1407 1408/1434/1406 1308/1332/1306
f 1310/1334/1308 1410/1436/1408 1409/1435/1407 1309/1333/1307
f 1311/1335/1309 1411/1437/1409 1410/1436/1408 1310/1334/1308
f 1312/1336/1310 1412/1438/1410 1411/1437/1409 1311/1335/1309
f 1313/1337/1311 1413/1439/1411 1412/1438/1410 1312/1336/1310
f 1314/1338/1312 1414/1440/1412 1413/1439/1411 1313/1337/1311
f 1315/1339/1313 1415/1441/1413 1414/1440/1412 1314/1338/1312
f 1316/1340/1314 1416/1442/1414 1415/1441/1413 1315/1339/1313
f 1317/1341/1315 1417/1443/1415 1416/1442/1414 1316/1340/1314
f 1318/1342/1316 1418/1444/1416 1417/1443/1415 1317/1341/1315
f 1319/1343/1317 1419/1445/1417 1418/1444/1416 1318/1342/1316
f 1320/1344/1318 1420/1446/1418 1419/1445/1417 1319/1343/1317
f 1321/1345/1319 1421/1447/1419 1420/1446/1418 1320/1344/1318
f 1322/1346/1320 1422/1448/1420 1421/1447/1419 1321/1345/1319
f 1323/1347/1321 1423/1449/1421 1422/1448/1420 1322/1346/1320
f 1324/1348/1322 1424/1450/1422 1423/1449/1421 1323/1347/1321
f 1325/1349/1323 1425/1451/1423 1424/1450/1422 1324/1348/1322
f 1326/1350/1324 1426/1452/1424 1425/1451/1423 1325/1349/1323
f 1327/1351/1325 1427/1453/1425 1426/1452/1424 1326/1350/1324
f 1328/1352/1326 1428/1454/1426 1427/1453/1425 1327/1351/1325
f 1329/1353/1327 1429/1455/1427 1428/1454/1426 1328/1352/1326
f 1330/1354/1328 1430/1456/1428 1429/1455/1427 1329/1353/1327
f 1331/1355/1329 1431/1457/1429 1430/1456/1428 1330/1354/1328
f 1332/1356/1330 1432/1458/1430 1431/1457/1429 1331/1355/1329
f 1333/1357/1331 1433/1459/1431 1432/1458/1430 1332/1356/1330
f 1334/1358/1332 1434/1460/1432 1433/1459/1431 1333/1357/1331
f 1335/1359/1333 1435/1461/1433 1434/1460/1432 1334/1358/1332
f 1336/1360/1334 1436/1462/1434 1435/1461/1433 1335/1359/1333
f 1337/1361/1335 1437/1463/1435 1436/1462/1434 1336/1360/1334
f 1338/1362/1336 1438/1464/1436 1437/1463/1435 1337/1361/1335
f 1339/1363/1337 1439/1465/1437 1438/1464/1436 1338/1362/1336
f 1340/1364/1338 1440/1466/1438 1439/1465/1437 1339/1363/1337
f 1341/1365/1339 1441/1467/1439 1440/1466/1438 1340/1364/1338
f 1342/1366/1340 1442/1468/1440 1441/1467/1439 1341/1365/1339
f 1343/1367/1341 1443/1469/1441 1442/1468/1440 1342/1366/1340
f 1344/1368/1342 1444/1470/1442 1443/1469/1441 1343/1367/1341
f 1345/1369/1343 1445/1471/1443 1444/1470/1442 1344/1368/1342
f 1346/1370/1344 1446/1472/1444 1445/1471/1443 1345/1369/1343
f 1347/1371/1345 1447/1473/1445 1446/1472/1444 1346/1370/1344
f 1348/1372/1346 1448/1474/1446 1447/1473/1445 1347/1371/1345
f 1349/1373/1347 1449/1475/1447 1448/1474/1446 1348/1372/1346
f 1350/1374/1348 1450/1476/1448 1449/1475/1447 1349/1373/1347
f 1351/1375/1349 1451/1477/1449 1450/1476/1448 1350/1374/1348
f 1352/1376/1350 1452/1478/1450 1451/1477/1449 1351/1375/1349
f 1353/1377/1351 1453/1479/1451 1452/1478/1450 1352/1376/1350
f 1354/1379/1352 1454/1481/1452 1453/1480/1451 1353/1378/1351
f 1355/1380/1353 1455/1482/1453 1454/1481/1452 1354/1379/1352
f 1356/1381/1354 1456/1483/1454 1455/1482/1453 1355/1380/1353
f 1357/1382/1355 1457/1484/1455 1456/1483/1454 1356/1381/1354
f 1358/1383/1356 1458/1485/1456 1457/1484/1455 1357/1382/1355
f 1359/1384/1357 1459/1486/1457 1458/1485/1456 1358/1383/1356
f 1360/1385/1358 1460/1487/1458 1459/1486/1457 1359/1384/1357
f 1361/1386/1359 1461/1488/1459 1460/1487/1458 1360/1385/1358
f 1362/1387/1360 1462/1489/1460 1461/1488/1459 1361/1386/1359
f 1363/1388/1361 1463/1490/1461 1462/1489/1460 1362/1387/1360
f 1364/1389/1362 1464/1491/1462 1463/1490/1461 1363/1388/1361
f 1365/1390/1363 1465/1492/1463 1464/1491/1462 1364/1389/1362
f 1366/1391/1364 1466/1493/1464 1465/1492/1463 1365/1390/1363
f 1367/1392/1365 1467/1494/1465 1466/1493/1464 1366/1391/1364
f 1368/1393/1366 1468/1495/1466 1467/1494/1465 1367/1392/1365
f 1369/1394/1367 1469/1496/1467 1468/1495/1466 1368/1393/1366
f 1370/1395/1368 1470/1497/1468 1469/1496/1467 1369/1394/1367
f 1371/1396/1369 1471/1498/1469 1470/1497/1468 1370/1395/1368
f 1372/1397/1370 1472/1499/1470 1471/1498/1469 1371/1396/1369
f 1373/1398/1371 1473/1500/1471 1472/1499/1470 1372/1397/1370
f 1374/1399/1372 1474/1501/1472 1473/1500/1471 1373/1398/1371
f 1375/1400/1373 1475/1502/1473 1474/1501/1472 1374/1399/1372
f 1376/1401/1374 1476/1503/1474 1475/1502/1473 1375/1400/1373
f 1377/1402/1375 1477/1504/1475 1476/1503/1474 1376/1401/1374
f 1378/1403/1376 1478/1505/1476 1477/1504/1475 1377/1402/1375
f 1379/1404/1377 1479/1506/1477 1478/1505/1476 1378/1403/1376
f 1380/1405/1378 1480/1507/1478 1479/1506/1477 1379/1404/1377
f 1381/1406/1379 1481/1508/1479 1480/1507/1478 1380/1405/1378
f 1382/1407/1380 1482/1509/1480 1481/1508/1479 1381/1406/1379
f 1383/1408/1381 1483/1510/1481 1482/1509/1480 1382/1407/1380
f 1384/1409/1382 1484/1511/1482 1483/1510/1481 1383/1408/1381
f 1385/1410/1383 1485/1512/1483 1484/1511/1482 1384/1409/1382
f 1386/1411/1384 1486/1513/1484 1485/1512/1483 1385/1410/1383
f 1387/1412/1385 1487/1514/1485 1486/1513/1484 1386/1411/1384
f 1388/1413/1386 1488/1515/1486 1487/1514/1485 1387/1412/1385
f 1389/1414/1387 1489/1516/1487 1488/1515/1486 1388/1413/1386
f 1390/1415/1388 1490/1517/1488 1489/1516/1487 1389/1414/1387
f 1391/1416/1389 1491/1518/1489 1490/1517/1488 1390/1415/1388
f 1392/1417/1390 1492/1519/1490 1491/1518/1489 1391/1416/1389
f 1393/1418/1391 1493/1520/1491 1492/1519/1490 1392/1417/1390
f 1394/1419/1392 1494/1521/1492 1493/1520/1491 1393/1418/1391
f 1395/1420/1393 1495/1522/1493 1494/1521/1492 1394/1419/1392
f 1396/1421/1394 1496/1523/1494 1495/1522/1493 1395/1420/1393
f 1397/1422/1395 1497/1524/1495 1496/1523/1494 1396/1421/1394
f 1398/1423/1396 1498/1525/1496 1497/1524/1495 1397/1422/1395
f 1399/1424/1397 1499/1526/1497 1498/1525/1496 1398/1423/1396
f 1400/1425/1398 1500/1527/1498 1499/1526/1497 1399/1424/1397
f 1401/1426/1399 1501/1528/1499 1500/1527/1498 1400/1425/1398
f 1402/1427/1400 1502/1529/1500 1501/1528/1499 1401/1426/1399
f 1303/1428/1301 1403/1530/1401 1502/1529/1500 1402/1427/1400
f 1404/1430/1402 1504/1532/1502 1503/1531/1501 1403/1429/1401
f 1405/1431/1403 1505/1533/1503 1504/1532/1502 1404/1430/1402
f 1406/1432/1404 1506/1534/1504 1505/1533/1503 1405/1431/1403
f 1407/1433/1405 1507/1535/1505 1506/1534/1504 1406/1432/1404
f 1408/1434/1406 1508/1536/1506 1507/1535/1505 1407/1433/1405
f 1409/1435/1407 1509/1537/1507 1508/1536/1506 1408/1434/1406
f 1410/1436/1408 1510/1538/1508 1509/1537/1507 1409/1435/1407
f 1411/1437/1409 1511/1539/1509 1510/1538/1508 1410/1436/1408
f 1412/1438/1410 1512/1540/1510 1511/1539/1509 1411/1437/1409
f 1413/1439/1411 1513/1541/1511 1512/1540/1510 1412/1438/1410
f 1414/1440/1412 1514/1542/1512 1513/1541/1511 1413/1439/1411
f 1415/1441/1413 1515/1543/1513 1514/1542/1512 1414/1440/1412
f 1416/1442/1414 1516/1544/1514 1515/1543/1513 1415/1441/1413
f 1417/1443/1415 1517/1545/1515 1516/1544/1514 1416/1442/1414
f 1418/1444/1416 1518/1546/1516 1517/1545/1515 1417/1443/1415
f 1419/1445/1417 1519/1547/1517 1518/1546/1516 1418/1444/1416
f 1420/1446/1418 1520/1548/1518 1519/1547/1517 1419/1445/1417
f 1421/1447/1419 1521/1549/1519 1520/1548/1518 1420/1446/1418
f 1422/1448/1420 1522/1550/1520 1521/1549/1519 1421/1447/1419
f 1423/1449/1421 1523/1551/1521 1522/1550/1520 1422/1448/1420
f 1424/1450/1422 1524/1552/1522 1523/1551/1521 1423/1449/1421
f 1425/1451/1423 1525/1553/1523 1524/1552/1522 1424/1450/1422
f 1426/1452/1424 1526/1554/1524 1525/1553/1523 1425/1451/1423
f 1427/1453/1425 1527/1555/1525 1526/1554/1524 1426/1452/1424
f 1428/1454/1426 1528/1556/1526 1527/1555/1525 1427/1453/1425
f 1429/1455/1427 1529/1557/1527 1528/1556/1526 1428/1454/1426
f 1430/1456/1428 1530/1558/1528 1529/1557/1527 1429/1455/1427
f 1431/1457/1429 1531/1559/1529 1530/1558/1528 1430/1456/1428
f 1432/1458/1430 1532/1560/1530 1531/1559/1529 1431/1457/1429
f 1433/1459/1431 1533/1561/1531 1532/1560/1530 1432/1458/1430
f 1434/1460/1432 1534/1562/1532 1533/1561/1531 1433/1459/1431
f 1435/1461/1433 1535/1563/1533 1534/1562/1532 1434/1460/1432
f 1436/1462/1434 1536/1564/1534 1535/1563/1533 1435/1461/1433
f 1437/1463/1435 1537/1565/1535 1536/1564/1534 1436/1462/1434
f 1438/1464/1436 1538/1566/1536 1537/1565/1535 1437/1463/1435
f 1439/1465/1437 1539/1567/1537 1538/1566/1536 1438/1464/1436
f 1440/1466/1438 1540/1568/1538 1539/1567/1537 1439/1465/1437
f 1441/1467/1439 1541/1569/1539 1540/1568/1538 1440/1466/1438
f 1442/1468/1440 1542/1570/1540 1541/1569/1539 1441/1467/1439
f 1443/1469/1441 1543/1571/1541 1542/1570/1540 1442/1468/1440
f 1444/1470/1442 1544/1572/1542 1543/1571/1541 1443/1469/1441
f 1445/1471/1443 1545/1573/1543 1544/1572/1542 1444/1470/1442
f 1446/1472/1444 1546/1574/1544 1545/1573/1543 1445/1471/1443
f 1447/1473/1445 1547/1575/1545 1546/1574/1544 1446/1472/1444
f 1448/1474/1446 1548/1576/1546 1547/1575/1545 1447/1473/1445
f 1449/1475/1447 1549/1577/1547 1548/1576/1546 1448/1474/1446
f 1450/1476/1448 1550/1578/1548 1549/1577/1547 1449/1475/1447
f 1451/1477/1449 1551/1579/1549 1550/1578/1548 1450/1476/1448
f 1452/1478/1450 1552/1580/1550 1551/1579/1549 1451/1477/1449
f 1453/1479/1451 1553/1581/1551 1552/1580/1550 1452/1478/1450
f 1454/1481/1452 1554/1583/1552 1553/1582/1551 1453/1480/1451
f 1455/1482/1453 1555/1584/1553 1554/1583/1552 1454/1481/1452
f 1456/1483/1454 1556/1585/1554 1555/1584/1553 1455/1482/1453
f 1457/1484/1455 1557/1586/1555 1556/1585/1554 1456/1483/1454
f 1458/1485/1456 1558/1587/1556 1557/1586/1555 1457/1484/1455
f 1459/1486/1457 1559/1588/1557 1558/1587/1556 1458/1485/1456
f 1460/1487/1458 1560/1589/1558 1559/1588/1557 1459/1486/1457
f 1461/1488/1459 1561/1590/1559 1560/1589/1558 1460/1487/1458
f 1462/1489/1460 1562/1591/1560 1561/1590/1559 1461/1488/1459
f 1463/1490/1461 1563/1592/1561 1562/1591/1560 1462/1489/1460
f 1464/1491/1462 1564/1593/1562 1563/1592/1561 1463/1490/1461
f 1465/1492/1463 1565/1594/1563 1564/1593/1562 1464/1491/1462
f 1466/1493/1464 1566/1595/1564 1565/1594/1563 1465/1492/1463
f 1467/1494/1465 1567/1596/1565 1566/1595/1564 1466/1493/1464
f 1468/1495/1466 1568/1597/1566 1567/1596/1565 1467/1494/1465
f 1469/1496/1467 1569/1598/1567 1568/1597/1566 1468/1495/1466
f 1470/1497/1468 1570/1599/1568 1569/1598/1567 1469/1496/1467
f 1471/1498/1469 1571/1600/1569 1570/1599/1568 1470/1497/1468
f 1472/1499/1470 1572/1601/1570 1571/1600/1569 1471/1498/1469
f 1473/1500/1471 1573/1602/1571 1572/1601/1570 1472/1499/1470
f 1474/1501/1472 1574/1603/1572 1573/1602/1571 1473/1500/1471
f 1475/1502/1473 1575/1604/1573 1574/1603/1572 1474/1501/1472
f 1476/1503/1474 1576/1605/1574 1575/1604/1573 1475/1502/1473
f 1477/1504/1475 1577/1606/1575 1576/1605/1574 1476/1503/1474
f 1478/1505/1476 1578/1607/1576 1577/1606/1575 1477/1504/1475
f 1479/1506/1477 1579/1608/1577 1578/1607/1576 1478/1505/1476
f 1480/1507/1478 1580/1609/1578 1579/1608/1577 1479/1506/1477
f 1481/1508/1479 1581/1610/1579 1580/1609/1578 1480/1507/1478
f 1482/1509/1480 1582/1611/1580 1581/1610/1579 1481/1508/1479
f 1483/1510/1481 1583/1612/1581 1582/1611/1580 1482/1509/1480
f 1484/1511/1482 1584/1613/1582 1583/1612/1581 1483/1510/1481
f 1485/1512/1483 1585/1614/1583 1584/1613/1582 1484/1511/1482
f 1486/1513/1484 1586/1615/1584 1585/1614/1583 1485/1512/1483
f 1487/1514/1485 1587/1616/1585 1586/1615/1584 1486/1513/1484
f 1488/1515/1486 1588/1617/1586 1587/1616/1585 1487/1514/1485
f 1489/1516/1487 1589/1618/1587 1588/1617/1586 1488/1515/1486
f 1490/1517/1488 1590/1619/1588 1589/1618/1587 1489/1516/1487
f 1491/1518/1489 1591/1620/1589 1590/1619/1588 1490/1517/1488
f 1492/1519/1490 1592/1621/1590 1591/1620/1589 1491/1518/1489
f 1493/1520/1491 1593/1622/1591 1592/1621/1590 1492/1519/1490
f 1494/1521/1492 1594/1623/1592 1593/1622/1591 1493/1520/1491
f 1495/1522/1493 1595/1624/1593 1594/1623/1592 1494/1521/1492
f 1496/1523/1494 1596/1625/1594 1595/1624/1593 1495/1522/1493
f 1497/1524/1495 1597/1626/1595 1596/1625/1594 1496/1523/1494
f 1498/1525/1496 1598/1627/1596 1597/1626/1595 1497/1524/1495
f 1499/1526/1497 1599/1628/1597 1598/1627/1596 1498/1525/1496
f 1500/1527/1498 1600/1629/1598 1599/1628/1597 1499/1526/1497
f 1501/1528/1499 1601/1630/1599 1600/1629/1598 1500/1527/1498
f 1502/1529/1500 1602/1631/1600 1601/1630/1599 1501/1528/1499
f 1403/1530/1401 1503/1632/1501 1602/1631/1600 1502/1529/1500
f 1504/1532/1502 1604/1634/1602 1603/1633/1601 1503/1531/1501
f 1505/1533/1503 1605/1635/1603 1604/1634/1602 1504/1532/1502
f 1506/1534/1504 1606/1636/1604 1605/1635/1603 1505/1533/1503
f 1507/1535/1505 1607/1637/1605 1606/1636/1604 1506/1534/1504
f 1508/1536/1506 1608/1638/1606 1607/1637/1605 1507/1535/1505
f 1509/1537/1507 1609/1639/1607 1608/1638/1606 1508/1536/1506
f 1510/1538/1508 1610/1640/1608 1609/1639/1607 1509/1537/1507
f 1511/1539/1509 1611/1641/1609 1610/1640/1608 1510/1538/1508
f 1512/1540/1510 1612/1642/1610 1611/1641/1609 1511/1539/1509
f 1513/1541/1511 1613/1643/1611 1612/1642/1610 1512/1540/1510
f 1514/1542/1512 1614/1644/1612 1613/1643/1611 1513/1541/1511
f 1515/1543/1513 1615/1645/1613 1614/1644/1612 1514/1542/1512
f 1516/1544/1514 1616/1646/1614 1615/1645/1613 1515/1543/1513
f 1517/1545/1515 1617/1647/1615 1616/1646/1614 1516/1544/1514
f 1518/1546/1516 1618/1648/1616 1617/1647/1615 1517/1545/1515
f 1519/1547/1517 1619/1649/1617 1618/1648/1616 1518/1546/1516
f 1520/1548/1518 1620/1650/1618 1619/1649/1617 1519/1547/1517
f 1521/1549/1519 1621/1651/1619 1620/1650/1618 1520/1548/1518
f 1522/1550/1520 1622/1652/1620 1621/1651/1619 1521/1549/1519
f 1523/1551/1521 1623/1653/1621 1622/1652/1620 1522/1550/1520
f 1524/1552/1522 1624/1654/1622 1623/1653/1621 1523/1551/1521
f 1525/1553/1523 1625/1655/1623 1624/1654/1622 1524/1552/1522
f 1526/1554/1524 1626/1656/1624 1625/1655/1623 1525/1553/1523
f 1527/1555/1525 1627/1657/1625 1626/1656/1624 1526/1554/1524
f 1528/1556/1526 1628/1658/1626 1627/1657/1625 1527/1555/1525
f 1529/1557/1527 1629/1659/1627 1628/1658/1626 1528/1556/1526
f 1530/1558/1528 1630/1660/1628 1629/1659/1627 1529/1557/1527
f 1531/1559/1529 1631/1661/1629 1630/1660/1628 1530/1558/1528
f 1532/1560/1530 1632/1662/1630 1631/1661/1629 1531/1559/1529
f 1533/1561/1531 1633/1663/1631 1632/1662/1630 1532/1560/1530
f 1534/1562/1532 1634/1664/1632 1633/1663/1631 1533/1561/1531
f 1535/1563/1533 1635/1665/1633 1634/1664/1632 1534/1562/1532
f 1536/1564/1534 1636/1666/1634 1635/1665/1633 1535/1563/1533
f 1537/1565/1535 1637/1667/1635 1636/1666/1634 1536/1564/1534
f 1538/1566/1536 1638/1668/1636 1637/1667/1635 1537/1565/1535
f 1539/1567/1537 1639/1669/1637 1638/1668/1636 1538/1566/1536
f 1540/1568/1538 1640/1670/1638 1639/1669/1637 1539/1567/1537
f 1541/1569/1539 1641/1671/1639 1640/1670/1638 1540/1568/1538
f 1542/1570/1540 1642/1672/1640 1641/1671/1639 1541/1569/1539
f 1543/1571/1541 1643/1673/1641 1642/1672/1640 1542/1570/1540
f 1544/1572/1542 1644/1674/1642 1643/1673/1641 1543/1571/1541
f 1545/1573/1543 1645/1675/1643 1644/1674/1642 1544/1572/1542
f 1546/1574/1544 1646/1676/1644 1645/1675/1643 1545/1573/1543
f 1547/1575/1545 1647/1677/1645 1646/1676/1644 1546/1574/1544
f 1548/1576/1546 1648/1678/1646 1647/1677/1645 1547/1575/1545
f 1549/1577/1547 1649/1679/1647 1648/1678/1646 1548/1576/1546
f 1550/1578/1548 1650/1680/1648 1649/1679/1647 1549/1577/1547
f 1551/1579/1549 1651/1681/1649 1650/1680/1648 1550/1578/1548
f 1552/1580/1550 1652/1682/1650 1651/1681/1649 1551/1579/1549
f 1553/1581/1551 1653/1683/1651 1652/1682/1650 1552/1580/1550
f 1554/1583/1552 1654/1685/1652 1653/1684/1651 1553/1582/1551
f 1555/1584/1553 1655/1686/1653 1654/1685/1652 1554/1583/1552
f 1556/1585/1554 1656/1687/1654 1655/1686/1653 1555/1584/1553
f 1557/1586/1555 1657/1688/1655 1656/1687/1654 1556/1585/1554
f 1558/1587/1556 1658/1689/1656 1657/1688/1655 1557/1586/1555
f 1559/1588/1557 1659/1690/1657 1658/1689/1656 1558/1587/1556
f 1560/1589/1558 1660/1691/1658 1659/1690/1657 1559/1588/1557
f 1561/1590/1559 1661/1692/1659 1660/1691/1658 1560/1589/1558
f 1562/1591/1560 1662/1693/1660 1661/1692/1659 1561/1590/1559
f 1563/1592/1561 1663/1694/1661 1662/1693/1660 1562/1591/1560
f 1564/1593/1562 1664/1695/1662 1663/1694/1661 1563/1592/1561
f 1565/1594/1563 1665/1696/1663 1664/1695/1662 1564/1593/1562
f 1566/1595/1564 1666/1697/1664 1665/1696/1663 1565/1594/1563
f 1567/1596/1565 1667/1698/1665 1666/1697/1664 1566/1595/1564
f 1568/1597/1566 1668/1699/1666 1667/1698/1665 1567/1596/1565
f 1569/1598/1567 1669/1700/1667 1668/1699/1666 1568/1597/1566
f 1570/1599/1568 1670/1701/1668 1669/1700/1667 1569/1598/1567
f 1571/1600/1569 1671/1702/1669 1670/1701/1668 1570/1599/1568
f 1572/1601/1570 1672/1703/1670 1671/1702/1669 1571/1600/1569
f 1573/1602/1571 1673/1704/1671 1672/1703/1670 1572/1601/1570
f 1574/1603/1572 1674/1705/1672 1673/1704/1671 1573/1602/1571
f 1575/1604/1573 1675/1706/1673 1674/1705/1672 1574/1603/1572
f 1576/1605/1574 1676/1707/1674 1675/1706/1673 1575/1604/1573
f 1577/1606/1575 1677/1708/1675 1676/1707/1674 1576/1605/1574
f 1578/1607/1576 1678/1709/1676 1677/1708/1675 1577/1606/1575
f 1579/1608/1577 1679/1710/1677 1678/1709/1676 1578/1607/1576
f 1580/1609/1578 1680/1711/1678 1679/1710/1677 1579/1608/1577
f 1581/1610/1579 1681/1712/1679 1680/1711/1678 1580/1609/1578
f 1582/1611/1580 1682/1713/1680 1681/1712/1679 1581/1610/1579
f 1583/1612/1581 1683/1714/1681 1682/1713/1680 1582/1611/1580
f 1584/1613/1582 1684/1715/1682 1683/1714/1681 1583/1612/1581
f 1585/1614/1583 1685/1716/1683 1684/1715/1682 1584/1613/1582
f 1586/1615/1584 1686/1717/1684 1685/1716/1683 1585/1614/1583
f 1587/1616/1585 1687/1718/1685 1686/1717/1684 1586/1615/1584
f 1588/1617/1586 1688/1719/1686 1687/1718/1685 1587/1616/1585
f 1589/1618/1587 1689/1720/1687 1688/1719/1686 1588/1617/1586
f 1590/1619/1588 1690/1721/1688 1689/1720/1687 1589/1618/1587
f 1591/1620/1589 1691/1722/1689 1690/1721/1688 1590/1619/1588
f 1592/1621/1590 1692/1723/1690 1691/1722/1689 1591/1620/1589
f 1593/1622/1591 1693/1724/1691 1692/1723/1690 1592/1621/1590
f 1594/1623/1592 1694/1725/1692 1693/1724/1691 1593/1622/1591
f 1595/1624/1593 1695/1726/1693 1694/1725/1692 1594/1623/1592
f 1596/1625/1594 1696/1727/1694 1695/1726/1693 1595/1624/1593
f 1597/1626/1595 1697/1728/1695 1696/1727/1694 1596/1625/1594
f 1598/1627/1596 1698/1729/1696 1697/1728/1695 1597/1626/1595
f 1599/1628/1597 1699/1730/1697 1698/1729/1696 1598/1627/1596
f 1600/1629/1598 1700/1731/1698 1699/1730/1697 1599/1628/1597
f 1601/1630/1599 1701/1732/1699 1700/1731/1698 1600/1629/1598
f 1602/1631/1600 1702/1733/1700 1701/1732/1699 1601/1630/1599
f 1503/1632/1501 1603/1734/1601 1702/1733/1700 1602/1631/1600
f 1604/1634/1602 1704/1736/1702 1703/1735/1701 1603/1633/1601
f 1605/1635/1603 1705/1737/1703 1704/1736/1702 1604/1634/1602
f 1606/1636/1604 1706/1738/1704 1705/1737/1703 1605/1635/1603
f 1607/1637/1605 1707/1739/1705 1706/1738/1704 1606/1636/1604
f 1608/1638/1606 1708/1740/1706 1707/1739/1705 1607/1637/1605
f 1609/1639/1607 1709/1741/1707 1708/1740/1706 1608/1638/1606
f 1610/1640/1608 1710/1742/1708 1709/1741/1707 1609/1639/1607
f 1611/1641/1609 1711/1743/1709 1710/1742/1708 1610/1640/1608
f 1612/1642/1610 1712/1744/1710 1711/1743/1709 1611/1641/1609
f 1613/1643/1611 1713/1745/1711 1712/1744/1710 1612/1642/1610
f 1614/1644/1612 1714/1746/1712 1713/1745/1711 1613/1643/1611
f 1615/1645/1613 1715/1747/1713 1714/1746/1712 1614/1644/1612
f 1616/1646/1614 1716/1748/1714 1715/1747/1713 1615/1645/1613
f 1617/1647/1615 1717/1749/1715 1716/1748/1714 1616/1646/1614
f 1618/1648/1616 1718/1750/1716 1717/1749/1715 1617/1647/1615
f 1619/1649/1617 1719/1751/1717 1718/1750/1716 1618/1648/1616
f 1620/1650/1618 1720/1752/1718 1719/1751/1717 1619/1649/1617
f 1621/1651/1619 1721/1753/1719 1720/1752/1718 1620/1650/1618
f 1622/1652/1620 1722/1754/1720 1721/1753/1719 1621/1651/1619
f 1623/1653/1621 1723/1755/1721 1722/1754/1720 1622/1652/1620
f 1624/1654/1622 1724/1756/1722 1723/1755/1721 1623/1653/1621
f 1625/1655/1623 1725/1757/1723 1724/1756/1722 1624/1654/1622
f 1626/1656/1624 1726/1758/1724 1725/1757/1723 1625/1655/1623
f 1627/1657/1625 1727/1759/1725 1726/1758/1724 1626/1656/1624
f 1628/1658/1626 1728/1760/1726 1727/1759/1725 1627/1657/1625
f 1629/1659/1627 1729/1761/1727 1728/1760/1726 1628/1658/1626
f 1630/1660/1628 1730/1762/1728 1729/1761/1727 1629/1659/1627
f 1631/1661/1629 1731/1763/1729 1730/1762/1728 1630/1660/1628
f 1632/1662/1630 1732/1764/1730 1731/1763/1729 1631/1661/1629
f 1633/1663/1631 1733/1765/1731 1732/1764/1730 1632/1662/1630
f 1634/1664/1632 1734/1766/1732 1733/1765/1731 1633/1663/1631
f 1635/1665/1633 1735/1767/1733 1734/1766/1732 1634/1664/1632
f 1636/1666/1634 1736/1768/1734 1735/1767/1733 1635/1665/1633
f 1637/1667/1635 1737/1769/1735 1736/1768/1734 1636/1666/1634
f 1638/1668/1636 1738/1770/1736 1737/1769/1735 1637/1667/1635
f 1639/1669/1637 1739/1771/1737 1738/1770/1736 1638/1668/1636
f 1640/1670/1638 1740/1772/1738 1739/1771/1737 1639/1669/1637
f 1641/1671/1639 1741/1773/1739 1740/1772/1738 1640/1670/1638
f 1642/1672/1640 1742/1774/1740 1741/1773/1739 1641/1671/1639
f 1643/1673/1641 1743/1775/1741 1742/1774/1740 1642/1672/1640
f 1644/1674/1642 1744/1776/1742 1743/1775/1741 1643/1673/1641
f 1645/1675/1643 1745/1777/1743 1744/1776/1742 1644/1674/1642
f 1646/1676/1644 1746/1778/1744 1745/1777/1743 1645/1675/1643
f 1647/1677/1645 1747/1779/1745 1746/1778/1744 1646/1676/1644
f 1648/1678/1646 1748/1780/1746 1747/1779/1745 1647/1677/1645
f 1649/1679/1647 1749/1781/1747 1748/1780/1746 1648/1678/1646
f 1650/1680/1648 1750/1782/1748 1749/1781/1747 1649/1679/1647
f 1651/1681/1649 1751/1783/1749 1750/1782/1748 1650/1680/1648
f 1652/1682/1650 1752/1784/1750 1751/1783/1749 1651/1681/1649
f 1653/1683/1651 1753/1785/1751 1752/1784/1750 1652/1682/1650
f 1654/1685/1652 1754/1787/1752 1753/1786/1751 1653/1684/1651
f 1655/1686/1653 1755/1788/1753 1754/1787/1752 1654/1685/1652
f 1656/1687/1654 1756/1789/1754 1755/1788/1753 1655/1686/1653
f 1657/1688/1655 1757/1790/1755 1756/1789/1754 1656/1687/1654
f 1658/1689/1656 1758/1791/1756 1757/1790/1755 1657/1688/1655
f 1659/1690/1657 1759/1792/1757 1758/1791/1756 1658/1689/1656
f 1660/1691/1658 1760/1793/1758 1759/1792/1757 1659/1690/1657
f 1661/1692/1659 1761/1794/1759 1760/1793/1758 1660/1691/1658
f 1662/1693/1660 1762/1795/1760 1761/1794/1759 1661/1692/1659
f 1663/1694/1661 1763/1796/1761 1762/1795/1760 1662/1693/1660
f 1664/1695/1662 1764/1797/1762 1763/1796/1761 1663/1694/1661
f 1665/1696/1663 1765/1798/1763 1764/1797/1762 1664/1695/1662
f 1666/1697/1664 1766/1799/1764 1765/1798/1763 1665/1696/1663
f 1667/1698/1665 1767/1800/1765 1766/1799/1764 1666/1697/1664
f 1668/1699/1666 1768/1801/1766 1767/1800/1765 1667/1698/1665
f 1669/1700/1667 1769/1802/1767 1768/1801/1766 1668/1699/1666
f 1670/1701/1668 1770/1803/1768 1769/1802/1767 1669/1700/1667
f 1671/1702/1669 1771/1804/1769 1770/1803/1768 1670/1701/1668
f 1672/1703/1670 1772/1805/1770 1771/1804/1769 1671/1702/1669
f 1673/1704/1671 1773/1806/1771 1772/1805/1770 1672/1703/1670
f 1674/1705/1672 1774/1807/1772 1773/1806/1771 1673/1704/1671
f 1675/1706/1673 1775/1808/1773 1774/1807/1772 1674/1705/1672
f 1676/1707/1674 1776/1809/1774 1775/1808/1773 1675/1706/1673
f 1677/1708/1675 1777/1810/1775 1776/1809/1774 1676/1707/1674
f 1678/1709/1676 1778/1811/1776 1777/1810/1775 1677/1708/1675
f 1679/1710/1677 1779/1812/1777 1778/1811/1776 1678/1709/1676
f 1680/1711/1678 1780/1813/1778 1779/1812/1777 1679/1710/1677
f 1681/1712/1679 1781/1814/1779 1780/1813/1778 1680/1711/1678
f 1682/1713/1680 1782/1815/1780 1781/1814/1779 1681/1712/1679
f 1683/1714/1681 1783/1816/1781 1782/1815/1780 1682/1713/1680
f 1684/1715/1682 1784/1817/1782 1783/1816/1781 1683/1714/1681
f 1685/1716/1683 1785/1818/1783 1784/1817/1782 1684/1715/1682
f 1686/1717/1684 1786/1819/1784 1785/1818/1783 1685/1716/1683
f 1687/1718/1685 1787/1820/1785 1786/1819/1784 1686/1717/1684
f 1688/1719/1686 1788/1821/1786 1787/1820/1785 1687/1718/1685
f 1689/1720/1687 1789/1822/1787 1788/1821/1786 1688/1719/1686
f 1690/1721/1688 1790/1823/1788 1789/1822/1787 1689/1720/1687
f 1691/1722/1689 1791/1824/1789 1790/1823/1788 1690/1721/1688
f 1692/1723/1690 1792/1825/1790 1791/1824/1789 1691/1722/1689
f 1693/1724/1691 1793/1826/1791 1792/1825/1790 1692/1723/1690
f 1694/1725/1692 1794/1827/1792 1793/1826/1791 1693/1724/1691
f 1695/1726/1693 1795/1828/1793 1794/1827/1792 1694/1725/1692
f 1696/1727/1694 1796/1829/1794 1795/1828/1793 1695/1726/1693
f 1697/1728/1695 1797/1830/1795 1796/1829/1794 1696/1727/1694
f 1698/1729/1696 1798/1831/1796 1797/1830/1795 1697/1728/1695
f 1699/1730/1697 1799/1832/1797 1798/1831/1796 1698/1729/1696
f 1700/1731/1698 1800/1833/1798 1799/1832/1797 1699/1730/1697
f 1701/1732/1699 1801/1834/1799 1800/1833/1798 1700/1731/1698
f 1702/1733/1700 1802/1835/1800 1801/1834/1799 1701/1732/1699
f 1603/1734/1601 1703/1836/1701 1802/1835/1800 1702/1733/1700
f 1704/1736/1702 1804/1838/1802 1803/1837/1801 1703/1735/1701
f 1705/1737/1703 1805/1839/1803 1804/1838/1802 1704/1736/1702
f 1706/1738/1704 1806/1840/1804 1805/1839/1803 1705/1737/1703
f 1707/1739/1705 1807/1841/1805 1806/1840/1804 1706/1738/1704
f 1708/1740/1706 1808/1842/1806 1807/1841/1805 1707/1739/1705
f 1709/1741/1707 1809/1843/1807 1808/1842/1806 1708/1740/1706
f 1710/1742/1708 1810/1844/1808 1809/1843/1807 1709/1741/1707
f 1711/1743/1709 1811/1845/1809 1810/1844/1808 1710/1742/1708
f 1712/1744/1710 1812/1846/1810 1811/1845/1809 1711/1743/1709
f 1713/1745/1711 1813/1847/1811 1812/1846/1810 1712/1744/1710
f 1714/1746/1712 1814/1848/1812 1813/1847/1811 1713/1745/1711
f 1715/1747/1713 1815/1849/1813 1814/1848/1812 1714/1746/1712
f 1716/1748/1714 1816/1850/1814 1815/1849/1813 1715/1747/1713
f 1717/1749/1715 1817/1851/1815 1816/1850/1814 1716/1748/1714
f 1718/1750/1716 1818/1852/1816 1817/1851/1815 1717/1749/1715
f 1719/1751/1717 1819/1853/1817 1818/1852/1816 1718/1750/1716
f 1720/1752/1718 1820/1854/1818 1819/1853/1817 1719/1751/1717
f 1721/1753/1719 1821/1855/1819 1820/1854/1818 1720/1752/1718
f 1722/1754/1720 1822/1856/1820 1821/1855/1819 1721/1753/1719
f 1723/1755/1721 1823/1857/1821 1822/1856/1820 1722/1754/1720
f 1724/1756/1722 1824/1858/1822 1823/1857/1821 1723/1755/1721
f 1725/1757/1723 1825/1859/1823 1824/1858/1822 1724/1756/1722
f 1726/1758/1724 1826/1860/1824 1825/1859/1823 1725/1757/1723
f 1727/1759/1725 1827/1861/1825 1826/1860/1824 1726/1758/1724
f 1728/1760/1726 1828/1862/1826 1827/1861/1825 1727/1759/1725
f 1729/1761/1727 1829/1863/1827 1828/1862/1826 1728/1760/1726
f 1730/1762/1728 1830/1864/1828 1829/1863/1827 1729/1761/1727
f 1731/1763/1729 1831/1865/1829 1830/1864/1828 1730/1762/1728
f 1732/1764/1730 1832/1866/1830 1831/1865/1829 1731/1763/1729
f 1733/1765/1731 1833/1867/1831 1832/1866/1830 1732/1764/1730
f 1734/1766/1732 1834/1868/1832 1833/1867/1831 1733/1765/1731
f 1735/1767/1733 1835/1869/1833 1834/1868/1832 1734/1766/1732
f 1736/1768/1734 1836/1870/1834 1835/1869/1833 1735/1767/1733
f 1737/1769/1735 1837/1871/1835 1836/1870/1834 1736/1768/1734
f 1738/1770/1736 1838/1872/1836 1837/1871/1835 1737/1769/1735
f 1739/1771/1737 1839/1873/1837 1838/1872/1836 1738/1770/1736
f 1740/1772/1738 1840/1874/1838 1839/1873/1837 1739/1771/1737
f 1741/1773/1739 1841/1875/1839 1840/1874/1838 1740/1772/1738
f 1742/1774/1740 1842/1876/1840 1841/1875/1839 1741/1773/1739
f 1743/1775/1741 1843/1877/1841 1842/1876/1840 1742/1774/1740
f 1744/1776/1742 1844/1878/1842 1843/1877/1841 1743/1775/1741
f 1745/1777/1743 1845/1879/1843 1844/1878/1842 1744/1776/1742
f 1746/1778/1744 1846/1880/1844 1845/1879/1843 1745/1777/1743
f 1747/1779/1745 1847/1881/1845 1846/1880/1844 1746/1778/1744
f 1748/1780/1746 1848/1882/1846 1847/1881/1845 1747/1779/1745
f 1749/1781/1747 1849/1883/1847 1848/1882/1846 1748/1780/1746
f 1750/1782/1748 1850/1884/1848 1849/1883/1847 1749/1781/1747
f 1751/1783/1749 1851/1885/1849 1850/1884/1848 1750/1782/1748
f 1752/1784/1750 1852/1886/1850 1851/1885/1849 1751/1783/1749
f 1753/1785/1751 1853/1887/1851 1852/1886/1850 1752/1784/1750
f 1754/1787/1752 1854/1889/1852 1853/1888/1851 1753/1786/1751
f 1755/1788/1753 1855/1890/1853 1854/1889/1852 1754/1787/1752
f 1756/1789/1754 1856/1891/1854 1855/1890/1853 1755/1788/1753
f 1757/1790/1755 1857/1892/1855 1856/1891/1854 1756/1789/1754
f 1758/1791/1756 1858/1893/1856 1857/1892/1855 1757/1790/1755
f 1759/1792/1757 1859/1894/1857 1858/1893/1856 1758/1791/1756
f 1760/1793/1758 1860/1895/1858 1859/1894/1857 1759/1792/1757
f 1761/1794/1759 1861/1896/1859 1860/1895/1858 1760/1793/1758
f 1762/1795/1760 1862/1897/1860 1861/1896/1859 1761/1794/1759
f 1763/1796/1761 1863/1898/1861 1862/1897/1860 1762/1795/1760
f 1764/1797/1762 1864/1899/1862 1863/1898/1861 1763/1796/1761
f 1765/1798/1763 1865/1900/1863 1864/1899/1862 1764/1797/1762
f 1766/1799/1764 1866/1901/1864 1865/1900/1863 1765/1798/1763
f 1767/1800/1765 1867/1902/1865 1866/1901/1864 1766/1799/1764
f 1768/1801/1766 1868/1903/1866 1867/1902/1865 1767/1800/1765
f 1769/1802/1767 1869/1904/1867 1868/1903/1866 1768/1801/1766
f 1770/1803/1768 1870/1905/1868 1869/1904/1867 1769/1802/1767
f 1771/1804/1769 1871/1906/1869 1870/1905/1868 1770/1803/1768
f 1772/1805/1770 1872/1907/1870 1871/1906/1869 1771/1804/1769
f 1773/1806/1771 1873/1908/1871 1872/1907/1870 1772/1805/1770
f 1774/1807/1772 1874/1909/1872 1873/1908/1871 1773/1806/1771
f 1775/1808/1773 1875/1910/1873 1874/1909/1872 1774/1807/1772
f 1776/1809/1774 1876/1911/1874 1875/1910/1873 1775/1808/1773
f 1777/1810/1775 1877/1912/1875 1876/1911/1874 1776/1809/1774
f 1778/1811/1776 1878/1913/1876 1877/1912/1875 1777/1810/1775
f 1779/1812/1777 1879/1914/1877 1878/1913/1876 1778/1811/1776
f 1780/1813/1778 1880/1915/1878 1879/1914/1877 1779/1812/1777
f 1781/1814/1779 1881/1916/1879 1880/1915/1878 1780/1813/1778
f 1782/1815/1780 1882/1917/1880 1881/1916/1879 1781/1814/1779
f 1783/1816/1781 1883/1918/1881 1882/1917/1880 1782/1815/1780
f 1784/1817/1782 1884/1919/1882 1883/1918/1881 1783/1816/1781
f 1785/1818/1783 1885/1920/1883 1884/1919/1882 1784/1817/1782
f 1786/1819/1784 1886/1921/1884 1885/1920/1883 1785/1818/1783
f 1787/1820/1785 1887/1922/1885 1886/1921/1884 1786/1819/1784
f 1788/1821/1786 1888/1923/1886 1887/1922/1885 1787/1820/1785
f 1789/1822/1787 1889/1924/1887 1888/1923/1886 1788/1821/1786
f 1790/1823/1788 1890/1925/1888 1889/1924/1887 1789/1822/1787
f 1791/1824/1789 1891/1926/1889 1890/1925/1888 1790/1823/1788
f 1792/1825/1790 1892/1927/1890 1891/1926/1889 1791/1824/1789
f 1793/1826/1791 1893/1928/1891 1892/1927/1890 1792/1825/1790
f 1794/1827/1792 1894/1929/1892 1893/1928/1891 1793/1826/1791
f 1795/1828/1793 1895/1930/1893 1894/1929/1892 1794/1827/1792
f 1796/1829/1794 1896/1931/1894 1895/1930/1893 1795/1828/1793
f 1797/1830/1795 1897/1932/1895 1896/1931/1894 1796/1829/1794
f 1798/1831/1796 1898/1933/1896 1897/1932/1895 1797/1830/1795
f 1799/1832/1797 1899/1934/1897 1898/1933/1896 1798/1831/1796
f 1800/1833/1798 1900/1935/1898 1899/1934/1897 1799/1832/1797
f 1801/1834/1799 1901/1936/1899 1900/1935/1898 1800/1833/1798
f 1802/1835/1800 1902/1937/1900 1901/1936/1899 1801/1834/1799
f 1703/1836/1701 1803/1938/1801 1902/1937/1900 1802/1835/1800
f 1804/1838/1802 1904/1940/1902 1903/1939/1901 1803/1837/1801
f 1805/1839/1803 1905/1941/1903 1904/1940/1902 1804/1838/1802
f 1806/1840/1804 1906/1942/1904 1905/1941/1903 1805/1839/1803
f 1807/1841/1805 1907/1943/1905 1906/1942/1904 1806/1840/1804
f 1808/1842/1806 1908/1944/1906 1907/1943/1905 1807/1841/1805
f 1809/1843/1807 1909/1945/1907 1908/1944/1906 1808/1842/1806
f 1810/1844/1808 1910/1946/1908 1909/1945/1907 1809/1843/1807
f 1811/1845/1809 1911/1947/1909 1910/1946/1908 1810/1844/1808
f 1812/1846/1810 1912/1948/1910 1911/1947/1909 1811/1845/1809
f 1813/1847/1811 1913/1949/1911 1912/1948/1910 1812/1846/1810
f 1814/1848/1812 1914/1950/1912 1913/1949/1911 1813/1847/1811
f 1815/1849/1813 1915/1951/1913 1914/1950/1912 1814/1848/1812
f 1816/1850/1814 1916/1952/1914 1915/1951/1913 1815/1849/1813
f 1817/1851/1815 1917/1953/1915 1916/1952/1914 1816/1850/1814
f 1818/1852/1816 1918/1954/1916 1917/1953/1915 1817/1851/1815
f 1819/1853/1817 1919/1955/1917 1918/1954/1916 1818/1852/1816
f 1820/1854/1818 1920/1956/1918 1919/1955/1917 1819/1853/1817
f 1821/1855/1819 1921/1957/1919 1920/1956/1918 1820/1854/1818
f 1822/1856/1820 1922/1958/1920 1921/1957/1919 1821/1855/1819
f 1823/1857/1821 1923/1959/1921 1922/1958/1920 1822/1856/1820
f 1824/1858/1822 1924/1960/1922 1923/1959/1921 1823/1857/1821
f 1825/1859/1823 1925/1961/1923 1924/1960/1922 1824/1858/1822
f 1826/1860/1824 1926/1962/1924 1925/1961/1923 1825/1859/1823
f 1827/1861/1825 1927/1963/1925 1926/1962/1924 1826/1860/1824
f 1828/1862/1826 1928/1964/1926 1927/1963/1925 1827/1861/1825
f 1829/1863/1827 1929/1965/1927 1928/1964/1926 1828/1862/1826
f 1830/1864/1828 1930/1966/1928 1929/1965/1927 1829/1863/1827
f 1831/1865/1829 1931/1967/1929 1930/1966/1928 1830/1864/1828
f 1832/1866/1830 1932/1968/1930 1931/1967/1929 1831/1865/1829
f 1833/1867/1831 1933/1969/1931 1932/1968/1930 1832/1866/1830
f 1834/1868/1832 1934/1970/1932 1933/1969/1931 1833/1867/1831
f 1835/1869/1833 1935/1971/1933 1934/1970/1932 1834/1868/1832
f 1836/1870/1834 1936/1972/1934 1935/1971/1933 1835/1869/1833
f 1837/1871/1835 1937/1973/1935 1936/1972/1934 1836/1870/1834
f 1838/1872/1836 1938/1974/1936 1937/1973/1935 1837/1871/1835
f 1839/1873/1837 1939/1975/1937 1938/1974/1936 1838/1872/1836
f 1840/1874/1838 1940/1976/1938 1939/1975/1937 1839/1873/1837
f 1841/1875/1839 1941/1977/1939 1940/1976/1938 1840/1874/1838
f 1842/1876/1840 1942/1978/1940 1941/1977/1939 1841/1875/1839
f 1843/1877/1841 1943/1979/1941 1942/1978/1940 1842/1876/1840
f 1844/1878/1842 1944/1980/1942 1943/1979/1941 1843/1877/1841
f 1845/1879/1843 1945/1981/1943 1944/1980/1942 1844/1878/1842
f 1846/1880/1844 1946/1982/1944 1945/1981/1943 1845/1879/1843
f 1847/1881/1845 1947/1983/1945 1946/1982/1944 1846/1880/1844
f 1848/1882/1846 1948/1984/1946 1947/1983/1945 1847/1881/1845
f 1849/1883/1847 1949/1985/1947 1948/1984/1946 1848/1882/1846
f 1850/1884/1848 1950/1986/1948 1949/1985/1947 1849/1883/1847
f 1851/1885/1849 1951/1987/1949 1950/1986/1948 1850/1884/1848
f 1852/1886/1850 1952/1988/1950 1951/1987/1949 1851/1885/1849
f 1853/1887/1851 1953/1989/1951 1952/1988/1950 1852/1886/1850
f 1854/1889/1852 1954/1991/1952 1953/1990/1951 1853/1888/1851
f 1855/1890/1853 1955/1992/1953 1954/1991/1952 1854/1889/1852
f 1856/1891/1854 1956/1993/1954 1955/1992/1953 1855/1890/1853
f 1857/1892/1855 1957/1994/1955 1956/1993/1954 1856/1891/1854
f 1858/1893/1856 1958/1995/1956 1957/1994/1955 1857/1892/1855
f 1859/1894/1857 1959/1996/1957 1958/1995/1956 1858/1893/1856
f 1860/1895/1858 1960/1997/1958 1959/1996/1957 1859/1894/1857
f 1861/1896/1859 1961/1998/1959 1960/1997/1958 1860/1895/1858
f 1862/1897/1860 1962/1999/1960 1961/1998/1959 1861/1896/1859
f 1863/1898/1861 1963/2000/1961 1962/1999/1960 1862/1897/1860
f 1864/1899/1862 1964/2001/1962 1963/2000/1961 1863/1898/1861
f 1865/1900/1863 1965/2002/1963 1964/2001/1962 1864/1899/1862
f 1866/1901/1864 1966/2003/1964 1965/2002/1963 1865/1900/1863
f 1867/1902/1865 1967/2004/1965 1966/2003/1964 1866/1901/1864
f 1868/1903/1866 1968/2005/1966 1967/2004/1965 1867/1902/1865
f 1869/1904/1867 1969/2006/1967 1968/2005/1966 1868/1903/1866
f 1870/1905/1868 1970/2007/1968 1969/2006/1967 1869/1904/1867
f 1871/1906/1869 1971/2008/1969 1970/2007/1968 1870/1905/1868
f 1872/1907/1870 1972/2009/1970 1971/2008/1969 1871/1906/1869
f 1873/1908/1871 1973/2010/1971 1972/2009/1970 1872/1907/1870
f 1874/1909/1872 1974/2011/1972 1973/2010/1971 1873/1908/1871
f 1875/1910/1873 1975/2012/1973 1974/2011/1972 1874/1909/1872
f 1876/1911/1874 1976/2013/1974 1975/2012/1973 1875/1910/1873
f 1877/1912/1875 1977/2014/1975 1976/2013/1974 1876/1911/1874
f 1878/1913/1876 1978/2015/1976 1977/2014/1975 1877/1912/1875
f 1879/1914/1877 1979/2016/1977 1978/2015/1976 1878/1913/1876
f 1880/1915/1878 1980/2017/1978 1979/2016/1977 1879/1914/1877
f 1881/1916/1879 1981/2018/1979 1980/2017/1978 1880/1915/1878
f 1882/1917/1880 1982/2019/1980 1981/2018/1979 1881/1916/1879
f 1883/1918/1881 1983/2020/1981 1982/2019/1980 1882/1917/1880
f 1884/1919/1882 1984/2021/1982 1983/2020/1981 1883/1918/1881
f 1885/1920/1883 1985/2022/1983 1984/2021/1982 1884/1919/1882
f 1886/1921/1884 1986/2023/1984 1985/2022/1983 1885/1920/1883
f 1887/1922/1885 1987/2024/1985 1986/2023/1984 1886/1921/1884
f 1888/1923/1886 1988/2025/1986 1987/2024/1985 1887/1922/1885
f 1889/1924/1887 1989/2026/1987 1988/2025/1986 1888/1923/1886
f 1890/1925/1888 1990/2027/1988 1989/2026/1987 1889/1924/1887
f 1891/1926/1889 1991/2028/1989 1990/2027/1988 1890/1925/1888
f 1892/1927/1890 1992/2029/1990 1991/2028/1989 1891/1926/1889
f 1893/1928/1891 1993/2030/1991 1992/2029/1990 1892/1927/1890
f 1894/1929/1892 1994/2031/1992 1993/2030/1991 1893/1928/1891
f 1895/1930/1893 1995/2032/1993 1994/2031/1992 1894/1929/1892
f 1896/1931/1894 1996/2033/1994 1995/2032/1993 1895/1930/1893
f 1897/1932/1895 1997/2034/1995 1996/2033/1994 1896/1931/1894
f 1898/1933/1896 1998/2035/1996 1997/2034/1995 1897/1932/1895
f 1899/1934/1897 1999/2036/1997 1998/2035/1996 1898/1933/1896
f 1900/1935/1898 2000/2037/1998 1999/2036/1997 1899/1934/1897
f 1901/1936/1899 2001/2038/1999 2000/2037/1998 1900/1935/1898
f 1902/1937/1900 2002/2039/2000 2001/2038/1999 1901/1936/1899
f 1803/1938/1801 1903/2040/1901 2002/2039/2000 1902/1937/1900
f 1904/1940/1902 2004/2042/2002 2003/2041/2001 1903/1939/1901
f 1905/1941/1903 2005/2043/2003 2004/2042/2002 1904/1940/1902
f 1906/1942/1904 2006/2044/2004 2005/2043/2003 1905/1941/1903
f 1907/1943/1905 2007/2045/2005 2006/2044/2004 1906/1942/1904
f 1908/1944/1906 2008/2046/2006 2007/2045/2005 1907/1943/1905
f 1909/1945/1907 2009/2047/2007 2008/2046/2006 1908/1944/1906
f 1910/1946/1908 2010/2048/2008 2009/2047/2007 1909/1945/1907
f 1911/1947/1909 2011/2049/2009 2010/2048/2008 1910/1946/1908
f 1912/1948/1910 2012/2050/2010 2011/2049/2009 1911/1947/1909
f 1913/1949/1911 2013/2051/2011 2012/2050/2010 1912/1948/1910
f 1914/1950/1912 2014/2052/2012 2013/2051/2011 1913/1949/1911
f 1915/1951/1913 2015/2053/2013 2014/2052/2012 1914/1950/1912
f 1916/1952/1914 2016/2054/2014 2015/2053/2013 1915/1951/1913
f 1917/1953/1915 2017/2055/2015 2016/2054/2014 1916/1952/1914
f 1918/1954/1916 2018/2056/2016 2017/2055/2015 1917/1953/1915
f 1919/1955/1917 2019/2057/2017 2018/2056/2016 1918/1954/1916
f 1920/1956/1918 2020/2058/2018 2019/2057/2017 1919/1955/1917
f 1921/1957/1919 2021/2059/2019 2020/2058/2018 1920/1956/1918
f 1922/1958/1920 2022/2060/2020 2021/2059/2019 1921/1957/1919
f 1923/1959/1921 2023/2061/2021 2022/2060/2020 1922/1958/1920
f 1924/1960/1922 2024/2062/2022 2023/2061/2021 1923/1959/1921
f 1925/1961/1923 2025/2063/2023 2024/2062/2022 1924/1960/1922
f 1926/1962/1924 2026/2064/2024 2025/2063/2023 1925/1961/1923
f 1927/1963/1925 2027/2065/2025 2026/2064/2024 1926/1962/1924
f 1928/1964/1926 2028/2066/2026 2027/2065/2025 1927/1963/1925
f 1929/1965/1927 2029/2067/2027 2028/2066/2026 1928/1964/1926
f 1930/1966/1928 2030/2068/2028 2029/2067/2027 1929/1965/1927
f 1931/1967/1929 2031/2069/2029 2030/2068/2028 1930/1966/1928
f 1932/1968/1930 2032/2070/2030 2031/2069/2029 1931/1967/1929
f 1933/1969/1931 2033/2071/2031 2032/2070/2030 1932/1968/1930
f 1934/1970/1932 2034/2072/2032 2033/2071/2031 1933/1969/1931
f 1935/1971/1933 2035/2073/2033 2034/2072/2032 1934/1970/1932
f 1936/1972/1934 2036/2074/2034 2035/2073/2033 1935/1971/1933
f 1937/1973/1935 2037/2075/2035 2036/2074/2034 1936/1972/1934
f 1938/1974/1936 2038/2076/2036 2037/2075/2035 1937/1973/1935
f 1939/1975/1937 2039/2077/2037 2038/2076/2036 1938/1974/1936
f 1940/1976/1938 2040/2078/2038 2039/2077/2037 1939/1975/1937
f 1941/1977/1939 2041/2079/2039 2040/2078/2038 1940/1976/1938
f 1942/1978/1940 2042/2080/2040 2041/2079/2039 1941/1977/1939
f 1943/1979/1941 2043/2081/2041 2042/2080/2040 1942/1978/1940
f 1944/1980/1942 2044/2082/2042 2043/2081/2041 1943/1979/1941
f 1945/1981/1943 2045/2083/2043 2044/2082/2042 1944/1980/1942
f 1946/1982/1944 2046/2084/2044 2045/2083/2043 1945/1981/1943
f 1947/1983/1945 2047/2085/2045 2046/2084/2044 1946/1982/1944
f 1948/1984/1946 2048/2086/2046 2047/2085/2045 1947/1983/1945
f 1949/1985/1947 2049/2087/2047 2048/2086/2046 1948/1984/1946
f 1950/1986/1948 2050/2088/2048 2049/2087/2047 1949/1985/1947
f 1951/1987/1949 2051/2089/2049 2050/2088/2048 1950/1986/1948
f 1952/1988/1950 2052/2090/2050 2051/2089/2049 1951/1987/1949
f 1953/1989/1951 2053/2091/2051 2052/2090/2050 1952/1988/1950
f 1954/1991/1952 2054/2093/2052 2053/2092/2051 1953/1990/1951
f 1955/1992/1953 2055/2094/2053 2054/2093/2052 1954/1991/1952
f 1956/1993/1954 2056/2095/2054 2055/2094/2053 1955/1992/1953
f 1957/1994/1955 2057/2096/2055 2056/2095/2054 1956/1993/1954
f 1958/1995/1956 2058/2097/2056 2057/2096/2055 1957/1994/1955
f 1959/1996/1957 2059/2098/2057 2058/2097/2056 1958/1995/1956
f 1960/1997/1958 2060/2099/2058 2059/2098/2057 1959/1996/1957
f 1961/1998/1959 2061/2100/2059 2060/2099/2058 1960/1997/1958
f 1962/1999/1960 2062/2101/2060 2061/2100/2059 1961/1998/1959
f 1963/2000/1961 2063/2102/2061 2062/2101/2060 1962/1999/1960
f 1964/2001/1962 2064/2103/2062 2063/2102/2061 1963/2000/1961
f 1965/2002/1963 2065/2104/2063 2064/2103/2062 1964/2001/1962
f 1966/2003/1964 2066/2105/2064 2065/2104/2063 1965/2002/1963
f 1967/2004/1965 2067/2106/2065 2066/2105/2064 1966/2003/1964
f 1968/2005/1966 2068/2107/2066 2067/2106/2065 1967/2004/1965
f 1969/2006/1967 2069/2108/2067 2068/2107/2066 1968/2005/1966
f 1970/2007/1968 2070/2109/2068 2069/2108/2067 1969/2006/1967
f 1971/2008/1969 2071/2110/2069 2070/2109/2068 1970/2007/1968
f 1972/2009/1970 2072/2111/2070 2071/2110/2069 1971/2008/1969
f 1973/2010/1971 2073/2112/2071 2072/2111/2070 1972/2009/1970
f 1974/2011/1972 2074/2113/2072 2073/2112/2071 1973/2010/1971
f 1975/2012/1973 2075/2114/2073 2074/2113/2072 1974/2011/1972
f 1976/2013/1974 2076/2115/2074 2075/2114/2073 1975/2012/1973
f 1977/2014/1975 2077/2116/2075 2076/2115/2074 1976/2013/1974
f 1978/2015/1976 2078/2117/2076 2077/2116/2075 1977/2014/1975
f 1979/2016/1977 2079/2118/2077 2078/2117/2076 1978/2015/1976
f 1980/2017/1978 2080/2119/2078 2079/2118/2077 1979/2016/1977
f 1981/2018/1979 2081/2120/2079 2080/2119/2078 1980/2017/1978
f 1982/2019/1980 2082/2121/2080 2081/2120/2079 1981/2018/1979
f 1983/2020/1981 2083/2122/2081 2082/2121/2080 1982/2019/1980
f 1984/2021/1982 2084/2123/2082 2083/2122/2081 1983/2020/1981
f 1985/2022/1983 2085/2124/2083 2084/2123/2082 1984/2021/1982
f 1986/2023/1984 2086/2125/2084 2085/2124/2083 1985/2022/1983
f 1987/2024/1985 2087/2126/2085 2086/2125/2084 1986/2023/1984
f 1988/2025/1986 2088/2127/2086 2087/2126/2085 1987/2024/1985
f 1989/2026/1987 2089/2128/2087 2088/2127/2086 1988/2025/1986
f 1990/2027/1988 2090/2129/2088 2089/2128/2087 1989/2026/1987
f 1991/2028/1989 2091/2130/2089 2090/2129/2088 1990/2027/1988
f 1992/2029/1990 2092/2131/2090 2091/2130/2089 1991/2028/1989
f 1993/2030/1991 2093/2132/2091 2092/2131/2090 1992/2029/1990
f 1994/2031/1992 2094/2133/2092 2093/2132/2091 1993/2030/1991
f 1995/2032/1993 2095/2134/2093 2094/2133/2092 1994/2031/1992
f 1996/2033/1994 2096/2135/2094 2095/2134/2093 1995/2032/1993
f 1997/2034/1995 2097/2136/2095 2096/2135/2094 1996/2033/1994
f 1998/2035/1996 2098/2137/2096 2097/2136/2095 1997/2034/1995
f 1999/2036/1997 2099/2138/2097 2098/2137/2096 1998/2035/1996
f 2000/2037/1998 2100/2139/2098 2099/2138/2097 1999/2036/1997
f 2001/2038/1999 2101/2140/2099 2100/2139/2098 2000/2037/1998
f 2002/2039/2000 2102/2141/2100 2101/2140/2099 2001/2038/1999
f 1903/2040/1901 2003/2142/2001 2102/2141/2100 2002/2039/2000
f 2004/2042/2002 2104/2144/2102 2103/2143/2101 2003/2041/2001
f 2005/2043/2003 2105/2145/2103 2104/2144/2102 2004/2042/2002
f 2006/2044/2004 2106/2146/2104 2105/2145/2103 2005/2043/2003
f 2007/2045/2005 2107/2147/2105 2106/2146/2104 2006/2044/2004
f 2008/2046/2006 2108/2148/2106 2107/2147/2105 2007/2045/2005
f 2009/2047/2007 2109/2149/2107 2108/2148/2106 2008/2046/2006
f 2010/2048/2008 2110/2150/2108 2109/2149/2107 2009/2047/2007
f 2011/2049/2009 2111/2151/2109 2110/2150/2108 2010/2048/2008
f 2012/2050/2010 2112/2152/2110 2111/2151/2109 2011/2049/2009
f 2013/2051/2011 2113/2153/2111 2112/2152/2110 2012/2050/2010
f 2014/2052/2012 2114/2154/2112 2113/2153/2111 2013/2051/2011
f 2015/2053/2013 2115/2155/2113 2114/2154/2112 2014/2052/2012
f 2016/2054/2014 2116/2156/2114 2115/2155/2113 2015/2053/2013
f 2017/2055/2015 2117/2157/2115 2116/2156/2114 2016/2054/2014
f 2018/2056/2016 2118/2158/2116 2117/2157/2115 2017/2055/2015
f 2019/2057/2017 2119/2159/2117 2118/2158/2116 2018/2056/2016
f 2020/2058/2018 2120/2160/2118 2119/2159/2117 2019/2057/2017
f 2021/2059/2019 2121/2161/2119 2120/2160/2118 2020/2058/2018
f 2022/2060/2020 2122/2162/2120 2121/2161/2119 2021/2059/2019
f 2023/2061/2021 2123/2163/2121 2122/2162/2120 2022/2060/2020
f 2024/2062/2022 2124/2164/2122 2123/2163/2121 2023/2061/2021
f 2025/2063/2023 2125/2165/2123 2124/2164/2122 2024/2062/2022
f 2026/2064/2024 2126/2166/2124 2125/2165/2123 2025/2063/2023
f 2027/2065/2025 2127/2167/2125 2126/2166/2124 2026/2064/2024
f 2028/2066/2026 2128/2168/2126 2127/2167/2125 2027/2065/2025
f 2029/2067/2027 2129/2169/2127 2128/2168/2126 2028/2066/2026
f 2030/2068/2028 2130/2170/2128 2129/2169/2127 2029/2067/2027
f 2031/2069/2029 2131/2171/2129 2130/2170/2128 2030/2068/2028
f 2032/2070/2030 2132/2172/2130 2131/2171/2129 2031/2069/2029
f 2033/2071/2031 2133/2173/2131 2132/2172/2130 2032/2070/2030
f 2034/2072/2032 2134/2174/2132 2133/2173/2131 2033/2071/2031
f 2035/2073/2033 2135/2175/2133 2134/2174/2132 2034/2072/2032
f 2036/2074/2034 2136/2176/2134 2135/2175/2133 2035/2073/2033
f 2037/2075/2035 2137/2177/2135 2136/2176/2134 2036/2074/2034
f 2038/2076/2036 2138/2178/2136 2137/2177/2135 2037/2075/2035
f 2039/2077/2037 2139/2179/2137 2138/2178/2136 2038/2076/2036
f 2040/2078/2038 2140/2180/2138 2139/2179/2137 2039/2077/2037
f 2041/2079/2039 2141/2181/2139 2140/2180/2138 2040/2078/2038
f 2042/2080/2040 2142/2182/2140 2141/2181/2139 2041/2079/2039
f 2043/2081/2041 2143/2183/2141 2142/2182/2140 2042/2080/2040
f 2044/2082/2042 2144/2184/2142 2143/2183/2141 2043/2081/2041
f 2045/2083/2043 2145/2185/2143 2144/2184/2142 2044/2082/2042
f 2046/2084/2044 2146/2186/2144 2145/2185/2143 2045/2083/2043
f 2047/2085/2045 2147/2187/2145 2146/2186/2144 2046/2084/2044
f 2048/2086/2046 2148/2188/2146 2147/2187/2145 2047/2085/2045
f 2049/2087/2047 2149/2189/2147 2148/2188/2146 2048/2086/2046
f 2050/2088/2048 2150/2190/2148 2149/2189/2147 2049/2087/2047
f 2051/2089/2049 2151/2191/2149 2150/2190/2148 2050/2088/2048
f 2052/2090/2050 2152/2192/2150 2151/2191/2149 2051/2089/2049
f 2053/2091/2051 2153/2193/2151 2152/2192/2150 2052/2090/2050
f 2054/2093/2052 2154/2195/2152 2153/2194/2151 2053/2092/2051
f 2055/2094/2053 2155/2196/2153 2154/2195/2152 2054/2093/2052
f 2056/2095/2054 2156/2197/2154 2155/2196/2153 2055/2094/2053
f 2057/2096/2055 2157/2198/2155 2156/2197/2154 2056/2095/2054
f 2058/2097/2056 2158/2199/2156 2157/2198/2155 2057/2096/2055
f 2059/2098/2057 2159/2200/2157 2158/2199/2156 2058/2097/2056
f 2060/2099/2058 2160/2201/2158 2159/2200/2157 2059/2098/2057
f 2061/2100/2059 2161/2202/2159 2160/2201/2158 2060/2099/2058
f 2062/2101/2060 2162/2203/2160 2161/2202/2159 2061/2100/2059
f 2063/2102/2061 2163/2204/2161 2162/2203/2160 2062/2101/2060
f 2064/2103/2062 2164/2205/2162 2163/2204/2161 2063/2102/2061
f 2065/2104/2063 2165/2206/2163 2164/2205/2162 2064/2103/2062
f 2066/2105/2064 2166/2207/2164 2165/2206/2163 2065/2104/2063
f 2067/2106/2065 2167/2208/2165 2166/2207/2164 2066/2105/2064
f 2068/2107/2066 2168/2209/2166 2167/2208/2165 2067/2106/2065
f 2069/2108/2067 2169/2210/2167 2168/2209/2166 2068/2107/2066
f 2070/2109/2068 2170/2211/2168 2169/2210/2167 2069/2108/2067
f 2071/2110/2069 2171/2212/2169 2170/2211/2168 2070/2109/2068
f 2072/2111/2070 2172/2213/2170 2171/2212/2169 2071/2110/2069
f 2073/2112/2071 2173/2214/2171 2172/2213/2170 2072/2111/2070
f 2074/2113/2072 2174/2215/2172 2173/2214/2171 2073/2112/2071
f 2075/2114/2073 2175/2216/2173 2174/2215/2172 2074/2113/2072
f 2076/2115/2074 2176/2217/2174 2175/2216/2173 2075/2114/2073
f 2077/2116/2075 2177/2218/2175 2176/2217/2174 2076/2115/2074
f 2078/2117/2076 2178/2219/2176 2177/2218/2175 2077/2116/2075
f 2079/2118/2077 2179/2220/2177 2178/2219/2176 2078/2117/2076
f 2080/2119/2078 2180/2221/2178 2179/2220/2177 2079/2118/2077
f 2081/2120/2079 2181/2222/2179 2180/2221/2178 2080/2119/2078
f 2082/2121/2080 2182/2223/2180 2181/2222/2179 2081/2120/2079
f 2083/2122/2081 2183/2224/2181 2182/2223/2180 2082/2121/2080
f 2084/2123/2082 2184/2225/2182 2183/2224/2181 2083/2122/2081
f 2085/2124/2083 2185/2226/2183 2184/2225/2182 2084/2123/2082
f 2086/2125/2084 2186/2227/2184 2185/2226/2183 2085/2124/2083
f 2087/2126/2085 2187/2228/2185 2186/2227/2184 2086/2125/2084
f 2088/2127/2086 2188/2229/2186 2187/2228/2185 2087/2126/2085
f 2089/2128/2087 2189/2230/2187 2188/2229/2186 2088/2127/2086
f 2090/2129/2088 2190/2231/2188 2189/2230/2187 2089/2128/2087
f 2091/2130/2089 2191/2232/2189 2190/2231/2188 2090/2129/2088
f 2092/2131/2090 2192/2233/2190 2191/2232/2189 2091/2130/2089
f 2093/2132/2091 2193/2234/2191 2192/2233/2190 2092/2131/2090
f 2094/2133/2092 2194/2235/2192 2193/2234/2191 2093/2132/2091
f 2095/2134/2093 2195/2236/2193 2194/2235/2192 2094/2133/2092
f 2096/2135/2094 2196/2237/2194 2195/2236/2193 2095/2134/2093
f 2097/2136/2095 2197/2238/2195 2196/2237/2194 2096/2135/2094
f 2098/2137/2096 2198/2239/2196 2197/2238/2195 2097/2136/2095
f 2099/2138/2097 2199/2240/2197 2198/2239/2196 2098/2137/2096
f 2100/2139/2098 2200/2241/2198 2199/2240/2197 2099/2138/2097
f 2101/2140/2099 2201/2242/2199 2200/2241/2198 2100/2139/2098
f 2102/2141/2100 2202/2243/2200 2201/2242/2199 2101/2140/2099
f 2003/2142/2001 2103/2244/2101 2202/2243/2200 2102/2141/2100
f 2104/2144/2102 2204/2246/2202 2203/2245/2201 2103/2143/2101
f 2105/2145/2103 2205/2247/2203 2204/2246/2202 2104/2144/2102
f 2106/2146/2104 2206/2248/2204 2205/2247/2203 2105/2145/2103
f 2107/2147/2105 2207/2249/2205 2206/2248/2204 2106/2146/2104
f 2108/2148/2106 2208/2250/2206 2207/2249/2205 2107/2147/2105
f 2109/2149/2107 2209/2251/2207 2208/2250/2206 2108/2148/2106
f 2110/2150/2108 2210/2252/2208 2209/2251/2207 2109/2149/2107
f 2111/2151/2109 2211/2253/2209 2210/2252/2208 2110/2150/2108
f 2112/2152/2110 2212/2254/2210 2211/2253/2209 2111/2151/2109
f 2113/2153/2111 2213/2255/2211 2212/2254/2210 2112/2152/2110
f 2114/2154/2112 2214/2256/2212 2213/2255/2211 2113/2153/2111
f 2115/2155/2113 2215/2257/2213 2214/2256/2212 2114/2154/2112
f 2116/2156/2114 2216/2258/2214 2215/2257/2213 2115/2155/2113
f 2117/2157/2115 2217/2259/2215 2216/2258/2214 2116/2156/2114
f 2118/2158/2116 2218/2260/2216 2217/2259/2215 2117/2157/2115
f 2119/2159/2117 2219/2261/2217 2218/2260/2216 2118/2158/2116
f 2120/2160/2118 2220/2262/2218 2219/2261/2217 2119/2159/2117
f 2121/2161/2119 2221/2263/2219 2220/2262/2218 2120/2160/2118
f 2122/2162/2120 2222/2264/2220 2221/2263/2219 2121/2161/2119
f 2123/2163/2121 2223/2265/2221 2222/2264/2220 2122/2162/2120
f 2124/2164/2122 2224/2266/2222 2223/2265/2221 2123/2163/2121
f 2125/2165/2123 2225/2267/2223 2224/2266/2222 2124/2164/2122
f 2126/2166/2124 2226/2268/2224 2225/2267/2223 2125/2165/2123
f 2127/2167/2125 2227/2269/2225 2226/2268/2224 2126/2166/2124
f 2128/2168/2126 2228/2270/2226 2227/2269/2225 2127/2167/2125
f 2129/2169/2127 2229/2271/2227 2228/2270/2226 2128/2168/2126
f 2130/2170/2128 2230/2272/2228 2229/2271/2227 2129/2169/2127
f 2131/2171/2129 2231/2273/2229 2230/2272/2228 2130/2170/2128
f 2132/2172/2130 2232/2274/2230 2231/2273/2229 2131/2171/2129
f 2133/2173/2131 2233/2275/2231 2232/2274/2230 2132/2172/2130
f 2134/2174/2132 2234/2276/2232 2233/2275/2231 2133/2173/2131
f 2135/2175/2133 2235/2277/2233 2234/2276/2232 2134/2174/2132
f 2136/2176/2134 2236/2278/2234 2235/2277/2233 2135/2175/2133
f 2137/2177/2135 2237/2279/2235 2236/2278/2234 2136/2176/2134
f 2138/2178/2136 2238/2280/2236 2237/2279/2235 2137/2177/2135
f 2139/2179/2137 2239/2281/2237 2238/2280/2236 2138/2178/2136
f 2140/2180/2138 2240/2282/2238 2239/2281/2237 2139/2179/2137
f 2141/2181/2139 2241/2283/2239 2240/2282/2238 2140/2180/2138
f 2142/2182/2140 2242/2284/2240 2241/2283/2239 2141/2181/2139
f 2143/2183/2141 2243/2285/2241 2242/2284/2240 2142/2182/2140
f 2144/2184/2142 2244/2286/2242 2243/2285/2241 2143/2183/2141
f 2145/2185/2143 2245/2287/2243 2244/2286/2242 2144/2184/2142
f 2146/2186/2144 2246/2288/2244 2245/2287/2243 2145/2185/2143
f 2147/2187/2145 2247/2289/2245 2246/2288/2244 2146/2186/2144
f 2148/2188/2146 2248/2290/2246 2247/2289/2245 2147/2187/2145
f 2149/2189/2147 2249/2291/2247 2248/2290/2246 2148/2188/2146
f 2150/2190/2148 2250/2292/2248 2249/2291/2247 2149/2189/2147
f 2151/2191/2149 2251/2293/2249 2250/2292/2248 2150/2190/2148
f 2152/2192/2150 2252/2294/2250 2251/2293/2249 2151/2191/2149
f 2153/2193/2151 2253/2295/2251 2252/2294/2250 2152/2192/2150
f 2154/2195/2152 2254/2297/2252 2253/2296/2251 2153/2194/2151
f 2155/2196/2153 2255/2298/2253 2254/2297/2252 2154/2195/2152
f 2156/2197/2154 2256/2299/2254 2255/2298/2253 2155/2196/2153
f 2157/2198/2155 2257/2300/2255 2256/2299/2254 2156/2197/2154
f 2158/2199/2156 2258/2301/2256 2257/2300/2255 2157/2198/2155
f 2159/2200/2157 2259/2302/2257 2258/2301/2256 2158/2199/2156
f 2160/2201/2158 2260/2303/2258 2259/2302/2257 2159/2200/2157
f 2161/2202/2159 2261/2304/2259 2260/2303/2258 2160/2201/2158
f 2162/2203/2160 2262/2305/2260 2261/2304/2259 2161/2202/2159
f 2163/2204/2161 2263/2306/2261 2262/2305/2260 2162/2203/2160
f 2164/2205/2162 2264/2307/2262 2263/2306/2261 2163/2204/2161
f 2165/2206/2163 2265/2308/2263 2264/2307/2262 2164/2205/2162
f 2166/2207/2164 2266/2309/2264 2265/2308/2263 2165/2206/2163
f 2167/2208/2165 2267/2310/2265 2266/2309/2264 2166/2207/2164
f 2168/2209/2166 2268/2311/2266 2267/2310/2265 2167/2208/2165
f 2169/2210/2167 2269/2312/2267 2268/2311/2266 2168/2209/2166
f 2170/2211/2168 2270/2313/2268 2269/2312/2267 2169/2210/2167
f 2171/2212/2169 2271/2314/2269 2270/2313/2268 2170/2211/2168
f 2172/2213/2170 2272/2315/2270 2271/2314/2269 2171/2212/2169
f 2173/2214/2171 2273/2316/2271 2272/2315/2270 2172/2213/2170
f 2174/2215/2172 2274/2317/2272 2273/2316/2271 2173/2214/2171
f 2175/2216/2173 2275/2318/2273 2274/2317/2272 2174/2215/2172
f 2176/2217/2174 2276/2319/2274 2275/2318/2273 2175/2216/2173
f 2177/2218/2175 2277/2320/2275 2276/2319/2274 2176/2217/2174
f 2178/2219/2176 2278/2321/2276 2277/2320/2275 2177/2218/2175
f 2179/2220/2177 2279/2322/2277 2278/2321/2276 2178/2219/2176
f 2180/2221/2178 2280/2323/2278 2279/2322/2277 2179/2220/2177
f 2181/2222/2179 2281/2324/2279 2280/2323/2278 2180/2221/2178
f 2182/2223/2180 2282/2325/2280 2281/2324/2279 2181/2222/2179
f 2183/2224/2181 2283/2326/2281 2282/2325/2280 2182/2223/2180
f 2184/2225/2182 2284/2327/2282 2283/2326/2281 2183/2224/2181
f 2185/2226/2183 2285/2328/2283 2284/2327/2282 2184/2225/2182
f 2186/2227/2184 2286/2329/2284 2285/2328/2283 2185/2226/2183
f 2187/2228/2185 2287/2330/2285 2286/2329/2284 2186/2227/2184
f 2188/2229/2186 2288/2331/2286 2287/2330/2285 2187/2228/2185
f 2189/2230/2187 2289/2332/2287 2288/2331/2286 2188/2229/2186
f 2190/2231/2188 2290/2333/2288 2289/2332/2287 2189/2230/2187
f 2191/2232/2189 2291/2334/2289 2290/2333/2288 2190/2231/2188
f 2192/2233/2190 2292/2335/2290 2291/2334/2289 2191/2232/2189
f 2193/2234/2191 2293/2336/2291 2292/2335/2290 2192/2233/2190
f 2194/2235/2192 2294/2337/2292 2293/2336/2291 2193/2234/2191
f 2195/2236/2193 2295/2338/2293 2294/2337/2292 2194/2235/2192
f 2196/2237/2194 2296/2339/2294 2295/2338/2293 2195/2236/2193
f 2197/2238/2195 2297/2340/2295 2296/2339/2294 2196/2237/2194
f 2198/2239/2196 2298/2341/2296 2297/2340/2295 2197/2238/2195
f 2199/2240/2197 2299/2342/2297 2298/2341/2296 2198/2239/2196
f 2200/2241/2198 2300/2343/2298 2299/2342/2297 2199/2240/2197
f 2201/2242/2199 2301/2344/2299 2300/2343/2298 2200/2241/2198
f 2202/2243/2200 2302/2345/2300 2301/2344/2299 2201/2242/2199
f 2103/2244/2101 2203/2346/2201 2302/2345/2300 2202/2243/2200
f 2204/2246/2202 2304/2348/2302 2303/2347/2301 2203/2245/2201
f 2205/2247/2203 2305/2349/2303 2304/2348/2302 2204/2246/2202
f 2206/2248/2204 2306/2350/2304 2305/2349/2303 2205/2247/2203
f 2207/2249/2205 2307/2351/2305 2306/2350/2304 2206/2248/2204
f 2208/2250/2206 2308/2352/2306 2307/2351/2305 2207/2249/2205
f 2209/2251/2207 2309/2353/2307 2308/2352/2306 2208/2250/2206
f 2210/2252/2208 2310/2354/2308 2309/2353/2307 2209/2251/2207
f 2211/2253/2209 2311/2355/2309 2310/2354/2308 2210/2252/2208
f 2212/2254/2210 2312/2356/2310 2311/2355/2309 2211/2253/2209
f 2213/2255/2211 2313/2357/2311 2312/2356/2310 2212/2254/2210
f 2214/2256/2212 2314/2358/2312 2313/2357/2311 2213/2255/2211
f 2215/2257/2213 2315/2359/2313 2314/2358/2312 2214/2256/2212
f 2216/2258/2214 2316/2360/2314 2315/2359/2313 2215/2257/2213
f 2217/2259/2215 2317/2361/2315 2316/2360/2314 2216/2258/2214
f 2218/2260/2216 2318/2362/2316 2317/2361/2315 2217/2259/2215
f 2219/2261/2217 2319/2363/2317 2318/2362/2316 2218/2260/2216
f 2220/2262/2218 2320/2364/2318 2319/2363/2317 2219/2261/2217
f 2221/2263/2219 2321/2365/2319 2320/2364/2318 2220/2262/2218
f 2222/2264/2220 2322/2366/2320 2321/2365/2319 2221/2263/2219
f 2223/2265/2221 2323/2367/2321 2322/2366/2320 2222/2264/2220
f 2224/2266/2222 2324/2368/2322 2323/2367/2321 2223/2265/2221
f 2225/2267/2223 2325/2369/2323 2324/2368/2322 2224/2266/2222
f 2226/2268/2224 2326/2370/2324 2325/2369/2323 2225/2267/2223
f 2227/2269/2225 2327/2371/2325 2326/2370/2324 2226/2268/2224
f 2228/2270/2226 2328/2372/2326 2327/2371/2325 2227/2269/2225
f 2229/2271/2227 2329/2373/2327 2328/2372/2326 2228/2270/2226
f 2230/2272/2228 2330/2374/2328 2329/2373/2327 2229/2271/2227
f 2231/2273/2229 2331/2375/2329 2330/2374/2328 2230/2272/2228
f 2232/2274/2230 2332/2376/2330 2331/2375/2329 2231/2273/2229
f 2233/2275/2231 2333/2377/2331 2332/2376/2330 2232/2274/2230
f 2234/2276/2232 2334/2378/2332 2333/2377/2331 2233/2275/2231
f 2235/2277/2233 2335/2379/2333 2334/2378/2332 2234/2276/2232
f 2236/2278/2234 2336/2380/2334 2335/2379/2333 2235/2277/2233
f 2237/2279/2235 2337/2381/2335 2336/2380/2334 2236/2278/2234
f 2238/2280/2236 2338/2382/2336 2337/2381/2335 2237/2279/2235
f 2239/2281/2237 2339/2383/2337 2338/2382/2336 2238/2280/2236
f 2240/2282/2238 2340/2384/2338 2339/2383/2337 2239/2281/2237
f 2241/2283/2239 2341/2385/2339 2340/2384/2338 2240/2282/2238
f 2242/2284/2240 2342/2386/2340 2341/2385/2339 2241/2283/2239
f 2243/2285/2241 2343/2387/2341 2342/2386/2340 2242/2284/2240
f 2244/2286/2242 2344/2388/2342 2343/2387/2341 2243/2285/2241
f 2245/2287/2243 2345/2389/2343 2344/2388/2342 2244/2286/2242
f 2246/2288/2244 2346/2390/2344 2345/2389/2343 2245/2287/2243
f 2247/2289/2245 2347/2391/2345 2346/2390/2344 2246/2288/2244
f 2248/2290/2246 2348/2392/2346 2347/2391/2345 2247/2289/2245
f 2249/2291/2247 2349/2393/2347 2348/2392/2346 2248/2290/2246
f 2250/2292/2248 2350/2394/2348 2349/2393/2347 2249/2291/2247
f 2251/2293/2249 2351/2395/2349 2350/2394/2348 2250/2292/2248
f 2252/2294/2250 2352/2396/2350 2351/2395/2349 2251/2293/2249
f 2253/2295/2251 2353/2397/2351 2352/2396/2350 2252/2294/2250
f 2254/2297/2252 2354/2399/2352 2353/2398/2351 2253/2296/2251
f 2255/2298/2253 2355/2400/2353 2354/2399/2352 2254/2297/2252
f 2256/2299/2254 2356/2401/2354 2355/2400/2353 2255/2298/2253
f 2257/2300/2255 2357/2402/2355 2356/2401/2354 2256/2299/2254
f 2258/2301/2256 2358/2403/2356 2357/2402/2355 2257/2300/2255
f 2259/2302/2257 2359/2404/2357 2358/2403/2356 2258/2301/2256
f 2260/2303/2258 2360/2405/2358 2359/2404/2357 2259/2302/2257
f 2261/2304/2259 2361/2406/2359 2360/2405/2358 2260/2303/2258
f 2262/2305/2260 2362/2407/2360 2361/2406/2359 2261/2304/2259
f 2263/2306/2261 2363/2408/2361 2362/2407/2360 2262/2305/2260
f 2264/2307/2262 2364/2409/2362 2363/2408/2361 2263/2306/2261
f 2265/2308/2263 2365/2410/2363 2364/2409/2362 2264/2307/2262
f 2266/2309/2264 2366/2411/2364 2365/2410/2363 2265/2308/2263
f 2267/2310/2265 2367/2412/2365 2366/2411/2364 2266/2309/2264
f 2268/2311/2266 2368/2413/2366 2367/2412/2365 2267/2310/2265
f 2269/2312/2267 2369/2414/2367 2368/2413/2366 2268/2311/2266
f 2270/2313/2268 2370/2415/2368 2369/2414/2367 2269/2312/2267
f 2271/2314/2269 2371/2416/2369 2370/2415/2368 2270/2313/2268
f 2272/2315/2270 2372/2417/2370 2371/2416/2369 2271/2314/2269
f 2273/2316/2271 2373/2418/2371 2372/2417/2370 2272/2315/2270
f 2274/2317/2272 2374/2419/2372 2373/2418/2371 2273/2316/2271
f 2275/2318/2273 2375/2420/2373 2374/2419/2372 2274/2317/2272
f 2276/2319/2274 2376/2421/2374 2375/2420/2373 2275/2318/2273
f 2277/2320/2275 2377/2422/2375 2376/2421/2374 2276/2319/2274
f 2278/2321/2276 2378/2423/2376 2377/2422/2375 2277/2320/2275
f 2279/2322/2277 2379/2424/2377 2378/2423/2376 2278/2321/2276
f 2280/2323/2278 2380/2425/2378 2379/2424/2377 2279/2322/2277
f 2281/2324/2279 2381/2426/2379 2380/2425/2378 2280/2323/2278
f 2282/2325/2280 2382/2427/2380 2381/2426/2379 2281/2324/2279
f 2283/2326/2281 2383/2428/2381 2382/2427/2380 2282/2325/2280
f 2284/2327/2282 2384/2429/2382 2383/2428/2381 2283/2326/2281
f 2285/2328/2283 2385/2430/2383 2384/2429/2382 2284/2327/2282
f 2286/2329/2284 2386/2431/2384 2385/2430/2383 2285/2328/2283
f 2287/2330/2285 2387/2432/2385 2386/2431/2384 2286/2329/2284
f 2288/2331/2286 2388/2433/2386 2387/2432/2385 2287/2330/2285
f 2289/2332/2287 2389/2434/2387 2388/2433/2386 2288/2331/2286
f 2290/2333/2288 2390/2435/2388 2389/2434/2387 2289/2332/2287
f 2291/2334/2289 2391/2436/2389 2390/2435/2388 2290/2333/2288
f 2292/2335/2290 2392/2437/2390 2391/2436/2389 2291/2334/2289
f 2293/2336/2291 2393/2438/2391 2392/2437/2390 2292/2335/2290
f 2294/2337/2292 2394/2439/2392 2393/2438/2391 2293/2336/2291
f 2295/2338/2293 2395/2440/2393 2394/2439/2392 2294/2337/2292
f 2296/2339/2294 2396/2441/2394 2395/2440/2393 2295/2338/2293
f 2297/2340/2295 2397/2442/2395 2396/2441/2394 2296/2339/2294
f 2298/2341/2296 2398/2443/2396 2397/2442/2395 2297/2340/2295
f 2299/2342/2297 2399/2444/2397 2398/2443/2396 2298/2341/2296
f 2300/2343/2298 2400/2445/2398 2399/2444/2397 2299/2342/2297
f 2301/2344/2299 2401/2446/2399 2400/2445/2398 2300/2343/2298
f 2302/2345/2300 2402/2447/2400 2401/2446/2399 2301/2344/2299
f 2203/2346/2201 2303/2448/2301 2402/2447/2400 2302/2345/2300
f 2304/2348/2302 2404/2450/2402 2403/2449/2401 2303/2347/2301
f 2305/2349/2303 2405/2451/2403 2404/2450/2402 2304/2348/2302
f 2306/2350/2304 2406/2452/2404 2405/2451/2403 2305/2349/2303
f 2307/2351/2305 2407/2453/2405 2406/2452/2404 2306/2350/2304
f 2308/2352/2306 2408/2454/2406 2407/2453/2405 2307/2351/2305
f 2309/2353/2307 2409/2455/2407 2408/2454/2406 2308/2352/2306
f 2310/2354/2308 2410/2456/2408 2409/2455/2407 2309/2353/2307
f 2311/2355/2309 2411/2457/2409 2410/2456/2408 2310/2354/2308
f 2312/2356/2310 2412/2458/2410 2411/2457/2409 2311/2355/2309
f 2313/2357/2311 2413/2459/2411 2412/2458/2410 2312/2356/2310
f 2314/2358/2312 2414/2460/2412 2413/2459/2411 2313/2357/2311
f 2315/2359/2313 2415/2461/2413 2414/2460/2412 2314/2358/2312
f 2316/2360/2314 2416/2462/2414 2415/2461/2413 2315/2359/2313
f 2317/2361/2315 2417/2463/2415 2416/2462/2414 2316/2360/2314
f 2318/2362/2316 2418/2464/2416 2417/2463/2415 2317/2361/2315
f 2319/2363/2317 2419/2465/2417 2418/2464/2416 2318/2362/2316
f 2320/2364/2318 2420/2466/2418 2419/2465/2417 2319/2363/2317
f 2321/2365/2319 2421/2467/2419 2420/2466/2418 2320/2364/2318
f 2322/2366/2320 2422/2468/2420 2421/2467/2419 2321/2365/2319
f 2323/2367/2321 2423/2469/2421 2422/2468/2420 2322/2366/2320
f 2324/2368/2322 2424/2470/2422 2423/2469/2421 2323/2367/2321
f 2325/2369/2323 2425/2471/2423 2424/2470/2422 2324/2368/2322
f 2326/2370/2324 2426/2472/2424 2425/2471/2423 2325/2369/2323
f 2327/2371/2325 2427/2473/2425 2426/2472/2424 2326/2370/2324
f 2328/2372/2326 2428/2474/2426 2427/2473/2425 2327/2371/2325
f 2329/2373/2327 2429/2475/2427 2428/2474/2426 2328/2372/2326
f 2330/2374/2328 2430/2476/2428 2429/2475/2427 2329/2373/2327
f 2331/2375/2329 2431/2477/2429 2430/2476/2428 2330/2374/2328
f 2332/2376/2330 2432/2478/2430 2431/2477/2429 2331/2375/2329
f 2333/2377/2331 2433/2479/2431 2432/2478/2430 2332/2376/2330
f 2334/2378/2332 2434/2480/2432 2433/2479/2431 2333/2377/2331
f 2335/2379/2333 2435/2481/2433 2434/2480/2432 2334/2378/2332
f 2336/2380/2334 2436/2482/2434 2435/2481/2433 2335/2379/2333
f 2337/2381/2335 2437/2483/2435 2436/2482/2434 2336/2380/2334
f 2338/2382/2336 2438/2484/2436 2437/2483/2435 2337/2381/2335
f 2339/2383/2337 2439/2485/2437 2438/2484/2436 2338/2382/2336
f 2340/2384/2338 2440/2486/2438 2439/2485/2437 2339/2383/2337
f 2341/2385/2339 2441/2487/2439 2440/2486/2438 2340/2384/2338
f 2342/2386/2340 2442/2488/2440 2441/2487/2439 2341/2385/2339
f 2343/2387/2341 2443/2489/2441 2442/2488/2440 2342/2386/2340
f 2344/2388/2342 2444/2490/2442 2443/2489/2441 2343/2387/2341
f 2345/2389/2343 2445/2491/2443 2444/2490/2442 2344/2388/2342
f 2346/2390/2344 2446/2492/2444 2445/2491/2443 2345/2389/2343
f 2347/2391/2345 2447/2493/2445 2446/2492/2444 2346/2390/2344
f 2348/2392/2346 2448/2494/2446 2447/2493/2445 2347/2391/2345
f 2349/2393/2347 2449/2495/2447 2448/2494/2446 2348/2392/2346
f 2350/2394/2348 2450/2496/2448 2449/2495/2447 2349/2393/2347
f 2351/2395/2349 2451/2497/2449 2450/2496/2448 2350/2394/2348
f 2352/2396/2350 2452/2498/2450 2451/2497/2449 2351/2395/2349
f 2353/2397/2351 2453/2499/2451 2452/2498/2450 2352/2396/2350
f 2354/2399/2352 2454/2501/2452 2453/2500/2451 2353/2398/2351
f 2355/2400/2353 2455/2502/2453 2454/2501/2452 2354/2399/2352
f 2356/2401/2354 2456/2503/2454 2455/2502/2453 2355/2400/2353
f 2357/2402/2355 2457/2504/2455 2456/2503/2454 2356/2401/2354
f 2358/2403/2356 2458/2505/2456 2457/2504/2455 2357/2402/2355
f 2359/2404/2357 2459/2506/2457 2458/2505/2456 2358/2403/2356
f 2360/2405/2358 2460/2507/2458 2459/2506/2457 2359/2404/2357
f 2361/2406/2359 2461/2508/2459 2460/2507/2458 2360/2405/2358
f 2362/2407/2360 2462/2509/2460 2461/2508/2459 2361/2406/2359
f 2363/2408/2361 2463/2510/2461 2462/2509/2460 2362/2407/2360
f 2364/2409/2362 2464/2511/2462 2463/2510/2461 2363/2408/2361
f 2365/2410/2363 2465/2512/2463 2464/2511/2462 2364/2409/2362
f 2366/2411/2364 2466/2513/2464 2465/2512/2463 2365/2410/2363
f 2367/2412/2365 2467/2514/2465 2466/2513/2464 2366/2411/2364
f 2368/2413/2366 2468/2515/2466 2467/2514/2465 2367/2412/2365
f 2369/2414/2367 2469/2516/2467 2468/2515/2466 2368/2413/2366
f 2370/2415/2368 2470/2517/2468 2469/2516/2467 2369/2414/2367
f 2371/2416/2369 2471/2518/2469 2470/2517/2468 2370/2415/2368
f 2372/2417/2370 2472/2519/2470 2471/2518/2469 2371/2416/2369
f 2373/2418/2371 2473/2520/2471 2472/2519/2470 2372/2417/2370
f 2374/2419/2372 2474/2521/2472 2473/2520/2471 2373/2418/2371
f 2375/2420/2373 2475/2522/2473 2474/2521/2472 2374/2419/2372
f 2376/2421/2374 2476/2523/2474 2475/2522/2473 2375/2420/2373
f 2377/2422/2375 2477/2524/2475 2476/2523/2474 2376/2421/2374
f 2378/2423/2376 2478/2525/2476 2477/2524/2475 2377/2422/2375
f 2379/2424/2377 2479/2526/2477 2478/2525/2476 2378/2423/2376
f 2380/2425/2378 2480/2527/2478 2479/2526/2477 2379/2424/2377
f 2381/2426/2379 2481/2528/2479 2480/2527/2478 2380/2425/2378
f 2382/2427/2380 2482/2529/2480 2481/2528/2479 2381/2426/2379
f 2383/2428/2381 2483/2530/2481 2482/2529/2480 2382/2427/2380
f 2384/2429/2382 2484/2531/2482 2483/2530/2481 2383/2428/2381
f 2385/2430/2383 2485/2532/2483 2484/2531/2482 2384/2429/2382
f 2386/2431/2384 2486/2533/2484 2485/2532/2483 2385/2430/2383
f 2387/2432/2385 2487/2534/2485 2486/2533/2484 2386/2431/2384
f 2388/2433/2386 2488/2535/2486 2487/2534/2485 2387/2432/2385
f 2389/2434/2387 2489/2536/2487 2488/2535/2486 2388/2433/2386
f 2390/2435/2388 2490/2537/2488 2489/2536/2487 2389/2434/2387
f 2391/2436/2389 2491/2538/2489 2490/2537/2488 2390/2435/2388
f 2392/2437/2390 2492/2539/2490 2491/2538/2489 2391/2436/2389
f 2393/2438/2391 2493/2540/2491 2492/2539/2490 2392/2437/2390
f 2394/2439/2392 2494/2541/2492 2493/2540/2491 2393/2438/2391
f 2395/2440/2393 2495/2542/2493 2494/2541/2492 2394/2439/2392
f 2396/2441/2394 2496/2543/2494 2495/2542/2493 2395/2440/2393
f 2397/2442/2395 2497/2544/2495 2496/2543/2494 2396/2441/2394
f 2398/2443/2396 2498/2545/2496 2497/2544/2495 2397/2442/2395
f 2399/2444/2397 2499/2546/2497 2498/2545/2496 2398/2443/2396
f 2400/2445/2398 2500/2547/2498 2499/2546/2497 2399/2444/2397
f 2401/2446/2399 2501/2548/2499 2500/2547/2498 2400/2445/2398
f 2402/2447/2400 2502/2549/2500 2501/2548/2499 2401/2446/2399
f 2303/2448/2301 2403/2550/2401 2502/2549/2500 2402/2447/2400
f 2404/2450/2402 2504/2552/2502 2503/2551/2501 2403/2449/2401
f 2405/2451/2403 2505/2553/2503 2504/2552/2502 2404/2450/2402
f 2406/2452/2404 2506/2554/2504 2505/2553/2503 2405/2451/2403
f 2407/2453/2405 2507/2555/2505 2506/2554/2504 2406/2452/2404
f 2408/2454/2406 2508/2556/2506 2507/2555/2505 2407/2453/2405
f 2409/2455/2407 2509/2557/2507 2508/2556/2506 2408/2454/2406
f 2410/2456/2408 2510/2558/2508 2509/2557/2507 2409/2455/2407
f 2411/2457/2409 2511/2559/2509 2510/2558/2508 2410/2456/2408
f 2412/2458/2410 2512/2560/2510 2511/2559/2509 2411/2457/2409
f 2413/2459/2411 2513/2561/2511 2512/2560/2510 2412/2458/2410
f 2414/2460/2412 2514/2562/2512 2513/2561/2511 2413/2459/2411
f 2415/2461/2413 2515/2563/2513 2514/2562/2512 2414/2460/2412
f 2416/2462/2414 2516/2564/2514 2515/2563/2513 2415/2461/2413
f 2417/2463/2415 2517/2565/2515 2516/2564/2514 2416/2462/2414
f 2418/2464/2416 2518/2566/2516 2517/2565/2515 2417/2463/2415
f 2419/2465/2417 2519/2567/2517 2518/2566/2516 2418/2464/2416
f 2420/2466/2418 2520/2568/2518 2519/2567/2517 2419/2465/2417
f 2421/2467/2419 2521/2569/2519 2520/2568/2518 2420/2466/2418
f 2422/2468/2420 2522/2570/2520 2521/2569/2519 2421/2467/2419
f 2423/2469/2421 2523/2571/2521 2522/2570/2520 2422/2468/2420
f 2424/2470/2422 2524/2572/2522 2523/2571/2521 2423/2469/2421
f 2425/2471/2423 2525/2573/2523 2524/2572/2522 2424/2470/2422
f 2426/2472/2424 2526/2574/2524 2525/2573/2523 2425/2471/2423
f 2427/2473/2425 2527/2575/2525 2526/2574/2524 2426/2472/2424
f 2428/2474/2426 2528/2576/2526 2527/2575/2525 2427/2473/2425
f 2429/2475/2427 2529/2577/2527 2528/2576/2526 2428/2474/2426
f 2430/2476/2428 2530/2578/2528 2529/2577/2527 2429/2475/2427
f 2431/2477/2429 2531/2579/2529 2530/2578/2528 2430/2476/2428
f 2432/2478/2430 2532/2580/2530 2531/2579/2529 2431/2477/2429
f 2433/2479/2431 2533/2581/2531 2532/2580/2530 2432/2478/2430
f 2434/2480/2432 2534/2582/2532 2533/2581/2531 2433/2479/2431
f 2435/2481/2433 2535/2583/2533 2534/2582/2532 2434/2480/2432
f 2436/2482/2434 2536/2584/2534 2535/2583/2533 2435/2481/2433
f 2437/2483/2435 2537/2585/2535 2536/2584/2534 2436/2482/2434
f 2438/2484/2436 2538/2586/2536 2537/2585/2535 2437/2483/2435
f 2439/2485/2437 2539/2587/2537 2538/2586/2536 2438/2484/2436
f 2440/2486/2438 2540/2588/2538 2539/2587/2537 2439/2485/2437
f 2441/2487/2439 2541/2589/2539 2540/2588/2538 2440/2486/2438
f 2442/2488/2440 2542/2590/2540 2541/2589/2539 2441/2487/2439
f 2443/2489/2441 2543/2591/2541 2542/2590/2540 2442/2488/2440
f 2444/2490/2442 2544/2592/2542 2543/2591/2541 2443/2489/2441
f 2445/2491/2443 2545/2593/2543 2544/2592/2542 2444/2490/2442
f 2446/2492/2444 2546/2594/2544 2545/2593/2543 2445/2491/2443
f 2447/2493/2445 2547/2595/2545 2546/2594/2544 2446/2492/2444
f 2448/2494/2446 2548/2596/2546 2547/2595/2545 2447/2493/2445
f 2449/2495/2447 2549/2597/2547 2548/2596/2546 2448/2494/2446
f 2450/2496/2448 2550/2598/2548 2549/2597/2547 2449/2495/2447
f 2451/2497/2449 2551/2599/2549 2550/2598/2548 2450/2496/2448
f 2452/2498/2450 2552/2600/2550 2551/2599/2549 2451/2497/2449
f 2453/2499/2451 2553/2601/2551 2552/2600/2550 2452/2498/2450
f 2454/2501/2452 2554/2603/2552 2553/2602/2551 2453/2500/2451
f 2455/2502/2453 2555/2604/2553 2554/2603/2552 2454/2501/2452
f 2456/2503/2454 2556/2605/2554 2555/2604/2553 2455/2502/2453
f 2457/2504/2455 2557/2606/2555 2556/2605/2554 2456/2503/2454
f 2458/2505/2456 2558/2607/2556 2557/2606/2555 2457/2504/2455
f 2459/2506/2457 2559/2608/2557 2558/2607/2556 2458/2505/2456
f 2460/2507/2458 2560/2609/2558 2559/2608/2557 2459/2506/2457
f 2461/2508/2459 2561/2610/2559 2560/2609/2558 2460/2507/2458
f 2462/2509/2460 2562/2611/2560 2561/2610/2559 2461/2508/2459
f 2463/2510/2461 2563/2612/2561 2562/2611/2560 2462/2509/2460
f 2464/2511/2462 2564/2613/2562 2563/2612/2561 2463/2510/2461
f 2465/2512/2463 2565/2614/2563 2564/2613/2562 2464/2511/2462
f 2466/2513/2464 2566/2615/2564 2565/2614/2563 2465/2512/2463
f 2467/2514/2465 2567/2616/2565 2566/2615/2564 2466/2513/2464
f 2468/2515/2466 2568/2617/2566 2567/2616/2565 2467/2514/2465
f 2469/2516/2467 2569/2618/2567 2568/2617/2566 2468/2515/2466
f 2470/2517/2468 2570/2619/2568 2569/2618/2567 2469/2516/2467
f 2471/2518/2469 2571/2620/2569 2570/2619/2568 2470/2517/2468
f 2472/2519/2470 2572/2621/2570 2571/2620/2569 2471/2518/2469
f 2473/2520/2471 2573/2622/2571 2572/2621/2570 2472/2519/2470
f 2474/2521/2472 2574/2623/2572 2573/2622/2571 2473/2520/2471
f 2475/2522/2473 2575/2624/2573 2574/2623/2572 2474/2521/2472
f 2476/2523/2474 2576/2625/2574 2575/2624/2573 2475/2522/2473
f 2477/2524/2475 2577/2626/2575 2576/2625/2574 2476/2523/2474
f 2478/2525/2476 2578/2627/2576 2577/2626/2575 2477/2524/2475
f 2479/2526/2477 2579/2628/2577 2578/2627/2576 2478/2525/2476
f 2480/2527/2478 2580/2629/2578 2579/2628/2577 2479/2526/2477
f 2481/2528/2479 2581/2630/2579 2580/2629/2578 2480/2527/2478
f 2482/2529/2480 2582/2631/2580 2581/2630/2579 2481/2528/2479
f 2483/2530/2481 2583/2632/2581 2582/2631/2580 2482/2529/2480
f 2484/2531/2482 2584/2633/2582 2583/2632/2581 2483/2530/2481
f 2485/2532/2483 2585/2634/2583 2584/2633/2582 2484/2531/2482
f 2486/2533/2484 2586/2635/2584 2585/2634/2583 2485/2532/2483
f 2487/2534/2485 2587/2636/2585 2586/2635/2584 2486/2533/2484
f 2488/2535/2486 2588/2637/2586 2587/2636/2585 2487/2534/2485
f 2489/2536/2487 2589/2638/2587 2588/2637/2586 2488/2535/2486
f 2490/2537/2488 2590/2639/2588 2589/2638/2587 2489/2536/2487
f 2491/2538/2489 2591/2640/2589 2590/2639/2588 2490/2537/2488
f 2492/2539/2490 2592/2641/2590 2591/2640/2589 2491/2538/2489
f 2493/2540/2491 2593/2642/2591 2592/2641/2590 2492/2539/2490
f 2494/2541/2492 2594/2643/2592 2593/2642/2591 2493/2540/2491
f 2495/2542/2493 2595/2644/2593 2594/2643/2592 2494/2541/2492
f 2496/2543/2494 2596/2645/2594 2595/2644/2593 2495/2542/2493
f 2497/2544/2495 2597/2646/2595 2596/2645/2594 2496/2543/2494
f 2498/2545/2496 2598/2647/2596 2597/2646/2595 2497/2544/2495
f 2499/2546/2497 2599/2648/2597 2598/2647/2596 2498/2545/2496
f 2500/2547/2498 2600/2649/2598 2599/2648/2597 2499/2546/2497
f 2501/2548/2499 2601/2650/2599 2600/2649/2598 2500/2547/2498
f 2502/2549/2500 2602/2651/2600 2601/2650/2599 2501/2548/2499
f 2403/2550/2401 2503/2652/2501 2602/2651/2600 2502/2549/2500
f 2504/2552/2502 2604/2654/2602 2603/2653/2601 2503/2551/2501
f 2505/2553/2503 2605/2655/2603 2604/2654/2602 2504/2552/2502
f 2506/2554/2504 2606/2656/2604 2605/2655/2603 2505/2553/2503
f 2507/2555/2505 2607/2657/2605 2606/2656/2604 2506/2554/2504
f 2508/2556/2506 2608/2658/2606 2607/2657/2605 2507/2555/2505
f 2509/2557/2507 2609/2659/2607 2608/2658/2606 2508/2556/2506
f 2510/2558/2508 2610/2660/2608 2609/2659/2607 2509/2557/2507
f 2511/2559/2509 2611/2661/2609 2610/2660/2608 2510/2558/2508
f 2512/2560/2510 2612/2662/2610 2611/2661/2609 2511/2559/2509
f 2513/2561/2511 2613/2663/2611 2612/2662/2610 2512/2560/2510
f 2514/2562/2512 2614/2664/2612 2613/2663/2611 2513/2561/2511
f 2515/2563/2513 2615/2665/2613 2614/2664/2612 2514/2562/2512
f 2516/2564/2514 2616/2666/2614 2615/2665/2613 2515/2563/2513
f 2517/2565/2515 2617/2667/2615 2616/2666/2614 2516/2564/2514
f 2518/2566/2516 2618/2668/2616 2617/2667/2615 2517/2565/2515
f 2519/2567/2517 2619/2669/2617 2618/2668/2616 2518/2566/2516
f 2520/2568/2518 2620/2670/2618 2619/2669/2617 2519/2567/2517
f 2521/2569/2519 2621/2671/2619 2620/2670/2618 2520/2568/2518
f 2522/2570/2520 2622/2672/2620 2621/2671/2619 2521/2569/2519
f 2523/2571/2521 2623/2673/2621 2622/2672/2620 2522/2570/2520
f 2524/2572/2522 2624/2674/2622 2623/2673/2621 2523/2571/2521
f 2525/2573/2523 2625/2675/2623 2624/2674/2622 2524/2572/2522
f 2526/2574/2524 2626/2676/2624 2625/2675/2623 2525/2573/2523
f 2527/2575/2525 2627/2677/2625 2626/2676/2624 2526/2574/2524
f 2528/2576/2526 2628/2678/2626 2627/2677/2625 2527/2575/2525
f 2529/2577/2527 2629/2679/2627 2628/2678/2626 2528/2576/2526
f 2530/2578/2528 2630/2680/2628 2629/2679/2627 2529/2577/2527
f 2531/2579/2529 2631/2681/2629 2630/2680/2628 2530/2578/2528
f 2532/2580/2530 2632/2682/2630 2631/2681/2629 2531/2579/2529
f 2533/2581/2531 2633/2683/2631 2632/2682/2630 2532/2580/2530
f 2534/2582/2532 2634/2684/2632 2633/2683/2631 2533/2581/2531
f 2535/2583/2533 2635/2685/2633 2634/2684/2632 2534/2582/2532
f 2536/2584/2534 2636/2686/2634 2635/2685/2633 2535/2583/2533
f 2537/2585/2535 2637/2687/2635 2636/2686/2634 2536/2584/2534
f 2538/2586/2536 2638/2688/2636 2637/2687/2635 2537/2585/2535
f 2539/2587/2537 2639/2689/2637 2638/2688/2636 2538/2586/2536
f 2540/2588/2538 2640/2690/2638 2639/2689/2637 2539/2587/2537
f 2541/2589/2539 2641/2691/2639 2640/2690/2638 2540/2588/2538
f 2542/2590/2540 2642/2692/2640 2641/2691/2639 2541/2589/2539
f 2543/2591/2541 2643/2693/2641 2642/2692/2640 2542/2590/2540
f 2544/2592/2542 2644/2694/2642 2643/2693/2641 2543/2591/2541
f 2545/2593/2543 2645/2695/2643 2644/2694/2642 2544/2592/2542
f 2546/2594/2544 2646/2696/2644 2645/2695/2643 2545/2593/2543
f 2547/2595/2545 2647/2697/2645 2646/2696/2644 2546/2594/2544
f 2548/2596/2546 2648/2698/2646 2647/2697/2645 2547/2595/2545
f 2549/2597/2547 2649/2699/2647 2648/2698/2646 2548/2596/2546
f 2550/2598/2548 2650/2700/2648 2649/2699/2647 2549/2597/2547
f 2551/2599/2549 2651/2701/2649 2650/2700/2648 2550/2598/2548
f 2552/2600/2550 2652/2702/2650 2651/2701/2649 2551/2599/2549
f 2553/2601/2551 2653/2703/2651 2652/2702/2650 2552/2600/2550
f 2554/2603/2552 2654/2705/2652 2653/2704/2651 2553/2602/2551
f 2555/2604/2553 2655/2706/2653 2654/2705/2652 2554/2603/2552
f 2556/2605/2554 2656/2707/2654 2655/2706/2653 2555/2604/2553
f 2557/2606/2555 2657/2708/2655 2656/2707/2654 2556/2605/2554
f 2558/2607/2556 2658/2709/2656 2657/2708/2655 2557/2606/2555
f 2559/2608/2557 2659/2710/2657 2658/2709/2656 2558/2607/2556
f 2560/2609/2558 2660/2711/2658 2659/2710/2657 2559/2608/2557
f 2561/2610/2559 2661/2712/2659 2660/2711/2658 2560/2609/2558
f 2562/2611/2560 2662/2713/2660 2661/2712/2659 2561/2610/2559
f 2563/2612/2561 2663/2714/2661 2662/2713/2660 2562/2611/2560
f 2564/2613/2562 2664/2715/2662 2663/2714/2661 2563/2612/2561
f 2565/2614/2563 2665/2716/2663 2664/2715/2662 2564/2613/2562
f 2566/2615/2564 2666/2717/2664 2665/2716/2663 2565/2614/2563
f 2567/2616/2565 2667/2718/2665 2666/2717/2664 2566/2615/2564
f 2568/2617/2566 2668/2719/2666 2667/2718/2665 2567/2616/2565
f 2569/2618/2567 2669/2720/2667 2668/2719/2666 2568/2617/2566
f 2570/2619/2568 2670/2721/2668 2669/2720/2667 2569/2618/2567
f 2571/2620/2569 2671/2722/2669 2670/2721/2668 2570/2619/2568
f 2572/2621/2570 2672/2723/2670 2671/2722/2669 2571/2620/2569
f 2573/2622/2571 2673/2724/2671 2672/2723/2670 2572/2621/2570
f 2574/2623/2572 2674/2725/2672 2673/2724/2671 2573/2622/2571
f 2575/2624/2573 2675/2726/2673 2674/2725/2672 2574/2623/2572
f 2576/2625/2574 2676/2727/2674 2675/2726/2673 2575/2624/2573
f 2577/2626/2575 2677/2728/2675 2676/2727/2674 2576/2625/2574
f 2578/2627/2576 2678/2729/2676 2677/2728/2675 2577/2626/2575
f 2579/2628/2577 2679/2730/2677 2678/2729/2676 2578/2627/2576
f 2580/2629/2578 2680/2731/2678 2679/2730/2677 2579/2628/2577
f 2581/2630/2579 2681/2732/2679 2680/2731/2678 2580/2629/2578
f 2582/2631/2580 2682/2733/2680 2681/2732/2679 2581/2630/2579
f 2583/2632/2581 2683/2734/2681 2682/2733/2680 2582/2631/2580
f 2584/2633/2582 2684/2735/2682 2683/2734/2681 2583/2632/2581
f 2585/2634/2583 2685/2736/2683 2684/2735/2682 2584/2633/2582
f 2586/2635/2584 2686/2737/2684 2685/2736/2683 2585/2634/2583
f 2587/2636/2585 2687/2738/2685 2686/2737/2684 2586/2635/2584
f 2588/2637/2586 2688/2739/2686 2687/2738/2685 2587/2636/2585
f 2589/2638/2587 2689/2740/2687 2688/2739/2686 2588/2637/2586
f 2590/2639/2588 2690/2741/2688 2689/2740/2687 2589/2638/2587
f 2591/2640/2589 2691/2742/2689 2690/2741/2688 2590/2639/2588
f 2592/2641/2590 2692/2743/2690 2691/2742/2689 2591/2640/2589
f 2593/2642/2591 2693/2744/2691 2692/2743/2690 2592/2641/2590
f 2594/2643/2592 2694/2745/2692 2693/2744/2691 2593/2642/2591
f 2595/2644/2593 2695/2746/2693 2694/2745/2692 2594/2643/2592
f 2596/2645/2594 2696/2747/2694 2695/2746/2693 2595/2644/2593
f 2597/2646/2595 2697/2748/2695 2696/2747/2694 2596/2645/2594
f 2598/2647/2596 2698/2749/2696 2697/2748/2695 2597/2646/2595
f 2599/2648/2597 2699/2750/2697 2698/2749/2696 2598/2647/2596
f 2600/2649/2598 2700/2751/2698 2699/2750/2697 2599/2648/2597
f 2601/2650/2599 2701/2752/2699 2700/2751/2698 2600/2649/2598
f 2602/2651/2600 2702/2753/2700 2701/2752/2699 2601/2650/2599
f 2503/2652/2501 2603/2754/2601 2702/2753/2700 2602/2651/2600
f 2604/2654/2602 2704/2756/2702 2703/2755/2701 2603/2653/2601
f 2605/2655/2603 2705/2757/2703 2704/2756/2702 2604/2654/2602
f 2606/2656/2604 2706/2758/2704 2705/2757/2703 2605/2655/2603
f 2607/2657/2605 2707/2759/2705 2706/2758/2704 2606/2656/2604
f 2608/2658/2606 2708/2760/2706 2707/2759/2705 2607/2657/2605
f 2609/2659/2607 2709/2761/2707 2708/2760/2706 2608/2658/2606
f 2610/2660/2608 2710/2762/2708 2709/2761/2707 2609/2659/2607
f 2611/2661/2609 2711/2763/2709 2710/2762/2708 2610/2660/2608
f 2612/2662/2610 2712/2764/2710 2711/2763/2709 2611/2661/2609
f 2613/2663/2611 2713/2765/2711 2712/2764/2710 2612/2662/2610
f 2614/2664/2612 2714/2766/2712 2713/2765/2711 2613/2663/2611
f 2615/2665/2613 2715/2767/2713 2714/2766/2712 2614/2664/2612
f 2616/2666/2614 2716/2768/2714 2715/2767/2713 2615/2665/2613
f 2617/2667/2615 2717/2769/2715 2716/2768/2714 2616/2666/2614
f 2618/2668/2616 2718/2770/2716 2717/2769/2715 2617/2667/2615
f 2619/2669/2617 2719/2771/2717 2718/2770/2716 2618/2668/2616
f 2620/2670/2618 2720/2772/2718 2719/2771/2717 2619/2669/2617
f 2621/2671/2619 2721/2773/2719 2720/2772/2718 2620/2670/2618
f 2622/2672/2620 2722/2774/2720 2721/2773/2719 2621/2671/2619
f 2623/2673/2621 2723/2775/2721 2722/2774/2720 2622/2672/2620
f 2624/2674/2622 2724/2776/2722 2723/2775/2721 2623/2673/2621
f 2625/2675/2623 2725/2777/2723 2724/2776/2722 2624/2674/2622
f 2626/2676/2624 2726/2778/2724 2725/2777/2723 2625/2675/2623
f 2627/2677/2625 2727/2779/2725 2726/2778/2724 2626/2676/2624
f 2628/2678/2626 2728/2780/2726 2727/2779/2725 2627/2677/2625
f 2629/2679/2627 2729/2781/2727 2728/2780/2726 2628/2678/2626
f 2630/2680/2628 2730/2782/2728 2729/2781/2727 2629/2679/2627
f 2631/2681/2629 2731/2783/2729 2730/2782/2728 2630/2680/2628
f 2632/2682/2630 2732/2784/2730 2731/2783/2729 2631/2681/2629
f 2633/2683/2631 2733/2785/2731 2732/2784/2730 2632/2682/2630
f 2634/2684/2632 2734/2786/2732 2733/2785/2731 2633/2683/2631
f 2635/2685/2633 2735/2787/2733 2734/2786/2732 2634/2684/2632
f 2636/2686/2634 2736/2788/2734 2735/2787/2733 2635/2685/2633
f 2637/2687/2635 2737/2789/2735 2736/2788/2734 2636/2686/2634
f 2638/2688/2636 2738/2790/2736 2737/2789/2735 2637/2687/2635
f 2639/2689/2637 2739/2791/2737 2738/2790/2736 2638/2688/2636
f 2640/2690/2638 2740/2792/2738 2739/2791/2737 2639/2689/2637
f 2641/2691/2639 2741/2793/2739 2740/2792/2738 2640/2690/2638
f 2642/2692/2640 2742/2794/2740 2741/2793/2739 2641/2691/2639
f 2643/2693/2641 2743/2795/2741 2742/2794/2740 2642/2692/2640
f 2644/2694/2642 2744/2796/2742 2743/2795/2741 2643/2693/2641
f 2645/2695/2643 2745/2797/2743 2744/2796/2742 2644/2694/2642
f 2646/2696/2644 2746/2798/2744 2745/2797/2743 2645/2695/2643
f 2647/2697/2645 2747/2799/2745 2746/2798/2744 2646/2696/2644
f 2648/2698/2646 2748/2800/2746 2747/2799/2745 2647/2697/2645
f 2649/2699/2647 2749/2801/2747 2748/2800/2746 2648/2698/2646
f 2650/2700/2648 2750/2802/2748 2749/2801/2747 2649/2699/2647
f 2651/2701/2649 2751/2803/2749 2750/2802/2748 2650/2700/2648
f 2652/2702/2650 2752/2804/2750 2751/2803/2749 2651/2701/2649
f 2653/2703/2651 2753/2805/2751 2752/2804/2750 2652/2702/2650
f 2654/2705/2652 2754/2807/2752 2753/2806/2751 2653/2704/2651
f 2655/2706/2653 2755/2808/2753 2754/2807/2752 2654/2705/2652
f 2656/2707/2654 2756/2809/2754 2755/2808/2753 2655/2706/2653
f 2657/2708/2655 2757/2810/2755 2756/2809/2754 2656/2707/2654
f 2658/2709/2656 2758/2811/2756 2757/2810/2755 2657/2708/2655
f 2659/2710/2657 2759/2812/2757 2758/2811/2756 2658/2709/2656
f 2660/2711/2658 2760/2813/2758 2759/2812/2757 2659/2710/2657
f 2661/2712/2659 2761/2814/2759 2760/2813/2758 2660/2711/2658
f 2662/2713/2660 2762/2815/2760 2761/2814/2759 2661/2712/2659
f 2663/2714/2661 2763/2816/2761 2762/2815/2760 2662/2713/2660
f 2664/2715/2662 2764/2817/2762 2763/2816/2761 2663/2714/2661
f 2665/2716/2663 2765/2818/2763 2764/2817/2762 2664/2715/2662
f 2666/2717/2664 2766/2819/2764 2765/2818/2763 2665/2716/2663
f 2667/2718/2665 2767/2820/2765 2766/2819/2764 2666/2717/2664
f 2668/2719/2666 2768/2821/2766 2767/2820/2765 2667/2718/2665
f 2669/2720/2667 2769/2822/2767 2768/2821/2766 2668/2719/2666
f 2670/2721/2668 2770/2823/2768 2769/2822/2767 2669/2720/2667
f 2671/2722/2669 2771/2824/2769 2770/2823/2768 2670/2721/2668
f 2672/2723/2670 2772/2825/2770 2771/2824/2769 2671/2722/2669
f 2673/2724/2671 2773/2826/2771 2772/2825/2770 2672/2723/2670
f 2674/2725/2672 2774/2827/2772 2773/2826/2771 2673/2724/2671
f 2675/2726/2673 2775/2828/2773 2774/2827/2772 2674/2725/2672
f 2676/2727/2674 2776/2829/2774 2775/2828/2773 2675/2726/2673
f 2677/2728/2675 2777/2830/2775 2776/2829/2774 2676/2727/2674
f 2678/2729/2676 2778/2831/2776 2777/2830/2775 2677/2728/2675
f 2679/2730/2677 2779/2832/2777 2778/2831/2776 2678/2729/2676
f 2680/2731/2678 2780/2833/2778 2779/2832/2777 2679/2730/2677
f 2681/2732/2679 2781/2834/2779 2780/2833/2778 2680/2731/2678
f 2682/2733/2680 2782/2835/2780 2781/2834/2779 2681/2732/2679
f 2683/2734/2681 2783/2836/2781 2782/2835/2780 2682/2733/2680
f 2684/2735/2682 2784/2837/2782 2783/2836/2781 2683/2734/2681
f 2685/2736/2683 2785/2838/2783 2784/2837/2782 2684/2735/2682
f 2686/2737/2684 2786/2839/2784 2785/2838/2783 2685/2736/2683
f 2687/2738/2685 2787/2840/2785 2786/2839/2784 2686/2737/2684
f 2688/2739/2686 2788/2841/2786 2787/2840/2785 2687/2738/2685
f 2689/2740/2687 2789/2842/2787 2788/2841/2786 2688/2739/2686
f 2690/2741/2688 2790/2843/2788 2789/2842/2787 2689/2740/2687
f 2691/2742/2689 2791/2844/2789 2790/2843/2788 2690/2741/2688
f 2692/2743/2690 2792/2845/2790 2791/2844/2789 2691/2742/2689
f 2693/2744/2691 2793/2846/2791 2792/2845/2790 2692/2743/2690
f 2694/2745/2692 2794/2847/2792 2793/2846/2791 2693/2744/2691
f 2695/2746/2693 2795/2848/2793 2794/2847/2792 2694/2745/2692
f 2696/2747/2694 2796/2849/2794 2795/2848/2793 2695/2746/2693
f 2697/2748/2695 2797/2850/2795 2796/2849/2794 2696/2747/2694
f 2698/2749/2696 2798/2851/2796 2797/2850/2795 2697/2748/2695
f 2699/2750/2697 2799/2852/2797 2798/2851/2796 2698/2749/2696
f 2700/2751/2698 2800/2853/2798 2799/2852/2797 2699/2750/2697
f 2701/2752/2699 2801/2854/2799 2800/2853/2798 2700/2751/2698
f 2702/2753/2700 2802/2855/2800 2801/2854/2799 2701/2752/2699
f 2603/2754/2601 2703/2856/2701 2802/2855/2800 2702/2753/2700
f 2704/2756/2702 2804/2858/2802 2803/2857/2801 2703/2755/2701
f 2705/2757/2703 2805/2859/2803 2804/2858/2802 2704/2756/2702
f 2706/2758/2704 2806/2860/2804 2805/2859/2803 2705/2757/2703
f 2707/2759/2705 2807/2861/2805 2806/2860/2804 2706/2758/2704
f 2708/2760/2706 2808/2862/2806 2807/2861/2805 2707/2759/2705
f 2709/2761/2707 2809/2863/2807 2808/2862/2806 2708/2760/2706
f 2710/2762/2708 2810/2864/2808 2809/2863/2807 2709/2761/2707
f 2711/2763/2709 2811/2865/2809 2810/2864/2808 2710/2762/2708
f 2712/2764/2710 2812/2866/2810 2811/2865/2809 2711/2763/2709
f 2713/2765/2711 2813/2867/2811 2812/2866/2810 2712/2764/2710
f 2714/2766/2712 2814/2868/2812 2813/2867/2811 2713/2765/2711
f 2715/2767/2713 2815/2869/2813 2814/2868/2812 2714/2766/2712
f 2716/2768/2714 2816/2870/2814 2815/2869/2813 2715/2767/2713
f 2717/2769/2715 2817/2871/2815 2816/2870/2814 2716/2768/2714
f 2718/2770/2716 2818/2872/2816 2817/2871/2815 2717/2769/2715
f 2719/2771/2717 2819/2873/2817 2818/2872/2816 2718/2770/2716
f 2720/2772/2718 2820/2874/2818 2819/2873/2817 2719/2771/2717
f 2721/2773/2719 2821/2875/2819 2820/2874/2818 2720/2772/2718
f 2722/2774/2720 2822/2876/2820 2821/2875/2819 2721/2773/2719
f 2723/2775/2721 2823/2877/2821 2822/2876/2820 2722/2774/2720
f 2724/2776/2722 2824/2878/2822 2823/2877/2821 2723/2775/2721
f 2725/2777/2723 2825/2879/2823 2824/2878/2822 2724/2776/2722
f 2726/2778/2724 2826/2880/2824 2825/2879/2823 2725/2777/2723
f 2727/2779/2725 2827/2881/2825 2826/2880/2824 2726/2778/2724
f 2728/2780/2726 2828/2882/2826 2827/2881/2825 2727/2779/2725
f 2729/2781/2727 2829/2883/2827 2828/2882/2826 2728/2780/2726
f 2730/2782/2728 2830/2884/2828 2829/2883/2827 2729/2781/2727
f 2731/2783/2729 2831/2885/2829 2830/2884/2828 2730/2782/2728
f 2732/2784/2730 2832/2886/2830 2831/2885/2829 2731/2783/2729
f 2733/2785/2731 2833/2887/2831 2832/2886/2830 2732/2784/2730
f 2734/2786/2732 2834/2888/2832 2833/2887/2831 2733/2785/2731
f 2735/2787/2733 2835/2889/2833 2834/2888/2832 2734/2786/2732
f 2736/2788/2734 2836/2890/2834 2835/2889/2833 2735/2787/2733
f 2737/2789/2735 2837/2891/2835 2836/2890/2834 2736/2788/2734
f 2738/2790/2736 2838/2892/2836 2837/2891/2835 2737/2789/2735
f 2739/2791/2737 2839/2893/2837 2838/2892/2836 2738/2790/2736
f 2740/2792/2738 2840/2894/2838 2839/2893/2837 2739/2791/2737
f 2741/2793/2739 2841/2895/2839 2840/2894/2838 2740/2792/2738
f 2742/2794/2740 2842/2896/2840 2841/2895/2839 2741/2793/2739
f 2743/2795/2741 2843/2897/2841 2842/2896/2840 2742/2794/2740
f 2744/2796/2742 2844/2898/2842 2843/2897/2841 2743/2795/2741
f 2745/2797/2743 2845/2899/2843 2844/2898/2842 2744/2796/2742
f 2746/2798/2744 2846/2900/2844 2845/2899/2843 2745/2797/2743
f 2747/2799/2745 2847/2901/2845 2846/2900/2844 2746/2798/2744
f 2748/2800/2746 2848/2902/2846 2847/2901/2845 2747/2799/2745
f 2749/2801/2747 2849/2903/2847 2848/2902/2846 2748/2800/2746
f 2750/2802/2748 2850/2904/2848 2849/2903/2847 2749/2801/2747
f 2751/2803/2749 2851/2905/2849 2850/2904/2848 2750/2802/2748
f 2752/2804/2750 2852/2906/2850 2851/2905/2849 2751/2803/2749
f 2753/2805/2751 2853/2907/2851 2852/2906/2850 2752/2804/2750
f 2754/2807/2752 2854/2909/2852 2853/2908/2851 2753/2806/2751
f 2755/2808/2753 2855/2910/2853 2854/2909/2852 2754/2807/2752
f 2756/2809/2754 2856/2911/2854 2855/2910/2853 2755/2808/2753
f 2757/2810/2755 2857/2912/2855 2856/2911/2854 2756/2809/2754
f 2758/2811/2756 2858/2913/2856 2857/2912/2855 2757/2810/2755
f 2759/2812/2757 2859/2914/2857 2858/2913/2856 2758/2811/2756
f 2760/2813/2758 2860/2915/2858 2859/2914/2857 2759/2812/2757
f 2761/2814/2759 2861/2916/2859 2860/2915/2858 2760/2813/2758
f 2762/2815/2760 2862/2917/2860 2861/2916/2859 2761/2814/2759
f 2763/2816/2761 2863/2918/2861 2862/2917/2860 2762/2815/2760
f 2764/2817/2762 2864/2919/2862 2863/2918/2861 2763/2816/2761
f 2765/2818/2763 2865/2920/2863 2864/2919/2862 2764/2817/2762
f 2766/2819/2764 2866/2921/2864 2865/2920/2863 2765/2818/2763
f 2767/2820/2765 2867/2922/2865 2866/2921/2864 2766/2819/2764
f 2768/2821/2766 2868/2923/2866 2867/2922/2865 2767/2820/2765
f 2769/2822/2767 2869/2924/2867 2868/2923/2866 2768/2821/2766
f 2770/2823/2768 2870/2925/2868 2869/2924/2867 2769/2822/2767
f 2771/2824/2769 2871/2926/2869 2870/2925/2868 2770/2823/2768
f 2772/2825/2770 2872/2927/2870 2871/2926/2869 2771/2824/2769
f 2773/2826/2771 2873/2928/2871 2872/2927/2870 2772/2825/2770
f 2774/2827/2772 2874/2929/2872 2873/2928/2871 2773/2826/2771
f 2775/2828/2773 2875/2930/2873 2874/2929/2872 2774/2827/2772
f 2776/2829/2774 2876/2931/2874 2875/2930/2873 2775/2828/2773
f 2777/2830/2775 2877/2932/2875 2876/2931/2874 2776/2829/2774
f 2778/2831/2776 2878/2933/2876 2877/2932/2875 2777/2830/2775
f 2779/2832/2777 2879/2934/2877 2878/2933/2876 2778/2831/2776
f 2780/2833/2778 2880/2935/2878 2879/2934/2877 2779/2832/2777
f 2781/2834/2779 2881/2936/2879 2880/2935/2878 2780/2833/2778
f 2782/2835/2780 2882/2937/2880 2881/2936/2879 2781/2834/2779
f 2783/2836/2781 2883/2938/2881 2882/2937/2880 2782/2835/2780
f 2784/2837/2782 2884/2939/2882 2883/2938/2881 2783/2836/2781
f 2785/2838/2783 2885/2940/2883 2884/2939/2882 2784/2837/2782
f 2786/2839/2784 2886/2941/2884 2885/2940/2883 2785/2838/2783
f 2787/2840/2785 2887/2942/2885 2886/2941/2884 2786/2839/2784
f 2788/2841/2786 2888/2943/2886 2887/2942/2885 2787/2840/2785
f 2789/2842/2787 2889/2944/2887 2888/2943/2886 2788/2841/2786
f 2790/2843/2788 2890/2945/2888 2889/2944/2887 2789/2842/2787
f 2791/2844/2789 2891/2946/2889 2890/2945/2888 2790/2843/2788
f 2792/2845/2790 2892/2947/2890 2891/2946/2889 2791/2844/2789
f 2793/2846/2791 2893/2948/2891 2892/2947/2890 2792/2845/2790
f 2794/2847/2792 2894/2949/2892 2893/2948/2891 2793/2846/2791
f 2795/2848/2793 2895/2950/2893 2894/2949/2892 2794/2847/2792
f 2796/2849/2794 2896/2951/2894 2895/2950/2893 2795/2848/2793
f 2797/2850/2795 2897/2952/2895 2896/2951/2894 2796/2849/2794
f 2798/2851/2796 2898/2953/2896 2897/2952/2895 2797/2850/2795
f 2799/2852/2797 2899/2954/2897 2898/2953/2896 2798/2851/2796
f 2800/2853/2798 2900/2955/2898 2899/2954/2897 2799/2852/2797
f 2801/2854/2799 2901/2956/2899 2900/2955/2898 2800/2853/2798
f 2802/2855/2800 2902/2957/2900 2901/2956/2899 2801/2854/2799
f 2703/2856/2701 2803/2958/2801 2902/2957/2900 2802/2855/2800
f 2804/2858/2802 2904/2960/2902 2903/2959/2901 2803/2857/2801
f 2805/2859/2803 2905/2961/2903 2904/2960/2902 2804/2858/2802
f 2806/2860/2804 2906/2962/2904 2905/2961/2903 2805/2859/2803
f 2807/2861/2805 2907/2963/2905 2906/2962/2904 2806/2860/2804
f 2808/2862/2806 2908/2964/2906 2907/2963/2905 2807/2861/2805
f 2809/2863/2807 2909/2965/2907 2908/2964/2906 2808/2862/2806
f 2810/2864/2808 2910/2966/2908 2909/2965/2907 2809/2863/2807
f 2811/2865/2809 2911/2967/2909 2910/2966/2908 2810/2864/2808
f 2812/2866/2810 2912/2968/2910 2911/2967/2909 2811/2865/2809
f 2813/2867/2811 2913/2969/2911 2912/2968/2910 2812/2866/2810
f 2814/2868/2812 2914/2970/2912 2913/2969/2911 2813/2867/2811
f 2815/2869/2813 2915/2971/2913 2914/2970/2912 2814/2868/2812
f 2816/2870/2814 2916/2972/2914 2915/2971/2913 2815/2869/2813
f 2817/2871/2815 2917/2973/2915 2916/2972/2914 2816/2870/2814
f 2818/2872/2816 2918/2974/2916 2917/2973/2915 2817/2871/2815
f 2819/2873/2817 2919/2975/2917 2918/2974/2916 2818/2872/2816
f 2820/2874/2818 2920/2976/2918 2919/2975/2917 2819/2873/2817
f 2821/2875/2819 2921/2977/2919 2920/2976/2918 2820/2874/2818
f 2822/2876/2820 2922/2978/2920 2921/2977/2919 2821/2875/2819
f 2823/2877/2821 2923/2979/2921 2922/2978/2920 2822/2876/2820
f 2824/2878/2822 2924/2980/2922 2923/2979/2921 2823/2877/2821
f 2825/2879/2823 2925/2981/2923 2924/2980/2922 2824/2878/2822
f 2826/2880/2824 2926/2982/2924 2925/2981/2923 2825/2879/2823
f 2827/2881/2825 2927/2983/2925 2926/2982/2924 2826/2880/2824
f 2828/2882/2826 2928/2984/2926 2927/2983/2925 2827/2881/2825
f 2829/2883/2827 2929/2985/2927 2928/2984/2926 2828/2882/2826
f 2830/2884/2828 2930/2986/2928 2929/2985/2927 2829/2883/2827
f 2831/2885/2829 2931/2987/2929 2930/2986/2928 2830/2884/2828
f 2832/2886/2830 2932/2988/2930 2931/2987/2929 2831/2885/2829
f 2833/2887/2831 2933/2989/2931 2932/2988/2930 2832/2886/2830
f 2834/2888/2832 2934/2990/2932 2933/2989/2931 2833/2887/2831
f 2835/2889/2833 2935/2991/2933 2934/2990/2932 2834/2888/2832
f 2836/2890/2834 2936/2992/2934 2935/2991/2933 2835/2889/2833
f 2837/2891/2835 2937/2993/2935 2936/2992/2934 2836/2890/2834
f 2838/2892/2836 2938/2994/2936 2937/2993/2935 2837/2891/2835
f 2839/2893/2837 2939/2995/2937 2938/2994/2936 2838/2892/2836
f 2840/2894/2838 2940/2996/2938 2939/2995/2937 2839/2893/2837
f 2841/2895/2839 2941/2997/2939 2940/2996/2938 2840/2894/2838
f 2842/2896/2840 2942/2998/2940 2941/2997/2939 2841/2895/2839
f 2843/2897/2841 2943/2999/2941 2942/2998/2940 2842/2896/2840
f 2844/2898/2842 2944/3000/2942 2943/2999/2941 2843/2897/2841
f 2845/2899/2843 2945/3001/2943 2944/3000/2942 2844/2898/2842
f 2846/2900/2844 2946/3002/2944 2945/3001/2943 2845/2899/2843
f 2847/2901/2845 2947/3003/2945 2946/3002/2944 2846/2900/2844
f 2848/2902/2846 2948/3004/2946 2947/3003/2945 2847/2901/2845
f 2849/2903/2847 2949/3005/2947 2948/3004/2946 2848/2902/2846
f 2850/2904/2848 2950/3006/2948 2949/3005/2947 2849/2903/2847
f 2851/2905/2849 2951/3007/2949 2950/3006/2948 2850/2904/2848
f 2852/2906/2850 2952/3008/2950 2951/3007/2949 2851/2905/2849
f 2853/2907/2851 2953/3009/2951 2952/3008/2950 2852/2906/2850
f 2854/2909/2852 2954/3011/2952 2953/3010/2951 2853/2908/2851
f 2855/2910/2853 2955/3012/2953 2954/3011/2952 2854/2909/2852
f 2856/2911/2854 2956/3013/2954 2955/3012/2953 2855/2910/2853
f 2857/2912/2855 2957/3014/2955 2956/3013/2954 2856/2911/2854
f 2858/2913/2856 2958/3015/2956 2957/3014/2955 2857/2912/2855
f 2859/2914/2857 2959/3016/2957 2958/3015/2956 2858/2913/2856
f 2860/2915/2858 2960/3017/2958 2959/3016/2957 2859/2914/2857
f 2861/2916/2859 2961/3018/2959 2960/3017/2958 2860/2915/2858
f 2862/2917/2860 2962/3019/2960 2961/3018/2959 2861/2916/2859
f 2863/2918/2861 2963/3020/2961 2962/3019/2960 2862/2917/2860
f 2864/2919/2862 2964/3021/2962 2963/3020/2961 2863/2918/2861
f 2865/2920/2863 2965/3022/2963 2964/3021/2962 2864/2919/2862
f 2866/2921/2864 2966/3023/2964 2965/3022/2963 2865/2920/2863
f 2867/2922/2865 2967/3024/2965 2966/3023/2964 2866/2921/2864
f 2868/2923/2866 2968/3025/2966 2967/3024/2965 2867/2922/2865
f 2869/2924/2867 2969/3026/2967 2968/3025/2966 2868/2923/2866
f 2870/2925/2868 2970/3027/2968 2969/3026/2967 2869/2924/2867
f 2871/2926/2869 2971/3028/2969 2970/3027/2968 2870/2925/2868
f 2872/2927/2870 2972/3029/2970 2971/3028/2969 2871/2926/2869
f 2873/2928/2871 2973/3030/2971 2972/3029/2970 2872/2927/2870
f 2874/2929/2872 2974/3031/2972 2973/3030/2971 2873/2928/2871
f 2875/2930/2873 2975/3032/2973 2974/3031/2972 2874/2929/2872
f 2876/2931/2874 2976/3033/2974 2975/3032/2973 2875/2930/2873
f 2877/2932/2875 2977/3034/2975 2976/3033/2974 2876/2931/2874
f 2878/2933/2876 2978/3035/2976 2977/3034/2975 2877/2932/2875
f 2879/2934/2877 2979/3036/2977 2978/3035/2976 2878/2933/2876
f 2880/2935/2878 2980/3037/2978 2979/3036/2977 2879/2934/2877
f 2881/2936/2879 2981/3038/2979 2980/3037/2978 2880/2935/2878
f 2882/2937/2880 2982/3039/2980 2981/3038/2979 2881/2936/2879
f 2883/2938/2881 2983/3040/2981 2982/3039/2980 2882/2937/2880
f 2884/2939/2882 2984/3041/2982 2983/3040/2981 2883/2938/2881
f 2885/2940/2883 2985/3042/2983 2984/3041/2982 2884/2939/2882
f 2886/2941/2884 2986/3043/2984 2985/3042/2983 2885/2940/2883
f 2887/2942/2885 2987/3044/2985 2986/3043/2984 2886/2941/2884
f 2888/2943/2886 2988/3045/2986 2987/3044/2985 2887/2942/2885
f 2889/2944/2887 2989/3046/2987 2988/3045/2986 2888/2943/2886
f 2890/2945/2888 2990/3047/2988 2989/3046/2987 2889/2944/2887
f 2891/2946/2889 2991/3048/2989 2990/3047/2988 2890/2945/2888
f 2892/2947/2890 2992/3049/2990 2991/3048/2989 2891/2946/2889
f 2893/2948/2891 2993/3050/2991 2992/3049/2990 2892/2947/2890
f 2894/2949/2892 2994/3051/2992 2993/3050/2991 2893/2948/2891
f 2895/2950/2893 2995/3052/2993 2994/3051/2992 2894/2949/2892
f 2896/2951/2894 2996/3053/2994 2995/3052/2993 2895/2950/2893
f 2897/2952/2895 2997/3054/2995 2996/3053/2994 2896/2951/2894
f 2898/2953/2896 2998/3055/2996 2997/3054/2995 2897/2952/2895
f 2899/2954/2897 2999/3056/2997 2998/3055/2996 2898/2953/2896
f 2900/2955/2898 3000/3057/2998 2999/3056/2997 2899/2954/2897
f 2901/2956/2899 3001/3058/2999 3000/3057/2998 2900/2955/2898
f 2902/2957/2900 3002/3059/3000 3001/3058/2999 2901/2956/2899
f 2803/2958/2801 2903/3060/2901 3002/3059/3000 2902/2957/2900
f 2904/2960/2902 3004/3062/3002 3003/3061/3001 2903/2959/2901
f 2905/2961/2903 3005/3063/3003 3004/3062/3002 2904/2960/2902
f 2906/2962/2904 3006/3064/3004 3005/3063/3003 2905/2961/2903
f 2907/2963/2905 3007/3065/3005 3006/3064/3004 2906/2962/2904
f 2908/2964/2906 3008/3066/3006 3007/3065/3005 2907/2963/2905
f 2909/2965/2907 3009/3067/3007 3008/3066/3006 2908/2964/2906
f 2910/2966/2908 3010/3068/3008 3009/3067/3007 2909/2965/2907
f 2911/2967/2909 3011/3069/3009 3010/3068/3008 2910/2966/2908
f 2912/2968/2910 3012/3070/3010 3011/3069/3009 2911/2967/2909
f 2913/2969/2911 3013/3071/3011 3012/3070/3010 2912/2968/2910
f 2914/2970/2912 3014/3072/3012 3013/3071/3011 2913/2969/2911
f 2915/2971/2913 3015/3073/3013 3014/3072/3012 2914/2970/2912
f 2916/2972/2914 3016/3074/3014 3015/3073/3013 2915/2971/2913
f 2917/2973/2915 3017/3075/3015 3016/3074/3014 2916/2972/2914
f 2918/2974/2916 3018/3076/3016 3017/3075/3015 2917/2973/2915
f 2919/2975/2917 3019/3077/3017 3018/3076/3016 2918/2974/2916
f 2920/2976/2918 3020/3078/3018 3019/3077/3017 2919/2975/2917
f 2921/2977/2919 3021/3079/3019 3020/3078/3018 2920/2976/2918
f 2922/2978/2920 3022/3080/3020 3021/3079/3019 2921/2977/2919
f 2923/2979/2921 3023/3081/3021 3022/3080/3020 2922/2978/2920
f 2924/2980/2922 3024/3082/3022 3023/3081/3021 2923/2979/2921
f 2925/2981/2923 3025/3083/3023 3024/3082/3022 2924/2980/2922
f 2926/2982/2924 3026/3084/3024 3025/3083/3023 2925/2981/2923
f 2927/2983/2925 3027/3085/3025 3026/3084/3024 2926/2982/2924
f 2928/2984/2926 3028/3086/3026 3027/3085/3025 2927/2983/2925
f 2929/2985/2927 3029/3087/3027 3028/3086/3026 2928/2984/2926
f 2930/2986/2928 3030/3088/3028 3029/3087/3027 2929/2985/2927
f 2931/2987/2929 3031/3089/3029 3030/3088/3028 2930/2986/2928
f 2932/2988/2930 3032/3090/3030 3031/3089/3029 2931/2987/2929
f 2933/2989/2931 3033/3091/3031 3032/3090/3030 2932/2988/2930
f 2934/2990/2932 3034/3092/3032 3033/3091/3031 2933/2989/2931
f 2935/2991/2933 3035/3093/3033 3034/3092/3032 2934/2990/2932
f 2936/2992/2934 3036/3094/3034 3035/3093/3033 2935/2991/2933
f 2937/2993/2935 3037/3095/3035 3036/3094/3034 2936/2992/2934
f 2938/2994/2936 3038/3096/3036 3037/3095/3035 2937/2993/2935
f 2939/2995/2937 3039/3097/3037 3038/3096/3036 2938/2994/2936
f 2940/2996/2938 3040/3098/3038 3039/3097/3037 2939/2995/2937
f 2941/2997/2939 3041/3099/3039 3040/3098/3038 2940/2996/2938
f 2942/2998/2940 3042/3100/3040 3041/3099/3039 2941/2997/2939
f 2943/2999/2941 3043/3101/3041 3042/3100/3040 2942/2998/2940
f 2944/3000/2942 3044/3102/3042 3043/3101/3041 2943/2999/2941
f 2945/3001/2943 3045/3103/3043 3044/3102/3042 2944/3000/2942
f 2946/3002/2944 3046/3104/3044 3045/3103/3043 2945/3001/2943
f 2947/3003/2945 3047/3105/3045 3046/3104/3044 2946/3002/2944
f 2948/3004/2946 3048/3106/3046 3047/3105/3045 2947/3003/2945
f 2949/3005/2947 3049/3107/3047 3048/3106/3046 2948/3004/2946
f 2950/3006/2948 3050/3108/3048 3049/3107/3047 2949/3005/2947
f 2951/3007/2949 3051/3109/3049 3050/3108/3048 2950/3006/2948
f 2952/3008/2950 3052/3110/3050 3051/3109/3049 2951/3007/2949
f 2953/3009/2951 3053/3111/3051 3052/3110/3050 2952/3008/2950
f 2954/3011/2952 3054/3113/3052 3053/3112/3051 2953/3010/2951
f 2955/3012/2953 3055/3114/3053 3054/3113/3052 2954/3011/2952
f 2956/3013/2954 3056/3115/3054 3055/3114/3053 2955/3012/2953
f 2957/3014/2955 3057/3116/3055 3056/3115/3054 2956/3013/2954
f 2958/3015/2956 3058/3117/3056 3057/3116/3055 2957/3014/2955
f 2959/3016/2957 3059/3118/3057 3058/3117/3056 2958/3015/2956
f 2960/3017/2958 3060/3119/3058 3059/3118/3057 2959/3016/2957
f 2961/3018/2959 3061/3120/3059 3060/3119/3058 2960/3017/2958
f 2962/3019/2960 3062/3121/3060 3061/3120/3059 2961/3018/2959
f 2963/3020/2961 3063/3122/3061 3062/3121/3060 2962/3019/2960
f 2964/3021/2962 3064/3123/3062 3063/3122/3061 2963/3020/2961
f 2965/3022/2963 3065/3124/3063 3064/3123/3062 2964/3021/2962
f 2966/3023/2964 3066/3125/3064 3065/3124/3063 2965/3022/2963
f 2967/3024/2965 3067/3126/3065 3066/3125/3064 2966/3023/2964
f 2968/3025/2966 3068/3127/3066 3067/3126/3065 2967/3024/2965
f 2969/3026/2967 3069/3128/3067 3068/3127/3066 2968/3025/2966
f 2970/3027/2968 3070/3129/3068 3069/3128/3067 2969/3026/2967
f 2971/3028/2969 3071/3130/3069 3070/3129/3068 2970/3027/2968
f 2972/3029/2970 3072/3131/3070 3071/3130/3069 2971/3028/2969
f 2973/3030/2971 3073/3132/3071 3072/3131/3070 2972/3029/2970
f 2974/3031/2972 3074/3133/3072 3073/3132/3071 2973/3030/2971
f 2975/3032/2973 3075/3134/3073 3074/3133/3072 2974/3031/2972
f 2976/3033/2974 3076/3135/3074 3075/3134/3073 2975/3032/2973
f 2977/3034/2975 3077/3136/3075 3076/3135/3074 2976/3033/2974
f 2978/3035/2976 3078/3137/3076 3077/3136/3075 2977/3034/2975
f 2979/3036/2977 3079/3138/3077 3078/3137/3076 2978/3035/2976
f 2980/3037/2978 3080/3139/3078 3079/3138/3077 2979/3036/2977
f 2981/3038/2979 3081/3140/3079 3080/3139/3078 2980/3037/2978
f 2982/3039/2980 3082/3141/3080 3081/3140/3079 2981/3038/2979
f 2983/3040/2981 3083/3142/3081 3082/3141/3080 2982/3039/2980
f 2984/3041/2982 3084/3143/3082 3083/3142/3081 2983/3040/2981
f 2985/3042/2983 3085/3144/3083 3084/3143/3082 2984/3041/2982
f 2986/3043/2984 3086/3145/3084 3085/3144/3083 2985/3042/2983
f 2987/3044/2985 3087/3146/3085 3086/3145/3084 2986/3043/2984
f 2988/3045/2986 3088/3147/3086 3087/3146/3085 2987/3044/2985
f 2989/3046/2987 3089/3148/3087 3088/3147/3086 2988/3045/2986
f 2990/3047/2988 3090/3149/3088 3089/3148/3087 2989/3046/2987
f 2991/3048/2989 3091/3150/3089 3090/3149/3088 2990/3047/2988
f 2992/3049/2990 3092/3151/3090 3091/3150/3089 2991/3048/2989
f 2993/3050/2991 3093/3152/3091 3092/3151/3090 2992/3049/2990
f 2994/3051/2992 3094/3153/3092 3093/3152/3091 2993/3050/2991
f 2995/3052/2993 3095/3154/3093 3094/3153/3092 2994/3051/2992
f 2996/3053/2994 3096/3155/3094 3095/3154/3093 2995/3052/2993
f 2997/3054/2995 3097/3156/3095 3096/3155/3094 2996/3053/2994
f 2998/3055/2996 3098/3157/3096 3097/3156/3095 2997/3054/2995
f 2999/3056/2997 3099/3158/3097 3098/3157/3096 2998/3055/2996
f 3000/3057/2998 3100/3159/3098 3099/3158/3097 2999/3056/2997
f 3001/3058/2999 3101/3160/3099 3100/3159/3098 3000/3057/2998
f 3002/3059/3000 3102/3161/3100 3101/3160/3099 3001/3058/2999
f 2903/3060/2901 3003/3162/3001 3102/3161/3100 3002/3059/3000
f 3004/3062/3002 3104/3164/3102 3103/3163/3101 3003/3061/3001
f 3005/3063/3003 3105/3165/3103 3104/3164/3102 3004/3062/3002
f 3006/3064/3004 3106/3166/3104 3105/3165/3103 3005/3063/3003
f 3007/3065/3005 3107/3167/3105 3106/3166/3104 3006/3064/3004
f 3008/3066/3006 3108/3168/3106 3107/3167/3105 3007/3065/3005
f 3009/3067/3007 3109/3169/3107 3108/3168/3106 3008/3066/3006
f 3010/3068/3008 3110/3170/3108 3109/3169/3107 3009/3067/3007
f 3011/3069/3009 3111/3171/3109 3110/3170/3108 3010/3068/3008
f 3012/3070/3010 3112/3172/3110 3111/3171/3109 3011/3069/3009
f 3013/3071/3011 3113/3173/3111 3112/3172/3110 3012/3070/3010
f 3014/3072/3012 3114/3174/3112 3113/3173/3111 3013/3071/3011
f 3015/3073/3013 3115/3175/3113 3114/3174/3112 3014/3072/3012
f 3016/3074/3014 3116/3176/3114 3115/3175/3113 3015/3073/3013
f 3017/3075/3015 3117/3177/3115 3116/3176/3114 3016/3074/3014
f 3018/3076/3016 3118/3178/3116 3117/3177/3115 3017/3075/3015
f 3019/3077/3017 3119/3179/3117 3118/3178/3116 3018/3076/3016
f 3020/3078/3018 3120/3180/3118 3119/3179/3117 3019/3077/3017
f 3021/3079/3019 3121/3181/3119 3120/3180/3118 3020/3078/3018
f 3022/3080/3020 3122/3182/3120 3121/3181/3119 3021/3079/3019
f 3023/3081/3021 3123/3183/3121 3122/3182/3120 3022/3080/3020
f 3024/3082/3022 3124/3184/3122 3123/3183/3121 3023/3081/3021
f 3025/3083/3023 3125/3185/3123 3124/3184/3122 3024/3082/3022
f 3026/3084/3024 3126/3186/3124 3125/3185/3123 3025/3083/3023
f 3027/3085/3025 3127/3187/3125 3126/3186/3124 3026/3084/3024
f 3028/3086/3026 3128/3188/3126 3127/3187/3125 3027/3085/3025
f 3029/3087/3027 3129/3189/3127 3128/3188/3126 3028/3086/3026
f 3030/3088/3028 3130/3190/3128 3129/3189/3127 3029/3087/3027
f 3031/3089/3029 3131/3191/3129 3130/3190/3128 3030/3088/3028
f 3032/3090/3030 3132/3192/3130 3131/3191/3129 3031/3089/3029
f 3033/3091/3031 3133/3193/3131 3132/3192/3130 3032/3090/3030
f 3034/3092/3032 3134/3194/3132 3133/3193/3131 3033/3091/3031
f 3035/3093/3033 3135/3195/3133 3134/3194/3132 3034/3092/3032
f 3036/3094/3034 3136/3196/3134 3135/3195/3133 3035/3093/3033
f 3037/3095/3035 3137/3197/3135 3136/3196/3134 3036/3094/3034
f 3038/3096/3036 3138/3198/3136 3137/3197/3135 3037/3095/3035
f 3039/3097/3037 3139/3199/3137 3138/3198/3136 3038/3096/3036
f 3040/3098/3038 3140/3200/3138 3139/3199/3137 3039/3097/3037
f 3041/3099/3039 3141/3201/3139 3140/3200/3138 3040/3098/3038
f 3042/3100/3040 3142/3202/3140 3141/3201/3139 3041/3099/3039
f 3043/3101/3041 3143/3203/3141 3142/3202/3140 3042/3100/3040
f 3044/3102/3042 3144/3204/3142 3143/3203/3141 3043/3101/3041
f 3045/3103/3043 3145/3205/3143 3144/3204/3142 3044/3102/3042
f 3046/3104/3044 3146/3206/3144 3145/3205/3143 3045/3103/3043
f 3047/3105/3045 3147/3207/3145 3146/3206/3144 3046/3104/3044
f 3048/3106/3046 3148/3208/3146 3147/3207/3145 3047/3105/3045
f 3049/3107/3047 3149/3209/3147 3148/3208/3146 3048/3106/3046
f 3050/3108/3048 3150/3210/3148 3149/3209/3147 3049/3107/3047
f 3051/3109/3049 3151/3211/3149 3150/3210/3148 3050/3108/3048
f 3052/3110/3050 3152/3212/3150 3151/3211/3149 3051/3109/3049
f 3053/3111/3051 3153/3213/3151 3152/3212/3150 3052/3110/3050
f 3054/3113/3052 3154/3215/3152 3153/3214/3151 3053/3112/3051
f 3055/3114/3053 3155/3216/3153 3154/3215/3152 3054/3113/3052
f 3056/3115/3054 3156/3217/3154 3155/3216/3153 3055/3114/3053
f 3057/3116/3055 3157/3218/3155 3156/3217/3154 3056/3115/3054
f 3058/3117/3056 3158/3219/3156 3157/3218/3155 3057/3116/3055
f 3059/3118/3057 3159/3220/3157 3158/3219/3156 3058/3117/3056
f 3060/3119/3058 3160/3221/3158 3159/3220/3157 3059/3118/3057
f 3061/3120/3059 3161/3222/3159 3160/3221/3158 3060/3119/3058
f 3062/3121/3060 3162/3223/3160 3161/3222/3159 3061/3120/3059
f 3063/3122/3061 3163/3224/3161 3162/3223/3160 3062/3121/3060
f 3064/3123/3062 3164/3225/3162 3163/3224/3161 3063/3122/3061
f 3065/3124/3063 3165/3226/3163 3164/3225/3162 3064/3123/3062
f 3066/3125/3064 3166/3227/3164 3165/3226/3163 3065/3124/3063
f 3067/3126/3065 3167/3228/3165 3166/3227/3164 3066/3125/3064
f 3068/3127/3066 3168/3229/3166 3167/3228/3165 3067/3126/3065
f 3069/3128/3067 3169/3230/3167 3168/3229/3166 3068/3127/3066
f 3070/3129/3068 3170/3231/3168 3169/3230/3167 3069/3128/3067
f 3071/3130/3069 3171/3232/3169 3170/3231/3168 3070/3129/3068
f 3072/3131/3070 3172/3233/3170 3171/3232/3169 3071/3130/3069
f 3073/3132/3071 3173/3234/3171 3172/3233/3170 3072/3131/3070
f 3074/3133/3072 3174/3235/3172 3173/3234/3171 3073/3132/3071
f 3075/3134/3073 3175/3236/3173 3174/3235/3172 3074/3133/3072
f 3076/3135/3074 3176/3237/3174 3175/3236/3173 3075/3134/3073
f 3077/3136/3075 3177/3238/3175 3176/3237/3174 3076/3135/3074
f 3078/3137/3076 3178/3239/3176 3177/3238/3175 3077/3136/3075
f 3079/3138/3077 3179/3240/3177 3178/3239/3176 3078/3137/3076
f 3080/3139/3078 3180/3241/3178 3179/3240/3177 3079/3138/3077
f 3081/3140/3079 3181/3242/3179 3180/3241/3178 3080/3139/3078
f 3082/3141/3080 3182/3243/3180 3181/3242/3179 3081/3140/3079
f 3083/3142/3081 3183/3244/3181 3182/3243/3180 3082/3141/3080
f 3084/3143/3082 3184/3245/3182 3183/3244/3181 3083/3142/3081
f 3085/3144/3083 3185/3246/3183 3184/3245/3182 3084/3143/3082
f 3086/3145/3084 3186/3247/3184 3185/3246/3183 3085/3144/3083
f 3087/3146/3085 3187/3248/3185 3186/3247/3184 3086/3145/3084
f 3088/3147/3086 3188/3249/3186 3187/3248/3185 3087/3146/3085
f 3089/3148/3087 3189/3250/3187 3188/3249/3186 3088/3147/3086
f 3090/3149/3088 3190/3251/3188 3189/3250/3187 3089/3148/3087
f 3091/3150/3089 3191/3252/3189 3190/3251/3188 3090/3149/3088
f 3092/3151/3090 3192/3253/3190 3191/3252/3189 3091/3150/3089
f 3093/3152/3091 3193/3254/3191 3192/3253/3190 3092/3151/3090
f 3094/3153/3092 3194/3255/3192 3193/3254/3191 3093/3152/3091
f 3095/3154/3093 3195/3256/3193 3194/3255/3192 3094/3153/3092
f 3096/3155/3094 3196/3257/3194 3195/3256/3193 3095/3154/3093
f 3097/3156/3095 3197/3258/3195 3196/3257/3194 3096/3155/3094
f 3098/3157/3096 3198/3259/3196 3197/3258/3195 3097/3156/3095
f 3099/3158/3097 3199/3260/3197 3198/3259/3196 3098/3157/3096
f 3100/3159/3098 3200/3261/3198 3199/3260/3197 3099/3158/3097
f 3101/3160/3099 3201/3262/3199 3200/3261/3198 3100/3159/3098
f 3102/3161/3100 3202/3263/3200 3201/3262/3199 3101/3160/3099
f 3003/3162/3001 3103/3264/3101 3202/3263/3200 3102/3161/3100
f 3104/3164/3102 3204/3266/3202 3203/3265/3201 3103/3163/3101
f 3105/3165/3103 3205/3267/3203 3204/3266/3202 3104/3164/3102
f 3106/3166/3104 3206/3268/3204 3205/3267/3203 3105/3165/3103
f 3107/3167/3105 3207/3269/3205 3206/3268/3204 3106/3166/3104
f 3108/3168/3106 3208/3270/3206 3207/3269/3205 3107/3167/3105
f 3109/3169/3107 3209/3271/3207 3208/3270/3206 3108/3168/3106
f 3110/3170/3108 3210/3272/3208 3209/3271/3207 3109/3169/3107
f 3111/3171/3109 3211/3273/3209 3210/3272/3208 3110/3170/3108
f 3112/3172/3110 3212/3274/3210 3211/3273/3209 3111/3171/3109
f 3113/3173/3111 3213/3275/3211 3212/3274/3210 3112/3172/3110
f 3114/3174/3112 3214/3276/3212 3213/3275/3211 3113/3173/3111
f 3115/3175/3113 3215/3277/3213 3214/3276/3212 3114/3174/3112
f 3116/3176/3114 3216/3278/3214 3215/3277/3213 3115/3175/3113
f 3117/3177/3115 3217/3279/3215 3216/3278/3214 3116/3176/3114
f 3118/3178/3116 3218/3280/3216 3217/3279/3215 3117/3177/3115
f 3119/3179/3117 3219/3281/3217 3218/3280/3216 3118/3178/3116
f 3120/3180/3118 3220/3282/3218 3219/3281/3217 3119/3179/3117
f 3121/3181/3119 3221/3283/3219 3220/3282/3218 3120/3180/3118
f 3122/3182/3120 3222/3284/3220 3221/3283/3219 3121/3181/3119
f 3123/3183/3121 3223/3285/3221 3222/3284/3220 3122/3182/3120
f 3124/3184/3122 3224/3286/3222 3223/3285/3221 3123/3183/3121
f 3125/3185/3123 3225/3287/3223 3224/3286/3222 3124/3184/3122
f 3126/3186/3124 3226/3288/3224 3225/3287/3223 3125/3185/3123
f 3127/3187/3125 3227/3289/3225 3226/3288/3224 3126/3186/3124
f 3128/3188/3126 3228/3290/3226 3227/3289/3225 3127/3187/3125
f 3129/3189/3127 3229/3291/3227 3228/3290/3226 3128/3188/3126
f 3130/3190/3128 3230/3292/3228 3229/3291/3227 3129/3189/3127
f 3131/3191/3129 3231/3293/3229 3230/3292/3228 3130/3190/3128
f 3132/3192/3130 3232/3294/3230 3231/3293/3229 3131/3191/3129
f 3133/3193/3131 3233/3295/3231 3232/3294/3230 3132/3192/3130
f 3134/3194/3132 3234/3296/3232 3233/3295/3231 3133/3193/3131
f 3135/3195/3133 3235/3297/3233 3234/3296/3232 3134/3194/3132
f 3136/3196/3134 3236/3298/3234 3235/3297/3233 3135/3195/3133
f 3137/3197/3135 3237/3299/3235 3236/3298/3234 3136/3196/3134
f 3138/3198/3136 3238/3300/3236 3237/3299/3235 3137/3197/3135
f 3139/3199/3137 3239/3301/3237 3238/3300/3236 3138/3198/3136
f 3140/3200/3138 3240/3302/3238 3239/3301/3237 3139/3199/3137
f 3141/3201/3139 3241/3303/3239 3240/3302/3238 3140/3200/3138
f 3142/3202/3140 3242/3304/3240 3241/3303/3239 3141/3201/3139
f 3143/3203/3141 3243/3305/3241 3242/3304/3240 3142/3202/3140
f 3144/3204/3142 3244/3306/3242 3243/3305/3241 3143/3203/3141
f 3145/3205/3143 3245/3307/3243 3244/3306/3242 3144/3204/3142
f 3146/3206/3144 3246/3308/3244 3245/3307/3243 3145/3205/3143
f 3147/3207/3145 3247/3309/3245 3246/3308/3244 3146/3206/3144
f 3148/3208/3146 3248/3310/3246 3247/3309/3245 3147/3207/3145
f 3149/3209/3147 3249/3311/3247 3248/3310/3246 3148/3208/3146
f 3150/3210/3148 3250/3312/3248 3249/3311/3247 3149/3209/3147
f 3151/3211/3149 3251/3313/3249 3250/3312/3248 3150/3210/3148
f 3152/3212/3150 3252/3314/3250 3251/3313/3249 3151/3211/3149
f 3153/3213/3151 3253/3315/3251 3252/3314/3250 3152/3212/3150
f 3154/3215/3152 3254/3317/3252 3253/3316/3251 3153/3214/3151
f 3155/3216/3153 3255/3318/3253 3254/3317/3252 3154/3215/3152
f 3156/3217/3154 3256/3319/3254 3255/3318/3253 3155/3216/3153
f 3157/3218/3155 3257/3320/3255 3256/3319/3254 3156/3217/3154
f 3158/3219/3156 3258/3321/3256 3257/3320/3255 3157/3218/3155
f 3159/3220/3157 3259/3322/3257 3258/3321/3256 3158/3219/3156
f 3160/3221/3158 3260/3323/3258 3259/3322/3257 3159/3220/3157
f 3161/3222/3159 3261/3324/3259 3260/3323/3258 3160/3221/3158
f 3162/3223/3160 3262/3325/3260 3261/3324/3259 3161/3222/3159
f 3163/3224/3161 3263/3326/3261 3262/3325/3260 3162/3223/3160
f 3164/3225/3162 3264/3327/3262 3263/3326/3261 3163/3224/3161
f 3165/3226/3163 3265/3328/3263 3264/3327/3262 3164/3225/3162
f 3166/3227/3164 3266/3329/3264 3265/3328/3263 3165/3226/3163
f 3167/3228/3165 3267/3330/3265 3266/3329/3264 3166/3227/3164
f 3168/3229/3166 3268/3331/3266 3267/3330/3265 3167/3228/3165
f 3169/3230/3167 3269/3332/3267 3268/3331/3266 3168/3229/3166
f 3170/3231/3168 3270/3333/3268 3269/3332/3267 3169/3230/3167
f 3171/3232/3169 3271/3334/3269 3270/3333/3268 3170/3231/3168
f 3172/3233/3170 3272/3335/3270 3271/3334/3269 3171/3232/3169
f 3173/3234/3171 3273/3336/3271 3272/3335/3270 3172/3233/3170
f 3174/3235/3172 3274/3337/3272 3273/3336/3271 3173/3234/3171
f 3175/3236/3173 3275/3338/3273 3274/3337/3272 3174/3235/3172
f 3176/3237/3174 3276/3339/3274 3275/3338/3273 3175/3236/3173
f 3177/3238/3175 3277/3340/3275 3276/3339/3274 3176/3237/3174
f 3178/3239/3176 3278/3341/3276 3277/3340/3275 3177/3238/3175
f 3179/3240/3177 3279/3342/3277 3278/3341/3276 3178/3239/3176
f 3180/3241/3178 3280/3343/3278 3279/3342/3277 3179/3240/3177
f 3181/3242/3179 3281/3344/3279 3280/3343/3278 3180/3241/3178
f 3182/3243/3180 3282/3345/3280 3281/3344/3279 3181/3242/3179
f 3183/3244/3181 3283/3346/3281 3282/3345/3280 3182/3243/3180
f 3184/3245/3182 3284/3347/3282 3283/3346/3281 3183/3244/3181
f 3185/3246/3183 3285/3348/3283 3284/3347/3282 3184/3245/3182
f 3186/3247/3184 3286/3349/3284 3285/3348/3283 3185/3246/3183
f 3187/3248/3185 3287/3350/3285 3286/3349/3284 3186/3247/3184
f 3188/3249/3186 3288/3351/3286 3287/3350/3285 3187/3248/3185
f 3189/3250/3187 3289/3352/3287 3288/3351/3286 3188/3249/3186
f 3190/3251/3188 3290/3353/3288 3289/3352/3287 3189/3250/3187
f 3191/3252/3189 3291/3354/3289 3290/3353/3288 3190/3251/3188
f 3192/3253/3190 3292/3355/3290 3291/3354/3289 3191/3252/3189
f 3193/3254/3191 3293/3356/3291 3292/3355/3290 3192/3253/3190
f 3194/3255/3192 3294/3357/3292 3293/3356/3291 3193/3254/3191
f 3195/3256/3193 3295/3358/3293 3294/3357/3292 3194/3255/3192
f 3196/3257/3194 3296/3359/3294 3295/3358/3293 3195/3256/3193
f 3197/3258/3195 3297/3360/3295 3296/3359/3294 3196/3257/3194
f 3198/3259/3196 3298/3361/3296 3297/3360/3295 3197/3258/3195
f 3199/3260/3197 3299/3362/3297 3298/3361/3296 3198/3259/3196
f 3200/3261/3198 3300/3363/3298 3299/3362/3297 3199/3260/3197
f 3201/3262/3199 3301/3364/3299 3300/3363/3298 3200/3261/3198
f 3202/3263/3200 3302/3365/3300 3301/3364/3299 3201/3262/3199
f 3103/3264/3101 3203/3366/3201 3302/3365/3300 3202/3263/3200
f 3204/3266/3202 3304/3368/3302 3303/3367/3301 3203/3265/3201
f 3205/3267/3203 3305/3369/3303 3304/3368/3302 3204/3266/3202
f 3206/3268/3204 3306/3370/3304 3305/3369/3303 3205/3267/3203
f 3207/3269/3205 3307/3371/3305 3306/3370/3304 3206/3268/3204
f 3208/3270/3206 3308/3372/3306 3307/3371/3305 3207/3269/3205
f 3209/3271/3207 3309/3373/3307 3308/3372/3306 3208/3270/3206
f 3210/3272/3208 3310/3374/3308 3309/3373/3307 3209/3271/3207
f 3211/3273/3209 3311/3375/3309 3310/3374/3308 3210/3272/3208
f 3212/3274/3210 3312/3376/3310 3311/3375/3309 3211/3273/3209
f 3213/3275/3211 3313/3377/3311 3312/3376/3310 3212/3274/3210
f 3214/3276/3212 3314/3378/3312 3313/3377/3311 3213/3275/3211
f 3215/3277/3213 3315/3379/3313 3314/3378/3312 3214/3276/3212
f 3216/3278/3214 3316/3380/3314 3315/3379/3313 3215/3277/3213
f 3217/3279/3215 3317/3381/3315 3316/3380/3314 3216/3278/3214
f 3218/3280/3216 3318/3382/3316 3317/3381/3315 3217/3279/3215
f 3219/3281/3217 3319/3383/3317 3318/3382/3316 3218/3280/3216
f 3220/3282/3218 3320/3384/3318 3319/3383/3317 3219/3281/3217
f 3221/3283/3219 3321/3385/3319 3320/3384/3318 3220/3282/3218
f 3222/3284/3220 3322/3386/3320 3321/3385/3319 3221/3283/3219
f 3223/3285/3221 3323/3387/3321 3322/3386/3320 3222/3284/3220
f 3224/3286/3222 3324/3388/3322 3323/3387/3321 3223/3285/3221
f 3225/3287/3223 3325/3389/3323 3324/3388/3322 3224/3286/3222
f 3226/3288/3224 3326/3390/3324 3325/3389/3323 3225/3287/3223
f 3227/3289/3225 3327/3391/3325 3326/3390/3324 3226/3288/3224
f 3228/3290/3226 3328/3392/3326 3327/3391/3325 3227/3289/3225
f 3229/3291/3227 3329/3393/3327 3328/3392/3326 3228/3290/3226
f 3230/3292/3228 3330/3394/3328 3329/3393/3327 3229/3291/3227
f 3231/3293/3229 3331/3395/3329 3330/3394/3328 3230/3292/3228
f 3232/3294/3230 3332/3396/3330 3331/3395/3329 3231/3293/3229
f 3233/3295/3231 3333/3397/3331 3332/3396/3330 3232/3294/3230
f 3234/3296/3232 3334/3398/3332 3333/3397/3331 3233/3295/3231
f 3235/3297/3233 3335/3399/3333 3334/3398/3332 3234/3296/3232
f 3236/3298/3234 3336/3400/3334 3335/3399/3333 3235/3297/3233
f 3237/3299/3235 3337/3401/3335 3336/3400/3334 3236/3298/3234
f 3238/3300/3236 3338/3402/3336 3337/3401/3335 3237/3299/3235
f 3239/3301/3237 3339/3403/3337 3338/3402/3336 3238/3300/3236
f 3240/3302/3238 3340/3404/3338 3339/3403/3337 3239/3301/3237
f 3241/3303/3239 3341/3405/3339 3340/3404/3338 3240/3302/3238
f 3242/3304/3240 3342/3406/3340 3341/3405/3339 3241/3303/3239
f 3243/3305/3241 3343/3407/3341 3342/3406/3340 3242/3304/3240
f 3244/3306/3242 3344/3408/3342 3343/3407/3341 3243/3305/3241
f 3245/3307/3243 3345/3409/3343 3344/3408/3342 3244/3306/3242
f 3246/3308/3244 3346/3410/3344 3345/3409/3343 3245/3307/3243
f 3247/3309/3245 3347/3411/3345 3346/3410/3344 3246/3308/3244
f 3248/3310/3246 3348/3412/3346 3347/3411/3345 3247/3309/3245
f 3249/3311/3247 3349/3413/3347 3348/3412/3346 3248/3310/3246
f 3250/3312/3248 3350/3414/3348 3349/3413/3347 3249/3311/3247
f 3251/3313/3249 3351/3415/3349 3350/3414/3348 3250/3312/3248
f 3252/3314/3250 3352/3416/3350 3351/3415/3349 3251/3313/3249
f 3253/3315/3251 3353/3417/3351 3352/3416/3350 3252/3314/3250
f 3254/3317/3252 3354/3419/3352 3353/3418/3351 3253/3316/3251
f 3255/3318/3253 3355/3420/3353 3354/3419/3352 3254/3317/3252
f 3256/3319/3254 3356/3421/3354 3355/3420/3353 3255/3318/3253
f 3257/3320/3255 3357/3422/3355 3356/3421/3354 3256/3319/3254
f 3258/3321/3256 3358/3423/3356 3357/3422/3355 3257/3320/3255
f 3259/3322/3257 3359/3424/3357 3358/3423/3356 3258/3321/3256
f 3260/3323/3258 3360/3425/3358 3359/3424/3357 3259/3322/3257
f 3261/3324/3259 3361/3426/3359 3360/3425/3358 3260/3323/3258
f 3262/3325/3260 3362/3427/3360 3361/3426/3359 3261/3324/3259
f 3263/3326/3261 3363/3428/3361 3362/3427/3360 3262/3325/3260
f 3264/3327/3262 3364/3429/3362 3363/3428/3361 3263/3326/3261
f 3265/3328/3263 3365/3430/3363 3364/3429/3362 3264/3327/3262
f 3266/3329/3264 3366/3431/3364 3365/3430/3363 3265/3328/3263
f 3267/3330/3265 3367/3432/3365 3366/3431/3364 3266/3329/3264
f 3268/3331/3266 3368/3433/3366 3367/3432/3365 3267/3330/3265
f 3269/3332/3267 3369/3434/3367 3368/3433/3366 3268/3331/3266
f 3270/3333/3268 3370/3435/3368 3369/3434/3367 3269/3332/3267
f 3271/3334/3269 3371/3436/3369 3370/3435/3368 3270/3333/3268
f 3272/3335/3270 3372/3437/3370 3371/3436/3369 3271/3334/3269
f 3273/3336/3271 3373/3438/3371 3372/3437/3370 3272/3335/3270
f 3274/3337/3272 3374/3439/3372 3373/3438/3371 3273/3336/3271
f 3275/3338/3273 3375/3440/3373 3374/3439/3372 3274/3337/3272
f 3276/3339/3274 3376/3441/3374 3375/3440/3373 3275/3338/3273
f 3277/3340/3275 3377/3442/3375 3376/3441/3374 3276/3339/3274
f 3278/3341/3276 3378/3443/3376 3377/3442/3375 3277/3340/3275
f 3279/3342/3277 3379/3444/3377 3378/3443/3376 3278/3341/3276
f 3280/3343/3278 3380/3445/3378 3379/3444/3377 3279/3342/3277
f 3281/3344/3279 3381/3446/3379 3380/3445/3378 3280/3343/3278
f 3282/3345/3280 3382/3447/3380 3381/3446/3379 3281/3344/3279
f 3283/3346/3281 3383/3448/3381 3382/3447/3380 3282/3345/3280
f 3284/3347/3282 3384/3449/3382 3383/3448/3381 3283/3346/3281
f 3285/3348/3283 3385/3450/3383 3384/3449/3382 3284/3347/3282
f 3286/3349/3284 3386/3451/3384 3385/3450/3383 3285/3348/3283
f 3287/3350/3285 3387/3452/3385 3386/3451/3384 3286/3349/3284
f 3288/3351/3286 3388/3453/3386 3387/3452/3385 3287/3350/3285
f 3289/3352/3287 3389/3454/3387 3388/3453/3386 3288/3351/3286
f 3290/3353/3288 3390/3455/3388 3389/3454/3387 3289/3352/3287
f 3291/3354/3289 3391/3456/3389 3390/3455/3388 3290/3353/3288
f 3292/3355/3290 3392/3457/3390 3391/3456/3389 3291/3354/3289
f 3293/3356/3291 3393/3458/3391 3392/3457/3390 3292/3355/3290
f 3294/3357/3292 3394/3459/3392 3393/3458/3391 3293/3356/3291
f 3295/3358/3293 3395/3460/3393 3394/3459/3392 3294/3357/3292
f 3296/3359/3294 3396/3461/3394 3395/3460/3393 3295/3358/3293
f 3297/3360/3295 3397/3462/3395 3396/3461/3394 3296/3359/3294
f 3298/3361/3296 3398/3463/3396 3397/3462/3395 3297/3360/3295
f 3299/3362/3297 3399/3464/3397 3398/3463/3396 3298/3361/3296
f 3300/3363/3298 3400/3465/3398 3399/3464/3397 3299/3362/3297
f 3301/3364/3299 3401/3466/3399 3400/3465/3398 3300/3363/3298
f 3302/3365/3300 3402/3467/3400 3401/3466/3399 3301/3364/3299
f 3203/3366/3201 3303/3468/3301 3402/3467/3400 3302/3365/3300
f 3304/3368/3302 3404/3470/3402 3403/3469/3401 3303/3367/3301
f 3305/3369/3303 3405/3471/3403 3404/3470/3402 3304/3368/3302
f 3306/3370/3304 3406/3472/3404 3405/3471/3403 3305/3369/3303
f 3307/3371/3305 3407/3473/3405 3406/3472/3404 3306/3370/3304
f 3308/3372/3306 3408/3474/3406 3407/3473/3405 3307/3371/3305
f 3309/3373/3307 3409/3475/3407 3408/3474/3406 3308/3372/3306
f 3310/3374/3308 3410/3476/3408 3409/3475/3407 3309/3373/3307
f 3311/3375/3309 3411/3477/3409 3410/3476/3408 3310/3374/3308
f 3312/3376/3310 3412/3478/3410 3411/3477/3409 3311/3375/3309
f 3313/3377/3311 3413/3479/3411 3412/3478/3410 3312/3376/3310
f 3314/3378/3312 3414/3480/3412 3413/3479/3411 3313/3377/3311
f 3315/3379/3313 3415/3481/3413 3414/3480/3412 3314/3378/3312
f 3316/3380/3314 3416/3482/3414 3415/3481/3413 3315/3379/3313
f 3317/3381/3315 3417/3483/3415 3416/3482/3414 3316/3380/3314
f 3318/3382/3316 3418/3484/3416 3417/3483/3415 3317/3381/3315
f 3319/3383/3317 3419/3485/3417 3418/3484/3416 3318/3382/3316
f 3320/3384/3318 3420/3486/3418 3419/3485/3417 3319/3383/3317
f 3321/3385/3319 3421/3487/3419 3420/3486/3418 3320/3384/3318
f 3322/3386/3320 3422/3488/3420 3421/3487/3419 3321/3385/3319
f 3323/3387/3321 3423/3489/3421 3422/3488/3420 3322/3386/3320
f 3324/3388/3322 3424/3490/3422 3423/3489/3421 3323/3387/3321
f 3325/3389/3323 3425/3491/3423 3424/3490/3422 3324/3388/3322
f 3326/3390/3324 3426/3492/3424 3425/3491/3423 3325/3389/3323
f 3327/3391/3325 3427/3493/3425 3426/3492/3424 3326/3390/3324
f 3328/3392/3326 3428/3494/3426 3427/3493/3425 3327/3391/3325
f 3329/3393/3327 3429/3495/3427 3428/3494/3426 3328/3392/3326
f 3330/3394/3328 3430/3496/3428 3429/3495/3427 3329/3393/3327
f 3331/3395/3329 3431/3497/3429 3430/3496/3428 3330/3394/3328
f 3332/3396/3330 3432/3498/3430 3431/3497/3429 3331/3395/3329
f 3333/3397/3331 3433/3499/3431 3432/3498/3430 3332/3396/3330
f 3334/3398/3332 3434/3500/3432 3433/3499/3431 3333/3397/3331
f 3335/3399/3333 3435/3501/3433 3434/3500/3432 3334/3398/3332
f 3336/3400/3334 3436/3502/3434 3435/3501/3433 3335/3399/3333
f 3337/3401/3335 3437/3503/3435 3436/3502/3434 3336/3400/3334
f 3338/3402/3336 3438/3504/3436 3437/3503/3435 3337/3401/3335
f 3339/3403/3337 3439/3505/3437 3438/3504/3436 3338/3402/3336
f 3340/3404/3338 3440/3506/3438 3439/3505/3437 3339/3403/3337
f 3341/3405/3339 3441/3507/3439 3440/3506/3438 3340/3404/3338
f 3342/3406/3340 3442/3508/3440 3441/3507/3439 3341/3405/3339
f 3343/3407/3341 3443/3509/3441 3442/3508/3440 3342/3406/3340
f 3344/3408/3342 3444/3510/3442 3443/3509/3441 3343/3407/3341
f 3345/3409/3343 3445/3511/3443 3444/3510/3442 3344/3408/3342
f 3346/3410/3344 3446/3512/3444 3445/3511/3443 3345/3409/3343
f 3347/3411/3345 3447/3513/3445 3446/3512/3444 3346/3410/3344
f 3348/3412/3346 3448/3514/3446 3447/3513/3445 3347/3411/3345
f 3349/3413/3347 3449/3515/3447 3448/3514/3446 3348/3412/3346
f 3350/3414/3348 3450/3516/3448 3449/3515/3447 3349/3413/3347
f 3351/3415/3349 3451/3517/3449 3450/3516/3448 3350/3414/3348
f 3352/3416/3350 3452/3518/3450 3451/3517/3449 3351/3415/3349
f 3353/3417/3351 3453/3519/3451 3452/3518/3450 3352/3416/3350
f 3354/3419/3352 3454/3521/3452 3453/3520/3451 3353/3418/3351
f 3355/3420/3353 3455/3522/3453 3454/3521/3452 3354/3419/3352
f 3356/3421/3354 3456/3523/3454 3455/3522/3453 3355/3420/3353
f 3357/3422/3355 3457/3524/3455 3456/3523/3454 3356/3421/3354
f 3358/3423/3356 3458/3525/3456 3457/3524/3455 3357/3422/3355
f 3359/3424/3357 3459/3526/3457 3458/3525/3456 3358/3423/3356
f 3360/3425/3358 3460/3527/3458 3459/3526/3457 3359/3424/3357
f 3361/3426/3359 3461/3528/3459 3460/3527/3458 3360/3425/3358
f 3362/3427/3360 3462/3529/3460 3461/3528/3459 3361/3426/3359
f 3363/3428/3361 3463/3530/3461 3462/3529/3460 3362/3427/3360
f 3364/3429/3362 3464/3531/3462 3463/3530/3461 3363/3428/3361
f 3365/3430/3363 3465/3532/3463 3464/3531/3462 3364/3429/3362
f 3366/3431/3364 3466/3533/3464 3465/3532/3463 3365/3430/3363
f 3367/3432/3365 3467/3534/3465 3466/3533/3464 3366/3431/3364
f 3368/3433/3366 3468/3535/3466 3467/3534/3465 3367/3432/3365
f 3369/3434/3367 3469/3536/3467 3468/3535/3466 3368/3433/3366
f 3370/3435/3368 3470/3537/3468 3469/3536/3467 3369/3434/3367
f 3371/3436/3369 3471/3538/3469 3470/3537/3468 3370/3435/3368
f 3372/3437/3370 3472/3539/3470 3471/3538/3469 3371/3436/3369
f 3373/3438/3371 3473/3540/3471 3472/3539/3470 3372/3437/3370
f 3374/3439/3372 3474/3541/3472 3473/3540/3471 3373/3438/3371
f 3375/3440/3373 3475/3542/3473 3474/3541/3472 3374/3439/3372
f 3376/3441/3374 3476/3543/3474 3475/3542/3473 3375/3440/3373
f 3377/3442/3375 3477/3544/3475 3476/3543/3474 3376/3441/3374
f 3378/3443/3376 3478/3545/3476 3477/3544/3475 3377/3442/3375
f 3379/3444/3377 3479/3546/3477 3478/3545/3476 3378/3443/3376
f 3380/3445/3378 3480/3547/3478 3479/3546/3477 3379/3444/3377
f 3381/3446/3379 3481/3548/3479 3480/3547/3478 3380/3445/3378
f 3382/3447/3380 3482/3549/3480 3481/3548/3479 3381/3446/3379
f 3383/3448/3381 3483/3550/3481 3482/3549/3480 3382/3447/3380
f 3384/3449/3382 3484/3551/3482 3483/3550/3481 3383/3448/3381
f 3385/3450/3383 3485/3552/3483 3484/3551/3482 3384/3449/3382
f 3386/3451/3384 3486/3553/3484 3485/3552/3483 3385/3450/3383
f 3387/3452/3385 3487/3554/3485 3486/3553/3484 3386/3451/3384
f 3388/3453/3386 3488/3555/3486 3487/3554/3485 3387/3452/3385
f 3389/3454/3387 3489/3556/3487 3488/3555/3486 3388/3453/3386
f 3390/3455/3388 3490/3557/3488 3489/3556/3487 3389/3454/3387
f 3391/3456/3389 3491/3558/3489 3490/3557/3488 3390/3455/3388
f 3392/3457/3390 3492/3559/3490 3491/3558/3489 3391/3456/3389
f 3393/3458/3391 3493/3560/3491 3492/3559/3490 3392/3457/3390
f 3394/3459/3392 3494/3561/3492 3493/3560/3491 3393/3458/3391
f 3395/3460/3393 3495/3562/3493 3494/3561/3492 3394/3459/3392
f 3396/3461/3394 3496/3563/3494 3495/3562/3493 3395/3460/3393
f 3397/3462/3395 3497/3564/3495 3496/3563/3494 3396/3461/3394
f 3398/3463/3396 3498/3565/3496 3497/3564/3495 3397/3462/3395
f 3399/3464/3397 3499/3566/3497 3498/3565/3496 3398/3463/3396
f 3400/3465/3398 3500/3567/3498 3499/3566/3497 3399/3464/3397
f 3401/3466/3399 3501/3568/3499 3500/3567/3498 3400/3465/3398
f 3402/3467/3400 3502/3569/3500 3501/3568/3499 3401/3466/3399
f 3303/3468/3301 3403/3570/3401 3502/3569/3500 3402/3467/3400
f 3404/3470/3402 3504/3572/3502 3503/3571/3501 3403/3469/3401
f 3405/3471/3403 3505/3573/3503 3504/3572/3502 3404/3470/3402
f 3406/3472/3404 3506/3574/3504 3505/3573/3503 3405/3471/3403
f 3407/3473/3405 3507/3575/3505 3506/3574/3504 3406/3472/3404
f 3408/3474/3406 3508/3576/3506 3507/3575/3505 3407/3473/3405
f 3409/3475/3407 3509/3577/3507 3508/3576/3506 3408/3474/3406
f 3410/3476/3408 3510/3578/3508 3509/3577/3507 3409/3475/3407
f 3411/3477/3409 3511/3579/3509 3510/3578/3508 3410/3476/3408
f 3412/3478/3410 3512/3580/3510 3511/3579/3509 3411/3477/3409
f 3413/3479/3411 3513/3581/3511 3512/3580/3510 3412/3478/3410
f 3414/3480/3412 3514/3582/3512 3513/3581/3511 3413/3479/3411
f 3415/3481/3413 3515/3583/3513 3514/3582/3512 3414/3480/3412
f 3416/3482/3414 3516/3584/3514 3515/3583/3513 3415/3481/3413
f 3417/3483/3415 3517/3585/3515 3516/3584/3514 3416/3482/3414
f 3418/3484/3416 3518/3586/3516 3517/3585/3515 3417/3483/3415
f 3419/3485/3417 3519/3587/3517 3518/3586/3516 3418/3484/3416
f 3420/3486/3418 3520/3588/3518 3519/3587/3517 3419/3485/3417
f 3421/3487/3419 3521/3589/3519 3520/3588/3518 3420/3486/3418
f 3422/3488/3420 3522/3590/3520 3521/3589/3519 3421/3487/3419
f 3423/3489/3421 3523/3591/3521 3522/3590/3520 3422/3488/3420
f 3424/3490/3422 3524/3592/3522 3523/3591/3521 3423/3489/3421
f 3425/3491/3423 3525/3593/3523 3524/3592/3522 3424/3490/3422
f 3426/3492/3424 3526/3594/3524 3525/3593/3523 3425/3491/3423
f 3427/3493/3425 3527/3595/3525 3526/3594/3524 3426/3492/3424
f 3428/3494/3426 3528/3596/3526 3527/3595/3525 3427/3493/3425
f 3429/3495/3427 3529/3597/3527 3528/3596/3526 3428/3494/3426
f 3430/3496/3428 3530/3598/3528 3529/3597/3527 3429/3495/3427
f 3431/3497/3429 3531/3599/3529 3530/3598/3528 3430/3496/3428
f 3432/3498/3430 3532/3600/3530 3531/3599/3529 3431/3497/3429
f 3433/3499/3431 3533/3601/3531 3532/3600/3530 3432/3498/3430
f 3434/3500/3432 3534/3602/3532 3533/3601/3531 3433/3499/3431
f 3435/3501/3433 3535/3603/3533 3534/3602/3532 3434/3500/3432
f 3436/3502/3434 3536/3604/3534 3535/3603/3533 3435/3501/3433
f 3437/3503/3435 3537/3605/3535 3536/3604/3534 3436/3502/3434
f 3438/3504/3436 3538/3606/3536 3537/3605/3535 3437/3503/3435
f 3439/3505/3437 3539/3607/3537 3538/3606/3536 3438/3504/3436
f 3440/3506/3438 3540/3608/3538 3539/3607/3537 3439/3505/3437
f 3441/3507/3439 3541/3609/3539 3540/3608/3538 3440/3506/3438
f 3442/3508/3440 3542/3610/3540 3541/3609/3539 3441/3507/3439
f 3443/3509/3441 3543/3611/3541 3542/3610/3540 3442/3508/3440
f 3444/3510/3442 3544/3612/3542 3543/3611/3541 3443/3509/3441
f 3445/3511/3443 3545/3613/3543 3544/3612/3542 3444/3510/3442
f 3446/3512/3444 3546/3614/3544 3545/3613/3543 3445/3511/3443
f 3447/3513/3445 3547/3615/3545 3546/3614/3544 3446/3512/3444
f 3448/3514/3446 3548/3616/3546 3547/3615/3545 3447/3513/3445
f 3449/3515/3447 3549/3617/3547 3548/3616/3546 3448/3514/3446
f 3450/3516/3448 3550/3618/3548 3549/3617/3547 3449/3515/3447
f 3451/3517/3449 3551/3619/3549 3550/3618/3548 3450/3516/3448
f 3452/3518/3450 3552/3620/3550 3551/3619/3549 3451/3517/3449
f 3453/3519/3451 3553/3621/3551 3552/3620/3550 3452/3518/3450
f 3454/3521/3452 3554/3623/3552 3553/3622/3551 3453/3520/3451
f 3455/3522/3453 3555/3624/3553 3554/3623/3552 3454/3521/3452
f 3456/3523/3454 3556/3625/3554 3555/3624/3553 3455/3522/3453
f 3457/3524/3455 3557/3626/3555 3556/3625/3554 3456/3523/3454
f 3458/3525/3456 3558/3627/3556 3557/3626/3555 3457/3524/3455
f 3459/3526/3457 3559/3628/3557 3558/3627/3556 3458/3525/3456
f 3460/3527/3458 3560/3629/3558 3559/3628/3557 3459/3526/3457
f 3461/3528/3459 3561/3630/3559 3560/3629/3558 3460/3527/3458
f 3462/3529/3460 3562/3631/3560 3561/3630/3559 3461/3528/3459
f 3463/3530/3461 3563/3632/3561 3562/3631/3560 3462/3529/3460
f 3464/3531/3462 3564/3633/3562 3563/3632/3561 3463/3530/3461
f 3465/3532/3463 3565/3634/3563 3564/3633/3562 3464/3531/3462
f 3466/3533/3464 3566/3635/3564 3565/3634/3563 3465/3532/3463
f 3467/3534/3465 3567/3636/3565 3566/3635/3564 3466/3533/3464
f 3468/3535/3466 3568/3637/3566 3567/3636/3565 3467/3534/3465
f 3469/3536/3467 3569/3638/3567 3568/3637/3566 3468/3535/3466
f 3470/3537/3468 3570/3639/3568 3569/3638/3567 3469/3536/3467
f 3471/3538/3469 3571/3640/3569 3570/3639/3568 3470/3537/3468
f 3472/3539/3470 3572/3641/3570 3571/3640/3569 3471/3538/3469
f 3473/3540/3471 3573/3642/3571 3572/3641/3570 3472/3539/3470
f 3474/3541/3472 3574/3643/3572 3573/3642/3571 3473/3540/3471
f 3475/3542/3473 3575/3644/3573 3574/3643/3572 3474/3541/3472
f 3476/3543/3474 3576/3645/3574 3575/3644/3573 3475/3542/3473
f 3477/3544/3475 3577/3646/3575 3576/3645/3574 3476/3543/3474
f 3478/3545/3476 3578/3647/3576 3577/3646/3575 3477/3544/3475
f 3479/3546/3477 3579/3648/3577 3578/3647/3576 3478/3545/3476
f 3480/3547/3478 3580/3649/3578 3579/3648/3577 3479/3546/3477
f 3481/3548/3479 3581/3650/3579 3580/3649/3578 3480/3547/3478
f 3482/3549/3480 3582/3651/3580 3581/3650/3579 3481/3548/3479
f 3483/3550/3481 3583/3652/3581 3582/3651/3580 3482/3549/3480
f 3484/3551/3482 3584/3653/3582 3583/3652/3581 3483/3550/3481
f 3485/3552/3483 3585/3654/3583 3584/3653/3582 3484/3551/3482
f 3486/3553/3484 3586/3655/3584 3585/3654/3583 3485/3552/3483
f 3487/3554/3485 3587/3656/3585 3586/3655/3584 3486/3553/3484
f 3488/3555/3486 3588/3657/3586 3587/3656/3585 3487/3554/3485
f 3489/3556/3487 3589/3658/3587 3588/3657/3586 3488/3555/3486
f 3490/3557/3488 3590/3659/3588 3589/3658/3587 3489/3556/3487
f 3491/3558/3489 3591/3660/3589 3590/3659/3588 3490/3557/3488
f 3492/3559/3490 3592/3661/3590 3591/3660/3589 3491/3558/3489
f 3493/3560/3491 3593/3662/3591 3592/3661/3590 3492/3559/3490
f 3494/3561/3492 3594/3663/3592 3593/3662/3591 3493/3560/3491
f 3495/3562/3493 3595/3664/3593 3594/3663/3592 3494/3561/3492
f 3496/3563/3494 3596/3665/3594 3595/3664/3593 3495/3562/3493
f 3497/3564/3495 3597/3666/3595 3596/3665/3594 3496/3563/3494
f 3498/3565/3496 3598/3667/3596 3597/3666/3595 3497/3564/3495
f 3499/3566/3497 3599/3668/3597 3598/3667/3596 3498/3565/3496
f 3500/3567/3498 3600/3669/3598 3599/3668/3597 3499/3566/3497
f 3501/3568/3499 3601/3670/3599 3600/3669/3598 3500/3567/3498
f 3502/3569/3500 3602/3671/3600 3601/3670/3599 3501/3568/3499
f 3403/3570/3401 3503/3672/3501 3602/3671/3600 3502/3569/3500
f 3504/3572/3502 3604/3674/3602 3603/3673/3601 3503/3571/3501
f 3505/3573/3503 3605/3675/3603 3604/3674/3602 3504/3572/3502
f 3506/3574/3504 3606/3676/3604 3605/3675/3603 3505/3573/3503
f 3507/3575/3505 3607/3677/3605 3606/3676/3604 3506/3574/3504
f 3508/3576/3506 3608/3678/3606 3607/3677/3605 3507/3575/3505
f 3509/3577/3507 3609/3679/3607 3608/3678/3606 3508/3576/3506
f 3510/3578/3508 3610/3680/3608 3609/3679/3607 3509/3577/3507
f 3511/3579/3509 3611/3681/3609 3610/3680/3608 3510/3578/3508
f 3512/3580/3510 3612/3682/3610 3611/3681/3609 3511/3579/3509
f 3513/3581/3511 3613/3683/3611 3612/3682/3610 3512/3580/3510
f 3514/3582/3512 3614/3684/3612 3613/3683/3611 3513/3581/3511
f 3515/3583/3513 3615/3685/3613 3614/3684/3612 3514/3582/3512
f 3516/3584/3514 3616/3686/3614 3615/3685/3613 3515/3583/3513
f 3517/3585/3515 3617/3687/3615 3616/3686/3614 3516/3584/3514
f 3518/3586/3516 3618/3688/3616 3617/3687/3615 3517/3585/3515
f 3519/3587/3517 3619/3689/3617 3618/3688/3616 3518/3586/3516
f 3520/3588/3518 3620/3690/3618 3619/3689/3617 3519/3587/3517
f 3521/3589/3519 3621/3691/3619 3620/3690/3618 3520/3588/3518
f 3522/3590/3520 3622/3692/3620 3621/3691/3619 3521/3589/3519
f 3523/3591/3521 3623/3693/3621 3622/3692/3620 3522/3590/3520
f 3524/3592/3522 3624/3694/3622 3623/3693/3621 3523/3591/3521
f 3525/3593/3523 3625/3695/3623 3624/3694/3622 3524/3592/3522
f 3526/3594/3524 3626/3696/3624 3625/3695/3623 3525/3593/3523
f 3527/3595/3525 3627/3697/3625 3626/3696/3624 3526/3594/3524
f 3528/3596/3526 3628/3698/3626 3627/3697/3625 3527/3595/3525
f 3529/3597/3527 3629/3699/3627 3628/3698/3626 3528/3596/3526
f 3530/3598/3528 3630/3700/3628 3629/3699/3627 3529/3597/3527
f 3531/3599/3529 3631/3701/3629 3630/3700/3628 3530/3598/3528
f 3532/3600/3530 3632/3702/3630 3631/3701/3629 3531/3599/3529
f 3533/3601/3531 3633/3703/3631 3632/3702/3630 3532/3600/3530
f 3534/3602/3532 3634/3704/3632 3633/3703/3631 3533/3601/3531
f 3535/3603/3533 3635/3705/3633 3634/3704/3632 3534/3602/3532
f 3536/3604/3534 3636/3706/3634 3635/3705/3633 3535/3603/3533
f 3537/3605/3535 3637/3707/3635 3636/3706/3634 3536/3604/3534
f 3538/3606/3536 3638/3708/3636 3637/3707/3635 3537/3605/3535
f 3539/3607/3537 3639/3709/3637 3638/3708/3636 3538/3606/3536
f 3540/3608/3538 3640/3710/3638 3639/3709/3637 3539/3607/3537
f 3541/3609/3539 3641/3711/3639 3640/3710/3638 3540/3608/3538
f 3542/3610/3540 3642/3712/3640 3641/3711/3639 3541/3609/3539
f 3543/3611/3541 3643/3713/3641 3642/3712/3640 3542/3610/3540
f 3544/3612/3542 3644/3714/3642 3643/3713/3641 3543/3611/3541
f 3545/3613/3543 3645/3715/3643 3644/3714/3642 3544/3612/3542
f 3546/3614/3544 3646/3716/3644 3645/3715/3643 3545/3613/3543
f 3547/3615/3545 3647/3717/3645 3646/3716/3644 3546/3614/3544
f 3548/3616/3546 3648/3718/3646 3647/3717/3645 3547/3615/3545
f 3549/3617/3547 3649/3719/3647 3648/3718/3646 3548/3616/3546
f 3550/3618/3548 3650/3720/3648 3649/3719/3647 3549/3617/3547
f 3551/3619/3549 3651/3721/3649 3650/3720/3648 3550/3618/3548
f 3552/3620/3550 3652/3722/3650 3651/3721/3649 3551/3619/3549
f 3553/3621/3551 3653/3723/3651 3652/3722/3650 3552/3620/3550
f 3554/3623/3552 3654/3725/3652 3653/3724/3651 3553/3622/3551
f 3555/3624/3553 3655/3726/3653 3654/3725/3652 3554/3623/3552
f 3556/3625/3554 3656/3727/3654 3655/3726/3653 3555/3624/3553
f 3557/3626/3555 3657/3728/3655 3656/3727/3654 3556/3625/3554
f 3558/3627/3556 3658/3729/3656 3657/3728/3655 3557/3626/3555
f 3559/3628/3557 3659/3730/3657 3658/3729/3656 3558/3627/3556
f 3560/3629/3558 3660/3731/3658 3659/3730/3657 3559/3628/3557
f 3561/3630/3559 3661/3732/3659 3660/3731/3658 3560/3629/3558
f 3562/3631/3560 3662/3733/3660 3661/3732/3659 3561/3630/3559
f 3563/3632/3561 3663/3734/3661 3662/3733/3660 3562/3631/3560
f 3564/3633/3562 3664/3735/3662 3663/3734/3661 3563/3632/3561
f 3565/3634/3563 3665/3736/3663 3664/3735/3662 3564/3633/3562
f 3566/3635/3564 3666/3737/3664 3665/3736/3663 3565/3634/3563
f 3567/3636/3565 3667/3738/3665 3666/3737/3664 3566/3635/3564
f 3568/3637/3566 3668/3739/3666 3667/3738/3665 3567/3636/3565
f 3569/3638/3567 3669/3740/3667 3668/3739/3666 3568/3637/3566
f 3570/3639/3568 3670/3741/3668 3669/3740/3667 3569/3638/3567
f 3571/3640/3569 3671/3742/3669 3670/3741/3668 3570/3639/3568
f 3572/3641/3570 3672/3743/3670 3671/3742/3669 3571/3640/3569
f 3573/3642/3571 3673/3744/3671 3672/3743/3670 3572/3641/3570
f 3574/3643/3572 3674/3745/3672 3673/3744/3671 3573/3642/3571
f 3575/3644/3573 3675/3746/3673 3674/3745/3672 3574/3643/3572
f 3576/3645/3574 3676/3747/3674 3675/3746/3673 3575/3644/3573
f 3577/3646/3575 3677/3748/3675 3676/3747/3674 3576/3645/3574
f 3578/3647/3576 3678/3749/3676 3677/3748/3675 3577/3646/3575
f 3579/3648/3577 3679/3750/3677 3678/3749/3676 3578/3647/3576
f 3580/3649/3578 3680/3751/3678 3679/3750/3677 3579/3648/3577
f 3581/3650/3579 3681/3752/3679 3680/3751/3678 3580/3649/3578
f 3582/3651/3580 3682/3753/3680 3681/3752/3679 3581/3650/3579
f 3583/3652/3581 3683/3754/3681 3682/3753/3680 3582/3651/3580
f 3584/3653/3582 3684/3755/3682 3683/3754/3681 3583/3652/3581
f 3585/3654/3583 3685/3756/3683 3684/3755/3682 3584/3653/3582
f 3586/3655/3584 3686/3757/3684 3685/3756/3683 3585/3654/3583
f 3587/3656/3585 3687/3758/3685 3686/3757/3684 3586/3655/3584
f 3588/3657/3586 3688/3759/3686 3687/3758/3685 3587/3656/3585
f 3589/3658/3587 3689/3760/3687 3688/3759/3686 3588/3657/3586
f 3590/3659/3588 3690/3761/3688 3689/3760/3687 3589/3658/3587
f 3591/3660/3589 3691/3762/3689 3690/3761/3688 3590/3659/3588
f 3592/3661/3590 3692/3763/3690 3691/3762/3689 3591/3660/3589
f 3593/3662/3591 3693/3764/3691 3692/3763/3690 3592/3661/3590
f 3594/3663/3592 3694/3765/3692 3693/3764/3691 3593/3662/3591
f 3595/3664/3593 3695/3766/3693 3694/3765/3692 3594/3663/3592
f 3596/3665/3594 3696/3767/3694 3695/3766/3693 3595/3664/3593
f 3597/3666/3595 3697/3768/3695 3696/3767/3694 3596/3665/3594
f 3598/3667/3596 3698/3769/3696 3697/3768/3695 3597/3666/3595
f 3599/3668/3597 3699/3770/3697 3698/3769/3696 3598/3667/3596
f 3600/3669/3598 3700/3771/3698 3699/3770/3697 3599/3668/3597
f 3601/3670/3599 3701/3772/3699 3700/3771/3698 3600/3669/3598
f 3602/3671/3600 3702/3773/3700 3701/3772/3699 3601/3670/3599
f 3503/3672/3501 3603/3774/3601 3702/3773/3700 3602/3671/3600
f 3604/3674/3602 3704/3776/3702 3703/3775/3701 3603/3673/3601
f 3605/3675/3603 3705/3777/3703 3704/3776/3702 3604/3674/3602
f 3606/3676/3604 3706/3778/3704 3705/3777/3703 3605/3675/3603
f 3607/3677/3605 3707/3779/3705 3706/3778/3704 3606/3676/3604
f 3608/3678/3606 3708/3780/3706 3707/3779/3705 3607/3677/3605
f 3609/3679/3607 3709/3781/3707 3708/3780/3706 3608/3678/3606
f 3610/3680/3608 3710/3782/3708 3709/3781/3707 3609/3679/3607
f 3611/3681/3609 3711/3783/3709 3710/3782/3708 3610/3680/3608
f 3612/3682/3610 3712/3784/3710 3711/3783/3709 3611/3681/3609
f 3613/3683/3611 3713/3785/3711 3712/3784/3710 3612/3682/3610
f 3614/3684/3612 3714/3786/3712 3713/3785/3711 3613/3683/3611
f 3615/3685/3613 3715/3787/3713 3714/3786/3712 3614/3684/3612
f 3616/3686/3614 3716/3788/3714 3715/3787/3713 3615/3685/3613
f 3617/3687/3615 3717/3789/3715 3716/3788/3714 3616/3686/3614
f 3618/3688/3616 3718/3790/3716 3717/3789/3715 3617/3687/3615
f 3619/3689/3617 3719/3791/3717 3718/3790/3716 3618/3688/3616
f 3620/3690/3618 3720/3792/3718 3719/3791/3717 3619/3689/3617
f 3621/3691/3619 3721/3793/3719 3720/3792/3718 3620/3690/3618
f 3622/3692/3620 3722/3794/3720 3721/3793/3719 3621/3691/3619
f 3623/3693/3621 3723/3795/3721 3722/3794/3720 3622/3692/3620
f 3624/3694/3622 3724/3796/3722 3723/3795/3721 3623/3693/3621
f 3625/3695/3623 3725/3797/3723 3724/3796/3722 3624/3694/3622
f 3626/3696/3624 3726/3798/3724 3725/3797/3723 3625/3695/3623
f 3627/3697/3625 3727/3799/3725 3726/3798/3724 3626/3696/3624
f 3628/3698/3626 3728/3800/3726 3727/3799/3725 3627/3697/3625
f 3629/3699/3627 3729/3801/3727 3728/3800/3726 3628/3698/3626
f 3630/3700/3628 3730/3802/3728 3729/3801/3727 3629/3699/3627
f 3631/3701/3629 3731/3803/3729 3730/3802/3728 3630/3700/3628
f 3632/3702/3630 3732/3804/3730 3731/3803/3729 3631/3701/3629
f 3633/3703/3631 3733/3805/3731 3732/3804/3730 3632/3702/3630
f 3634/3704/3632 3734/3806/3732 3733/3805/3731 3633/3703/3631
f 3635/3705/3633 3735/3807/3733 3734/3806/3732 3634/3704/3632
f 3636/3706/3634 3736/3808/3734 3735/3807/3733 3635/3705/3633
f 3637/3707/3635 3737/3809/3735 3736/3808/3734 3636/3706/3634
f 3638/3708/3636 3738/3810/3736 3737/3809/3735 3637/3707/3635
f 3639/3709/3637 3739/3811/3737 3738/3810/3736 3638/3708/3636
f 3640/3710/3638 3740/3812/3738 3739/3811/3737 3639/3709/3637
f 3641/3711/3639 3741/3813/3739 3740/3812/3738 3640/3710/3638
f 3642/3712/3640 3742/3814/3740 3741/3813/3739 3641/3711/3639
f 3643/3713/3641 3743/3815/3741 3742/3814/3740 3642/3712/3640
f 3644/3714/3642 3744/3816/3742 3743/3815/3741 3643/3713/3641
f 3645/3715/3643 3745/3817/3743 3744/3816/3742 3644/3714/3642
f 3646/3716/3644 3746/3818/3744 3745/3817/3743 3645/3715/3643
f 3647/3717/3645 3747/3819/3745 3746/3818/3744 3646/3716/3644
f 3648/3718/3646 3748/3820/3746 3747/3819/3745 3647/3717/3645
f 3649/3719/3647 3749/3821/3747 3748/3820/3746 3648/3718/3646
f 3650/3720/3648 3750/3822/3748 3749/3821/3747 3649/3719/3647
f 3651/3721/3649 3751/3823/3749 3750/3822/3748 3650/3720/3648
f 3652/3722/3650 3752/3824/3750 3751/3823/3749 3651/3721/3649
f 3653/3723/3651 3753/3825/3751 3752/3824/3750 3652/3722/3650
f 3654/3725/3652 3754/3827/3752 3753/3826/3751 3653/3724/3651
f 3655/3726/3653 3755/3828/3753 3754/3827/3752 3654/3725/3652
f 3656/3727/3654 3756/3829/3754 3755/3828/3753 3655/3726/3653
f 3657/3728/3655 3757/3830/3755 3756/3829/3754 3656/3727/3654
f 3658/3729/3656 3758/3831/3756 3757/3830/3755 3657/3728/3655
f 3659/3730/3657 3759/3832/3757 3758/3831/3756 3658/3729/3656
f 3660/3731/3658 3760/3833/3758 3759/3832/3757 3659/3730/3657
f 3661/3732/3659 3761/3834/3759 3760/3833/3758 3660/3731/3658
f 3662/3733/3660 3762/3835/3760 3761/3834/3759 3661/3732/3659
f 3663/3734/3661 3763/3836/3761 3762/3835/3760 3662/3733/3660
f 3664/3735/3662 3764/3837/3762 3763/3836/3761 3663/3734/3661
f 3665/3736/3663 3765/3838/3763 3764/3837/3762 3664/3735/3662
f 3666/3737/3664 3766/3839/3764 3765/3838/3763 3665/3736/3663
f 3667/3738/3665 3767/3840/3765 3766/3839/3764 3666/3737/3664
f 3668/3739/3666 3768/3841/3766 3767/3840/3765 3667/3738/3665
f 3669/3740/3667 3769/3842/3767 3768/3841/3766 3668/3739/3666
f 3670/3741/3668 3770/3843/3768 3769/3842/3767 3669/3740/3667
f 3671/3742/3669 3771/3844/3769 3770/3843/3768 3670/3741/3668
f 3672/3743/3670 3772/3845/3770 3771/3844/3769 3671/3742/3669
f 3673/3744/3671 3773/3846/3771 3772/3845/3770 3672/3743/3670
f 3674/3745/3672 3774/3847/3772 3773/3846/3771 3673/3744/3671
f 3675/3746/3673 3775/3848/3773 3774/3847/3772 3674/3745/3672
f 3676/3747/3674 3776/3849/3774 3775/3848/3773 3675/3746/3673
f 3677/3748/3675 3777/3850/3775 3776/3849/3774 3676/3747/3674
f 3678/3749/3676 3778/3851/3776 3777/3850/3775 3677/3748/3675
f 3679/3750/3677 3779/3852/3777 3778/3851/3776 3678/3749/3676
f 3680/3751/3678 3780/3853/3778 3779/3852/3777 3679/3750/3677
f 3681/3752/3679 3781/3854/3779 3780/3853/3778 3680/3751/3678
f 3682/3753/3680 3782/3855/3780 3781/3854/3779 3681/3752/3679
f 3683/3754/3681 3783/3856/3781 3782/3855/3780 3682/3753/3680
f 3684/3755/3682 3784/3857/3782 3783/3856/3781 3683/3754/3681
f 3685/3756/3683 3785/3858/3783 3784/3857/3782 3684/3755/3682
f 3686/3757/3684 3786/3859/3784 3785/3858/3783 3685/3756/3683
f 3687/3758/3685 3787/3860/3785 3786/3859/3784 3686/3757/3684
f 3688/3759/3686 3788/3861/3786 3787/3860/3785 3687/3758/3685
f 3689/3760/3687 3789/3862/3787 3788/3861/3786 3688/3759/3686
f 3690/3761/3688 3790/3863/3788 3789/3862/3787 3689/3760/3687
f 3691/3762/3689 3791/3864/3789 3790/3863/3788 3690/3761/3688
f 3692/3763/3690 3792/3865/3790 3791/3864/3789 3691/3762/3689
f 3693/3764/3691 3793/3866/3791 3792/3865/3790 3692/3763/3690
f 3694/3765/3692 3794/3867/3792 3793/3866/3791 3693/3764/3691
f 3695/3766/3693 3795/3868/3793 3794/3867/3792 3694/3765/3692
f 3696/3767/3694 3796/3869/3794 3795/3868/3793 3695/3766/3693
f 3697/3768/3695 3797/3870/3795 3796/3869/3794 3696/3767/3694
f 3698/3769/3696 3798/3871/3796 3797/3870/3795 3697/3768/3695
f 3699/3770/3697 3799/3872/3797 3798/3871/3796 3698/3769/3696
f 3700/3771/3698 3800/3873/3798 3799/3872/3797 3699/3770/3697
f 3701/3772/3699 3801/3874/3799 3800/3873/3798 3700/3771/3698
f 3702/3773/3700 3802/3875/3800 3801/3874/3799 3701/3772/3699
f 3603/3774/3601 3703/3876/3701 3802/3875/3800 3702/3773/3700
f 3704/3776/3702 3804/3878/3802 3803/3877/3801 3703/3775/3701
f 3705/3777/3703 3805/3879/3803 3804/3878/3802 3704/3776/3702
f 3706/3778/3704 3806/3880/3804 3805/3879/3803 3705/3777/3703
f 3707/3779/3705 3807/3881/3805 3806/3880/3804 3706/3778/3704
f 3708/3780/3706 3808/3882/3806 3807/3881/3805 3707/3779/3705
f 3709/3781/3707 3809/3883/3807 3808/3882/3806 3708/3780/3706
f 3710/3782/3708 3810/3884/3808 3809/3883/3807 3709/3781/3707
f 3711/3783/3709 3811/3885/3809 3810/3884/3808 3710/3782/3708
f 3712/3784/3710 3812/3886/3810 3811/3885/3809 3711/3783/3709
f 3713/3785/3711 3813/3887/3811 3812/3886/3810 3712/3784/3710
f 3714/3786/3712 3814/3888/3812 3813/3887/3811 3713/3785/3711
f 3715/3787/3713 3815/3889/3813 3814/3888/3812 3714/3786/3712
f 3716/3788/3714 3816/3890/3814 3815/3889/3813 3715/3787/3713
f 3717/3789/3715 3817/3891/3815 3816/3890/3814 3716/3788/3714
f 3718/3790/3716 3818/3892/3816 3817/3891/3815 3717/3789/3715
f 3719/3791/3717 3819/3893/3817 3818/3892/3816 3718/3790/3716
f 3720/3792/3718 3820/3894/3818 3819/3893/3817 3719/3791/3717
f 3721/3793/3719 3821/3895/3819 3820/3894/3818 3720/3792/3718
f 3722/3794/3720 3822/3896/3820 3821/3895/3819 3721/3793/3719
f 3723/3795/3721 3823/3897/3821 3822/3896/3820 3722/3794/3720
f 3724/3796/3722 3824/3898/3822 3823/3897/3821 3723/3795/3721
f 3725/3797/3723 3825/3899/3823 3824/3898/3822 3724/3796/3722
f 3726/3798/3724 3826/3900/3824 3825/3899/3823 3725/3797/3723
f 3727/3799/3725 3827/3901/3825 3826/3900/3824 3726/3798/3724
f 3728/3800/3726 3828/3902/3826 3827/3901/3825 3727/3799/3725
f 3729/3801/3727 3829/3903/3827 3828/3902/3826 3728/3800/3726
f 3730/3802/3728 3830/3904/3828 3829/3903/3827 3729/3801/3727
f 3731/3803/3729 3831/3905/3829 3830/3904/3828 3730/3802/3728
f 3732/3804/3730 3832/3906/3830 3831/3905/3829 3731/3803/3729
f 3733/3805/3731 3833/3907/3831 3832/3906/3830 3732/3804/3730
f 3734/3806/3732 3834/3908/3832 3833/3907/3831 3733/3805/3731
f 3735/3807/3733 3835/3909/3833 3834/3908/3832 3734/3806/3732
f 3736/3808/3734 3836/3910/3834 3835/3909/3833 3735/3807/3733
f 3737/3809/3735 3837/3911/3835 3836/3910/3834 3736/3808/3734
f 3738/3810/3736 3838/3912/3836 3837/3911/3835 3737/3809/3735
f 3739/3811/3737 3839/3913/3837 3838/3912/3836 3738/3810/3736
f 3740/3812/3738 3840/3914/3838 3839/3913/3837 3739/3811/3737
f 3741/3813/3739 3841/3915/3839 3840/3914/3838 3740/3812/3738
f 3742/3814/3740 3842/3916/3840 3841/3915/3839 3741/3813/3739
f 3743/3815/3741 3843/3917/3841 3842/3916/3840 3742/3814/3740
f 3744/3816/3742 3844/3918/3842 3843/3917/3841 3743/3815/3741
f 3745/3817/3743 3845/3919/3843 3844/3918/3842 3744/3816/3742
f 3746/3818/3744 3846/3920/3844 3845/3919/3843 3745/3817/3743
f 3747/3819/3745 3847/3921/3845 3846/3920/3844 3746/3818/3744
f 3748/3820/3746 3848/3922/3846 3847/3921/3845 3747/3819/3745
f 3749/3821/3747 3849/3923/3847 3848/3922/3846 3748/3820/3746
f 3750/3822/3748 3850/3924/3848 3849/3923/3847 3749/3821/3747
f 3751/3823/3749 3851/3925/3849 3850/3924/3848 3750/3822/3748
f 3752/3824/3750 3852/3926/3850 3851/3925/3849 3751/3823/3749
f 3753/3825/3751 3853/3927/3851 3852/3926/3850 3752/3824/3750
f 3754/3827/3752 3854/3929/3852 3853/3928/3851 3753/3826/3751
f 3755/3828/3753 3855/3930/3853 3854/3929/3852 3754/3827/3752
f 3756/3829/3754 3856/3931/3854 3855/3930/3853 3755/3828/3753
f 3757/3830/3755 3857/3932/3855 3856/3931/3854 3756/3829/3754
f 3758/3831/3756 3858/3933/3856 3857/3932/3855 3757/3830/3755
f 3759/3832/3757 3859/3934/3857 3858/3933/3856 3758/3831/3756
f 3760/3833/3758 3860/3935/3858 3859/3934/3857 3759/3832/3757
f 3761/3834/3759 3861/3936/3859 3860/3935/3858 3760/3833/3758
f 3762/3835/3760 3862/3937/3860 3861/3936/3859 3761/3834/3759
f 3763/3836/3761 3863/3938/3861 3862/3937/3860 3762/3835/3760
f 3764/3837/3762 3864/3939/3862 3863/3938/3861 3763/3836/3761
f 3765/3838/3763 3865/3940/3863 3864/3939/3862 3764/3837/3762
f 3766/3839/3764 3866/3941/3864 3865/3940/3863 3765/3838/3763
f 3767/3840/3765 3867/3942/3865 3866/3941/3864 3766/3839/3764
f 3768/3841/3766 3868/3943/3866 3867/3942/3865 3767/3840/3765
f 3769/3842/3767 3869/3944/3867 3868/3943/3866 3768/3841/3766
f 3770/3843/3768 3870/3945/3868 3869/3944/3867 3769/3842/3767
f 3771/3844/3769 3871/3946/3869 3870/3945/3868 3770/3843/3768
f 3772/3845/3770 3872/3947/3870 3871/3946/3869 3771/3844/3769
f 3773/3846/3771 3873/3948/3871 3872/3947/3870 3772/3845/3770
f 3774/3847/3772 3874/3949/3872 3873/3948/3871 3773/3846/3771
f 3775/3848/3773 3875/3950/3873 3874/3949/3872 3774/3847/3772
f 3776/3849/3774 3876/3951/3874 3875/3950/3873 3775/3848/3773
f 3777/3850/3775 3877/3952/3875 3876/3951/3874 3776/3849/3774
f 3778/3851/3776 3878/3953/3876 3877/3952/3875 3777/3850/3775
f 3779/3852/3777 3879/3954/3877 3878/3953/3876 3778/3851/3776
f 3780/3853/3778 3880/3955/3878 3879/3954/3877 3779/3852/3777
f 3781/3854/3779 3881/3956/3879 3880/3955/3878 3780/3853/3778
f 3782/3855/3780 3882/3957/3880 3881/3956/3879 3781/3854/3779
f 3783/3856/3781 3883/3958/3881 3882/3957/3880 3782/3855/3780
f 3784/3857/3782 3884/3959/3882 3883/3958/3881 3783/3856/3781
f 3785/3858/3783 3885/3960/3883 3884/3959/3882 3784/3857/3782
f 3786/3859/3784 3886/3961/3884 3885/3960/3883 3785/3858/3783
f 3787/3860/3785 3887/3962/3885 3886/3961/3884 3786/3859/3784
f 3788/3861/3786 3888/3963/3886 3887/3962/3885 3787/3860/3785
f 3789/3862/3787 3889/3964/3887 3888/3963/3886 3788/3861/3786
f 3790/3863/3788 3890/3965/3888 3889/3964/3887 3789/3862/3787
f 3791/3864/3789 3891/3966/3889 3890/3965/3888 3790/3863/3788
f 3792/3865/3790 3892/3967/3890 3891/3966/3889 3791/3864/3789
f 3793/3866/3791 3893/3968/3891 3892/3967/3890 3792/3865/3790
f 3794/3867/3792 3894/3969/3892 3893/3968/3891 3793/3866/3791
f 3795/3868/3793 3895/3970/3893 3894/3969/3892 3794/3867/3792
f 3796/3869/3794 3896/3971/3894 3895/3970/3893 3795/3868/3793
f 3797/3870/3795 3897/3972/3895 3896/3971/3894 3796/3869/3794
f 3798/3871/3796 3898/3973/3896 3897/3972/3895 3797/3870/3795
f 3799/3872/3797 3899/3974/3897 3898/3973/3896 3798/3871/3796
f 3800/3873/3798 3900/3975/3898 3899/3974/3897 3799/3872/3797
f 3801/3874/3799 3901/3976/3899 3900/3975/3898 3800/3873/3798
f 3802/3875/3800 3902/3977/3900 3901/3976/3899 3801/3874/3799
f 3703/3876/3701 3803/3978/3801 3902/3977/3900 3802/3875/3800
f 3804/3878/3802 3904/3980/3902 3903/3979/3901 3803/3877/3801
f 3805/3879/3803 3905/3981/3903 3904/3980/3902 3804/3878/3802
f 3806/3880/3804 3906/3982/3904 3905/3981/3903 3805/3879/3803
f 3807/3881/3805 3907/3983/3905 3906/3982/3904 3806/3880/3804
f 3808/3882/3806 3908/3984/3906 3907/3983/3905 3807/3881/3805
f 3809/3883/3807 3909/3985/3907 3908/3984/3906 3808/3882/3806
f 3810/3884/3808 3910/3986/3908 3909/3985/3907 3809/3883/3807
f 3811/3885/3809 3911/3987/3909 3910/3986/3908 3810/3884/3808
f 3812/3886/3810 3912/3988/3910 3911/3987/3909 3811/3885/3809
f 3813/3887/3811 3913/3989/3911 3912/3988/3910 3812/3886/3810
f 3814/3888/3812 3914/3990/3912 3913/3989/3911 3813/3887/3811
f 3815/3889/3813 3915/3991/3913 3914/3990/3912 3814/3888/3812
f 3816/3890/3814 3916/3992/3914 3915/3991/3913 3815/3889/3813
f 3817/3891/3815 3917/3993/3915 3916/3992/3914 3816/3890/3814
f 3818/3892/3816 3918/3994/3916 3917/3993/3915 3817/3891/3815
f 3819/3893/3817 3919/3995/3917 3918/3994/3916 3818/3892/3816
f 3820/3894/3818 3920/3996/3918 3919/3995/3917 3819/3893/3817
f 3821/3895/3819 3921/3997/3919 3920/3996/3918 3820/3894/3818
f 3822/3896/3820 3922/3998/3920 3921/3997/3919 3821/3895/3819
f 3823/3897/3821 3923/3999/3921 3922/3998/3920 3822/3896/3820
f 3824/3898/3822 3924/4000/3922 3923/3999/3921 3823/3897/3821
f 3825/3899/3823 3925/4001/3923 3924/4000/3922 3824/3898/3822
f 3826/3900/3824 3926/4002/3924 3925/4001/3923 3825/3899/3823
f 3827/3901/3825 3927/4003/3925 3926/4002/3924 3826/3900/3824
f 3828/3902/3826 3928/4004/3926 3927/4003/3925 3827/3901/3825
f 3829/3903/3827 3929/4005/3927 3928/4004/3926 3828/3902/3826
f 3830/3904/3828 3930/4006/3928 3929/4005/3927 3829/3903/3827
f 3831/3905/3829 3931/4007/3929 3930/4006/3928 3830/3904/3828
f 3832/3906/3830 3932/4008/3930 3931/4007/3929 3831/3905/3829
f 3833/3907/3831 3933/4009/3931 3932/4008/3930 3832/3906/3830
f 3834/3908/3832 3934/4010/3932 3933/4009/3931 3833/3907/3831
f 3835/3909/3833 3935/4011/3933 3934/4010/3932 3834/3908/3832
f 3836/3910/3834 3936/4012/3934 3935/4011/3933 3835/3909/3833
f 3837/3911/3835 3937/4013/3935 3936/4012/3934 3836/3910/3834
f 3838/3912/3836 3938/4014/3936 3937/4013/3935 3837/3911/3835
f 3839/3913/3837 3939/4015/3937 3938/4014/3936 3838/3912/3836
f 3840/3914/3838 3940/4016/3938 3939/4015/3937 3839/3913/3837
f 3841/3915/3839 3941/4017/3939 3940/4016/3938 3840/3914/3838
f 3842/3916/3840 3942/4018/3940 3941/4017/3939 3841/3915/3839
f 3843/3917/3841 3943/4019/3941 3942/4018/3940 3842/3916/3840
f 3844/3918/3842 3944/4020/3942 3943/4019/3941 3843/3917/3841
f 3845/3919/3843 3945/4021/3943 3944/4020/3942 3844/3918/3842
f 3846/3920/3844 3946/4022/3944 3945/4021/3943 3845/3919/3843
f 3847/3921/3845 3947/4023/3945 3946/4022/3944 3846/3920/3844
f 3848/3922/3846 3948/4024/3946 3947/4023/3945 3847/3921/3845
f 3849/3923/3847 3949/4025/3947 3948/4024/3946 3848/3922/3846
f 3850/3924/3848 3950/4026/3948 3949/4025/3947 3849/3923/3847
f 3851/3925/3849 3951/4027/3949 3950/4026/3948 3850/3924/3848
f 3852/3926/3850 3952/4028/3950 3951/4027/3949 3851/3925/3849
f 3853/3927/3851 3953/4029/3951 3952/4028/3950 3852/3926/3850
f 3854/3929/3852 3954/4031/3952 3953/4030/3951 3853/3928/3851
f 3855/3930/3853 3955/4032/3953 3954/4031/3952 3854/3929/3852
f 3856/3931/3854 3956/4033/3954 3955/4032/3953 3855/3930/3853
f 3857/3932/3855 3957/4034/3955 3956/4033/3954 3856/3931/3854
f 3858/3933/3856 3958/4035/3956 3957/4034/3955 3857/3932/3855
f 3859/3934/3857 3959/4036/3957 3958/4035/3956 3858/3933/3856
f 3860/3935/3858 3960/4037/3958 3959/4036/3957 3859/3934/3857
f 3861/3936/3859 3961/4038/3959 3960/4037/3958 3860/3935/3858
f 3862/3937/3860 3962/4039/3960 3961/4038/3959 3861/3936/3859
f 3863/3938/3861 3963/4040/3961 3962/4039/3960 3862/3937/3860
f 3864/3939/3862 3964/4041/3962 3963/4040/3961 3863/3938/3861
f 3865/3940/3863 3965/4042/3963 3964/4041/3962 3864/3939/3862
f 3866/3941/3864 3966/4043/3964 3965/4042/3963 3865/3940/3863
f 3867/3942/3865 3967/4044/3965 3966/4043/3964 3866/3941/3864
f 3868/3943/3866 3968/4045/3966 3967/4044/3965 3867/3942/3865
f 3869/3944/3867 3969/4046/3967 3968/4045/3966 3868/3943/3866
f 3870/3945/3868 3970/4047/3968 3969/4046/3967 3869/3944/3867
f 3871/3946/3869 3971/4048/3969 3970/4047/3968 3870/3945/3868
f 3872/3947/3870 3972/4049/3970 3971/4048/3969 3871/3946/3869
f 3873/3948/3871 3973/4050/3971 3972/4049/3970 3872/3947/3870
f 3874/3949/3872 3974/4051/3972 3973/4050/3971 3873/3948/3871
f 3875/3950/3873 3975/4052/3973 3974/4051/3972 3874/3949/3872
f 3876/3951/3874 3976/4053/3974 3975/4052/3973 3875/3950/3873
f 3877/3952/3875 3977/4054/3975 3976/4053/3974 3876/3951/3874
f 3878/3953/3876 3978/4055/3976 3977/4054/3975 3877/3952/3875
f 3879/3954/3877 3979/4056/3977 3978/4055/3976 3878/3953/3876
f 3880/3955/3878 3980/4057/3978 3979/4056/3977 3879/3954/3877
f 3881/3956/3879 3981/4058/3979 3980/4057/3978 3880/3955/3878
f 3882/3957/3880 3982/4059/3980 3981/4058/3979 3881/3956/3879
f 3883/3958/3881 3983/4060/3981 3982/4059/3980 3882/3957/3880
f 3884/3959/3882 3984/4061/3982 3983/4060/3981 3883/3958/3881
f 3885/3960/3883 3985/4062/3983 3984/4061/3982 3884/3959/3882
f 3886/3961/3884 3986/4063/3984 3985/4062/3983 3885/3960/3883
f 3887/3962/3885 3987/4064/3985 3986/4063/3984 3886/3961/3884
f 3888/3963/3886 3988/4065/3986 3987/4064/3985 3887/3962/3885
f 3889/3964/3887 3989/4066/3987 3988/4065/3986 3888/3963/3886
f 3890/3965/3888 3990/4067/3988 3989/4066/3987 3889/3964/3887
f 3891/3966/3889 3991/4068/3989 3990/4067/3988 3890/3965/3888
f 3892/3967/3890 3992/4069/3990 3991/4068/3989 3891/3966/3889
f 3893/3968/3891 3993/4070/3991 3992/4069/3990 3892/3967/3890
f 3894/3969/3892 3994/4071/3992 3993/4070/3991 3893/3968/3891
f 3895/3970/3893 3995/4072/3993 3994/4071/3992 3894/3969/3892
f 3896/3971/3894 3996/4073/3994 3995/4072/3993 3895/3970/3893
f 3897/3972/3895 3997/4074/3995 3996/4073/3994 3896/3971/3894
f 3898/3973/3896 3998/4075/3996 3997/4074/3995 3897/3972/3895
f 3899/3974/3897 3999/4076/3997 3998/4075/3996 3898/3973/3896
f 3900/3975/3898 4000/4077/3998 3999/4076/3997 3899/3974/3897
f 3901/3976/3899 4001/4078/3999 4000/4077/3998 3900/3975/3898
f 3902/3977/3900 4002/4079/4000 4001/4078/3999 3901/3976/3899
f 3803/3978/3801 3903/4080/3901 4002/4079/4000 3902/3977/3900
f 3904/3980/3902 4004/4082/4002 4003/4081/4001 3903/3979/3901
f 3905/3981/3903 4005/4083/4003 4004/4082/4002 3904/3980/3902
f 3906/3982/3904 4006/4084/4004 4005/4083/4003 3905/3981/3903
f 3907/3983/3905 4007/4085/4005 4006/4084/4004 3906/3982/3904
f 3908/3984/3906 4008/4086/4006 4007/4085/4005 3907/3983/3905
f 3909/3985/3907 4009/4087/4007 4008/4086/4006 3908/3984/3906
f 3910/3986/3908 4010/4088/4008 4009/4087/4007 3909/3985/3907
f 3911/3987/3909 4011/4089/4009 4010/4088/4008 3910/3986/3908
f 3912/3988/3910 4012/4090/4010 4011/4089/4009 3911/3987/3909
f 3913/3989/3911 4013/4091/4011 4012/4090/4010 3912/3988/3910
f 3914/3990/3912 4014/4092/4012 4013/4091/4011 3913/3989/3911
f 3915/3991/3913 4015/4093/4013 4014/4092/4012 3914/3990/3912
f 3916/3992/3914 4016/4094/4014 4015/4093/4013 3915/3991/3913
f 3917/3993/3915 4017/4095/4015 4016/4094/4014 3916/3992/3914
f 3918/3994/3916 4018/4096/4016 4017/4095/4015 3917/3993/3915
f 3919/3995/3917 4019/4097/4017 4018/4096/4016 3918/3994/3916
f 3920/3996/3918 4020/4098/4018 4019/4097/4017 3919/3995/3917
f 3921/3997/3919 4021/4099/4019 4020/4098/4018 3920/3996/3918
f 3922/3998/3920 4022/4100/4020 4021/4099/4019 3921/3997/3919
f 3923/3999/3921 4023/4101/4021 4022/4100/4020 3922/3998/3920
f 3924/4000/3922 4024/4102/4022 4023/4101/4021 3923/3999/3921
f 3925/4001/3923 4025/4103/4023 4024/4102/4022 3924/4000/3922
f 3926/4002/3924 4026/4104/4024 4025/4103/4023 3925/4001/3923
f 3927/4003/3925 4027/4105/4025 4026/4104/4024 3926/4002/3924
f 3928/4004/3926 4028/4106/4026 4027/4105/4025 3927/4003/3925
f 3929/4005/3927 4029/4107/4027 4028/4106/4026 3928/4004/3926
f 3930/4006/3928 4030/4108/4028 4029/4107/4027 3929/4005/3927
f 3931/4007/3929 4031/4109/4029 4030/4108/4028 3930/4006/3928
f 3932/4008/3930 4032/4110/4030 4031/4109/4029 3931/4007/3929
f 3933/4009/3931 4033/4111/4031 4032/4110/4030 3932/4008/3930
f 3934/4010/3932 4034/4112/4032 4033/4111/4031 3933/4009/3931
f 3935/4011/3933 4035/4113/4033 4034/4112/4032 3934/4010/3932
f 3936/4012/3934 4036/4114/4034 4035/4113/4033 3935/4011/3933
f 3937/4013/3935 4037/4115/4035 4036/4114/4034 3936/4012/3934
f 3938/4014/3936 4038/4116/4036 4037/4115/4035 3937/4013/3935
f 3939/4015/3937 4039/4117/4037 4038/4116/4036 3938/4014/3936
f 3940/4016/3938 4040/4118/4038 4039/4117/4037 3939/4015/3937
f 3941/4017/3939 4041/4119/4039 4040/4118/4038 3940/4016/3938
f 3942/4018/3940 4042/4120/4040 4041/4119/4039 3941/4017/3939
f 3943/4019/3941 4043/4121/4041 4042/4120/4040 3942/4018/3940
f 3944/4020/3942 4044/4122/4042 4043/4121/4041 3943/4019/3941
f 3945/4021/3943 4045/4123/4043 4044/4122/4042 3944/4020/3942
f 3946/4022/3944 4046/4124/4044 4045/4123/4043 3945/4021/3943
f 3947/4023/3945 4047/4125/4045 4046/4124/4044 3946/4022/3944
f 3948/4024/3946 4048/4126/4046 4047/4125/4045 3947/4023/3945
f 3949/4025/3947 4049/4127/4047 4048/4126/4046 3948/4024/3946
f 3950/4026/3948 4050/4128/4048 4049/4127/4047 3949/4025/3947
f 3951/4027/3949 4051/4129/4049 4050/4128/4048 3950/4026/3948
f 3952/4028/3950 4052/4130/4050 4051/4129/4049 3951/4027/3949
f 3953/4029/3951 4053/4131/4051 4052/4130/4050 3952/4028/3950
f 3954/4031/3952 4054/4133/4052 4053/4132/4051 3953/4030/3951
f 3955/4032/3953 4055/4134/4053 4054/4133/4052 3954/4031/3952
f 3956/4033/3954 4056/4135/4054 4055/4134/4053 3955/4032/3953
f 3957/4034/3955 4057/4136/4055 4056/4135/4054 3956/4033/3954
f 3958/4035/3956 4058/4137/4056 4057/4136/4055 3957/4034/3955
f 3959/4036/3957 4059/4138/4057 4058/4137/4056 3958/4035/3956
f 3960/4037/3958 4060/4139/4058 4059/4138/4057 3959/4036/3957
f 3961/4038/3959 4061/4140/4059 4060/4139/4058 3960/4037/3958
f 3962/4039/3960 4062/4141/4060 4061/4140/4059 3961/4038/3959
f 3963/4040/3961 4063/4142/4061 4062/4141/4060 3962/4039/3960
f 3964/4041/3962 4064/4143/4062 4063/4142/4061 3963/4040/3961
f 3965/4042/3963 4065/4144/4063 4064/4143/4062 3964/4041/3962
f 3966/4043/3964 4066/4145/4064 4065/4144/4063 3965/4042/3963
f 3967/4044/3965 4067/4146/4065 4066/4145/4064 3966/4043/3964
f 3968/4045/3966 4068/4147/4066 4067/4146/4065 3967/4044/3965
f 3969/4046/3967 4069/4148/4067 4068/4147/4066 3968/4045/3966
f 3970/4047/3968 4070/4149/4068 4069/4148/4067 3969/4046/3967
f 3971/4048/3969 4071/4150/4069 4070/4149/4068 3970/4047/3968
f 3972/4049/3970 4072/4151/4070 4071/4150/4069 3971/4048/3969
f 3973/4050/3971 4073/4152/4071 4072/4151/4070 3972/4049/3970
f 3974/4051/3972 4074/4153/4072 4073/4152/4071 3973/4050/3971
f 3975/4052/3973 4075/4154/4073 4074/4153/4072 3974/4051/3972
f 3976/4053/3974 4076/4155/4074 4075/4154/4073 3975/4052/3973
f 3977/4054/3975 4077/4156/4075 4076/4155/4074 3976/4053/3974
f 3978/4055/3976 4078/4157/4076 4077/4156/4075 3977/4054/3975
f 3979/4056/3977 4079/4158/4077 4078/4157/4076 3978/4055/3976
f 3980/4057/3978 4080/4159/4078 4079/4158/4077 3979/4056/3977
f 3981/4058/3979 4081/4160/4079 4080/4159/4078 3980/4057/3978
f 3982/4059/3980 4082/4161/4080 4081/4160/4079 3981/4058/3979
f 3983/4060/3981 4083/4162/4081 4082/4161/4080 3982/4059/3980
f 3984/4061/3982 4084/4163/4082 4083/4162/4081 3983/4060/3981
f 3985/4062/3983 4085/4164/4083 4084/4163/4082 3984/4061/3982
f 3986/4063/3984 4086/4165/4084 4085/4164/4083 3985/4062/3983
f 3987/4064/3985 4087/4166/4085 4086/4165/4084 3986/4063/3984
f 3988/4065/3986 4088/4167/4086 4087/4166/4085 3987/4064/3985
f 3989/4066/3987 4089/4168/4087 4088/4167/4086 3988/4065/3986
f 3990/4067/3988 4090/4169/4088 4089/4168/4087 3989/4066/3987
f 3991/4068/3989 4091/4170/4089 4090/4169/4088 3990/4067/3988
f 3992/4069/3990 4092/4171/4090 4091/4170/4089 3991/4068/3989
f 3993/4070/3991 4093/4172/4091 4092/4171/4090 3992/4069/3990
f 3994/4071/3992 4094/4173/4092 4093/4172/4091 3993/4070/3991
f 3995/4072/3993 4095/4174/4093 4094/4173/4092 3994/4071/3992
f 3996/4073/3994 4096/4175/4094 4095/4174/4093 3995/4072/3993
f 3997/4074/3995 4097/4176/4095 4096/4175/4094 3996/4073/3994
f 3998/4075/3996 4098/4177/4096 4097/4176/4095 3997/4074/3995
f 3999/4076/3997 4099/4178/4097 4098/4177/4096 3998/4075/3996
f 4000/4077/3998 4100/4179/4098 4099/4178/4097 3999/4076/3997
f 4001/4078/3999 4101/4180/4099 4100/4179/4098 4000/4077/3998
f 4002/4079/4000 4102/4181/4100 4101/4180/4099 4001/4078/3999
f 3903/4080/3901 4003/4182/4001 4102/4181/4100 4002/4079/4000
f 4004/4082/4002 4104/4184/4102 4103/4183/4101 4003/4081/4001
f 4005/4083/4003 4105/4185/4103 4104/4184/4102 4004/4082/4002
f 4006/4084/4004 4106/4186/4104 4105/4185/4103 4005/4083/4003
f 4007/4085/4005 4107/4187/4105 4106/4186/4104 4006/4084/4004
f 4008/4086/4006 4108/4188/4106 4107/4187/4105 4007/4085/4005
f 4009/4087/4007 4109/4189/4107 4108/4188/4106 4008/4086/4006
f 4010/4088/4008 4110/4190/4108 4109/4189/4107 4009/4087/4007
f 4011/4089/4009 4111/4191/4109 4110/4190/4108 4010/4088/4008
f 4012/4090/4010 4112/4192/4110 4111/4191/4109 4011/4089/4009
f 4013/4091/4011 4113/4193/4111 4112/4192/4110 4012/4090/4010
f 4014/4092/4012 4114/4194/4112 4113/4193/4111 4013/4091/4011
f 4015/4093/4013 4115/4195/4113 4114/4194/4112 4014/4092/4012
f 4016/4094/4014 4116/4196/4114 4115/4195/4113 4015/4093/4013
f 4017/4095/4015 4117/4197/4115 4116/4196/4114 4016/4094/4014
f 4018/4096/4016 4118/4198/4116 4117/4197/4115 4017/4095/4015
f 4019/4097/4017 4119/4199/4117 4118/4198/4116 4018/4096/4016
f 4020/4098/4018 4120/4200/4118 4119/4199/4117 4019/4097/4017
f 4021/4099/4019 4121/4201/4119 4120/4200/4118 4020/4098/4018
f 4022/4100/4020 4122/4202/4120 4121/4201/4119 4021/4099/4019
f 4023/4101/4021 4123/4203/4121 4122/4202/4120 4022/4100/4020
f 4024/4102/4022 4124/4204/4122 4123/4203/4121 4023/4101/4021
f 4025/4103/4023 4125/4205/4123 4124/4204/4122 4024/4102/4022
f 4026/4104/4024 4126/4206/4124 4125/4205/4123 4025/4103/4023
f 4027/4105/4025 4127/4207/4125 4126/4206/4124 4026/4104/4024
f 4028/4106/4026 4128/4208/4126 4127/4207/4125 4027/4105/4025
f 4029/4107/4027 4129/4209/4127 4128/4208/4126 4028/4106/4026
f 4030/4108/4028 4130/4210/4128 4129/4209/4127 4029/4107/4027
f 4031/4109/4029 4131/4211/4129 4130/4210/4128 4030/4108/4028
f 4032/4110/4030 4132/4212/4130 4131/4211/4129 4031/4109/4029
f 4033/4111/4031 4133/4213/4131 4132/4212/4130 4032/4110/4030
f 4034/4112/4032 4134/4214/4132 4133/4213/4131 4033/4111/4031
f 4035/4113/4033 4135/4215/4133 4134/4214/4132 4034/4112/4032
f 4036/4114/4034 4136/4216/4134 4135/4215/4133 4035/4113/4033
f 4037/4115/4035 4137/4217/4135 4136/4216/4134 4036/4114/4034
f 4038/4116/4036 4138/4218/4136 4137/4217/4135 4037/4115/4035
f 4039/4117/4037 4139/4219/4137 4138/4218/4136 4038/4116/4036
f 4040/4118/4038 4140/4220/4138 4139/4219/4137 4039/4117/4037
f 4041/4119/4039 4141/4221/4139 4140/4220/4138 4040/4118/4038
f 4042/4120/4040 4142/4222/4140 4141/4221/4139 4041/4119/4039
f 4043/4121/4041 4143/4223/4141 4142/4222/4140 4042/4120/4040
f 4044/4122/4042 4144/4224/4142 4143/4223/4141 4043/4121/4041
f 4045/4123/4043 4145/4225/4143 4144/4224/4142 4044/4122/4042
f 4046/4124/4044 4146/4226/4144 4145/4225/4143 4045/4123/4043
f 4047/4125/4045 4147/4227/4145 4146/4226/4144 4046/4124/4044
f 4048/4126/4046 4148/4228/4146 4147/4227/4145 4047/4125/4045
f 4049/4127/4047 4149/4229/4147 4148/4228/4146 4048/4126/4046
f 4050/4128/4048 4150/4230/4148 4149/4229/4147 4049/4127/4047
f 4051/4129/4049 4151/4231/4149 4150/4230/4148 4050/4128/4048
f 4052/4130/4050 4152/4232/4150 4151/4231/4149 4051/4129/4049
f 4053/4131/4051 4153/4233/4151 4152/4232/4150 4052/4130/4050
f 4054/4133/4052 4154/4235/4152 4153/4234/4151 4053/4132/4051
f 4055/4134/4053 4155/4236/4153 4154/4235/4152 4054/4133/4052
f 4056/4135/4054 4156/4237/4154 4155/4236/4153 4055/4134/4053
f 4057/4136/4055 4157/4238/4155 4156/4237/4154 4056/4135/4054
f 4058/4137/4056 4158/4239/4156 4157/4238/4155 4057/4136/4055
f 4059/4138/4057 4159/4240/4157 4158/4239/4156 4058/4137/4056
f 4060/4139/4058 4160/4241/4158 4159/4240/4157 4059/4138/4057
f 4061/4140/4059 4161/4242/4159 4160/4241/4158 4060/4139/4058
f 4062/4141/4060 4162/4243/4160 4161/4242/4159 4061/4140/4059
f 4063/4142/4061 4163/4244/4161 4162/4243/4160 4062/4141/4060
f 4064/4143/4062 4164/4245/4162 4163/4244/4161 4063/4142/4061
f 4065/4144/4063 4165/4246/4163 4164/4245/4162 4064/4143/4062
f 4066/4145/4064 4166/4247/4164 4165/4246/4163 4065/4144/4063
f 4067/4146/4065 4167/4248/4165 4166/4247/4164 4066/4145/4064
f 4068/4147/4066 4168/4249/4166 4167/4248/4165 4067/4146/4065
f 4069/4148/4067 4169/4250/4167 4168/4249/4166 4068/4147/4066
f 4070/4149/4068 4170/4251/4168 4169/4250/4167 4069/4148/4067
f 4071/4150/4069 4171/4252/4169 4170/4251/4168 4070/4149/4068
f 4072/4151/4070 4172/4253/4170 4171/4252/4169 4071/4150/4069
f 4073/4152/4071 4173/4254/4171 4172/4253/4170 4072/4151/4070
f 4074/4153/4072 4174/4255/4172 4173/4254/4171 4073/4152/4071
f 4075/4154/4073 4175/4256/4173 4174/4255/4172 4074/4153/4072
f 4076/4155/4074 4176/4257/4174 4175/4256/4173 4075/4154/4073
f 4077/4156/4075 4177/4258/4175 4176/4257/4174 4076/4155/4074
f 4078/4157/4076 4178/4259/4176 4177/4258/4175 4077/4156/4075
f 4079/4158/4077 4179/4260/4177 4178/4259/4176 4078/4157/4076
f 4080/4159/4078 4180/4261/4178 4179/4260/4177 4079/4158/4077
f 4081/4160/4079 4181/4262/4179 4180/4261/4178 4080/4159/4078
f 4082/4161/4080 4182/4263/4180 4181/4262/4179 4081/4160/4079
f 4083/4162/4081 4183/4264/4181 4182/4263/4180 4082/4161/4080
f 4084/4163/4082 4184/4265/4182 4183/4264/4181 4083/4162/4081
f 4085/4164/4083 4185/4266/4183 4184/4265/4182 4084/4163/4082
f 4086/4165/4084 4186/4267/4184 4185/4266/4183 4085/4164/4083
f 4087/4166/4085 4187/4268/4185 4186/4267/4184 4086/4165/4084
f 4088/4167/4086 4188/4269/4186 4187/4268/4185 4087/4166/4085
f 4089/4168/4087 4189/4270/4187 4188/4269/4186 4088/4167/4086
f 4090/4169/4088 4190/4271/4188 4189/4270/4187 4089/4168/4087
f 4091/4170/4089 4191/4272/4189 4190/4271/4188 4090/4169/4088
f 4092/4171/4090 4192/4273/4190 4191/4272/4189 4091/4170/4089
f 4093/4172/4091 4193/4274/4191 4192/4273/4190 4092/4171/4090
f 4094/4173/4092 4194/4275/4192 4193/4274/4191 4093/4172/4091
f 4095/4174/4093 4195/4276/4193 4194/4275/4192 4094/4173/4092
f 4096/4175/4094 4196/4277/4194 4195/4276/4193 4095/4174/4093
f 4097/4176/4095 4197/4278/4195 4196/4277/4194 4096/4175/4094
f 4098/4177/4096 4198/4279/4196 4197/4278/4195 4097/4176/4095
f 4099/4178/4097 4199/4280/4197 4198/4279/4196 4098/4177/4096
f 4100/4179/4098 4200/4281/4198 4199/4280/4197 4099/4178/4097
f 4101/4180/4099 4201/4282/4199 4200/4281/4198 4100/4179/4098
f 4102/4181/4100 4202/4283/4200 4201/4282/4199 4101/4180/4099
f 4003/4182/4001 4103/4284/4101 4202/4283/4200 4102/4181/4100
f 4104/4184/4102 4204/4286/4202 4203/4285/4201 4103/4183/4101
f 4105/4185/4103 4205/4287/4203 4204/4286/4202 4104/4184/4102
f 4106/4186/4104 4206/4288/4204 4205/4287/4203 4105/4185/4103
f 4107/4187/4105 4207/4289/4205 4206/4288/4204 4106/4186/4104
f 4108/4188/4106 4208/4290/4206 4207/4289/4205 4107/4187/4105
f 4109/4189/4107 4209/4291/4207 4208/4290/4206 4108/4188/4106
f 4110/4190/4108 4210/4292/4208 4209/4291/4207 4109/4189/4107
f 4111/4191/4109 4211/4293/4209 4210/4292/4208 4110/4190/4108
f 4112/4192/4110 4212/4294/4210 4211/4293/4209 4111/4191/4109
f 4113/4193/4111 4213/4295/4211 4212/4294/4210 4112/4192/4110
f 4114/4194/4112 4214/4296/4212 4213/4295/4211 4113/4193/4111
f 4115/4195/4113 4215/4297/4213 4214/4296/4212 4114/4194/4112
f 4116/4196/4114 4216/4298/4214 4215/4297/4213 4115/4195/4113
f 4117/4197/4115 4217/4299/4215 4216/4298/4214 4116/4196/4114
f 4118/4198/4116 4218/4300/4216 4217/4299/4215 4117/4197/4115
f 4119/4199/4117 4219/4301/4217 4218/4300/4216 4118/4198/4116
f 4120/4200/4118 4220/4302/4218 4219/4301/4217 4119/4199/4117
f 4121/4201/4119 4221/4303/4219 4220/4302/4218 4120/4200/4118
f 4122/4202/4120 4222/4304/4220 4221/4303/4219 4121/4201/4119
f 4123/4203/4121 4223/4305/4221 4222/4304/4220 4122/4202/4120
f 4124/4204/4122 4224/4306/4222 4223/4305/4221 4123/4203/4121
f 4125/4205/4123 4225/4307/4223 4224/4306/4222 4124/4204/4122
f 4126/4206/4124 4226/4308/4224 4225/4307/4223 4125/4205/4123
f 4127/4207/4125 4227/4309/4225 4226/4308/4224 4126/4206/4124
f 4128/4208/4126 4228/4310/4226 4227/4309/4225 4127/4207/4125
f 4129/4209/4127 4229/4311/4227 4228/4310/4226 4128/4208/4126
f 4130/4210/4128 4230/4312/4228 4229/4311/4227 4129/4209/4127
f 4131/4211/4129 4231/4313/4229 4230/4312/4228 4130/4210/4128
f 4132/4212/4130 4232/4314/4230 4231/4313/4229 4131/4211/4129
f 4133/4213/4131 4233/4315/4231 4232/4314/4230 4132/4212/4130
f 4134/4214/4132 4234/4316/4232 4233/4315/4231 4133/4213/4131
f 4135/4215/4133 4235/4317/4233 4234/4316/4232 4134/4214/4132
f 4136/4216/4134 4236/4318/4234 4235/4317/4233 4135/4215/4133
f 4137/4217/4135 4237/4319/4235 4236/4318/4234 4136/4216/4134
f 4138/4218/4136 4238/4320/4236 4237/4319/4235 4137/4217/4135
f 4139/4219/4137 4239/4321/4237 4238/4320/4236 4138/4218/4136
f 4140/4220/4138 4240/4322/4238 4239/4321/4237 4139/4219/4137
f 4141/4221/4139 4241/4323/4239 4240/4322/4238 4140/4220/4138
f 4142/4222/4140 4242/4324/4240 4241/4323/4239 4141/4221/4139
f 4143/4223/4141 4243/4325/4241 4242/4324/4240 4142/4222/4140
f 4144/4224/4142 4244/4326/4242 4243/4325/4241 4143/4223/4141
f 4145/4225/4143 4245/4327/4243 4244/4326/4242 4144/4224/4142
f 4146/4226/4144 4246/4328/4244 4245/4327/4243 4145/4225/4143
f 4147/4227/4145 4247/4329/4245 4246/4328/4244 4146/4226/4144
f 4148/4228/4146 4248/4330/4246 4247/4329/4245 4147/4227/4145
f 4149/4229/4147 4249/4331/4247 4248/4330/4246 4148/4228/4146
f 4150/4230/4148 4250/4332/4248 4249/4331/4247 4149/4229/4147
f 4151/4231/4149 4251/4333/4249 4250/4332/4248 4150/4230/4148
f 4152/4232/4150 4252/4334/4250 4251/4333/4249 4151/4231/4149
f 4153/4233/4151 4253/4335/4251 4252/4334/4250 4152/4232/4150
f 4154/4235/4152 4254/4337/4252 4253/4336/4251 4153/4234/4151
f 4155/4236/4153 4255/4338/4253 4254/4337/4252 4154/4235/4152
f 4156/4237/4154 4256/4339/4254 4255/4338/4253 4155/4236/4153
f 4157/4238/4155 4257/4340/4255 4256/4339/4254 4156/4237/4154
f 4158/4239/4156 4258/4341/4256 4257/4340/4255 4157/4238/4155
f 4159/4240/4157 4259/4342/4257 4258/4341/4256 4158/4239/4156
f 4160/4241/4158 4260/4343/4258 4259/4342/4257 4159/4240/4157
f 4161/4242/4159 4261/4344/4259 4260/4343/4258 4160/4241/4158
f 4162/4243/4160 4262/4345/4260 4261/4344/4259 4161/4242/4159
f 4163/4244/4161 4263/4346/4261 4262/4345/4260 4162/4243/4160
f 4164/4245/4162 4264/4347/4262 4263/4346/4261 4163/4244/4161
f 4165/4246/4163 4265/4348/4263 4264/4347/4262 4164/4245/4162
f 4166/4247/4164 4266/4349/4264 4265/4348/4263 4165/4246/4163
f 4167/4248/4165 4267/4350/4265 4266/4349/4264 4166/4247/4164
f 4168/4249/4166 4268/4351/4266 4267/4350/4265 4167/4248/4165
f 4169/4250/4167 4269/4352/4267 4268/4351/4266 4168/4249/4166
f 4170/4251/4168 4270/4353/4268 4269/4352/4267 4169/4250/4167
f 4171/4252/4169 4271/4354/4269 4270/4353/4268 4170/4251/4168
f 4172/4253/4170 4272/4355/4270 4271/4354/4269 4171/4252/4169
f 4173/4254/4171 4273/4356/4271 4272/4355/4270 4172/4253/4170
f 4174/4255/4172 4274/4357/4272 4273/4356/4271 4173/4254/4171
f 4175/4256/4173 4275/4358/4273 4274/4357/4272 4174/4255/4172
f 4176/4257/4174 4276/4359/4274 4275/4358/4273 4175/4256/4173
f 4177/4258/4175 4277/4360/4275 4276/4359/4274 4176/4257/4174
f 4178/4259/4176 4278/4361/4276 4277/4360/4275 4177/4258/4175
f 4179/4260/4177 4279/4362/4277 4278/4361/4276 4178/4259/4176
f 4180/4261/4178 4280/4363/4278 4279/4362/4277 4179/4260/4177
f 4181/4262/4179 4281/4364/4279 4280/4363/4278 4180/4261/4178
f 4182/4263/4180 4282/4365/4280 4281/4364/4279 4181/4262/4179
f 4183/4264/4181 4283/4366/4281 4282/4365/4280 4182/4263/4180
f 4184/4265/4182 4284/4367/4282 4283/4366/4281 4183/4264/4181
f 4185/4266/4183 4285/4368/4283 4284/4367/4282 4184/4265/4182
f 4186/4267/4184 4286/4369/4284 4285/4368/4283 4185/4266/4183
f 4187/4268/4185 4287/4370/4285 4286/4369/4284 4186/4267/4184
f 4188/4269/4186 4288/4371/4286 4287/4370/4285 4187/4268/4185
f 4189/4270/4187 4289/4372/4287 4288/4371/4286 4188/4269/4186
f 4190/4271/4188 4290/4373/4288 4289/4372/4287 4189/4270/4187
f 4191/4272/4189 4291/4374/4289 4290/4373/4288 4190/4271/4188
f 4192/4273/4190 4292/4375/4290 4291/4374/4289 4191/4272/4189
f 4193/4274/4191 4293/4376/4291 4292/4375/4290 4192/4273/4190
f 4194/4275/4192 4294/4377/4292 4293/4376/4291 4193/4274/4191
f 4195/4276/4193 4295/4378/4293 4294/4377/4292 4194/4275/4192
f 4196/4277/4194 4296/4379/4294 4295/4378/4293 4195/4276/4193
f 4197/4278/4195 4297/4380/4295 4296/4379/4294 4196/4277/4194
f 4198/4279/4196 4298/4381/4296 4297/4380/4295 4197/4278/4195
f 4199/4280/4197 4299/4382/4297 4298/4381/4296 4198/4279/4196
f 4200/4281/4198 4300/4383/4298 4299/4382/4297 4199/4280/4197
f 4201/4282/4199 4301/4384/4299 4300/4383/4298 4200/4281/4198
f 4202/4283/4200 4302/4385/4300 4301/4384/4299 4201/4282/4199
f 4103/4284/4101 4203/4386/4201 4302/4385/4300 4202/4283/4200
f 4204/4286/4202 4304/4388/4302 4303/4387/4301 4203/4285/4201
f 4205/4287/4203 4305/4389/4303 4304/4388/4302 4204/4286/4202
f 4206/4288/4204 4306/4390/4304 4305/4389/4303 4205/4287/4203
f 4207/4289/4205 4307/4391/4305 4306/4390/4304 4206/4288/4204
f 4208/4290/4206 4308/4392/4306 4307/4391/4305 4207/4289/4205
f 4209/4291/4207 4309/4393/4307 4308/4392/4306 4208/4290/4206
f 4210/4292/4208 4310/4394/4308 4309/4393/4307 4209/4291/4207
f 4211/4293/4209 4311/4395/4309 4310/4394/4308 4210/4292/4208
f 4212/4294/4210 4312/4396/4310 4311/4395/4309 4211/4293/4209
f 4213/4295/4211 4313/4397/4311 4312/4396/4310 4212/4294/4210
f 4214/4296/4212 4314/4398/4312 4313/4397/4311 4213/4295/4211
f 4215/4297/4213 4315/4399/4313 4314/4398/4312 4214/4296/4212
f 4216/4298/4214 4316/4400/4314 4315/4399/4313 4215/4297/4213
f 4217/4299/4215 4317/4401/4315 4316/4400/4314 4216/4298/4214
f 4218/4300/4216 4318/4402/4316 4317/4401/4315 4217/4299/4215
f 4219/4301/4217 4319/4403/4317 4318/4402/4316 4218/4300/4216
f 4220/4302/4218 4320/4404/4318 4319/4403/4317 4219/4301/4217
f 4221/4303/4219 4321/4405/4319 4320/4404/4318 4220/4302/4218
f 4222/4304/4220 4322/4406/4320 4321/4405/4319 4221/4303/4219
f 4223/4305/4221 4323/4407/4321 4322/4406/4320 4222/4304/4220
f 4224/4306/4222 4324/4408/4322 4323/4407/4321 4223/4305/4221
f 4225/4307/4223 4325/4409/4323 4324/4408/4322 4224/4306/4222
f 4226/4308/4224 4326/4410/4324 4325/4409/4323 4225/4307/4223
f 4227/4309/4225 4327/4411/4325 4326/4410/4324 4226/4308/4224
f 4228/4310/4226 4328/4412/4326 4327/4411/4325 4227/4309/4225
f 4229/4311/4227 4329/4413/4327 4328/4412/4326 4228/4310/4226
f 4230/4312/4228 4330/4414/4328 4329/4413/4327 4229/4311/4227
f 4231/4313/4229 4331/4415/4329 4330/4414/4328 4230/4312/4228
f 4232/4314/4230 4332/4416/4330 4331/4415/4329 4231/4313/4229
f 4233/4315/4231 4333/4417/4331 4332/4416/4330 4232/4314/4230
f 4234/4316/4232 4334/4418/4332 4333/4417/4331 4233/4315/4231
f 4235/4317/4233 4335/4419/4333 4334/4418/4332 4234/4316/4232
f 4236/4318/4234 4336/4420/4334 4335/4419/4333 4235/4317/4233
f 4237/4319/4235 4337/4421/4335 4336/4420/4334 4236/4318/4234
f 4238/4320/4236 4338/4422/4336 4337/4421/4335 4237/4319/4235
f 4239/4321/4237 4339/4423/4337 4338/4422/4336 4238/4320/4236
f 4240/4322/4238 4340/4424/4338 4339/4423/4337 4239/4321/4237
f 4241/4323/4239 4341/4425/4339 4340/4424/4338 4240/4322/4238
f 4242/4324/4240 4342/4426/4340 4341/4425/4339 4241/4323/4239
f 4243/4325/4241 4343/4427/4341 4342/4426/4340 4242/4324/4240
f 4244/4326/4242 4344/4428/4342 4343/4427/4341 4243/4325/4241
f 4245/4327/4243 4345/4429/4343 4344/4428/4342 4244/4326/4242
f 4246/4328/4244 4346/4430/4344 4345/4429/4343 4245/4327/4243
f 4247/4329/4245 4347/4431/4345 4346/4430/4344 4246/4328/4244
f 4248/4330/4246 4348/4432/4346 4347/4431/4345 4247/4329/4245
f 4249/4331/4247 4349/4433/4347 4348/4432/4346 4248/4330/4246
f 4250/4332/4248 4350/4434/4348 4349/4433/4347 4249/4331/4247
f 4251/4333/4249 4351/4435/4349 4350/4434/4348 4250/4332/4248
f 4252/4334/4250 4352/4436/4350 4351/4435/4349 4251/4333/4249
f 4253/4335/4251 4353/4437/4351 4352/4436/4350 4252/4334/4250
f 4254/4337/4252 4354/4439/4352 4353/4438/4351 4253/4336/4251
f 4255/4338/4253 4355/4440/4353 4354/4439/4352 4254/4337/4252
f 4256/4339/4254 4356/4441/4354 4355/4440/4353 4255/4338/4253
f 4257/4340/4255 4357/4442/4355 4356/4441/4354 4256/4339/4254
f 4258/4341/4256 4358/4443/4356 4357/4442/4355 4257/4340/4255
f 4259/4342/4257 4359/4444/4357 4358/4443/4356 4258/4341/4256
f 4260/4343/4258 4360/4445/4358 4359/4444/4357 4259/4342/4257
f 4261/4344/4259 4361/4446/4359 4360/4445/4358 4260/4343/4258
f 4262/4345/4260 4362/4447/4360 4361/4446/4359 4261/4344/4259
f 4263/4346/4261 4363/4448/4361 4362/4447/4360 4262/4345/4260
f 4264/4347/4262 4364/4449/4362 4363/4448/4361 4263/4346/4261
f 4265/4348/4263 4365/4450/4363 4364/4449/4362 4264/4347/4262
f 4266/4349/4264 4366/4451/4364 4365/4450/4363 4265/4348/4263
f 4267/4350/4265 4367/4452/4365 4366/4451/4364 4266/4349/4264
f 4268/4351/4266 4368/4453/4366 4367/4452/4365 4267/4350/4265
f 4269/4352/4267 4369/4454/4367 4368/4453/4366 4268/4351/4266
f 4270/4353/4268 4370/4455/4368 4369/4454/4367 4269/4352/4267
f 4271/4354/4269 4371/4456/4369 4370/4455/4368 4270/4353/4268
f 4272/4355/4270 4372/4457/4370 4371/4456/4369 4271/4354/4269
f 4273/4356/4271 4373/4458/4371 4372/4457/4370 4272/4355/4270
f 4274/4357/4272 4374/4459/4372 4373/4458/4371 4273/4356/4271
f 4275/4358/4273 4375/4460/4373 4374/4459/4372 4274/4357/4272
f 4276/4359/4274 4376/4461/4374 4375/4460/4373 4275/4358/4273
f 4277/4360/4275 4377/4462/4375 4376/4461/4374 4276/4359/4274
f 4278/4361/4276 4378/4463/4376 4377/4462/4375 4277/4360/4275
f 4279/4362/4277 4379/4464/4377 4378/4463/4376 4278/4361/4276
f 4280/4363/4278 4380/4465/4378 4379/4464/4377 4279/4362/4277
f 4281/4364/4279 4381/4466/4379 4380/4465/4378 4280/4363/4278
f 4282/4365/4280 4382/4467/4380 4381/4466/4379 4281/4364/4279
f 4283/4366/4281 4383/4468/4381 4382/4467/4380 4282/4365/4280
f 4284/4367/4282 4384/4469/4382 4383/4468/4381 4283/4366/4281
f 4285/4368/4283 4385/4470/4383 4384/4469/4382 4284/4367/4282
f 4286/4369/4284 4386/4471/4384 4385/4470/4383 4285/4368/4283
f 4287/4370/4285 4387/4472/4385 4386/4471/4384 4286/4369/4284
f 4288/4371/4286 4388/4473/4386 4387/4472/4385 4287/4370/4285
f 4289/4372/4287 4389/4474/4387 4388/4473/4386 4288/4371/4286
f 4290/4373/4288 4390/4475/4388 4389/4474/4387 4289/4372/4287
f 4291/4374/4289 4391/4476/4389 4390/4475/4388 4290/4373/4288
f 4292/4375/4290 4392/4477/4390 4391/4476/4389 4291/4374/4289
f 4293/4376/4291 4393/4478/4391 4392/4477/4390 4292/4375/4290
f 4294/4377/4292 4394/4479/4392 4393/4478/4391 4293/4376/4291
f 4295/4378/4293 4395/4480/4393 4394/4479/4392 4294/4377/4292
f 4296/4379/4294 4396/4481/4394 4395/4480/4393 4295/4378/4293
f 4297/4380/4295 4397/4482/4395 4396/4481/4394 4296/4379/4294
f 4298/4381/4296 4398/4483/4396 4397/4482/4395 4297/4380/4295
f 4299/4382/4297 4399/4484/4397 4398/4483/4396 4298/4381/4296
f 4300/4383/4298 4400/4485/4398 4399/4484/4397 4299/4382/4297
f 4301/4384/4299 4401/4486/4399 4400/4485/4398 4300/4383/4298
f 4302/4385/4300 4402/4487/4400 4401/4486/4399 4301/4384/4299
f 4203/4386/4201 4303/4488/4301 4402/4487/4400 4302/4385/4300
f 4304/4388/4302 4404/4490/4402 4403/4489/4401 4303/4387/4301
f 4305/4389/4303 4405/4491/4403 4404/4490/4402 4304/4388/4302
f 4306/4390/4304 4406/4492/4404 4405/4491/4403 4305/4389/4303
f 4307/4391/4305 4407/4493/4405 4406/4492/4404 4306/4390/4304
f 4308/4392/4306 4408/4494/4406 4407/4493/4405 4307/4391/4305
f 4309/4393/4307 4409/4495/4407 4408/4494/4406 4308/4392/4306
f 4310/4394/4308 4410/4496/4408 4409/4495/4407 4309/4393/4307
f 4311/4395/4309 4411/4497/4409 4410/4496/4408 4310/4394/4308
f 4312/4396/4310 4412/4498/4410 4411/4497/4409 4311/4395/4309
f 4313/4397/4311 4413/4499/4411 4412/4498/4410 4312/4396/4310
f 4314/4398/4312 4414/4500/4412 4413/4499/4411 4313/4397/4311
f 4315/4399/4313 4415/4501/4413 4414/4500/4412 4314/4398/4312
f 4316/4400/4314 4416/4502/4414 4415/4501/4413 4315/4399/4313
f 4317/4401/4315 4417/4503/4415 4416/4502/4414 4316/4400/4314
f 4318/4402/4316 4418/4504/4416 4417/4503/4415 4317/4401/4315
f 4319/4403/4317 4419/4505/4417 4418/4504/4416 4318/4402/4316
f 4320/4404/4318 4420/4506/4418 4419/4505/4417 4319/4403/4317
f 4321/4405/4319 4421/4507/4419 4420/4506/4418 4320/4404/4318
f 4322/4406/4320 4422/4508/4420 4421/4507/4419 4321/4405/4319
f 4323/4407/4321 4423/4509/4421 4422/4508/4420 4322/4406/4320
f 4324/4408/4322 4424/4510/4422 4423/4509/4421 4323/4407/4321
f 4325/4409/4323 4425/4511/4423 4424/4510/4422 4324/4408/4322
f 4326/4410/4324 4426/4512/4424 4425/4511/4423 4325/4409/4323
f 4327/4411/4325 4427/4513/4425 4426/4512/4424 4326/4410/4324
f 4328/4412/4326 4428/4514/4426 4427/4513/4425 4327/4411/4325
f 4329/4413/4327 4429/4515/4427 4428/4514/4426 4328/4412/4326
f 4330/4414/4328 4430/4516/4428 4429/4515/4427 4329/4413/4327
f 4331/4415/4329 4431/4517/4429 4430/4516/4428 4330/4414/4328
f 4332/4416/4330 4432/4518/4430 4431/4517/4429 4331/4415/4329
f 4333/4417/4331 4433/4519/4431 4432/4518/4430 4332/4416/4330
f 4334/4418/4332 4434/4520/4432 4433/4519/4431 4333/4417/4331
f 4335/4419/4333 4435/4521/4433 4434/4520/4432 4334/4418/4332
f 4336/4420/4334 4436/4522/4434 4435/4521/4433 4335/4419/4333
f 4337/4421/4335 4437/4523/4435 4436/4522/4434 4336/4420/4334
f 4338/4422/4336 4438/4524/4436 4437/4523/4435 4337/4421/4335
f 4339/4423/4337 4439/4525/4437 4438/4524/4436 4338/4422/4336
f 4340/4424/4338 4440/4526/4438 4439/4525/4437 4339/4423/4337
f 4341/4425/4339 4441/4527/4439 4440/4526/4438 4340/4424/4338
f 4342/4426/4340 4442/4528/4440 4441/4527/4439 4341/4425/4339
f 4343/4427/4341 4443/4529/4441 4442/4528/4440 4342/4426/4340
f 4344/4428/4342 4444/4530/4442 4443/4529/4441 4343/4427/4341
f 4345/4429/4343 4445/4531/4443 4444/4530/4442 4344/4428/4342
f 4346/4430/4344 4446/4532/4444 4445/4531/4443 4345/4429/4343
f 4347/4431/4345 4447/4533/4445 4446/4532/4444 4346/4430/4344
f 4348/4432/4346 4448/4534/4446 4447/4533/4445 4347/4431/4345
f 4349/4433/4347 4449/4535/4447 4448/4534/4446 4348/4432/4346
f 4350/4434/4348 4450/4536/4448 4449/4535/4447 4349/4433/4347
f 4351/4435/4349 4451/4537/4449 4450/4536/4448 4350/4434/4348
f 4352/4436/4350 4452/4538/4450 4451/4537/4449 4351/4435/4349
f 4353/4437/4351 4453/4539/4451 4452/4538/4450 4352/4436/4350
f 4354/4439/4352 4454/4541/4452 4453/4540/4451 4353/4438/4351
f 4355/4440/4353 4455/4542/4453 4454/4541/4452 4354/4439/4352
f 4356/4441/4354 4456/4543/4454 4455/4542/4453 4355/4440/4353
f 4357/4442/4355 4457/4544/4455 4456/4543/4454 4356/4441/4354
f 4358/4443/4356 4458/4545/4456 4457/4544/4455 4357/4442/4355
f 4359/4444/4357 4459/4546/4457 4458/4545/4456 4358/4443/4356
f 4360/4445/4358 4460/4547/4458 4459/4546/4457 4359/4444/4357
f 4361/4446/4359 4461/4548/4459 4460/4547/4458 4360/4445/4358
f 4362/4447/4360 4462/4549/4460 4461/4548/4459 4361/4446/4359
f 4363/4448/4361 4463/4550/4461 4462/4549/4460 4362/4447/4360
f 4364/4449/4362 4464/4551/4462 4463/4550/4461 4363/4448/4361
f 4365/4450/4363 4465/4552/4463 4464/4551/4462 4364/4449/4362
f 4366/4451/4364 4466/4553/4464 4465/4552/4463 4365/4450/4363
f 4367/4452/4365 4467/4554/4465 4466/4553/4464 4366/4451/4364
f 4368/4453/4366 4468/4555/4466 4467/4554/4465 4367/4452/4365
f 4369/4454/4367 4469/4556/4467 4468/4555/4466 4368/4453/4366
f 4370/4455/4368 4470/4557/4468 4469/4556/4467 4369/4454/4367
f 4371/4456/4369 4471/4558/4469 4470/4557/4468 4370/4455/4368
f 4372/4457/4370 4472/4559/4470 4471/4558/4469 4371/4456/4369
f 4373/4458/4371 4473/4560/4471 4472/4559/4470 4372/4457/4370
f 4374/4459/4372 4474/4561/4472 4473/4560/4471 4373/4458/4371
f 4375/4460/4373 4475/4562/4473 4474/4561/4472 4374/4459/4372
f 4376/4461/4374 4476/4563/4474 4475/4562/4473 4375/4460/4373
f 4377/4462/4375 4477/4564/4475 4476/4563/4474 4376/4461/4374
f 4378/4463/4376 4478/4565/4476 4477/4564/4475 4377/4462/4375
f 4379/4464/4377 4479/4566/4477 4478/4565/4476 4378/4463/4376
f 4380/4465/4378 4480/4567/4478 4479/4566/4477 4379/4464/4377
f 4381/4466/4379 4481/4568/4479 4480/4567/4478 4380/4465/4378
f 4382/4467/4380 4482/4569/4480 4481/4568/4479 4381/4466/4379
f 4383/4468/4381 4483/4570/4481 4482/4569/4480 4382/4467/4380
f 4384/4469/4382 4484/4571/4482 4483/4570/4481 4383/4468/4381
f 4385/4470/4383 4485/4572/4483 4484/4571/4482 4384/4469/4382
f 4386/4471/4384 4486/4573/4484 4485/4572/4483 4385/4470/4383
f 4387/4472/4385 4487/4574/4485 4486/4573/4484 4386/4471/4384
f 4388/4473/4386 4488/4575/4486 4487/4574/4485 4387/4472/4385
f 4389/4474/4387 4489/4576/4487 4488/4575/4486 4388/4473/4386
f 4390/4475/4388 4490/4577/4488 4489/4576/4487 4389/4474/4387
f 4391/4476/4389 4491/4578/4489 4490/4577/4488 4390/4475/4388
f 4392/4477/4390 4492/4579/4490 4491/4578/4489 4391/4476/4389
f 4393/4478/4391 4493/4580/4491 4492/4579/4490 4392/4477/4390
f 4394/4479/4392 4494/4581/4492 4493/4580/4491 4393/4478/4391
f 4395/4480/4393 4495/4582/4493 4494/4581/4492 4394/4479/4392
f 4396/4481/4394 4496/4583/4494 4495/4582/4493 4395/4480/4393
f 4397/4482/4395 4497/4584/4495 4496/4583/4494 4396/4481/4394
f 4398/4483/4396 4498/4585/4496 4497/4584/4495 4397/4482/4395
f 4399/4484/4397 4499/4586/4497 4498/4585/4496 4398/4483/4396
f 4400/4485/4398 4500/4587/4498 4499/4586/4497 4399/4484/4397
f 4401/4486/4399 4501/4588/4499 4500/4587/4498 4400/4485/4398
f 4402/4487/4400 4502/4589/4500 4501/4588/4499 4401/4486/4399
f 4303/4488/4301 4403/4590/4401 4502/4589/4500 4402/4487/4400
f 4404/4490/4402 4504/4592/4502 4503/4591/4501 4403/4489/4401
f 4405/4491/4403 4505/4593/4503 4504/4592/4502 4404/4490/4402
f 4406/4492/4404 4506/4594/4504 4505/4593/4503 4405/4491/4403
f 4407/4493/4405 4507/4595/4505 4506/4594/4504 4406/4492/4404
f 4408/4494/4406 4508/4596/4506 4507/4595/4505 4407/4493/4405
f 4409/4495/4407 4509/4597/4507 4508/4596/4506 4408/4494/4406
f 4410/4496/4408 4510/4598/4508 4509/4597/4507 4409/4495/4407
f 4411/4497/4409 4511/4599/4509 4510/4598/4508 4410/4496/4408
f 4412/4498/4410 4512/4600/4510 4511/4599/4509 4411/4497/4409
f 4413/4499/4411 4513/4601/4511 4512/4600/4510 4412/4498/4410
f 4414/4500/4412 4514/4602/4512 4513/4601/4511 4413/4499/4411
f 4415/4501/4413 4515/4603/4513 4514/4602/4512 4414/4500/4412
f 4416/4502/4414 4516/4604/4514 4515/4603/4513 4415/4501/4413
f 4417/4503/4415 4517/4605/4515 4516/4604/4514 4416/4502/4414
f 4418/4504/4416 4518/4606/4516 4517/4605/4515 4417/4503/4415
f 4419/4505/4417 4519/4607/4517 4518/4606/4516 4418/4504/4416
f 4420/4506/4418 4520/4608/4518 4519/4607/4517 4419/4505/4417
f 4421/4507/4419 4521/4609/4519 4520/4608/4518 4420/4506/4418
f 4422/4508/4420 4522/4610/4520 4521/4609/4519 4421/4507/4419
f 4423/4509/4421 4523/4611/4521 4522/4610/4520 4422/4508/4420
f 4424/4510/4422 4524/4612/4522 4523/4611/4521 4423/4509/4421
f 4425/4511/4423 4525/4613/4523 4524/4612/4522 4424/4510/4422
f 4426/4512/4424 4526/4614/4524 4525/4613/4523 4425/4511/4423
f 4427/4513/4425 4527/4615/4525 4526/4614/4524 4426/4512/4424
f 4428/4514/4426 4528/4616/4526 4527/4615/4525 4427/4513/4425
f 4429/4515/4427 4529/4617/4527 4528/4616/4526 4428/4514/4426
f 4430/4516/4428 4530/4618/4528 4529/4617/4527 4429/4515/4427
f 4431/4517/4429 4531/4619/4529 4530/4618/4528 4430/4516/4428
f 4432/4518/4430 4532/4620/4530 4531/4619/4529 4431/4517/4429
f 4433/4519/4431 4533/4621/4531 4532/4620/4530 4432/4518/4430
f 4434/4520/4432 4534/4622/4532 4533/4621/4531 4433/4519/4431
f 4435/4521/4433 4535/4623/4533 4534/4622/4532 4434/4520/4432
f 4436/4522/4434 4536/4624/4534 4535/4623/4533 4435/4521/4433
f 4437/4523/4435 4537/4625/4535 4536/4624/4534 4436/4522/4434
f 4438/4524/4436 4538/4626/4536 4537/4625/4535 4437/4523/4435
f 4439/4525/4437 4539/4627/4537 4538/4626/4536 4438/4524/4436
f 4440/4526/4438 4540/4628/4538 4539/4627/4537 4439/4525/4437
f 4441/4527/4439 4541/4629/4539 4540/4628/4538 4440/4526/4438
f 4442/4528/4440 4542/4630/4540 4541/4629/4539 4441/4527/4439
f 4443/4529/4441 4543/4631/4541 4542/4630/4540 4442/4528/4440
f 4444/4530/4442 4544/4632/4542 4543/4631/4541 4443/4529/4441
f 4445/4531/4443 4545/4633/4543 4544/4632/4542 4444/4530/4442
f 4446/4532/4444 4546/4634/4544 4545/4633/4543 4445/4531/4443
f 4447/4533/4445 4547/4635/4545 4546/4634/4544 4446/4532/4444
f 4448/4534/4446 4548/4636/4546 4547/4635/4545 4447/4533/4445
f 4449/4535/4447 4549/4637/4547 4548/4636/4546 4448/4534/4446
f 4450/4536/4448 4550/4638/4548 4549/4637/4547 4449/4535/4447
f 4451/4537/4449 4551/4639/4549 4550/4638/4548 4450/4536/4448
f 4452/4538/4450 4552/4640/4550 4551/4639/4549 4451/4537/4449
f 4453/4539/4451 4553/4641/4551 4552/4640/4550 4452/4538/4450
f 4454/4541/4452 4554/4643/4552 4553/4642/4551 4453/4540/4451
f 4455/4542/4453 4555/4644/4553 4554/4643/4552 4454/4541/4452
f 4456/4543/4454 4556/4645/4554 4555/4644/4553 4455/4542/4453
f 4457/4544/4455 4557/4646/4555 4556/4645/4554 4456/4543/4454
f 4458/4545/4456 4558/4647/4556 4557/4646/4555 4457/4544/4455
f 4459/4546/4457 4559/4648/4557 4558/4647/4556 4458/4545/4456
f 4460/4547/4458 4560/4649/4558 4559/4648/4557 4459/4546/4457
f 4461/4548/4459 4561/4650/4559 4560/4649/4558 4460/4547/4458
f 4462/4549/4460 4562/4651/4560 4561/4650/4559 4461/4548/4459
f 4463/4550/4461 4563/4652/4561 4562/4651/4560 4462/4549/4460
f 4464/4551/4462 4564/4653/4562 4563/4652/4561 4463/4550/4461
f 4465/4552/4463 4565/4654/4563 4564/4653/4562 4464/4551/4462
f 4466/4553/4464 4566/4655/4564 4565/4654/4563 4465/4552/4463
f 4467/4554/4465 4567/4656/4565 4566/4655/4564 4466/4553/4464
f 4468/4555/4466 4568/4657/4566 4567/4656/4565 4467/4554/4465
f 4469/4556/4467 4569/4658/4567 4568/4657/4566 4468/4555/4466
f 4470/4557/4468 4570/4659/4568 4569/4658/4567 4469/4556/4467
f 4471/4558/4469 4571/4660/4569 4570/4659/4568 4470/4557/4468
f 4472/4559/4470 4572/4661/4570 4571/4660/4569 4471/4558/4469
f 4473/4560/4471 4573/4662/4571 4572/4661/4570 4472/4559/4470
f 4474/4561/4472 4574/4663/4572 4573/4662/4571 4473/4560/4471
f 4475/4562/4473 4575/4664/4573 4574/4663/4572 4474/4561/4472
f 4476/4563/4474 4576/4665/4574 4575/4664/4573 4475/4562/4473
f 4477/4564/4475 4577/4666/4575 4576/4665/4574 4476/4563/4474
f 4478/4565/4476 4578/4667/4576 4577/4666/4575 4477/4564/4475
f 4479/4566/4477 4579/4668/4577 4578/4667/4576 4478/4565/4476
f 4480/4567/4478 4580/4669/4578 4579/4668/4577 4479/4566/4477
f 4481/4568/4479 4581/4670/4579 4580/4669/4578 4480/4567/4478
f 4482/4569/4480 4582/4671/4580 4581/4670/4579 4481/4568/4479
f 4483/4570/4481 4583/4672/4581 4582/4671/4580 4482/4569/4480
f 4484/4571/4482 4584/4673/4582 4583/4672/4581 4483/4570/4481
f 4485/4572/4483 4585/4674/4583 4584/4673/4582 4484/4571/4482
f 4486/4573/4484 4586/4675/4584 4585/4674/4583 4485/4572/4483
f 4487/4574/4485 4587/4676/4585 4586/4675/4584 4486/4573/4484
f 4488/4575/4486 4588/4677/4586 4587/4676/4585 4487/4574/4485
f 4489/4576/4487 4589/4678/4587 4588/4677/4586 4488/4575/4486
f 4490/4577/4488 4590/4679/4588 4589/4678/4587 4489/4576/4487
f 4491/4578/4489 4591/4680/4589 4590/4679/4588 4490/4577/4488
f 4492/4579/4490 4592/4681/4590 4591/4680/4589 4491/4578/4489
f 4493/4580/4491 4593/4682/4591 4592/4681/4590 4492/4579/4490
f 4494/4581/4492 4594/4683/4592 4593/4682/4591 4493/4580/4491
f 4495/4582/4493 4595/4684/4593 4594/4683/4592 4494/4581/4492
f 4496/4583/4494 4596/4685/4594 4595/4684/4593 4495/4582/4493
f 4497/4584/4495 4597/4686/4595 4596/4685/4594 4496/4583/4494
f 4498/4585/4496 4598/4687/4596 4597/4686/4595 4497/4584/4495
f 4499/4586/4497 4599/4688/4597 4598/4687/4596 4498/4585/4496
f 4500/4587/4498 4600/4689/4598 4599/4688/4597 4499/4586/4497
f 4501/4588/4499 4601/4690/4599 4600/4689/4598 4500/4587/4498
f 4502/4589/4500 4602/4691/4600 4601/4690/4599 4501/4588/4499
f 4403/4590/4401 4503/4692/4501 4602/4691/4600 4502/4589/4500
f 4504/4592/4502 4604/4694/4602 4603/4693/4601 4503/4591/4501
f 4505/4593/4503 4605/4695/4603 4604/4694/4602 4504/4592/4502
f 4506/4594/4504 4606/4696/4604 4605/4695/4603 4505/4593/4503
f 4507/4595/4505 4607/4697/4605 4606/4696/4604 4506/4594/4504
f 4508/4596/4506 4608/4698/4606 4607/4697/4605 4507/4595/4505
f 4509/4597/4507 4609/4699/4607 4608/4698/4606 4508/4596/4506
f 4510/4598/4508 4610/4700/4608 4609/4699/4607 4509/4597/4507
f 4511/4599/4509 4611/4701/4609 4610/4700/4608 4510/4598/4508
f 4512/4600/4510 4612/4702/4610 4611/4701/4609 4511/4599/4509
f 4513/4601/4511 4613/4703/4611 4612/4702/4610 4512/4600/4510
f 4514/4602/4512 4614/4704/4612 4613/4703/4611 4513/4601/4511
f 4515/4603/4513 4615/4705/4613 4614/4704/4612 4514/4602/4512
f 4516/4604/4514 4616/4706/4614 4615/4705/4613 4515/4603/4513
f 4517/4605/4515 4617/4707/4615 4616/4706/4614 4516/4604/4514
f 4518/4606/4516 4618/4708/4616 4617/4707/4615 4517/4605/4515
f 4519/4607/4517 4619/4709/4617 4618/4708/4616 4518/4606/4516
f 4520/4608/4518 4620/4710/4618 4619/4709/4617 4519/4607/4517
f 4521/4609/4519 4621/4711/4619 4620/4710/4618 4520/4608/4518
f 4522/4610/4520 4622/4712/4620 4621/4711/4619 4521/4609/4519
f 4523/4611/4521 4623/4713/4621 4622/4712/4620 4522/4610/4520
f 4524/4612/4522 4624/4714/4622 4623/4713/4621 4523/4611/4521
f 4525/4613/4523 4625/4715/4623 4624/4714/4622 4524/4612/4522
f 4526/4614/4524 4626/4716/4624 4625/4715/4623 4525/4613/4523
f 4527/4615/4525 4627/4717/4625 4626/4716/4624 4526/4614/4524
f 4528/4616/4526 4628/4718/4626 4627/4717/4625 4527/4615/4525
f 4529/4617/4527 4629/4719/4627 4628/4718/4626 4528/4616/4526
f 4530/4618/4528 4630/4720/4628 4629/4719/4627 4529/4617/4527
f 4531/4619/4529 4631/4721/4629 4630/4720/4628 4530/4618/4528
f 4532/4620/4530 4632/4722/4630 4631/4721/4629 4531/4619/4529
f 4533/4621/4531 4633/4723/4631 4632/4722/4630 4532/4620/4530
f 4534/4622/4532 4634/4724/4632 4633/4723/4631 4533/4621/4531
f 4535/4623/4533 4635/4725/4633 4634/4724/4632 4534/4622/4532
f 4536/4624/4534 4636/4726/4634 4635/4725/4633 4535/4623/4533
f 4537/4625/4535 4637/4727/4635 4636/4726/4634 4536/4624/4534
f 4538/4626/4536 4638/4728/4636 4637/4727/4635 4537/4625/4535
f 4539/4627/4537 4639/4729/4637 4638/4728/4636 4538/4626/4536
f 4540/4628/4538 4640/4730/4638 4639/4729/4637 4539/4627/4537
f 4541/4629/4539 4641/4731/4639 4640/4730/4638 4540/4628/4538
f 4542/4630/4540 4642/4732/4640 4641/4731/4639 4541/4629/4539
f 4543/4631/4541 4643/4733/4641 4642/4732/4640 4542/4630/4540
f 4544/4632/4542 4644/4734/4642 4643/4733/4641 4543/4631/4541
f 4545/4633/4543 4645/4735/4643 4644/4734/4642 4544/4632/4542
f 4546/4634/4544 4646/4736/4644 4645/4735/4643 4545/4633/4543
f 4547/4635/4545 4647/4737/4645 4646/4736/4644 4546/4634/4544
f 4548/4636/4546 4648/4738/4646 4647/4737/4645 4547/4635/4545
f 4549/4637/4547 4649/4739/4647 4648/4738/4646 4548/4636/4546
f 4550/4638/4548 4650/4740/4648 4649/4739/4647 4549/4637/4547
f 4551/4639/4549 4651/4741/4649 4650/4740/4648 4550/4638/4548
f 4552/4640/4550 4652/4742/4650 4651/4741/4649 4551/4639/4549
f 4553/4641/4551 4653/4743/4651 4652/4742/4650 4552/4640/4550
f 4554/4643/4552 4654/4745/4652 4653/4744/4651 4553/4642/4551
f 4555/4644/4553 4655/4746/4653 4654/4745/4652 4554/4643/4552
f 4556/4645/4554 4656/4747/4654 4655/4746/4653 4555/4644/4553
f 4557/4646/4555 4657/4748/4655 4656/4747/4654 4556/4645/4554
f 4558/4647/4556 4658/4749/4656 4657/4748/4655 4557/4646/4555
f 4559/4648/4557 4659/4750/4657 4658/4749/4656 4558/4647/4556
f 4560/4649/4558 4660/4751/4658 4659/4750/4657 4559/4648/4557
f 4561/4650/4559 4661/4752/4659 4660/4751/4658 4560/4649/4558
f 4562/4651/4560 4662/4753/4660 4661/4752/4659 4561/4650/4559
f 4563/4652/4561 4663/4754/4661 4662/4753/4660 4562/4651/4560
f 4564/4653/4562 4664/4755/4662 4663/4754/4661 4563/4652/4561
f 4565/4654/4563 4665/4756/4663 4664/4755/4662 4564/4653/4562
f 4566/4655/4564 4666/4757/4664 4665/4756/4663 4565/4654/4563
f 4567/4656/4565 4667/4758/4665 4666/4757/4664 4566/4655/4564
f 4568/4657/4566 4668/4759/4666 4667/4758/4665 4567/4656/4565
f 4569/4658/4567 4669/4760/4667 4668/4759/4666 4568/4657/4566
f 4570/4659/4568 4670/4761/4668 4669/4760/4667 4569/4658/4567
f 4571/4660/4569 4671/4762/4669 4670/4761/4668 4570/4659/4568
f 4572/4661/4570 4672/4763/4670 4671/4762/4669 4571/4660/4569
f 4573/4662/4571 4673/4764/4671 4672/4763/4670 4572/4661/4570
f 4574/4663/4572 4674/4765/4672 4673/4764/4671 4573/4662/4571
f 4575/4664/4573 4675/4766/4673 4674/4765/4672 4574/4663/4572
f 4576/4665/4574 4676/4767/4674 4675/4766/4673 4575/4664/4573
f 4577/4666/4575 4677/4768/4675 4676/4767/4674 4576/4665/4574
f 4578/4667/4576 4678/4769/4676 4677/4768/4675 4577/4666/4575
f 4579/4668/4577 4679/4770/4677 4678/4769/4676 4578/4667/4576
f 4580/4669/4578 4680/4771/4678 4679/4770/4677 4579/4668/4577
f 4581/4670/4579 4681/4772/4679 4680/4771/4678 4580/4669/4578
f 4582/4671/4580 4682/4773/4680 4681/4772/4679 4581/4670/4579
f 4583/4672/4581 4683/4774/4681 4682/4773/4680 4582/4671/4580
f 4584/4673/4582 4684/4775/4682 4683/4774/4681 4583/4672/4581
f 4585/4674/4583 4685/4776/4683 4684/4775/4682 4584/4673/4582
f 4586/4675/4584 4686/4777/4684 4685/4776/4683 4585/4674/4583
f 4587/4676/4585 4687/4778/4685 4686/4777/4684 4586/4675/4584
f 4588/4677/4586 4688/4779/4686 4687/4778/4685 4587/4676/4585
f 4589/4678/4587 4689/4780/4687 4688/4779/4686 4588/4677/4586
f 4590/4679/4588 4690/4781/4688 4689/4780/4687 4589/4678/4587
f 4591/4680/4589 4691/4782/4689 4690/4781/4688 4590/4679/4588
f 4592/4681/4590 4692/4783/4690 4691/4782/4689 4591/4680/4589
f 4593/4682/4591 4693/4784/4691 4692/4783/4690 4592/4681/4590
f 4594/4683/4592 4694/4785/4692 4693/4784/4691 4593/4682/4591
f 4595/4684/4593 4695/4786/4693 4694/4785/4692 4594/4683/4592
f 4596/4685/4594 4696/4787/4694 4695/4786/4693 4595/4684/4593
f 4597/4686/4595 4697/4788/4695 4696/4787/4694 4596/4685/4594
f 4598/4687/4596 4698/4789/4696 4697/4788/4695 4597/4686/4595
f 4599/4688/4597 4699/4790/4697 4698/4789/4696 4598/4687/4596
f 4600/4689/4598 4700/4791/4698 4699/4790/4697 4599/4688/4597
f 4601/4690/4599 4701/4792/4699 4700/4791/4698 4600/4689/4598
f 4602/4691/4600 4702/4793/4700 4701/4792/4699 4601/4690/4599
f 4503/4692/4501 4603/4794/4601 4702/4793/4700 4602/4691/4600
f 4604/4694/4602 4704/4796/4702 4703/4795/4701 4603/4693/4601
f 4605/4695/4603 4705/4797/4703 4704/4796/4702 4604/4694/4602
f 4606/4696/4604 4706/4798/4704 4705/4797/4703 4605/4695/4603
f 4607/4697/4605 4707/4799/4705 4706/4798/4704 4606/4696/4604
f 4608/4698/4606 4708/4800/4706 4707/4799/4705 4607/4697/4605
f 4609/4699/4607 4709/4801/4707 4708/4800/4706 4608/4698/4606
f 4610/4700/4608 4710/4802/4708 4709/4801/4707 4609/4699/4607
f 4611/4701/4609 4711/4803/4709 4710/4802/4708 4610/4700/4608
f 4612/4702/4610 4712/4804/4710 4711/4803/4709 4611/4701/4609
f 4613/4703/4611 4713/4805/4711 4712/4804/4710 4612/4702/4610
f 4614/4704/4612 4714/4806/4712 4713/4805/4711 4613/4703/4611
f 4615/4705/4613 4715/4807/4713 4714/4806/4712 4614/4704/4612
f 4616/4706/4614 4716/4808/4714 4715/4807/4713 4615/4705/4613
f 4617/4707/4615 4717/4809/4715 4716/4808/4714 4616/4706/4614
f 4618/4708/4616 4718/4810/4716 4717/4809/4715 4617/4707/4615
f 4619/4709/4617 4719/4811/4717 4718/4810/4716 4618/4708/4616
f 4620/4710/4618 4720/4812/4718 4719/4811/4717 4619/4709/4617
f 4621/4711/4619 4721/4813/4719 4720/4812/4718 4620/4710/4618
f 4622/4712/4620 4722/4814/4720 4721/4813/4719 4621/4711/4619
f 4623/4713/4621 4723/4815/4721 4722/4814/4720 4622/4712/4620
f 4624/4714/4622 4724/4816/4722 4723/4815/4721 4623/4713/4621
f 4625/4715/4623 4725/4817/4723 4724/4816/4722 4624/4714/4622
f 4626/4716/4624 4726/4818/4724 4725/4817/4723 4625/4715/4623
f 4627/4717/4625 4727/4819/4725 4726/4818/4724 4626/4716/4624
f 4628/4718/4626 4728/4820/4726 4727/4819/4725 4627/4717/4625
f 4629/4719/4627 4729/4821/4727 4728/4820/4726 4628/4718/4626
f 4630/4720/4628 4730/4822/4728 4729/4821/4727 4629/4719/4627
f 4631/4721/4629 4731/4823/4729 4730/4822/4728 4630/4720/4628
f 4632/4722/4630 4732/4824/4730 4731/4823/4729 4631/4721/4629
f 4633/4723/4631 4733/4825/4731 4732/4824/4730 4632/4722/4630
f 4634/4724/4632 4734/4826/4732 4733/4825/4731 4633/4723/4631
f 4635/4725/4633 4735/4827/4733 4734/4826/4732 4634/4724/4632
f 4636/4726/4634 4736/4828/4734 4735/4827/4733 4635/4725/4633
f 4637/4727/4635 4737/4829/4735 4736/4828/4734 4636/4726/4634
f 4638/4728/4636 4738/4830/4736 4737/4829/4735 4637/4727/4635
f 4639/4729/4637 4739/4831/4737 4738/4830/4736 4638/4728/4636
f 4640/4730/4638 4740/4832/4738 4739/4831/4737 4639/4729/4637
f 4641/4731/4639 4741/4833/4739 4740/4832/4738 4640/4730/4638
f 4642/4732/4640 4742/4834/4740 4741/4833/4739 4641/4731/4639
f 4643/4733/4641 4743/4835/4741 4742/4834/4740 4642/4732/4640
f 4644/4734/4642 4744/4836/4742 4743/4835/4741 4643/4733/4641
f 4645/4735/4643 4745/4837/4743 4744/4836/4742 4644/4734/4642
f 4646/4736/4644 4746/4838/4744 4745/4837/4743 4645/4735/4643
f 4647/4737/4645 4747/4839/4745 4746/4838/4744 4646/4736/4644
f 4648/4738/4646 4748/4840/4746 4747/4839/4745 4647/4737/4645
f 4649/4739/4647 4749/4841/4747 4748/4840/4746 4648/4738/4646
f 4650/4740/4648 4750/4842/4748 4749/4841/4747 4649/4739/4647
f 4651/4741/4649 4751/4843/4749 4750/4842/4748 4650/4740/4648
f 4652/4742/4650 4752/4844/4750 4751/4843/4749 4651/4741/4649
f 4653/4743/4651 4753/4845/4751 4752/4844/4750 4652/4742/4650
f 4654/4745/4652 4754/4847/4752 4753/4846/4751 4653/4744/4651
f 4655/4746/4653 4755/4848/4753 4754/4847/4752 4654/4745/4652
f 4656/4747/4654 4756/4849/4754 4755/4848/4753 4655/4746/4653
f 4657/4748/4655 4757/4850/4755 4756/4849/4754 4656/4747/4654
f 4658/4749/4656 4758/4851/4756 4757/4850/4755 4657/4748/4655
f 4659/4750/4657 4759/4852/4757 4758/4851/4756 4658/4749/4656
f 4660/4751/4658 4760/4853/4758 4759/4852/4757 4659/4750/4657
f 4661/4752/4659 4761/4854/4759 4760/4853/4758 4660/4751/4658
f 4662/4753/4660 4762/4855/4760 4761/4854/4759 4661/4752/4659
f 4663/4754/4661 4763/4856/4761 4762/4855/4760 4662/4753/4660
f 4664/4755/4662 4764/4857/4762 4763/4856/4761 4663/4754/4661
f 4665/4756/4663 4765/4858/4763 4764/4857/4762 4664/4755/4662
f 4666/4757/4664 4766/4859/4764 4765/4858/4763 4665/4756/4663
f 4667/4758/4665 4767/4860/4765 4766/4859/4764 4666/4757/4664
f 4668/4759/4666 4768/4861/4766 4767/4860/4765 4667/4758/4665
f 4669/4760/4667 4769/4862/4767 4768/4861/4766 4668/4759/4666
f 4670/4761/4668 4770/4863/4768 4769/4862/4767 4669/4760/4667
f 4671/4762/4669 4771/4864/4769 4770/4863/4768 4670/4761/4668
f 4672/4763/4670 4772/4865/4770 4771/4864/4769 4671/4762/4669
f 4673/4764/4671 4773/4866/4771 4772/4865/4770 4672/4763/4670
f 4674/4765/4672 4774/4867/4772 4773/4866/4771 4673/4764/4671
f 4675/4766/4673 4775/4868/4773 4774/4867/4772 4674/4765/4672
f 4676/4767/4674 4776/4869/4774 4775/4868/4773 4675/4766/4673
f 4677/4768/4675 4777/4870/4775 4776/4869/4774 4676/4767/4674
f 4678/4769/4676 4778/4871/4776 4777/4870/4775 4677/4768/4675
f 4679/4770/4677 4779/4872/4777 4778/4871/4776 4678/4769/4676
f 4680/4771/4678 4780/4873/4778 4779/4872/4777 4679/4770/4677
f 4681/4772/4679 4781/4874/4779 4780/4873/4778 4680/4771/4678
f 4682/4773/4680 4782/4875/4780 4781/4874/4779 4681/4772/4679
f 4683/4774/4681 4783/4876/4781 4782/4875/4780 4682/4773/4680
f 4684/4775/4682 4784/4877/4782 4783/4876/4781 4683/4774/4681
f 4685/4776/4683 4785/4878/4783 4784/4877/4782 4684/4775/4682
f 4686/4777/4684 4786/4879/4784 4785/4878/4783 4685/4776/4683
f 4687/4778/4685 4787/4880/4785 4786/4879/4784 4686/4777/4684
f 4688/4779/4686 4788/4881/4786 4787/4880/4785 4687/4778/4685
f 4689/4780/4687 4789/4882/4787 4788/4881/4786 4688/4779/4686
f 4690/4781/4688 4790/4883/4788 4789/4882/4787 4689/4780/4687
f 4691/4782/4689 4791/4884/4789 4790/4883/4788 4690/4781/4688
f 4692/4783/4690 4792/4885/4790 4791/4884/4789 4691/4782/4689
f 4693/4784/4691 4793/4886/4791 4792/4885/4790 4692/4783/4690
f 4694/4785/4692 4794/4887/4792 4793/4886/4791 4693/4784/4691
f 4695/4786/4693 4795/4888/4793 4794/4887/4792 4694/4785/4692
f 4696/4787/4694 4796/4889/4794 4795/4888/4793 4695/4786/4693
f 4697/4788/4695 4797/4890/4795 4796/4889/4794 4696/4787/4694
f 4698/4789/4696 4798/4891/4796 4797/4890/4795 4697/4788/4695
f 4699/4790/4697 4799/4892/4797 4798/4891/4796 4698/4789/4696
f 4700/4791/4698 4800/4893/4798 4799/4892/4797 4699/4790/4697
f 4701/4792/4699 4801/4894/4799 4800/4893/4798 4700/4791/4698
f 4702/4793/4700 4802/4895/4800 4801/4894/4799 4701/4792/4699
f 4603/4794/4601 4703/4896/4701 4802/4895/4800 4702/4793/4700
f 4704/4796/4702 4804/4898/4802 4803/4897/4801 4703/4795/4701
f 4705/4797/4703 4805/4899/4803 4804/4898/4802 4704/4796/4702
f 4706/4798/4704 4806/4900/4804 4805/4899/4803 4705/4797/4703
f 4707/4799/4705 4807/4901/4805 4806/4900/4804 4706/4798/4704
f 4708/4800/4706 4808/4902/4806 4807/4901/4805 4707/4799/4705
f 4709/4801/4707 4809/4903/4807 4808/4902/4806 4708/4800/4706
f 4710/4802/4708 4810/4904/4808 4809/4903/4807 4709/4801/4707
f 4711/4803/4709 4811/4905/4809 4810/4904/4808 4710/4802/4708
f 4712/4804/4710 4812/4906/4810 4811/4905/4809 4711/4803/4709
f 4713/4805/4711 4813/4907/4811 4812/4906/4810 4712/4804/4710
f 4714/4806/4712 4814/4908/4812 4813/4907/4811 4713/4805/4711
f 4715/4807/4713 4815/4909/4813 4814/4908/4812 4714/4806/4712
f 4716/4808/4714 4816/4910/4814 4815/4909/4813 4715/4807/4713
f 4717/4809/4715 4817/4911/4815 4816/4910/4814 4716/4808/4714
f 4718/4810/4716 4818/4912/4816 4817/4911/4815 4717/4809/4715
f 4719/4811/4717 4819/4913/4817 4818/4912/4816 4718/4810/4716
f 4720/4812/4718 4820/4914/4818 4819/4913/4817 4719/4811/4717
f 4721/4813/4719 4821/4915/4819 4820/4914/4818 4720/4812/4718
f 4722/4814/4720 4822/4916/4820 4821/4915/4819 4721/4813/4719
f 4723/4815/4721 4823/4917/4821 4822/4916/4820 4722/4814/4720
f 4724/4816/4722 4824/4918/4822 4823/4917/4821 4723/4815/4721
f 4725/4817/4723 4825/4919/4823 4824/4918/4822 4724/4816/4722
f 4726/4818/4724 4826/4920/4824 4825/4919/4823 4725/4817/4723
f 4727/4819/4725 4827/4921/4825 4826/4920/4824 4726/4818/4724
f 4728/4820/4726 4828/4922/4826 4827/4921/4825 4727/4819/4725
f 4729/4821/4727 4829/4923/4827 4828/4922/4826 4728/4820/4726
f 4730/4822/4728 4830/4924/4828 4829/4923/4827 4729/4821/4727
f 4731/4823/4729 4831/4925/4829 4830/4924/4828 4730/4822/4728
f 4732/4824/4730 4832/4926/4830 4831/4925/4829 4731/4823/4729
f 4733/4825/4731 4833/4927/4831 4832/4926/4830 4732/4824/4730
f 4734/4826/4732 4834/4928/4832 4833/4927/4831 4733/4825/4731
f 4735/4827/4733 4835/4929/4833 4834/4928/4832 4734/4826/4732
f 4736/4828/4734 4836/4930/4834 4835/4929/4833 4735/4827/4733
f 4737/4829/4735 4837/4931/4835 4836/4930/4834 4736/4828/4734
f 4738/4830/4736 4838/4932/4836 4837/4931/4835 4737/4829/4735
f 4739/4831/4737 4839/4933/4837 4838/4932/4836 4738/4830/4736
f 4740/4832/4738 4840/4934/4838 4839/4933/4837 4739/4831/4737
f 4741/4833/4739 4841/4935/4839 4840/4934/4838 4740/4832/4738
f 4742/4834/4740 4842/4936/4840 4841/4935/4839 4741/4833/4739
f 4743/4835/4741 4843/4937/4841 4842/4936/4840 4742/4834/4740
f 4744/4836/4742 4844/4938/4842 4843/4937/4841 4743/4835/4741
f 4745/4837/4743 4845/4939/4843 4844/4938/4842 4744/4836/4742
f 4746/4838/4744 4846/4940/4844 4845/4939/4843 4745/4837/4743
f 4747/4839/4745 4847/4941/4845 4846/4940/4844 4746/4838/4744
f 4748/4840/4746 4848/4942/4846 4847/4941/4845 4747/4839/4745
f 4749/4841/4747 4849/4943/4847 4848/4942/4846 4748/4840/4746
f 4750/4842/4748 4850/4944/4848 4849/4943/4847 4749/4841/4747
f 4751/4843/4749 4851/4945/4849 4850/4944/4848 4750/4842/4748
f 4752/4844/4750 4852/4946/4850 4851/4945/4849 4751/4843/4749
f 4753/4845/4751 4853/4947/4851 4852/4946/4850 4752/4844/4750
f 4754/4847/4752 4854/4949/4852 4853/4948/4851 4753/4846/4751
f 4755/4848/4753 4855/4950/4853 4854/4949/4852 4754/4847/4752
f 4756/4849/4754 4856/4951/4854 4855/4950/4853 4755/4848/4753
f 4757/4850/4755 4857/4952/4855 4856/4951/4854 4756/4849/4754
f 4758/4851/4756 4858/4953/4856 4857/4952/4855 4757/4850/4755
f 4759/4852/4757 4859/4954/4857 4858/4953/4856 4758/4851/4756
f 4760/4853/4758 4860/4955/4858 4859/4954/4857 4759/4852/4757
f 4761/4854/4759 4861/4956/4859 4860/4955/4858 4760/4853/4758
f 4762/4855/4760 4862/4957/4860 4861/4956/4859 4761/4854/4759
f 4763/4856/4761 4863/4958/4861 4862/4957/4860 4762/4855/4760
f 4764/4857/4762 4864/4959/4862 4863/4958/4861 4763/4856/4761
f 4765/4858/4763 4865/4960/4863 4864/4959/4862 4764/4857/4762
f 4766/4859/4764 4866/4961/4864 4865/4960/4863 4765/4858/4763
f 4767/4860/4765 4867/4962/4865 4866/4961/4864 4766/4859/4764
f 4768/4861/4766 4868/4963/4866 4867/4962/4865 4767/4860/4765
f 4769/4862/4767 4869/4964/4867 4868/4963/4866 4768/4861/4766
f 4770/4863/4768 4870/4965/4868 4869/4964/4867 4769/4862/4767
f 4771/4864/4769 4871/4966/4869 4870/4965/4868 4770/4863/4768
f 4772/4865/4770 4872/4967/4870 4871/4966/4869 4771/4864/4769
f 4773/4866/4771 4873/4968/4871 4872/4967/4870 4772/4865/4770
f 4774/4867/4772 4874/4969/4872 4873/4968/4871 4773/4866/4771
f 4775/4868/4773 4875/4970/4873 4874/4969/4872 4774/4867/4772
f 4776/4869/4774 4876/4971/4874 4875/4970/4873 4775/4868/4773
f 4777/4870/4775 4877/4972/4875 4876/4971/4874 4776/4869/4774
f 4778/4871/4776 4878/4973/4876 4877/4972/4875 4777/4870/4775
f 4779/4872/4777 4879/4974/4877 4878/4973/4876 4778/4871/4776
f 4780/4873/4778 4880/4975/4878 4879/4974/4877 4779/4872/4777
f 4781/4874/4779 4881/4976/4879 4880/4975/4878 4780/4873/4778
f 4782/4875/4780 4882/4977/4880 4881/4976/4879 4781/4874/4779
f 4783/4876/4781 4883/4978/4881 4882/4977/4880 4782/4875/4780
f 4784/4877/4782 4884/4979/4882 4883/4978/4881 4783/4876/4781
f 4785/4878/4783 4885/4980/4883 4884/4979/4882 4784/4877/4782
f 4786/4879/4784 4886/4981/4884 4885/4980/4883 4785/4878/4783
f 4787/4880/4785 4887/4982/4885 4886/4981/4884 4786/4879/4784
f 4788/4881/4786 4888/4983/4886 4887/4982/4885 4787/4880/4785
f 4789/4882/4787 4889/4984/4887 4888/4983/4886 4788/4881/4786
f 4790/4883/4788 4890/4985/4888 4889/4984/4887 4789/4882/4787
f 4791/4884/4789 4891/4986/4889 4890/4985/4888 4790/4883/4788
f 4792/4885/4790 4892/4987/4890 4891/4986/4889 4791/4884/4789
f 4793/4886/4791 4893/4988/4891 4892/4987/4890 4792/4885/4790
f 4794/4887/4792 4894/4989/4892 4893/4988/4891 4793/4886/4791
f 4795/4888/4793 4895/4990/4893 4894/4989/4892 4794/4887/4792
f 4796/4889/4794 4896/4991/4894 4895/4990/4893 4795/4888/4793
f 4797/4890/4795 4897/4992/4895 4896/4991/4894 4796/4889/4794
f 4798/4891/4796 4898/4993/4896 4897/4992/4895 4797/4890/4795
f 4799/4892/4797 4899/4994/4897 4898/4993/4896 4798/4891/4796
f 4800/4893/4798 4900/4995/4898 4899/4994/4897 4799/4892/4797
f 4801/4894/4799 4901/4996/4899 4900/4995/4898 4800/4893/4798
f 4802/4895/4800 4902/4997/4900 4901/4996/4899 4801/4894/4799
f 4703/4896/4701 4803/4998/4801 4902/4997/4900 4802/4895/4800
f 4/4/4 3/1/1 1/4999/4901
f 2/5000/4902 4803/4897/4801 4804/4898/4802
f 5/6/6 4/4/4 1/5001/4901
f 2/5002/4902 4804/4898/4802 4805/4899/4803
f 6/8/8 5/6/6 1/5003/4901
f 2/5004/4902 4805/4899/4803 4806/4900/4804
f 7/10/10 6/8/8 1/5005/4901
f 2/5006/4902 4806/4900/4804 4807/4901/4805
f 8/12/12 7/10/10 1/5007/4901
f 2/5008/4902 4807/4901/4805 4808/4902/4806
f 9/14/14 8/12/12 1/5009/4901
f 2/5010/4902 4808/4902/4806 4809/4903/4807
f 10/16/16 9/14/14 1/5011/4901
f 2/5012/4902 4809/4903/4807 4810/4904/4808
f 11/18/18 10/16/16 1/5013/4901
f 2/5014/4902 4810/4904/4808 4811/4905/4809
f 12/20/20 11/18/18 1/5015/4901
f 2/5016/4902 4811/4905/4809 4812/4906/4810
f 13/22/22 12/20/20 1/5017/4901
f 2/5018/4902 4812/4906/4810 4813/4907/4811
f 14/24/24 13/22/22 1/5019/4901
f 2/5020/4902 4813/4907/4811 4814/4908/4812
f 15/26/26 14/24/24 1/5021/4901
f 2/5022/4902 4814/4908/4812 4815/4909/4813
f 16/28/28 15/26/26 1/5023/4901
f 2/5024/4902 4815/4909/4813 4816/4910/4814
f 17/30/30 16/28/28 1/5025/4901
f 2/5026/4902 4816/4910/4814 4817/4911/4815
f 18/32/32 17/30/30 1/5027/4901
f 2/5028/4902 4817/4911/4815 4818/4912/4816
f 19/34/34 18/32/32 1/5029/4901
f 2/5030/4902 4818/4912/4816 4819/4913/4817
f 20/36/36 19/34/34 1/5031/4901
f 2/5032/4902 4819/4913/4817 4820/4914/4818
f 21/38/38 20/36/36 1/5033/4901
f 2/5034/4902 4820/4914/4818 4821/4915/4819
f 22/40/40 21/38/38 1/5035/4901
f 2/5036/4902 4821/4915/4819 4822/4916/4820
f 23/42/42 22/40/40 1/5037/4901
f 2/5038/4902 4822/4916/4820 4823/4917/4821
f 24/44/44 23/42/42 1/5039/4901
f 2/5040/4902 4823/4917/4821 4824/4918/4822
f 25/46/46 24/44/44 1/5041/4901
f 2/5042/4902 4824/4918/4822 4825/4919/4823
f 26/48/48 25/46/46 1/5043/4901
f 2/5044/4902 4825/4919/4823 4826/4920/4824
f 27/50/50 26/48/48 1/5045/4901
f 2/5046/4902 4826/4920/4824 4827/4921/4825
f 28/52/52 27/50/50 1/5047/4901
f 2/5048/4902 4827/4921/4825 4828/4922/4826
f 29/54/54 28/52/52 1/5049/4901
f 2/5050/4902 4828/4922/4826 4829/4923/4827
f 30/56/56 29/54/54 1/5051/4901
f 2/5052/4902 4829/4923/4827 4830/4924/4828
f 31/58/58 30/56/56 1/5053/4901
f 2/5054/4902 4830/4924/4828 4831/4925/4829
f 32/60/60 31/58/58 1/5055/4901
f 2/5056/4902 4831/4925/4829 4832/4926/4830
f 33/62/62 32/60/60 1/5057/4901
f 2/5058/4902 4832/4926/4830 4833/4927/4831
f 34/64/64 33/62/62 1/5059/4901
f 2/5060/4902 4833/4927/4831 4834/4928/4832
f 35/66/66 34/64/64 1/5061/4901
f 2/5062/4902 4834/4928/4832 4835/4929/4833
f 36/68/68 35/66/66 1/5063/4901
f 2/5064/4902 4835/4929/4833 4836/4930/4834
f 37/70/70 36/68/68 1/5065/4901
f 2/5066/4902 4836/4930/4834 4837/4931/4835
f 38/72/72 37/70/70 1/5067/4901
f 2/5068/4902 4837/4931/4835 4838/4932/4836
f 39/74/74 38/72/72 1/5069/4901
f 2/5070/4902 4838/4932/4836 4839/4933/4837
f 40/76/76 39/74/74 1/5071/4901
f 2/5072/4902 4839/4933/4837 4840/4934/4838
f 41/78/78 40/76/76 1/5073/4901
f 2/5074/4902 4840/4934/4838 4841/4935/4839
f 42/80/80 41/78/78 1/5075/4901
f 2/5076/4902 4841/4935/4839 4842/4936/4840
f 43/82/82 42/80/80 1/5077/4901
f 2/5078/4902 4842/4936/4840 4843/4937/4841
f 44/84/84 43/82/82 1/5079/4901
f 2/5080/4902 4843/4937/4841 4844/4938/4842
f 45/86/86 44/84/84 1/5081/4901
f 2/5082/4902 4844/4938/4842 4845/4939/4843
f 46/88/88 45/86/86 1/5083/4901
f 2/5084/4902 4845/4939/4843 4846/4940/4844
f 47/90/90 46/88/88 1/5085/4901
f 2/5086/4902 4846/4940/4844 4847/4941/4845
f 48/92/92 47/90/90 1/5087/4901
f 2/5088/4902 4847/4941/4845 4848/4942/4846
f 49/94/94 48/92/92 1/5089/4901
f 2/5090/4902 4848/4942/4846 4849/4943/4847
f 50/96/96 49/94/94 1/5091/4901
f 2/5092/4902 4849/4943/4847 4850/4944/4848
f 51/98/98 50/96/96 1/5093/4901
f 2/5094/4902 4850/4944/4848 4851/4945/4849
f 52/100/100 51/98/98 1/5095/4901
f 2/5096/4902 4851/4945/4849 4852/4946/4850
f 53/102/102 52/100/100 1/5097/4901
f 2/5098/4902 4852/4946/4850 4853/4947/4851
f 54/106/104 53/103/102 1/5099/4901
f 2/5100/4902 4853/4948/4851 4854/4949/4852
f 55/108/106 54/106/104 1/5101/4901
f 2/5102/4902 4854/4949/4852 4855/4950/4853
f 56/110/108 55/108/106 1/5103/4901
f 2/5104/4902 4855/4950/4853 4856/4951/4854
f 57/112/110 56/110/108 1/5105/4901
f 2/5106/4902 4856/4951/4854 4857/4952/4855
f 58/114/112 57/112/110 1/5107/4901
f 2/5108/4902 4857/4952/4855 4858/4953/4856
f 59/116/114 58/114/112 1/5109/4901
f 2/5110/4902 4858/4953/4856 4859/4954/4857
f 60/118/116 59/116/114 1/5111/4901
f 2/5112/4902 4859/4954/4857 4860/4955/4858
f 61/120/118 60/118/116 1/5113/4901
f 2/5114/4902 4860/4955/4858 4861/4956/4859
f 62/122/120 61/120/118 1/5115/4901
f 2/5116/4902 4861/4956/4859 4862/4957/4860
f 63/124/122 62/122/120 1/5117/4901
f 2/5118/4902 4862/4957/4860 4863/4958/4861
f 64/126/124 63/124/122 1/5119/4901
f 2/5120/4902 4863/4958/4861 4864/4959/4862
f 65/128/126 64/126/124 1/5121/4901
f 2/5122/4902 4864/4959/4862 4865/4960/4863
f 66/130/128 65/128/126 1/5123/4901
f 2/5124/4902 4865/4960/4863 4866/4961/4864
f 67/132/130 66/130/128 1/5125/4901
f 2/5126/4902 4866/4961/4864 4867/4962/4865
f 68/134/132 67/132/130 1/5127/4901
f 2/5128/4902 4867/4962/4865 4868/4963/4866
f 69/136/134 68/134/132 1/5129/4901
f 2/5130/4902 4868/4963/4866 4869/4964/4867
f 70/138/136 69/136/134 1/5131/4901
f 2/5132/4902 4869/4964/4867 4870/4965/4868
f 71/140/138 70/138/136 1/5133/4901
f 2/5134/4902 4870/4965/4868 4871/4966/4869
f 72/142/140 71/140/138 1/5135/4901
f 2/5136/4902 4871/4966/4869 4872/4967/4870
f 73/144/142 72/142/140 1/5137/4901
f 2/5138/4902 4872/4967/4870 4873/4968/4871
f 74/146/144 73/144/142 1/5139/4901
f 2/5140/4902 4873/4968/4871 4874/4969/4872
f 75/148/146 74/146/144 1/5141/4901
f 2/5142/4902 4874/4969/4872 4875/4970/4873
f 76/150/148 75/148/146 1/5143/4901
f 2/5144/4902 4875/4970/4873 4876/4971/4874
f 77/152/150 76/150/148 1/5145/4901
f 2/5146/4902 4876/4971/4874 4877/4972/4875
f 78/154/152 77/152/150 1/5147/4901
f 2/5148/4902 4877/4972/4875 4878/4973/4876
f 79/156/154 78/154/152 1/5149/4901
f 2/5150/4902 4878/4973/4876 4879/4974/4877
f 80/158/156 79/156/154 1/5151/4901
f 2/5152/4902 4879/4974/4877 4880/4975/4878
f 81/160/158 80/158/156 1/5153/4901
f 2/5154/4902 4880/4975/4878 4881/4976/4879
f 82/162/160 81/160/158 1/5155/4901
f 2/5156/4902 4881/4976/4879 4882/4977/4880
f 83/164/162 82/162/160 1/5157/4901
f 2/5158/4902 4882/4977/4880 4883/4978/4881
f 84/166/164 83/164/162 1/5159/4901
f 2/5160/4902 4883/4978/4881 4884/4979/4882
f 85/168/166 84/166/164 1/5161/4901
f 2/5162/4902 4884/4979/4882 4885/4980/4883
f 86/170/168 85/168/166 1/5163/4901
f 2/5164/4902 4885/4980/4883 4886/4981/4884
f 87/172/170 86/170/168 1/5165/4901
f 2/5166/4902 4886/4981/4884 4887/4982/4885
f 88/174/172 87/172/170 1/5167/4901
f 2/5168/4902 4887/4982/4885 4888/4983/4886
f 89/176/174 88/174/172 1/5169/4901
f 2/5170/4902 4888/4983/4886 4889/4984/4887
f 90/178/176 89/176/174 1/5171/4901
f 2/5172/4902 4889/4984/4887 4890/4985/4888
f 91/180/178 90/178/176 1/5173/4901
f 2/5174/4902 4890/4985/4888 4891/4986/4889
f 92/182/180 91/180/178 1/5175/4901
f 2/5176/4902 4891/4986/4889 4892/4987/4890
f 93/184/182 92/182/180 1/5177/4901
f 2/5178/4902 4892/4987/4890 4893/4988/4891
f 94/186/184 93/184/182 1/5179/4901
f 2/5180/4902 4893/4988/4891 4894/4989/4892
f 95/188/186 94/186/184 1/5181/4901
f 2/5182/4902 4894/4989/4892 4895/4990/4893
f 96/190/188 95/188/186 1/5183/4901
f 2/5184/4902 4895/4990/4893 4896/4991/4894
f 97/192/190 96/190/188 1/5185/4901
f 2/5186/4902 4896/4991/4894 4897/4992/4895
f 98/194/192 97/192/190 1/5187/4901
f 2/5188/4902 4897/4992/4895 4898/4993/4896
f 99/196/194 98/194/192 1/5189/4901
f 2/5190/4902 4898/4993/4896 4899/4994/4897
f 100/198/196 99/196/194 1/5191/4901
f 2/5192/4902 4899/4994/4897 4900/4995/4898
f 101/200/198 100/198/196 1/5193/4901
f 2/5194/4902 4900/4995/4898 4901/4996/4899
f 102/202/200 101/200/198 1/5195/4901
f 2/5196/4902 4901/4996/4899 4902/4997/4900
f 3/204/1 102/202/200 1/5197/4901
f 2/5198/4902 4902/4997/4900 4803/4998/4801

