# WaveFront *.obj file (generated by Cinema 4D)

v 0.000000 0.525731 0.850651
v 0.000000 -0.525731 0.850651
v 0.850651 0.000000 0.525731
v 0.850651 0.000000 -0.525731
v 0.000000 0.525731 -0.850651
v 0.000000 -0.525731 -0.850651
v -0.850651 0.000000 -0.525731
v -0.850651 0.000000 0.525731
v 0.525731 0.850651 0.000000
v -0.525731 0.850651 0.000000
v -0.525731 -0.850651 0.000000
v 0.525731 -0.850651 0.000000
v 0.486094 0.873907 0.000000
v 0.443213 0.896416 0.000000
v 0.397059 0.917793 0.000000
v 0.347685 0.937611 0.000000
v 0.295242 0.955423 0.000000
v 0.239989 0.970776 0.000000
v 0.182303 0.983242 0.000000
v 0.122673 0.992447 0.000000
v 0.061686 0.998096 0.000000
v -0.000000 1.000000 0.000000
v -0.061686 0.998096 0.000000
v -0.122673 0.992447 0.000000
v -0.182303 0.983242 0.000000
v -0.239989 0.970776 0.000000
v -0.295242 0.955423 0.000000
v -0.347685 0.937611 0.000000
v -0.397059 0.917793 0.000000
v -0.443213 0.896416 0.000000
v -0.486094 0.873907 0.000000
v 0.027005 0.556794 0.830211
v 0.055402 0.588256 0.806775
v 0.085084 0.619812 0.780124
v 0.115895 0.651103 0.750089
v 0.147621 0.681718 0.716567
v 0.179992 0.711213 0.679543
v 0.212687 0.739125 0.639108
v 0.245346 0.764998 0.595468
v 0.277586 0.788414 0.548953
v 0.309017 0.809017 0.500000
v 0.339271 0.826538 0.449143
v 0.368020 0.840815 0.396979
v 0.394990 0.851795 0.344135
v 0.419981 0.859535 0.291233
v 0.442863 0.864188 0.238856
v 0.463581 0.865984 0.187522
v 0.482143 0.865208 0.137669
v 0.498614 0.862176 0.089642
v 0.513099 0.857217 0.043695
v -0.027005 0.556794 0.830211
v -0.055402 0.588256 0.806775
v -0.085084 0.619812 0.780124
v -0.115895 0.651103 0.750089
v -0.147621 0.681718 0.716567
v -0.179992 0.711213 0.679543
v -0.212687 0.739125 0.639108
v -0.245346 0.764998 0.595468
v -0.277586 0.788414 0.548953
v -0.309017 0.809017 0.500000
v -0.339271 0.826538 0.449143
v -0.368020 0.840815 0.396979
v -0.394990 0.851795 0.344135
v -0.419981 0.859535 0.291233
v -0.442863 0.864188 0.238856
v -0.463581 0.865984 0.187522
v -0.482143 0.865208 0.137669
v -0.498614 0.862176 0.089642
v -0.513099 0.857217 0.043695
v 0.857217 0.043695 0.513099
v 0.862176 0.089642 0.498614
v 0.865208 0.137669 0.482143
v 0.865984 0.187522 0.463581
v 0.864188 0.238856 0.442863
v 0.859535 0.291233 0.419981
v 0.851795 0.344135 0.394990
v 0.840815 0.396979 0.368020
v 0.826538 0.449143 0.339271
v 0.809017 0.500000 0.309017
v 0.788414 0.548953 0.277586
v 0.764998 0.595468 0.245346
v 0.739125 0.639108 0.212687
v 0.711213 0.679543 0.179992
v 0.681718 0.716567 0.147621
v 0.651103 0.750089 0.115895
v 0.619812 0.780124 0.085084
v 0.588256 0.806775 0.055402
v 0.556794 0.830211 0.027005
v 0.043695 0.513099 0.857217
v 0.089642 0.498614 0.862176
v 0.137669 0.482143 0.865208
v 0.187522 0.463581 0.865984
v 0.238856 0.442863 0.864188
v 0.291233 0.419981 0.859535
v 0.344135 0.394990 0.851795
v 0.396979 0.368020 0.840815
v 0.449143 0.339271 0.826538
v 0.500000 0.309017 0.809017
v 0.548953 0.277586 0.788414
v 0.595468 0.245346 0.764998
v 0.639108 0.212687 0.739125
v 0.679543 0.179992 0.711213
v 0.716567 0.147621 0.681718
v 0.750089 0.115895 0.651103
v 0.780124 0.085084 0.619812
v 0.806775 0.055402 0.588256
v 0.830211 0.027005 0.556794
v 0.857217 0.043695 -0.513099
v 0.862176 0.089642 -0.498614
v 0.865208 0.137669 -0.482143
v 0.865984 0.187522 -0.463581
v 0.864188 0.238856 -0.442863
v 0.859535 0.291233 -0.419981
v 0.851795 0.344135 -0.394990
v 0.840815 0.396979 -0.368020
v 0.826538 0.449143 -0.339271
v 0.809017 0.500000 -0.309017
v 0.788414 0.548953 -0.277586
v 0.764998 0.595468 -0.245346
v 0.739125 0.639108 -0.212687
v 0.711213 0.679543 -0.179992
v 0.681718 0.716567 -0.147621
v 0.651103 0.750089 -0.115895
v 0.619812 0.780124 -0.085084
v 0.588256 0.806775 -0.055402
v 0.556794 0.830211 -0.027005
v 0.873907 0.000000 0.486094
v 0.896416 0.000000 0.443213
v 0.917793 0.000000 0.397059
v 0.937611 0.000000 0.347685
v 0.955423 0.000000 0.295242
v 0.970776 0.000000 0.239989
v 0.983242 0.000000 0.182303
v 0.992447 0.000000 0.122673
v 0.998096 0.000000 0.061686
v 1.000000 0.000000 -0.000000
v 0.998096 0.000000 -0.061686
v 0.992447 0.000000 -0.122673
v 0.983242 0.000000 -0.182303
v 0.970776 0.000000 -0.239989
v 0.955423 0.000000 -0.295242
v 0.937611 0.000000 -0.347685
v 0.917793 0.000000 -0.397059
v 0.896416 0.000000 -0.443213
v 0.873907 0.000000 -0.486094
v 0.027005 0.556794 -0.830211
v 0.055402 0.588256 -0.806775
v 0.085084 0.619812 -0.780124
v 0.115895 0.651103 -0.750089
v 0.147621 0.681718 -0.716567
v 0.179992 0.711213 -0.679543
v 0.212687 0.739125 -0.639108
v 0.245346 0.764998 -0.595468
v 0.277586 0.788414 -0.548953
v 0.309017 0.809017 -0.500000
v 0.339271 0.826538 -0.449143
v 0.368020 0.840815 -0.396979
v 0.394990 0.851795 -0.344135
v 0.419981 0.859535 -0.291233
v 0.442863 0.864188 -0.238856
v 0.463581 0.865984 -0.187522
v 0.482143 0.865208 -0.137669
v 0.498614 0.862176 -0.089642
v 0.513099 0.857217 -0.043695
v 0.830211 0.027005 -0.556794
v 0.806775 0.055402 -0.588256
v 0.780124 0.085084 -0.619812
v 0.750089 0.115895 -0.651103
v 0.716567 0.147621 -0.681718
v 0.679543 0.179992 -0.711213
v 0.639108 0.212687 -0.739125
v 0.595468 0.245346 -0.764998
v 0.548953 0.277586 -0.788414
v 0.500000 0.309017 -0.809017
v 0.449143 0.339271 -0.826538
v 0.396979 0.368020 -0.840815
v 0.344135 0.394990 -0.851795
v 0.291233 0.419981 -0.859535
v 0.238856 0.442863 -0.864188
v 0.187522 0.463581 -0.865984
v 0.137669 0.482143 -0.865208
v 0.089642 0.498614 -0.862176
v 0.043695 0.513099 -0.857217
v -0.027005 0.556794 -0.830211
v -0.055402 0.588256 -0.806775
v -0.085084 0.619812 -0.780124
v -0.115895 0.651103 -0.750089
v -0.147621 0.681718 -0.716567
v -0.179992 0.711213 -0.679543
v -0.212687 0.739125 -0.639108
v -0.245346 0.764998 -0.595468
v -0.277586 0.788414 -0.548953
v -0.309017 0.809017 -0.500000
v -0.339271 0.826538 -0.449143
v -0.368020 0.840815 -0.396979
v -0.394990 0.851795 -0.344135
v -0.419981 0.859535 -0.291233
v -0.442863 0.864188 -0.238856
v -0.463581 0.865984 -0.187522
v -0.482143 0.865208 -0.137669
v -0.498614 0.862176 -0.089642
v -0.513099 0.857217 -0.043695
v -0.857217 0.043695 -0.513099
v -0.862176 0.089642 -0.498614
v -0.865208 0.137669 -0.482143
v -0.865984 0.187522 -0.463581
v -0.864188 0.238856 -0.442863
v -0.859535 0.291233 -0.419981
v -0.851795 0.344135 -0.394990
v -0.840815 0.396979 -0.368020
v -0.826538 0.449143 -0.339271
v -0.809017 0.500000 -0.309017
v -0.788414 0.548953 -0.277586
v -0.764998 0.595468 -0.245346
v -0.739125 0.639108 -0.212687
v -0.711213 0.679543 -0.179992
v -0.681718 0.716567 -0.147621
v -0.651103 0.750089 -0.115895
v -0.619812 0.780124 -0.085084
v -0.588256 0.806775 -0.055402
v -0.556794 0.830211 -0.027005
v -0.043695 0.513099 -0.857217
v -0.089642 0.498614 -0.862176
v -0.137669 0.482143 -0.865208
v -0.187522 0.463581 -0.865984
v -0.238856 0.442863 -0.864188
v -0.291233 0.419981 -0.859535
v -0.344135 0.394990 -0.851795
v -0.396979 0.368020 -0.840815
v -0.449143 0.339271 -0.826538
v -0.500000 0.309017 -0.809017
v -0.548953 0.277586 -0.788414
v -0.595468 0.245346 -0.764998
v -0.639108 0.212687 -0.739125
v -0.679543 0.179992 -0.711213
v -0.716567 0.147621 -0.681718
v -0.750089 0.115895 -0.651103
v -0.780124 0.085084 -0.619812
v -0.806775 0.055402 -0.588256
v -0.830211 0.027005 -0.556794
v -0.857217 0.043695 0.513099
v -0.862176 0.089642 0.498614
v -0.865208 0.137669 0.482143
v -0.865984 0.187522 0.463581
v -0.864188 0.238856 0.442863
v -0.859535 0.291233 0.419981
v -0.851795 0.344135 0.394990
v -0.840815 0.396979 0.368020
v -0.826538 0.449143 0.339271
v -0.809017 0.500000 0.309017
v -0.788414 0.548953 0.277586
v -0.764998 0.595468 0.245346
v -0.739125 0.639108 0.212687
v -0.711213 0.679543 0.179992
v -0.681718 0.716567 0.147621
v -0.651103 0.750089 0.115895
v -0.619812 0.780124 0.085084
v -0.588256 0.806775 0.055402
v -0.556794 0.830211 0.027005
v -0.873907 0.000000 -0.486094
v -0.896416 0.000000 -0.443213
v -0.917793 0.000000 -0.397059
v -0.937611 0.000000 -0.347685
v -0.955423 0.000000 -0.295242
v -0.970776 0.000000 -0.239989
v -0.983242 0.000000 -0.182303
v -0.992447 0.000000 -0.122673
v -0.998096 0.000000 -0.061686
v -1.000000 0.000000 0.000000
v -0.998096 0.000000 0.061686
v -0.992447 0.000000 0.122673
v -0.983242 0.000000 0.182303
v -0.970776 0.000000 0.239989
v -0.955423 0.000000 0.295242
v -0.937611 0.000000 0.347685
v -0.917793 0.000000 0.397059
v -0.896416 0.000000 0.443213
v -0.873907 0.000000 0.486094
v -0.043695 0.513099 0.857217
v -0.089642 0.498614 0.862176
v -0.137669 0.482143 0.865208
v -0.187522 0.463581 0.865984
v -0.238856 0.442863 0.864188
v -0.291233 0.419981 0.859535
v -0.344135 0.394990 0.851795
v -0.396979 0.368020 0.840815
v -0.449143 0.339271 0.826538
v -0.500000 0.309017 0.809017
v -0.548953 0.277586 0.788414
v -0.595468 0.245346 0.764998
v -0.639108 0.212687 0.739125
v -0.679543 0.179992 0.711213
v -0.716567 0.147621 0.681718
v -0.750089 0.115895 0.651103
v -0.780124 0.085084 0.619812
v -0.806775 0.055402 0.588256
v -0.830211 0.027005 0.556794
v -0.486094 -0.873907 0.000000
v -0.443213 -0.896416 0.000000
v -0.397059 -0.917793 0.000000
v -0.347685 -0.937611 0.000000
v -0.295242 -0.955423 0.000000
v -0.239989 -0.970776 0.000000
v -0.182303 -0.983242 0.000000
v -0.122673 -0.992447 0.000000
v -0.061686 -0.998096 0.000000
v 0.000000 -1.000000 0.000000
v 0.061686 -0.998096 0.000000
v 0.122673 -0.992447 0.000000
v 0.182303 -0.983242 0.000000
v 0.239989 -0.970776 0.000000
v 0.295242 -0.955423 0.000000
v 0.347685 -0.937611 0.000000
v 0.397059 -0.917793 0.000000
v 0.443213 -0.896416 0.000000
v 0.486094 -0.873907 0.000000
v -0.027005 -0.556794 0.830211
v -0.055402 -0.588256 0.806775
v -0.085084 -0.619812 0.780124
v -0.115895 -0.651103 0.750089
v -0.147621 -0.681718 0.716567
v -0.179992 -0.711213 0.679543
v -0.212687 -0.739125 0.639108
v -0.245346 -0.764998 0.595468
v -0.277586 -0.788414 0.548953
v -0.309017 -0.809017 0.500000
v -0.339271 -0.826538 0.449143
v -0.368020 -0.840815 0.396979
v -0.394990 -0.851795 0.344135
v -0.419981 -0.859535 0.291233
v -0.442863 -0.864188 0.238856
v -0.463581 -0.865984 0.187522
v -0.482143 -0.865208 0.137669
v -0.498614 -0.862176 0.089642
v -0.513099 -0.857217 0.043695
v 0.027005 -0.556794 0.830211
v 0.055402 -0.588256 0.806775
v 0.085084 -0.619812 0.780124
v 0.115895 -0.651103 0.750089
v 0.147621 -0.681718 0.716567
v 0.179992 -0.711213 0.679543
v 0.212687 -0.739125 0.639108
v 0.245346 -0.764998 0.595468
v 0.277586 -0.788414 0.548953
v 0.309017 -0.809017 0.500000
v 0.339271 -0.826538 0.449143
v 0.368020 -0.840815 0.396979
v 0.394990 -0.851795 0.344135
v 0.419981 -0.859535 0.291233
v 0.442863 -0.864188 0.238856
v 0.463581 -0.865984 0.187522
v 0.482143 -0.865208 0.137669
v 0.498614 -0.862176 0.089642
v 0.513099 -0.857217 0.043695
v 0.857217 -0.043695 0.513099
v 0.862176 -0.089642 0.498614
v 0.865208 -0.137669 0.482143
v 0.865984 -0.187522 0.463581
v 0.864188 -0.238856 0.442863
v 0.859535 -0.291233 0.419981
v 0.851795 -0.344135 0.394990
v 0.840815 -0.396979 0.368020
v 0.826538 -0.449143 0.339271
v 0.809017 -0.500000 0.309017
v 0.788414 -0.548953 0.277586
v 0.764998 -0.595468 0.245346
v 0.739125 -0.639108 0.212687
v 0.711213 -0.679543 0.179992
v 0.681718 -0.716567 0.147621
v 0.651103 -0.750089 0.115895
v 0.619812 -0.780124 0.085084
v 0.588256 -0.806775 0.055402
v 0.556794 -0.830211 0.027005
v 0.043695 -0.513099 0.857217
v 0.089642 -0.498614 0.862176
v 0.137669 -0.482143 0.865208
v 0.187522 -0.463581 0.865984
v 0.238856 -0.442863 0.864188
v 0.291233 -0.419981 0.859535
v 0.344135 -0.394990 0.851795
v 0.396979 -0.368020 0.840815
v 0.449143 -0.339271 0.826538
v 0.500000 -0.309017 0.809017
v 0.548953 -0.277586 0.788414
v 0.595468 -0.245346 0.764998
v 0.639108 -0.212687 0.739125
v 0.679543 -0.179992 0.711213
v 0.716567 -0.147621 0.681718
v 0.750089 -0.115895 0.651103
v 0.780124 -0.085084 0.619812
v 0.806775 -0.055402 0.588256
v 0.830211 -0.027005 0.556794
v 0.857217 -0.043695 -0.513099
v 0.862176 -0.089642 -0.498614
v 0.865208 -0.137669 -0.482143
v 0.865984 -0.187522 -0.463581
v 0.864188 -0.238856 -0.442863
v 0.859535 -0.291233 -0.419981
v 0.851795 -0.344135 -0.394990
v 0.840815 -0.396979 -0.368020
v 0.826538 -0.449143 -0.339271
v 0.809017 -0.500000 -0.309017
v 0.788414 -0.548953 -0.277586
v 0.764998 -0.595468 -0.245346
v 0.739125 -0.639108 -0.212687
v 0.711213 -0.679543 -0.179992
v 0.681718 -0.716567 -0.147621
v 0.651103 -0.750089 -0.115895
v 0.619812 -0.780124 -0.085084
v 0.588256 -0.806775 -0.055402
v 0.556794 -0.830211 -0.027005
v 0.830211 -0.027005 -0.556794
v 0.806775 -0.055402 -0.588256
v 0.780124 -0.085084 -0.619812
v 0.750089 -0.115895 -0.651103
v 0.716567 -0.147621 -0.681718
v 0.679543 -0.179992 -0.711213
v 0.639108 -0.212687 -0.739125
v 0.595468 -0.245346 -0.764998
v 0.548953 -0.277586 -0.788414
v 0.500000 -0.309017 -0.809017
v 0.449143 -0.339271 -0.826538
v 0.396979 -0.368020 -0.840815
v 0.344135 -0.394990 -0.851795
v 0.291233 -0.419981 -0.859535
v 0.238856 -0.442863 -0.864188
v 0.187522 -0.463581 -0.865984
v 0.137669 -0.482143 -0.865208
v 0.089642 -0.498614 -0.862176
v 0.043695 -0.513099 -0.857217
v 0.027005 -0.556794 -0.830211
v 0.055402 -0.588256 -0.806775
v 0.085084 -0.619812 -0.780124
v 0.115895 -0.651103 -0.750089
v 0.147621 -0.681718 -0.716567
v 0.179992 -0.711213 -0.679543
v 0.212687 -0.739125 -0.639108
v 0.245346 -0.764998 -0.595468
v 0.277586 -0.788414 -0.548953
v 0.309017 -0.809017 -0.500000
v 0.339271 -0.826538 -0.449143
v 0.368020 -0.840815 -0.396979
v 0.394990 -0.851795 -0.344135
v 0.419981 -0.859535 -0.291233
v 0.442863 -0.864188 -0.238856
v 0.463581 -0.865984 -0.187522
v 0.482143 -0.865208 -0.137669
v 0.498614 -0.862176 -0.089642
v 0.513099 -0.857217 -0.043695
v -0.027005 -0.556794 -0.830211
v -0.055402 -0.588256 -0.806775
v -0.085084 -0.619812 -0.780124
v -0.115895 -0.651103 -0.750089
v -0.147621 -0.681718 -0.716567
v -0.179992 -0.711213 -0.679543
v -0.212687 -0.739125 -0.639108
v -0.245346 -0.764998 -0.595468
v -0.277586 -0.788414 -0.548953
v -0.309017 -0.809017 -0.500000
v -0.339271 -0.826538 -0.449143
v -0.368020 -0.840815 -0.396979
v -0.394990 -0.851795 -0.344135
v -0.419981 -0.859535 -0.291233
v -0.442863 -0.864188 -0.238856
v -0.463581 -0.865984 -0.187522
v -0.482143 -0.865208 -0.137669
v -0.498614 -0.862176 -0.089642
v -0.513099 -0.857217 -0.043695
v -0.043695 -0.513099 -0.857217
v -0.089642 -0.498614 -0.862176
v -0.137669 -0.482143 -0.865208
v -0.187522 -0.463581 -0.865984
v -0.238856 -0.442863 -0.864188
v -0.291233 -0.419981 -0.859535
v -0.344135 -0.394990 -0.851795
v -0.396979 -0.368020 -0.840815
v -0.449143 -0.339271 -0.826538
v -0.500000 -0.309017 -0.809017
v -0.548953 -0.277586 -0.788414
v -0.595468 -0.245346 -0.764998
v -0.639108 -0.212687 -0.739125
v -0.679543 -0.179992 -0.711213
v -0.716567 -0.147621 -0.681718
v -0.750089 -0.115895 -0.651103
v -0.780124 -0.085084 -0.619812
v -0.806775 -0.055402 -0.588256
v -0.830211 -0.027005 -0.556794
v -0.857217 -0.043695 -0.513099
v -0.862176 -0.089642 -0.498614
v -0.865208 -0.137669 -0.482143
v -0.865984 -0.187522 -0.463581
v -0.864188 -0.238856 -0.442863
v -0.859535 -0.291233 -0.419981
v -0.851795 -0.344135 -0.394990
v -0.840815 -0.396979 -0.368020
v -0.826538 -0.449143 -0.339271
v -0.809017 -0.500000 -0.309017
v -0.788414 -0.548953 -0.277586
v -0.764998 -0.595468 -0.245346
v -0.739125 -0.639108 -0.212687
v -0.711213 -0.679543 -0.179992
v -0.681718 -0.716567 -0.147621
v -0.651103 -0.750089 -0.115895
v -0.619812 -0.780124 -0.085084
v -0.588256 -0.806775 -0.055402
v -0.556794 -0.830211 -0.027005
v -0.857217 -0.043695 0.513099
v -0.862176 -0.089642 0.498614
v -0.865208 -0.137669 0.482143
v -0.865984 -0.187522 0.463581
v -0.864188 -0.238856 0.442863
v -0.859535 -0.291233 0.419981
v -0.851795 -0.344135 0.394990
v -0.840815 -0.396979 0.368020
v -0.826538 -0.449143 0.339271
v -0.809017 -0.500000 0.309017
v -0.788414 -0.548953 0.277586
v -0.764998 -0.595468 0.245346
v -0.739125 -0.639108 0.212687
v -0.711213 -0.679543 0.179992
v -0.681718 -0.716567 0.147621
v -0.651103 -0.750089 0.115895
v -0.619812 -0.780124 0.085084
v -0.588256 -0.806775 0.055402
v -0.556794 -0.830211 0.027005
v -0.043695 -0.513099 0.857217
v -0.089642 -0.498614 0.862176
v -0.137669 -0.482143 0.865208
v -0.187522 -0.463581 0.865984
v -0.238856 -0.442863 0.864188
v -0.291233 -0.419981 0.859535
v -0.344135 -0.394990 0.851795
v -0.396979 -0.368020 0.840815
v -0.449143 -0.339271 0.826538
v -0.500000 -0.309017 0.809017
v -0.548953 -0.277586 0.788414
v -0.595468 -0.245346 0.764998
v -0.639108 -0.212687 0.739125
v -0.679543 -0.179992 0.711213
v -0.716567 -0.147621 0.681718
v -0.750089 -0.115895 0.651103
v -0.780124 -0.085084 0.619812
v -0.806775 -0.055402 0.588256
v -0.830211 -0.027005 0.556794
v 0.000000 0.486094 0.873907
v 0.000000 0.443213 0.896416
v 0.000000 0.397059 0.917793
v 0.000000 0.347685 0.937611
v 0.000000 0.295242 0.955423
v 0.000000 0.239989 0.970776
v 0.000000 0.182303 0.983242
v 0.000000 0.122673 0.992447
v 0.000000 0.061686 0.998096
v 0.000000 -0.000000 1.000000
v 0.000000 -0.061686 0.998096
v 0.000000 -0.122673 0.992447
v 0.000000 -0.182303 0.983242
v 0.000000 -0.239989 0.970776
v 0.000000 -0.295242 0.955423
v 0.000000 -0.347685 0.937611
v 0.000000 -0.397059 0.917793
v 0.000000 -0.443213 0.896416
v 0.000000 -0.486094 0.873907
v 0.000000 0.486094 -0.873907
v 0.000000 0.443213 -0.896416
v 0.000000 0.397059 -0.917793
v 0.000000 0.347685 -0.937611
v 0.000000 0.295242 -0.955423
v 0.000000 0.239989 -0.970776
v 0.000000 0.182303 -0.983242
v 0.000000 0.122673 -0.992447
v 0.000000 0.061686 -0.998096
v 0.000000 -0.000000 -1.000000
v 0.000000 -0.061686 -0.998096
v 0.000000 -0.122673 -0.992447
v 0.000000 -0.182303 -0.983242
v 0.000000 -0.239989 -0.970776
v 0.000000 -0.295242 -0.955423
v 0.000000 -0.347685 -0.937611
v 0.000000 -0.397059 -0.917793
v 0.000000 -0.443213 -0.896416
v 0.000000 -0.486094 -0.873907
v -0.471638 0.880649 0.044890
v -0.426796 0.903175 0.046038
v -0.455249 0.885590 0.092076
v -0.378571 0.924372 0.047118
v -0.408385 0.907916 0.094397
v -0.436812 0.888377 0.141355
v -0.327055 0.943780 0.048108
v -0.358055 0.928694 0.096558
v -0.387893 0.910253 0.144836
v -0.416251 0.888653 0.192431
v -0.272451 0.960922 0.048982
v -0.304401 0.947437 0.098506
v -0.335464 0.930349 0.148034
v -0.365281 0.909811 0.197013
v -0.393540 0.886085 0.244908
v -0.215083 0.975329 0.049716
v -0.247687 0.963646 0.100192
v -0.279723 0.948153 0.150867
v -0.310803 0.928945 0.201156
v -0.340570 0.906241 0.250479
v -0.368714 0.880380 0.298296
v -0.155401 0.986571 0.050289
v -0.188310 0.976844 0.101564
v -0.221005 0.963156 0.153254
v -0.253082 0.945531 0.204747
v -0.284149 0.924131 0.255424
v -0.313849 0.899256 0.304691
v -0.341883 0.871318 0.352023
v -0.093970 0.994284 0.050682
v -0.126795 0.986611 0.102579
v -0.159783 0.974888 0.155121
v -0.192528 0.959064 0.207678
v -0.224616 0.939232 0.259597
v -0.255653 0.915637 0.310242
v -0.285289 0.888656 0.359027
v -0.313233 0.858772 0.405457
v -0.031447 0.998209 0.050882
v -0.063783 0.992613 0.103203
v -0.096663 0.982952 0.156404
v -0.129694 0.969094 0.209850
v -0.162460 0.951057 0.262866
v -0.194541 0.929016 0.314775
v -0.225547 0.903297 0.364942
v -0.255133 0.874353 0.412813
v -0.283023 0.842727 0.457940
v 0.031447 0.998209 0.050882
v -0.000000 0.994638 0.103414
v -0.032356 0.987059 0.157057
v -0.065260 0.975265 0.211186
v -0.098310 0.959192 0.265114
v -0.131080 0.938939 0.318137
v -0.163150 0.914765 0.369576
v -0.194134 0.887075 0.418820
v -0.223697 0.856386 0.465363
v -0.251576 0.823292 0.508822
v 0.093970 0.994284 0.050682
v 0.063783 0.992613 0.103203
v 0.032356 0.987059 0.157057
v -0.000000 0.977348 0.211637
v -0.032912 0.963339 0.266260
v -0.065966 0.945048 0.320207
v -0.098735 0.922658 0.372765
v -0.130799 0.896510 0.423275
v -0.161778 0.867078 0.471172
v -0.191349 0.834932 0.516017
v -0.219263 0.800696 0.557504
v 0.155401 0.986571 0.050289
v 0.126795 0.986611 0.102579
v 0.096663 0.982952 0.156404
v 0.065260 0.975265 0.211186
v 0.032912 0.963339 0.266260
v 0.000000 0.947111 0.320906
v -0.033055 0.926682 0.374390
v -0.065823 0.902318 0.426017
v -0.097890 0.874432 0.475169
v -0.128884 0.843556 0.521346
v -0.158494 0.810293 0.564186
v -0.186482 0.775275 0.603468
v 0.215083 0.975329 0.049716
v 0.188310 0.976844 0.101564
v 0.159783 0.974888 0.155121
v 0.129694 0.969094 0.209850
v 0.098310 0.959192 0.265114
v 0.065966 0.945048 0.320207
v 0.033055 0.926682 0.374390
v 0.000000 0.904279 0.426943
v -0.032770 0.878180 0.477206
v -0.064847 0.848860 0.524625
v -0.095870 0.816886 0.568776
v -0.125540 0.782874 0.609383
v -0.153631 0.747452 0.646308
v 0.272451 0.960922 0.048982
v 0.247687 0.963646 0.100192
v 0.221005 0.963156 0.153254
v 0.192528 0.959064 0.207678
v 0.162460 0.951057 0.262866
v 0.131080 0.938939 0.318137
v 0.098735 0.922658 0.372765
v 0.065823 0.902318 0.426017
v 0.032770 0.878180 0.477206
v 0.000000 0.850651 0.525731
v -0.032088 0.820243 0.571114
v -0.063144 0.787543 0.613017
v -0.092883 0.753162 0.651245
v -0.121089 0.717701 0.685742
v 0.327055 0.943780 0.048108
v 0.304401 0.947437 0.098506
v 0.279723 0.948153 0.150867
v 0.253082 0.945531 0.204747
v 0.224616 0.939232 0.259597
v 0.194541 0.929016 0.314775
v 0.163150 0.914765 0.369576
v 0.130799 0.896510 0.423275
v 0.097890 0.874432 0.475169
v 0.064847 0.848860 0.524625
v 0.032088 0.820243 0.571114
v 0.000000 0.789117 0.614242
v -0.031080 0.756066 0.653756
v -0.060880 0.721680 0.689544
v -0.089197 0.686523 0.721617
v 0.378571 0.924372 0.047118
v 0.358055 0.928694 0.096558
v 0.335464 0.930349 0.148034
v 0.310803 0.928945 0.201156
v 0.284149 0.924131 0.255424
v 0.255653 0.915637 0.310242
v 0.225547 0.903297 0.364942
v 0.194134 0.887075 0.418820
v 0.161778 0.867078 0.471172
v 0.128884 0.843556 0.521346
v 0.095870 0.816886 0.568776
v 0.063144 0.787543 0.613017
v 0.031080 0.756066 0.653756
v 0.000000 0.723022 0.690825
v -0.029838 0.688963 0.724182
v -0.058242 0.654407 0.753896
v 0.426796 0.903175 0.046038
v 0.408385 0.907916 0.094397
v 0.387893 0.910253 0.144836
v 0.365281 0.909811 0.197013
v 0.340570 0.906241 0.250479
v 0.313849 0.899256 0.304691
v 0.285289 0.888656 0.359027
v 0.255133 0.874353 0.412813
v 0.223697 0.856386 0.465363
v 0.191349 0.834932 0.516017
v 0.158494 0.810293 0.564186
v 0.125540 0.782874 0.609383
v 0.092883 0.753162 0.651245
v 0.060880 0.721680 0.689544
v 0.029838 0.688963 0.724182
v 0.000000 0.655520 0.755178
v -0.028453 0.621816 0.782646
v 0.471638 0.880649 0.044890
v 0.455249 0.885590 0.092076
v 0.436812 0.888377 0.141355
v 0.416251 0.888653 0.192431
v 0.393540 0.886085 0.244908
v 0.368714 0.880380 0.298296
v 0.341883 0.871318 0.352023
v 0.313233 0.858772 0.405457
v 0.283023 0.842727 0.457940
v 0.251576 0.823292 0.508822
v 0.219263 0.800696 0.557504
v 0.186482 0.775275 0.603468
v 0.153631 0.747452 0.646308
v 0.121089 0.717701 0.685742
v 0.089197 0.686523 0.721617
v 0.058242 0.654407 0.753896
v 0.028453 0.621816 0.782646
v 0.000000 0.589161 0.808016
v 0.544271 0.835759 0.072633
v 0.575778 0.811099 0.102944
v 0.529740 0.839552 0.120529
v 0.607289 0.783017 0.134481
v 0.561123 0.813519 0.152738
v 0.513052 0.841258 0.170476
v 0.638415 0.751349 0.167037
v 0.592405 0.783858 0.186071
v 0.544127 0.813696 0.204512
v 0.494091 0.840546 0.222163
v 0.668720 0.716014 0.200343
v 0.623174 0.750424 0.220267
v 0.574988 0.782315 0.239524
v 0.524668 0.811304 0.257893
v 0.472793 0.837103 0.275180
v 0.697736 0.677034 0.234073
v 0.652970 0.713167 0.254996
v 0.605200 0.746997 0.275188
v 0.554911 0.778078 0.294397
v 0.502683 0.806049 0.312401
v 0.449156 0.830664 0.329022
v 0.724986 0.634548 0.267851
v 0.681311 0.672153 0.289873
v 0.634289 0.707733 0.311115
v 0.584370 0.740783 0.331288
v 0.532119 0.770877 0.350140
v 0.478183 0.797692 0.367461
v 0.423252 0.821030 0.383103
v 0.750013 0.588827 0.301268
v 0.707713 0.627583 0.324470
v 0.661765 0.664646 0.346861
v 0.612565 0.699466 0.368118
v 0.560646 0.731554 0.387949
v 0.506644 0.760516 0.406112
v 0.451265 0.786077 0.422425
v 0.395238 0.808090 0.436780
v 0.772410 0.540269 0.333905
v 0.731729 0.579800 0.358336
v 0.687152 0.618009 0.381951
v 0.639011 0.654319 0.404391
v 0.587785 0.688191 0.425325
v 0.534086 0.719166 0.444469
v 0.478614 0.746893 0.461605
v 0.422119 0.771149 0.476596
v 0.365352 0.791845 0.489387
v 0.791845 0.489387 0.365352
v 0.752972 0.529276 0.391024
v 0.710021 0.568239 0.415902
v 0.663246 0.605689 0.439597
v 0.613066 0.641055 0.461734
v 0.560043 0.673825 0.481987
v 0.504857 0.703579 0.500096
v 0.448258 0.730017 0.515887
v 0.391024 0.752972 0.529276
v 0.333905 0.772410 0.540269
v 0.808090 0.436780 0.395238
v 0.771149 0.476596 0.422119
v 0.730017 0.515887 0.448258
v 0.684873 0.554074 0.473235
v 0.636057 0.590575 0.496642
v 0.584072 0.624841 0.518106
v 0.529553 0.656398 0.537322
v 0.473235 0.684873 0.554074
v 0.415902 0.710021 0.568239
v 0.358336 0.731729 0.579800
v 0.301268 0.750013 0.588827
v 0.821030 0.383103 0.423252
v 0.786077 0.422425 0.451265
v 0.746893 0.461605 0.478614
v 0.703579 0.500096 0.504857
v 0.656398 0.537322 0.529553
v 0.605776 0.572721 0.552292
v 0.552292 0.605776 0.572721
v 0.496642 0.636057 0.590575
v 0.439597 0.663246 0.605689
v 0.381951 0.687152 0.618009
v 0.324470 0.707713 0.627583
v 0.267851 0.724986 0.634548
v 0.830664 0.329022 0.449156
v 0.797692 0.367461 0.478183
v 0.760516 0.406112 0.506644
v 0.719166 0.444469 0.534086
v 0.673825 0.481987 0.560043
v 0.624841 0.518106 0.584072
v 0.572721 0.552292 0.605776
v 0.518106 0.584072 0.624841
v 0.461734 0.613066 0.641055
v 0.404391 0.639011 0.654319
v 0.346861 0.661765 0.664646
v 0.289873 0.681311 0.672153
v 0.234073 0.697736 0.677034
v 0.837103 0.275180 0.472793
v 0.806049 0.312401 0.502683
v 0.770877 0.350140 0.532119
v 0.731554 0.387949 0.560646
v 0.688191 0.425325 0.587785
v 0.641055 0.461734 0.613066
v 0.590575 0.496642 0.636057
v 0.537322 0.529553 0.656398
v 0.481987 0.560043 0.673825
v 0.425325 0.587785 0.688191
v 0.368118 0.612565 0.699466
v 0.311115 0.634289 0.707733
v 0.254996 0.652970 0.713167
v 0.200343 0.668720 0.716014
v 0.840546 0.222163 0.494091
v 0.811304 0.257893 0.524668
v 0.778078 0.294397 0.554911
v 0.740783 0.331288 0.584370
v 0.699466 0.368118 0.612565
v 0.654319 0.404391 0.639011
v 0.605689 0.439597 0.663246
v 0.554074 0.473235 0.684873
v 0.500096 0.504857 0.703579
v 0.444469 0.534086 0.719166
v 0.387949 0.560646 0.731554
v 0.331288 0.584370 0.740783
v 0.275188 0.605200 0.746997
v 0.220267 0.623174 0.750424
v 0.167037 0.638415 0.751349
v 0.841258 0.170476 0.513052
v 0.813696 0.204512 0.544127
v 0.782315 0.239524 0.574988
v 0.746997 0.275188 0.605200
v 0.707733 0.311115 0.634289
v 0.664646 0.346861 0.661765
v 0.618009 0.381951 0.687152
v 0.568239 0.415902 0.710021
v 0.515887 0.448258 0.730017
v 0.461605 0.478614 0.746893
v 0.406112 0.506644 0.760516
v 0.350140 0.532119 0.770877
v 0.294397 0.554911 0.778078
v 0.239524 0.574988 0.782315
v 0.186071 0.592405 0.783858
v 0.134481 0.607289 0.783017
v 0.839552 0.120529 0.529740
v 0.813519 0.152738 0.561123
v 0.783858 0.186071 0.592405
v 0.750424 0.220267 0.623174
v 0.713167 0.254996 0.652970
v 0.672153 0.289873 0.681311
v 0.627583 0.324470 0.707713
v 0.579800 0.358336 0.731729
v 0.529276 0.391024 0.752972
v 0.476596 0.422119 0.771149
v 0.422425 0.451265 0.786077
v 0.367461 0.478183 0.797692
v 0.312401 0.502683 0.806049
v 0.257893 0.524668 0.811304
v 0.204512 0.544127 0.813696
v 0.152738 0.561123 0.813519
v 0.102944 0.575778 0.811099
v 0.835759 0.072633 0.544271
v 0.811099 0.102944 0.575778
v 0.783017 0.134481 0.607289
v 0.751349 0.167037 0.638415
v 0.716014 0.200343 0.668720
v 0.677034 0.234073 0.697736
v 0.634548 0.267851 0.724986
v 0.588827 0.301268 0.750013
v 0.540269 0.333905 0.772410
v 0.489387 0.365352 0.791845
v 0.436780 0.395238 0.808090
v 0.383103 0.423252 0.821030
v 0.329022 0.449156 0.830664
v 0.275180 0.472793 0.837103
v 0.222163 0.494091 0.840546
v 0.170476 0.513052 0.841258
v 0.120529 0.529740 0.839552
v 0.072633 0.544271 0.835759
v 0.589161 0.808016 0.000000
v 0.621816 0.782646 -0.028453
v 0.621816 0.782646 0.028453
v 0.654407 0.753896 -0.058242
v 0.655520 0.755178 0.000000
v 0.654407 0.753896 0.058242
v 0.686523 0.721617 -0.089197
v 0.688963 0.724182 -0.029838
v 0.688963 0.724182 0.029838
v 0.686523 0.721617 0.089197
v 0.717701 0.685742 -0.121089
v 0.721680 0.689544 -0.060880
v 0.723022 0.690825 0.000000
v 0.721680 0.689544 0.060880
v 0.717701 0.685742 0.121089
v 0.747452 0.646308 -0.153631
v 0.753162 0.651245 -0.092883
v 0.756066 0.653756 -0.031080
v 0.756066 0.653756 0.031080
v 0.753162 0.651245 0.092883
v 0.747452 0.646308 0.153631
v 0.775275 0.603468 -0.186482
v 0.782874 0.609383 -0.125540
v 0.787543 0.613017 -0.063144
v 0.789117 0.614242 0.000000
v 0.787543 0.613017 0.063144
v 0.782874 0.609383 0.125540
v 0.775275 0.603468 0.186482
v 0.800696 0.557504 -0.219263
v 0.810293 0.564186 -0.158494
v 0.816886 0.568776 -0.095870
v 0.820243 0.571114 -0.032088
v 0.820243 0.571114 0.032088
v 0.816886 0.568776 0.095870
v 0.810293 0.564186 0.158494
v 0.800696 0.557504 0.219263
v 0.823292 0.508822 -0.251576
v 0.834932 0.516017 -0.191349
v 0.843556 0.521346 -0.128884
v 0.848860 0.524625 -0.064847
v 0.850651 0.525731 0.000000
v 0.848860 0.524625 0.064847
v 0.843556 0.521346 0.128884
v 0.834932 0.516017 0.191349
v 0.823292 0.508822 0.251576
v 0.842727 0.457940 -0.283023
v 0.856386 0.465363 -0.223697
v 0.867078 0.471172 -0.161778
v 0.874432 0.475169 -0.097890
v 0.878180 0.477206 -0.032770
v 0.878180 0.477206 0.032770
v 0.874432 0.475169 0.097890
v 0.867078 0.471172 0.161778
v 0.856386 0.465363 0.223697
v 0.842727 0.457940 0.283023
v 0.858772 0.405457 -0.313233
v 0.874353 0.412813 -0.255133
v 0.887075 0.418820 -0.194134
v 0.896510 0.423275 -0.130799
v 0.902318 0.426017 -0.065823
v 0.904279 0.426943 0.000000
v 0.902318 0.426017 0.065823
v 0.896510 0.423275 0.130799
v 0.887075 0.418820 0.194134
v 0.874353 0.412813 0.255133
v 0.858772 0.405457 0.313233
v 0.871318 0.352023 -0.341883
v 0.888656 0.359027 -0.285289
v 0.903297 0.364942 -0.225547
v 0.914765 0.369576 -0.163150
v 0.922658 0.372765 -0.098735
v 0.926682 0.374390 -0.033055
v 0.926682 0.374390 0.033055
v 0.922658 0.372765 0.098735
v 0.914765 0.369576 0.163150
v 0.903297 0.364942 0.225547
v 0.888656 0.359027 0.285289
v 0.871318 0.352023 0.341883
v 0.880380 0.298296 -0.368714
v 0.899256 0.304691 -0.313849
v 0.915637 0.310242 -0.255653
v 0.929016 0.314775 -0.194541
v 0.938939 0.318137 -0.131080
v 0.945048 0.320207 -0.065966
v 0.947111 0.320906 -0.000000
v 0.945048 0.320207 0.065966
v 0.938939 0.318137 0.131080
v 0.929016 0.314775 0.194541
v 0.915637 0.310242 0.255653
v 0.899256 0.304691 0.313849
v 0.880380 0.298296 0.368714
v 0.886085 0.244908 -0.393540
v 0.906241 0.250479 -0.340570
v 0.924131 0.255424 -0.284149
v 0.939232 0.259597 -0.224616
v 0.951057 0.262866 -0.162460
v 0.959192 0.265114 -0.098310
v 0.963339 0.266260 -0.032912
v 0.963339 0.266260 0.032912
v 0.959192 0.265114 0.098310
v 0.951057 0.262866 0.162460
v 0.939232 0.259597 0.224616
v 0.924131 0.255424 0.284149
v 0.906241 0.250479 0.340570
v 0.886085 0.244908 0.393540
v 0.888653 0.192431 -0.416251
v 0.909811 0.197013 -0.365281
v 0.928945 0.201156 -0.310803
v 0.945531 0.204747 -0.253082
v 0.959064 0.207678 -0.192528
v 0.969094 0.209850 -0.129694
v 0.975265 0.211186 -0.065260
v 0.977348 0.211637 0.000000
v 0.975265 0.211186 0.065260
v 0.969094 0.209850 0.129694
v 0.959064 0.207678 0.192528
v 0.945531 0.204747 0.253082
v 0.928945 0.201156 0.310803
v 0.909811 0.197013 0.365281
v 0.888653 0.192431 0.416251
v 0.888377 0.141355 -0.436812
v 0.910253 0.144836 -0.387893
v 0.930349 0.148034 -0.335464
v 0.948153 0.150867 -0.279723
v 0.963156 0.153254 -0.221005
v 0.974888 0.155121 -0.159783
v 0.982952 0.156404 -0.096663
v 0.987059 0.157057 -0.032356
v 0.987059 0.157057 0.032356
v 0.982952 0.156404 0.096663
v 0.974888 0.155121 0.159783
v 0.963156 0.153254 0.221005
v 0.948153 0.150867 0.279723
v 0.930349 0.148034 0.335464
v 0.910253 0.144836 0.387893
v 0.888377 0.141355 0.436812
v 0.885590 0.092076 -0.455249
v 0.907916 0.094397 -0.408385
v 0.928694 0.096558 -0.358055
v 0.947437 0.098506 -0.304401
v 0.963646 0.100192 -0.247687
v 0.976844 0.101564 -0.188310
v 0.986611 0.102579 -0.126795
v 0.992613 0.103203 -0.063783
v 0.994638 0.103414 -0.000000
v 0.992613 0.103203 0.063783
v 0.986611 0.102579 0.126795
v 0.976844 0.101564 0.188310
v 0.963646 0.100192 0.247687
v 0.947437 0.098506 0.304401
v 0.928694 0.096558 0.358055
v 0.907916 0.094397 0.408385
v 0.885590 0.092076 0.455249
v 0.880649 0.044890 -0.471638
v 0.903175 0.046038 -0.426796
v 0.924372 0.047118 -0.378571
v 0.943780 0.048108 -0.327055
v 0.960922 0.048982 -0.272451
v 0.975329 0.049716 -0.215083
v 0.986571 0.050289 -0.155401
v 0.994284 0.050682 -0.093970
v 0.998209 0.050882 -0.031447
v 0.998209 0.050882 0.031447
v 0.994284 0.050682 0.093970
v 0.986571 0.050289 0.155401
v 0.975329 0.049716 0.215083
v 0.960922 0.048982 0.272451
v 0.943780 0.048108 0.327055
v 0.924372 0.047118 0.378571
v 0.903175 0.046038 0.426796
v 0.880649 0.044890 0.471638
v 0.544271 0.835759 -0.072633
v 0.529740 0.839552 -0.120529
v 0.575778 0.811099 -0.102944
v 0.513052 0.841258 -0.170476
v 0.561123 0.813519 -0.152738
v 0.607289 0.783017 -0.134481
v 0.494091 0.840546 -0.222163
v 0.544127 0.813696 -0.204512
v 0.592405 0.783858 -0.186071
v 0.638415 0.751349 -0.167037
v 0.472793 0.837103 -0.275180
v 0.524668 0.811304 -0.257893
v 0.574988 0.782315 -0.239524
v 0.623174 0.750424 -0.220267
v 0.668720 0.716014 -0.200343
v 0.449156 0.830664 -0.329022
v 0.502683 0.806049 -0.312401
v 0.554911 0.778078 -0.294397
v 0.605200 0.746997 -0.275188
v 0.652970 0.713167 -0.254996
v 0.697736 0.677034 -0.234073
v 0.423252 0.821030 -0.383103
v 0.478183 0.797692 -0.367461
v 0.532119 0.770877 -0.350140
v 0.584370 0.740783 -0.331288
v 0.634289 0.707733 -0.311115
v 0.681311 0.672153 -0.289873
v 0.724986 0.634548 -0.267851
v 0.395238 0.808090 -0.436780
v 0.451265 0.786077 -0.422425
v 0.506644 0.760516 -0.406112
v 0.560646 0.731554 -0.387949
v 0.612565 0.699466 -0.368118
v 0.661765 0.664646 -0.346861
v 0.707713 0.627583 -0.324470
v 0.750013 0.588827 -0.301268
v 0.365352 0.791845 -0.489387
v 0.422119 0.771149 -0.476596
v 0.478614 0.746893 -0.461605
v 0.534086 0.719166 -0.444469
v 0.587785 0.688191 -0.425325
v 0.639011 0.654319 -0.404391
v 0.687152 0.618009 -0.381951
v 0.731729 0.579800 -0.358336
v 0.772410 0.540269 -0.333905
v 0.333905 0.772410 -0.540269
v 0.391024 0.752972 -0.529276
v 0.448258 0.730017 -0.515887
v 0.504857 0.703579 -0.500096
v 0.560043 0.673825 -0.481987
v 0.613066 0.641055 -0.461734
v 0.663246 0.605689 -0.439597
v 0.710021 0.568239 -0.415902
v 0.752972 0.529276 -0.391024
v 0.791845 0.489387 -0.365352
v 0.301268 0.750013 -0.588827
v 0.358336 0.731729 -0.579800
v 0.415902 0.710021 -0.568239
v 0.473235 0.684873 -0.554074
v 0.529553 0.656398 -0.537322
v 0.584072 0.624841 -0.518106
v 0.636057 0.590575 -0.496642
v 0.684873 0.554074 -0.473235
v 0.730017 0.515887 -0.448258
v 0.771149 0.476596 -0.422119
v 0.808090 0.436780 -0.395238
v 0.267851 0.724986 -0.634548
v 0.324470 0.707713 -0.627583
v 0.381951 0.687152 -0.618009
v 0.439597 0.663246 -0.605689
v 0.496642 0.636057 -0.590575
v 0.552292 0.605776 -0.572721
v 0.605776 0.572721 -0.552292
v 0.656398 0.537322 -0.529553
v 0.703579 0.500096 -0.504857
v 0.746893 0.461605 -0.478614
v 0.786077 0.422425 -0.451265
v 0.821030 0.383103 -0.423252
v 0.234073 0.697736 -0.677034
v 0.289873 0.681311 -0.672153
v 0.346861 0.661765 -0.664646
v 0.404391 0.639011 -0.654319
v 0.461734 0.613066 -0.641055
v 0.518106 0.584072 -0.624841
v 0.572721 0.552292 -0.605776
v 0.624841 0.518106 -0.584072
v 0.673825 0.481987 -0.560043
v 0.719166 0.444469 -0.534086
v 0.760516 0.406112 -0.506644
v 0.797692 0.367461 -0.478183
v 0.830664 0.329022 -0.449156
v 0.200343 0.668720 -0.716014
v 0.254996 0.652970 -0.713167
v 0.311115 0.634289 -0.707733
v 0.368118 0.612565 -0.699466
v 0.425325 0.587785 -0.688191
v 0.481987 0.560043 -0.673825
v 0.537322 0.529553 -0.656398
v 0.590575 0.496642 -0.636057
v 0.641055 0.461734 -0.613066
v 0.688191 0.425325 -0.587785
v 0.731554 0.387949 -0.560646
v 0.770877 0.350140 -0.532119
v 0.806049 0.312401 -0.502683
v 0.837103 0.275180 -0.472793
v 0.167037 0.638415 -0.751349
v 0.220267 0.623174 -0.750424
v 0.275188 0.605200 -0.746997
v 0.331288 0.584370 -0.740783
v 0.387949 0.560646 -0.731554
v 0.444469 0.534086 -0.719166
v 0.500096 0.504857 -0.703579
v 0.554074 0.473235 -0.684873
v 0.605689 0.439597 -0.663246
v 0.654319 0.404391 -0.639011
v 0.699466 0.368118 -0.612565
v 0.740783 0.331288 -0.584370
v 0.778078 0.294397 -0.554911
v 0.811304 0.257893 -0.524668
v 0.840546 0.222163 -0.494091
v 0.134481 0.607289 -0.783017
v 0.186071 0.592405 -0.783858
v 0.239524 0.574988 -0.782315
v 0.294397 0.554911 -0.778078
v 0.350140 0.532119 -0.770877
v 0.406112 0.506644 -0.760516
v 0.461605 0.478614 -0.746893
v 0.515887 0.448258 -0.730017
v 0.568239 0.415902 -0.710021
v 0.618009 0.381951 -0.687152
v 0.664646 0.346861 -0.661765
v 0.707733 0.311115 -0.634289
v 0.746997 0.275188 -0.605200
v 0.782315 0.239524 -0.574988
v 0.813696 0.204512 -0.544127
v 0.841258 0.170476 -0.513052
v 0.102944 0.575778 -0.811099
v 0.152738 0.561123 -0.813519
v 0.204512 0.544127 -0.813696
v 0.257893 0.524668 -0.811304
v 0.312401 0.502683 -0.806049
v 0.367461 0.478183 -0.797692
v 0.422425 0.451265 -0.786077
v 0.476596 0.422119 -0.771149
v 0.529276 0.391024 -0.752972
v 0.579800 0.358336 -0.731729
v 0.627583 0.324470 -0.707713
v 0.672153 0.289873 -0.681311
v 0.713167 0.254996 -0.652970
v 0.750424 0.220267 -0.623174
v 0.783858 0.186071 -0.592405
v 0.813519 0.152738 -0.561123
v 0.839552 0.120529 -0.529740
v 0.072633 0.544271 -0.835759
v 0.120529 0.529740 -0.839552
v 0.170476 0.513052 -0.841258
v 0.222163 0.494091 -0.840546
v 0.275180 0.472793 -0.837103
v 0.329022 0.449156 -0.830664
v 0.383103 0.423252 -0.821030
v 0.436780 0.395238 -0.808090
v 0.489387 0.365352 -0.791845
v 0.540269 0.333905 -0.772410
v 0.588827 0.301268 -0.750013
v 0.634548 0.267851 -0.724986
v 0.677034 0.234073 -0.697736
v 0.716014 0.200343 -0.668720
v 0.751349 0.167037 -0.638415
v 0.783017 0.134481 -0.607289
v 0.811099 0.102944 -0.575778
v 0.835759 0.072633 -0.544271
v 0.471638 0.880649 -0.044890
v 0.426796 0.903175 -0.046038
v 0.455249 0.885590 -0.092076
v 0.378571 0.924372 -0.047118
v 0.408385 0.907916 -0.094397
v 0.436812 0.888377 -0.141355
v 0.327055 0.943780 -0.048108
v 0.358055 0.928694 -0.096558
v 0.387893 0.910253 -0.144836
v 0.416251 0.888653 -0.192431
v 0.272451 0.960922 -0.048982
v 0.304401 0.947437 -0.098506
v 0.335464 0.930349 -0.148034
v 0.365281 0.909811 -0.197013
v 0.393540 0.886085 -0.244908
v 0.215083 0.975329 -0.049716
v 0.247687 0.963646 -0.100192
v 0.279723 0.948153 -0.150867
v 0.310803 0.928945 -0.201156
v 0.340570 0.906241 -0.250479
v 0.368714 0.880380 -0.298296
v 0.155401 0.986571 -0.050289
v 0.188310 0.976844 -0.101564
v 0.221005 0.963156 -0.153254
v 0.253082 0.945531 -0.204747
v 0.284149 0.924131 -0.255424
v 0.313849 0.899256 -0.304691
v 0.341883 0.871318 -0.352023
v 0.093970 0.994284 -0.050682
v 0.126795 0.986611 -0.102579
v 0.159783 0.974888 -0.155121
v 0.192528 0.959064 -0.207678
v 0.224616 0.939232 -0.259597
v 0.255653 0.915637 -0.310242
v 0.285289 0.888656 -0.359027
v 0.313233 0.858772 -0.405457
v 0.031447 0.998209 -0.050882
v 0.063783 0.992613 -0.103203
v 0.096663 0.982952 -0.156404
v 0.129694 0.969094 -0.209850
v 0.162460 0.951057 -0.262866
v 0.194541 0.929016 -0.314775
v 0.225547 0.903297 -0.364942
v 0.255133 0.874353 -0.412813
v 0.283023 0.842727 -0.457940
v -0.031447 0.998209 -0.050882
v 0.000000 0.994638 -0.103414
v 0.032356 0.987059 -0.157057
v 0.065260 0.975265 -0.211186
v 0.098310 0.959192 -0.265114
v 0.131080 0.938939 -0.318137
v 0.163150 0.914765 -0.369576
v 0.194134 0.887075 -0.418820
v 0.223697 0.856386 -0.465363
v 0.251576 0.823292 -0.508822
v -0.093970 0.994284 -0.050682
v -0.063783 0.992613 -0.103203
v -0.032356 0.987059 -0.157057
v 0.000000 0.977348 -0.211637
v 0.032912 0.963339 -0.266260
v 0.065966 0.945048 -0.320207
v 0.098735 0.922658 -0.372765
v 0.130799 0.896510 -0.423275
v 0.161778 0.867078 -0.471172
v 0.191349 0.834932 -0.516017
v 0.219263 0.800696 -0.557504
v -0.155401 0.986571 -0.050289
v -0.126795 0.986611 -0.102579
v -0.096663 0.982952 -0.156404
v -0.065260 0.975265 -0.211186
v -0.032912 0.963339 -0.266260
v -0.000000 0.947111 -0.320906
v 0.033055 0.926682 -0.374390
v 0.065823 0.902318 -0.426017
v 0.097890 0.874432 -0.475169
v 0.128884 0.843556 -0.521346
v 0.158494 0.810293 -0.564186
v 0.186482 0.775275 -0.603468
v -0.215083 0.975329 -0.049716
v -0.188310 0.976844 -0.101564
v -0.159783 0.974888 -0.155121
v -0.129694 0.969094 -0.209850
v -0.098310 0.959192 -0.265114
v -0.065966 0.945048 -0.320207
v -0.033055 0.926682 -0.374390
v -0.000000 0.904279 -0.426943
v 0.032770 0.878180 -0.477206
v 0.064847 0.848860 -0.524625
v 0.095870 0.816886 -0.568776
v 0.125540 0.782874 -0.609383
v 0.153631 0.747452 -0.646308
v -0.272451 0.960922 -0.048982
v -0.247687 0.963646 -0.100192
v -0.221005 0.963156 -0.153254
v -0.192528 0.959064 -0.207678
v -0.162460 0.951057 -0.262866
v -0.131080 0.938939 -0.318137
v -0.098735 0.922658 -0.372765
v -0.065823 0.902318 -0.426017
v -0.032770 0.878180 -0.477206
v -0.000000 0.850651 -0.525731
v 0.032088 0.820243 -0.571114
v 0.063144 0.787543 -0.613017
v 0.092883 0.753162 -0.651245
v 0.121089 0.717701 -0.685742
v -0.327055 0.943780 -0.048108
v -0.304401 0.947437 -0.098506
v -0.279723 0.948153 -0.150867
v -0.253082 0.945531 -0.204747
v -0.224616 0.939232 -0.259597
v -0.194541 0.929016 -0.314775
v -0.163150 0.914765 -0.369576
v -0.130799 0.896510 -0.423275
v -0.097890 0.874432 -0.475169
v -0.064847 0.848860 -0.524625
v -0.032088 0.820243 -0.571114
v 0.000000 0.789117 -0.614242
v 0.031080 0.756066 -0.653756
v 0.060880 0.721680 -0.689544
v 0.089197 0.686523 -0.721617
v -0.378571 0.924372 -0.047118
v -0.358055 0.928694 -0.096558
v -0.335464 0.930349 -0.148034
v -0.310803 0.928945 -0.201156
v -0.284149 0.924131 -0.255424
v -0.255653 0.915637 -0.310242
v -0.225547 0.903297 -0.364942
v -0.194134 0.887075 -0.418820
v -0.161778 0.867078 -0.471172
v -0.128884 0.843556 -0.521346
v -0.095870 0.816886 -0.568776
v -0.063144 0.787543 -0.613017
v -0.031080 0.756066 -0.653756
v -0.000000 0.723022 -0.690825
v 0.029838 0.688963 -0.724182
v 0.058242 0.654407 -0.753896
v -0.426796 0.903175 -0.046038
v -0.408385 0.907916 -0.094397
v -0.387893 0.910253 -0.144836
v -0.365281 0.909811 -0.197013
v -0.340570 0.906241 -0.250479
v -0.313849 0.899256 -0.304691
v -0.285289 0.888656 -0.359027
v -0.255133 0.874353 -0.412813
v -0.223697 0.856386 -0.465363
v -0.191349 0.834932 -0.516017
v -0.158494 0.810293 -0.564186
v -0.125540 0.782874 -0.609383
v -0.092883 0.753162 -0.651245
v -0.060880 0.721680 -0.689544
v -0.029838 0.688963 -0.724182
v -0.000000 0.655520 -0.755178
v 0.028453 0.621816 -0.782646
v -0.471638 0.880649 -0.044890
v -0.455249 0.885590 -0.092076
v -0.436812 0.888377 -0.141355
v -0.416251 0.888653 -0.192431
v -0.393540 0.886085 -0.244908
v -0.368714 0.880380 -0.298296
v -0.341883 0.871318 -0.352023
v -0.313233 0.858772 -0.405457
v -0.283023 0.842727 -0.457940
v -0.251576 0.823292 -0.508822
v -0.219263 0.800696 -0.557504
v -0.186482 0.775275 -0.603468
v -0.153631 0.747452 -0.646308
v -0.121089 0.717701 -0.685742
v -0.089197 0.686523 -0.721617
v -0.058242 0.654407 -0.753896
v -0.028453 0.621816 -0.782646
v -0.000000 0.589161 -0.808016
v -0.072633 0.544271 -0.835759
v -0.102944 0.575778 -0.811099
v -0.120529 0.529740 -0.839552
v -0.134481 0.607289 -0.783017
v -0.152738 0.561123 -0.813519
v -0.170476 0.513052 -0.841258
v -0.167037 0.638415 -0.751349
v -0.186071 0.592405 -0.783858
v -0.204512 0.544127 -0.813696
v -0.222163 0.494091 -0.840546
v -0.200343 0.668720 -0.716014
v -0.220267 0.623174 -0.750424
v -0.239524 0.574988 -0.782315
v -0.257893 0.524668 -0.811304
v -0.275180 0.472793 -0.837103
v -0.234073 0.697736 -0.677034
v -0.254996 0.652970 -0.713167
v -0.275188 0.605200 -0.746997
v -0.294397 0.554911 -0.778078
v -0.312401 0.502683 -0.806049
v -0.329022 0.449156 -0.830664
v -0.267851 0.724986 -0.634548
v -0.289873 0.681311 -0.672153
v -0.311115 0.634289 -0.707733
v -0.331288 0.584370 -0.740783
v -0.350140 0.532119 -0.770877
v -0.367461 0.478183 -0.797692
v -0.383103 0.423252 -0.821030
v -0.301268 0.750013 -0.588827
v -0.324470 0.707713 -0.627583
v -0.346861 0.661765 -0.664646
v -0.368118 0.612565 -0.699466
v -0.387949 0.560646 -0.731554
v -0.406112 0.506644 -0.760516
v -0.422425 0.451265 -0.786077
v -0.436780 0.395238 -0.808090
v -0.333905 0.772410 -0.540269
v -0.358336 0.731729 -0.579800
v -0.381951 0.687152 -0.618009
v -0.404391 0.639011 -0.654319
v -0.425325 0.587785 -0.688191
v -0.444469 0.534086 -0.719166
v -0.461605 0.478614 -0.746893
v -0.476596 0.422119 -0.771149
v -0.489387 0.365352 -0.791845
v -0.365352 0.791845 -0.489387
v -0.391024 0.752972 -0.529276
v -0.415902 0.710021 -0.568239
v -0.439597 0.663246 -0.605689
v -0.461734 0.613066 -0.641055
v -0.481987 0.560043 -0.673825
v -0.500096 0.504857 -0.703579
v -0.515887 0.448258 -0.730017
v -0.529276 0.391024 -0.752972
v -0.540269 0.333905 -0.772410
v -0.395238 0.808090 -0.436780
v -0.422119 0.771149 -0.476596
v -0.448258 0.730017 -0.515887
v -0.473235 0.684873 -0.554074
v -0.496642 0.636057 -0.590575
v -0.518106 0.584072 -0.624841
v -0.537322 0.529553 -0.656398
v -0.554074 0.473235 -0.684873
v -0.568239 0.415902 -0.710021
v -0.579800 0.358336 -0.731729
v -0.588827 0.301268 -0.750013
v -0.423252 0.821030 -0.383103
v -0.451265 0.786077 -0.422425
v -0.478614 0.746893 -0.461605
v -0.504857 0.703579 -0.500096
v -0.529553 0.656398 -0.537322
v -0.552292 0.605776 -0.572721
v -0.572721 0.552292 -0.605776
v -0.590575 0.496642 -0.636057
v -0.605689 0.439597 -0.663246
v -0.618009 0.381951 -0.687152
v -0.627583 0.324470 -0.707713
v -0.634548 0.267851 -0.724986
v -0.449156 0.830664 -0.329022
v -0.478183 0.797692 -0.367461
v -0.506644 0.760516 -0.406112
v -0.534086 0.719166 -0.444469
v -0.560043 0.673825 -0.481987
v -0.584072 0.624841 -0.518106
v -0.605776 0.572721 -0.552292
v -0.624841 0.518106 -0.584072
v -0.641055 0.461734 -0.613066
v -0.654319 0.404391 -0.639011
v -0.664646 0.346861 -0.661765
v -0.672153 0.289873 -0.681311
v -0.677034 0.234073 -0.697736
v -0.472793 0.837103 -0.275180
v -0.502683 0.806049 -0.312401
v -0.532119 0.770877 -0.350140
v -0.560646 0.731554 -0.387949
v -0.587785 0.688191 -0.425325
v -0.613066 0.641055 -0.461734
v -0.636057 0.590575 -0.496642
v -0.656398 0.537322 -0.529553
v -0.673825 0.481987 -0.560043
v -0.688191 0.425325 -0.587785
v -0.699466 0.368118 -0.612565
v -0.707733 0.311115 -0.634289
v -0.713167 0.254996 -0.652970
v -0.716014 0.200343 -0.668720
v -0.494091 0.840546 -0.222163
v -0.524668 0.811304 -0.257893
v -0.554911 0.778078 -0.294397
v -0.584370 0.740783 -0.331288
v -0.612565 0.699466 -0.368118
v -0.639011 0.654319 -0.404391
v -0.663246 0.605689 -0.439597
v -0.684873 0.554074 -0.473235
v -0.703579 0.500096 -0.504857
v -0.719166 0.444469 -0.534086
v -0.731554 0.387949 -0.560646
v -0.740783 0.331288 -0.584370
v -0.746997 0.275188 -0.605200
v -0.750424 0.220267 -0.623174
v -0.751349 0.167037 -0.638415
v -0.513052 0.841258 -0.170476
v -0.544127 0.813696 -0.204512
v -0.574988 0.782315 -0.239524
v -0.605200 0.746997 -0.275188
v -0.634289 0.707733 -0.311115
v -0.661765 0.664646 -0.346861
v -0.687152 0.618009 -0.381951
v -0.710021 0.568239 -0.415902
v -0.730017 0.515887 -0.448258
v -0.746893 0.461605 -0.478614
v -0.760516 0.406112 -0.506644
v -0.770877 0.350140 -0.532119
v -0.778078 0.294397 -0.554911
v -0.782315 0.239524 -0.574988
v -0.783858 0.186071 -0.592405
v -0.783017 0.134481 -0.607289
v -0.529740 0.839552 -0.120529
v -0.561123 0.813519 -0.152738
v -0.592405 0.783858 -0.186071
v -0.623174 0.750424 -0.220267
v -0.652970 0.713167 -0.254996
v -0.681311 0.672153 -0.289873
v -0.707713 0.627583 -0.324470
v -0.731729 0.579800 -0.358336
v -0.752972 0.529276 -0.391024
v -0.771149 0.476596 -0.422119
v -0.786077 0.422425 -0.451265
v -0.797692 0.367461 -0.478183
v -0.806049 0.312401 -0.502683
v -0.811304 0.257893 -0.524668
v -0.813696 0.204512 -0.544127
v -0.813519 0.152738 -0.561123
v -0.811099 0.102944 -0.575778
v -0.544271 0.835759 -0.072633
v -0.575778 0.811099 -0.102944
v -0.607289 0.783017 -0.134481
v -0.638415 0.751349 -0.167037
v -0.668720 0.716014 -0.200343
v -0.697736 0.677034 -0.234073
v -0.724986 0.634548 -0.267851
v -0.750013 0.588827 -0.301268
v -0.772410 0.540269 -0.333905
v -0.791845 0.489387 -0.365352
v -0.808090 0.436780 -0.395238
v -0.821030 0.383103 -0.423252
v -0.830664 0.329022 -0.449156
v -0.837103 0.275180 -0.472793
v -0.840546 0.222163 -0.494091
v -0.841258 0.170476 -0.513052
v -0.839552 0.120529 -0.529740
v -0.835759 0.072633 -0.544271
v -0.880649 0.044890 -0.471638
v -0.885590 0.092076 -0.455249
v -0.903175 0.046038 -0.426796
v -0.888377 0.141355 -0.436812
v -0.907916 0.094397 -0.408385
v -0.924372 0.047118 -0.378571
v -0.888653 0.192431 -0.416251
v -0.910253 0.144836 -0.387893
v -0.928694 0.096558 -0.358055
v -0.943780 0.048108 -0.327055
v -0.886085 0.244908 -0.393540
v -0.909811 0.197013 -0.365281
v -0.930349 0.148034 -0.335464
v -0.947437 0.098506 -0.304401
v -0.960922 0.048982 -0.272451
v -0.880380 0.298296 -0.368714
v -0.906241 0.250479 -0.340570
v -0.928945 0.201156 -0.310803
v -0.948153 0.150867 -0.279723
v -0.963646 0.100192 -0.247687
v -0.975329 0.049716 -0.215083
v -0.871318 0.352023 -0.341883
v -0.899256 0.304691 -0.313849
v -0.924131 0.255424 -0.284149
v -0.945531 0.204747 -0.253082
v -0.963156 0.153254 -0.221005
v -0.976844 0.101564 -0.188310
v -0.986571 0.050289 -0.155401
v -0.858772 0.405457 -0.313233
v -0.888656 0.359027 -0.285289
v -0.915637 0.310242 -0.255653
v -0.939232 0.259597 -0.224616
v -0.959064 0.207678 -0.192528
v -0.974888 0.155121 -0.159783
v -0.986611 0.102579 -0.126795
v -0.994284 0.050682 -0.093970
v -0.842727 0.457940 -0.283023
v -0.874353 0.412813 -0.255133
v -0.903297 0.364942 -0.225547
v -0.929016 0.314775 -0.194541
v -0.951057 0.262866 -0.162460
v -0.969094 0.209850 -0.129694
v -0.982952 0.156404 -0.096663
v -0.992613 0.103203 -0.063783
v -0.998209 0.050882 -0.031447
v -0.823292 0.508822 -0.251576
v -0.856386 0.465363 -0.223697
v -0.887075 0.418820 -0.194134
v -0.914765 0.369576 -0.163150
v -0.938939 0.318137 -0.131080
v -0.959192 0.265114 -0.098310
v -0.975265 0.211186 -0.065260
v -0.987059 0.157057 -0.032356
v -0.994638 0.103414 -0.000000
v -0.998209 0.050882 0.031447
v -0.800696 0.557504 -0.219263
v -0.834932 0.516017 -0.191349
v -0.867078 0.471172 -0.161778
v -0.896510 0.423275 -0.130799
v -0.922658 0.372765 -0.098735
v -0.945048 0.320207 -0.065966
v -0.963339 0.266260 -0.032912
v -0.977348 0.211637 -0.000000
v -0.987059 0.157057 0.032356
v -0.992613 0.103203 0.063783
v -0.994284 0.050682 0.093970
v -0.775275 0.603468 -0.186482
v -0.810293 0.564186 -0.158494
v -0.843556 0.521346 -0.128884
v -0.874432 0.475169 -0.097890
v -0.902318 0.426017 -0.065823
v -0.926682 0.374390 -0.033055
v -0.947111 0.320906 0.000000
v -0.963339 0.266260 0.032912
v -0.975265 0.211186 0.065260
v -0.982952 0.156404 0.096663
v -0.986611 0.102579 0.126795
v -0.986571 0.050289 0.155401
v -0.747452 0.646308 -0.153631
v -0.782874 0.609383 -0.125540
v -0.816886 0.568776 -0.095870
v -0.848860 0.524625 -0.064847
v -0.878180 0.477206 -0.032770
v -0.904279 0.426943 0.000000
v -0.926682 0.374390 0.033055
v -0.945048 0.320207 0.065966
v -0.959192 0.265114 0.098310
v -0.969094 0.209850 0.129694
v -0.974888 0.155121 0.159783
v -0.976844 0.101564 0.188310
v -0.975329 0.049716 0.215083
v -0.717701 0.685742 -0.121089
v -0.753162 0.651245 -0.092883
v -0.787543 0.613017 -0.063144
v -0.820243 0.571114 -0.032088
v -0.850651 0.525731 0.000000
v -0.878180 0.477206 0.032770
v -0.902318 0.426017 0.065823
v -0.922658 0.372765 0.098735
v -0.938939 0.318137 0.131080
v -0.951057 0.262866 0.162460
v -0.959064 0.207678 0.192528
v -0.963156 0.153254 0.221005
v -0.963646 0.100192 0.247687
v -0.960922 0.048982 0.272451
v -0.686523 0.721617 -0.089197
v -0.721680 0.689544 -0.060880
v -0.756066 0.653756 -0.031080
v -0.789117 0.614242 0.000000
v -0.820243 0.571114 0.032088
v -0.848860 0.524625 0.064847
v -0.874432 0.475169 0.097890
v -0.896510 0.423275 0.130799
v -0.914765 0.369576 0.163150
v -0.929016 0.314775 0.194541
v -0.939232 0.259597 0.224616
v -0.945531 0.204747 0.253082
v -0.948153 0.150867 0.279723
v -0.947437 0.098506 0.304401
v -0.943780 0.048108 0.327055
v -0.654407 0.753896 -0.058242
v -0.688963 0.724182 -0.029838
v -0.723022 0.690825 0.000000
v -0.756066 0.653756 0.031080
v -0.787543 0.613017 0.063144
v -0.816886 0.568776 0.095870
v -0.843556 0.521346 0.128884
v -0.867078 0.471172 0.161778
v -0.887075 0.418820 0.194134
v -0.903297 0.364942 0.225547
v -0.915637 0.310242 0.255653
v -0.924131 0.255424 0.284149
v -0.928945 0.201156 0.310803
v -0.930349 0.148034 0.335464
v -0.928694 0.096558 0.358055
v -0.924372 0.047118 0.378571
v -0.621816 0.782646 -0.028453
v -0.655520 0.755178 0.000000
v -0.688963 0.724182 0.029838
v -0.721680 0.689544 0.060880
v -0.753162 0.651245 0.092883
v -0.782874 0.609383 0.125540
v -0.810293 0.564186 0.158494
v -0.834932 0.516017 0.191349
v -0.856386 0.465363 0.223697
v -0.874353 0.412813 0.255133
v -0.888656 0.359027 0.285289
v -0.899256 0.304691 0.313849
v -0.906241 0.250479 0.340570
v -0.909811 0.197013 0.365281
v -0.910253 0.144836 0.387893
v -0.907916 0.094397 0.408385
v -0.903175 0.046038 0.426796
v -0.589161 0.808016 0.000000
v -0.621816 0.782646 0.028453
v -0.654407 0.753896 0.058242
v -0.686523 0.721617 0.089197
v -0.717701 0.685742 0.121089
v -0.747452 0.646308 0.153631
v -0.775275 0.603468 0.186482
v -0.800696 0.557504 0.219263
v -0.823292 0.508822 0.251576
v -0.842727 0.457940 0.283023
v -0.858772 0.405457 0.313233
v -0.871318 0.352023 0.341883
v -0.880380 0.298296 0.368714
v -0.886085 0.244908 0.393540
v -0.888653 0.192431 0.416251
v -0.888377 0.141355 0.436812
v -0.885590 0.092076 0.455249
v -0.880649 0.044890 0.471638
v -0.544271 0.835759 0.072633
v -0.529740 0.839552 0.120529
v -0.575778 0.811099 0.102944
v -0.513052 0.841258 0.170476
v -0.561123 0.813519 0.152738
v -0.607289 0.783017 0.134481
v -0.494091 0.840546 0.222163
v -0.544127 0.813696 0.204512
v -0.592405 0.783858 0.186071
v -0.638415 0.751349 0.167037
v -0.472793 0.837103 0.275180
v -0.524668 0.811304 0.257893
v -0.574988 0.782315 0.239524
v -0.623174 0.750424 0.220267
v -0.668720 0.716014 0.200343
v -0.449156 0.830664 0.329022
v -0.502683 0.806049 0.312401
v -0.554911 0.778078 0.294397
v -0.605200 0.746997 0.275188
v -0.652970 0.713167 0.254996
v -0.697736 0.677034 0.234073
v -0.423252 0.821030 0.383103
v -0.478183 0.797692 0.367461
v -0.532119 0.770877 0.350140
v -0.584370 0.740783 0.331288
v -0.634289 0.707733 0.311115
v -0.681311 0.672153 0.289873
v -0.724986 0.634548 0.267851
v -0.395238 0.808090 0.436780
v -0.451265 0.786077 0.422425
v -0.506644 0.760516 0.406112
v -0.560646 0.731554 0.387949
v -0.612565 0.699466 0.368118
v -0.661765 0.664646 0.346861
v -0.707713 0.627583 0.324470
v -0.750013 0.588827 0.301268
v -0.365352 0.791845 0.489387
v -0.422119 0.771149 0.476596
v -0.478614 0.746893 0.461605
v -0.534086 0.719166 0.444469
v -0.587785 0.688191 0.425325
v -0.639011 0.654319 0.404391
v -0.687152 0.618009 0.381951
v -0.731729 0.579800 0.358336
v -0.772410 0.540269 0.333905
v -0.333905 0.772410 0.540269
v -0.391024 0.752972 0.529276
v -0.448258 0.730017 0.515887
v -0.504857 0.703579 0.500096
v -0.560043 0.673825 0.481987
v -0.613066 0.641055 0.461734
v -0.663246 0.605689 0.439597
v -0.710021 0.568239 0.415902
v -0.752972 0.529276 0.391024
v -0.791845 0.489387 0.365352
v -0.301268 0.750013 0.588827
v -0.358336 0.731729 0.579800
v -0.415902 0.710021 0.568239
v -0.473235 0.684873 0.554074
v -0.529553 0.656398 0.537322
v -0.584072 0.624841 0.518106
v -0.636057 0.590575 0.496642
v -0.684873 0.554074 0.473235
v -0.730017 0.515887 0.448258
v -0.771149 0.476596 0.422119
v -0.808090 0.436780 0.395238
v -0.267851 0.724986 0.634548
v -0.324470 0.707713 0.627583
v -0.381951 0.687152 0.618009
v -0.439597 0.663246 0.605689
v -0.496642 0.636057 0.590575
v -0.552292 0.605776 0.572721
v -0.605776 0.572721 0.552292
v -0.656398 0.537322 0.529553
v -0.703579 0.500096 0.504857
v -0.746893 0.461605 0.478614
v -0.786077 0.422425 0.451265
v -0.821030 0.383103 0.423252
v -0.234073 0.697736 0.677034
v -0.289873 0.681311 0.672153
v -0.346861 0.661765 0.664646
v -0.404391 0.639011 0.654319
v -0.461734 0.613066 0.641055
v -0.518106 0.584072 0.624841
v -0.572721 0.552292 0.605776
v -0.624841 0.518106 0.584072
v -0.673825 0.481987 0.560043
v -0.719166 0.444469 0.534086
v -0.760516 0.406112 0.506644
v -0.797692 0.367461 0.478183
v -0.830664 0.329022 0.449156
v -0.200343 0.668720 0.716014
v -0.254996 0.652970 0.713167
v -0.311115 0.634289 0.707733
v -0.368118 0.612565 0.699466
v -0.425325 0.587785 0.688191
v -0.481987 0.560043 0.673825
v -0.537322 0.529553 0.656398
v -0.590575 0.496642 0.636057
v -0.641055 0.461734 0.613066
v -0.688191 0.425325 0.587785
v -0.731554 0.387949 0.560646
v -0.770877 0.350140 0.532119
v -0.806049 0.312401 0.502683
v -0.837103 0.275180 0.472793
v -0.167037 0.638415 0.751349
v -0.220267 0.623174 0.750424
v -0.275188 0.605200 0.746997
v -0.331288 0.584370 0.740783
v -0.387949 0.560646 0.731554
v -0.444469 0.534086 0.719166
v -0.500096 0.504857 0.703579
v -0.554074 0.473235 0.684873
v -0.605689 0.439597 0.663246
v -0.654319 0.404391 0.639011
v -0.699466 0.368118 0.612565
v -0.740783 0.331288 0.584370
v -0.778078 0.294397 0.554911
v -0.811304 0.257893 0.524668
v -0.840546 0.222163 0.494091
v -0.134481 0.607289 0.783017
v -0.186071 0.592405 0.783858
v -0.239524 0.574988 0.782315
v -0.294397 0.554911 0.778078
v -0.350140 0.532119 0.770877
v -0.406112 0.506644 0.760516
v -0.461605 0.478614 0.746893
v -0.515887 0.448258 0.730017
v -0.568239 0.415902 0.710021
v -0.618009 0.381951 0.687152
v -0.664646 0.346861 0.661765
v -0.707733 0.311115 0.634289
v -0.746997 0.275188 0.605200
v -0.782315 0.239524 0.574988
v -0.813696 0.204512 0.544127
v -0.841258 0.170476 0.513052
v -0.102944 0.575778 0.811099
v -0.152738 0.561123 0.813519
v -0.204512 0.544127 0.813696
v -0.257893 0.524668 0.811304
v -0.312401 0.502683 0.806049
v -0.367461 0.478183 0.797692
v -0.422425 0.451265 0.786077
v -0.476596 0.422119 0.771149
v -0.529276 0.391024 0.752972
v -0.579800 0.358336 0.731729
v -0.627583 0.324470 0.707713
v -0.672153 0.289873 0.681311
v -0.713167 0.254996 0.652970
v -0.750424 0.220267 0.623174
v -0.783858 0.186071 0.592405
v -0.813519 0.152738 0.561123
v -0.839552 0.120529 0.529740
v -0.072633 0.544271 0.835759
v -0.120529 0.529740 0.839552
v -0.170476 0.513052 0.841258
v -0.222163 0.494091 0.840546
v -0.275180 0.472793 0.837103
v -0.329022 0.449156 0.830664
v -0.383103 0.423252 0.821030
v -0.436780 0.395238 0.808090
v -0.489387 0.365352 0.791845
v -0.540269 0.333905 0.772410
v -0.588827 0.301268 0.750013
v -0.634548 0.267851 0.724986
v -0.677034 0.234073 0.697736
v -0.716014 0.200343 0.668720
v -0.751349 0.167037 0.638415
v -0.783017 0.134481 0.607289
v -0.811099 0.102944 0.575778
v -0.835759 0.072633 0.544271
v 0.471638 -0.880649 0.044890
v 0.426796 -0.903175 0.046038
v 0.455249 -0.885590 0.092076
v 0.378571 -0.924372 0.047118
v 0.408385 -0.907916 0.094397
v 0.436812 -0.888377 0.141355
v 0.327055 -0.943780 0.048108
v 0.358055 -0.928694 0.096558
v 0.387893 -0.910253 0.144836
v 0.416251 -0.888653 0.192431
v 0.272451 -0.960922 0.048982
v 0.304401 -0.947437 0.098506
v 0.335464 -0.930349 0.148034
v 0.365281 -0.909811 0.197013
v 0.393540 -0.886085 0.244908
v 0.215083 -0.975329 0.049716
v 0.247687 -0.963646 0.100192
v 0.279723 -0.948153 0.150867
v 0.310803 -0.928945 0.201156
v 0.340570 -0.906241 0.250479
v 0.368714 -0.880380 0.298296
v 0.155401 -0.986571 0.050289
v 0.188310 -0.976844 0.101564
v 0.221005 -0.963156 0.153254
v 0.253082 -0.945531 0.204747
v 0.284149 -0.924131 0.255424
v 0.313849 -0.899256 0.304691
v 0.341883 -0.871318 0.352023
v 0.093970 -0.994284 0.050682
v 0.126795 -0.986611 0.102579
v 0.159783 -0.974888 0.155121
v 0.192528 -0.959064 0.207678
v 0.224616 -0.939232 0.259597
v 0.255653 -0.915637 0.310242
v 0.285289 -0.888656 0.359027
v 0.313233 -0.858772 0.405457
v 0.031447 -0.998209 0.050882
v 0.063783 -0.992613 0.103203
v 0.096663 -0.982952 0.156404
v 0.129694 -0.969094 0.209850
v 0.162460 -0.951057 0.262866
v 0.194541 -0.929016 0.314775
v 0.225547 -0.903297 0.364942
v 0.255133 -0.874353 0.412813
v 0.283023 -0.842727 0.457940
v -0.031447 -0.998209 0.050882
v 0.000000 -0.994638 0.103414
v 0.032356 -0.987059 0.157057
v 0.065260 -0.975265 0.211186
v 0.098310 -0.959192 0.265114
v 0.131080 -0.938939 0.318137
v 0.163150 -0.914765 0.369576
v 0.194134 -0.887075 0.418820
v 0.223697 -0.856386 0.465363
v 0.251576 -0.823292 0.508822
v -0.093970 -0.994284 0.050682
v -0.063783 -0.992613 0.103203
v -0.032356 -0.987059 0.157057
v 0.000000 -0.977348 0.211637
v 0.032912 -0.963339 0.266260
v 0.065966 -0.945048 0.320207
v 0.098735 -0.922658 0.372765
v 0.130799 -0.896510 0.423275
v 0.161778 -0.867078 0.471172
v 0.191349 -0.834932 0.516017
v 0.219263 -0.800696 0.557504
v -0.155401 -0.986571 0.050289
v -0.126795 -0.986611 0.102579
v -0.096663 -0.982952 0.156404
v -0.065260 -0.975265 0.211186
v -0.032912 -0.963339 0.266260
v -0.000000 -0.947111 0.320906
v 0.033055 -0.926682 0.374390
v 0.065823 -0.902318 0.426017
v 0.097890 -0.874432 0.475169
v 0.128884 -0.843556 0.521346
v 0.158494 -0.810293 0.564186
v 0.186482 -0.775275 0.603468
v -0.215083 -0.975329 0.049716
v -0.188310 -0.976844 0.101564
v -0.159783 -0.974888 0.155121
v -0.129694 -0.969094 0.209850
v -0.098310 -0.959192 0.265114
v -0.065966 -0.945048 0.320207
v -0.033055 -0.926682 0.374390
v -0.000000 -0.904279 0.426943
v 0.032770 -0.878180 0.477206
v 0.064847 -0.848860 0.524625
v 0.095870 -0.816886 0.568776
v 0.125540 -0.782874 0.609383
v 0.153631 -0.747452 0.646308
v -0.272451 -0.960922 0.048982
v -0.247687 -0.963646 0.100192
v -0.221005 -0.963156 0.153254
v -0.192528 -0.959064 0.207678
v -0.162460 -0.951057 0.262866
v -0.131080 -0.938939 0.318137
v -0.098735 -0.922658 0.372765
v -0.065823 -0.902318 0.426017
v -0.032770 -0.878180 0.477206
v -0.000000 -0.850651 0.525731
v 0.032088 -0.820243 0.571114
v 0.063144 -0.787543 0.613017
v 0.092883 -0.753162 0.651245
v 0.121089 -0.717701 0.685742
v -0.327055 -0.943780 0.048108
v -0.304401 -0.947437 0.098506
v -0.279723 -0.948153 0.150867
v -0.253082 -0.945531 0.204747
v -0.224616 -0.939232 0.259597
v -0.194541 -0.929016 0.314775
v -0.163150 -0.914765 0.369576
v -0.130799 -0.896510 0.423275
v -0.097890 -0.874432 0.475169
v -0.064847 -0.848860 0.524625
v -0.032088 -0.820243 0.571114
v 0.000000 -0.789117 0.614242
v 0.031080 -0.756066 0.653756
v 0.060880 -0.721680 0.689544
v 0.089197 -0.686523 0.721617
v -0.378571 -0.924372 0.047118
v -0.358055 -0.928694 0.096558
v -0.335464 -0.930349 0.148034
v -0.310803 -0.928945 0.201156
v -0.284149 -0.924131 0.255424
v -0.255653 -0.915637 0.310242
v -0.225547 -0.903297 0.364942
v -0.194134 -0.887075 0.418820
v -0.161778 -0.867078 0.471172
v -0.128884 -0.843556 0.521346
v -0.095870 -0.816886 0.568776
v -0.063144 -0.787543 0.613017
v -0.031080 -0.756066 0.653756
v -0.000000 -0.723022 0.690825
v 0.029838 -0.688963 0.724182
v 0.058242 -0.654407 0.753896
v -0.426796 -0.903175 0.046038
v -0.408385 -0.907916 0.094397
v -0.387893 -0.910253 0.144836
v -0.365281 -0.909811 0.197013
v -0.340570 -0.906241 0.250479
v -0.313849 -0.899256 0.304691
v -0.285289 -0.888656 0.359027
v -0.255133 -0.874353 0.412813
v -0.223697 -0.856386 0.465363
v -0.191349 -0.834932 0.516017
v -0.158494 -0.810293 0.564186
v -0.125540 -0.782874 0.609383
v -0.092883 -0.753162 0.651245
v -0.060880 -0.721680 0.689544
v -0.029838 -0.688963 0.724182
v -0.000000 -0.655520 0.755178
v 0.028453 -0.621816 0.782646
v -0.471638 -0.880649 0.044890
v -0.455249 -0.885590 0.092076
v -0.436812 -0.888377 0.141355
v -0.416251 -0.888653 0.192431
v -0.393540 -0.886085 0.244908
v -0.368714 -0.880380 0.298296
v -0.341883 -0.871318 0.352023
v -0.313233 -0.858772 0.405457
v -0.283023 -0.842727 0.457940
v -0.251576 -0.823292 0.508822
v -0.219263 -0.800696 0.557504
v -0.186482 -0.775275 0.603468
v -0.153631 -0.747452 0.646308
v -0.121089 -0.717701 0.685742
v -0.089197 -0.686523 0.721617
v -0.058242 -0.654407 0.753896
v -0.028453 -0.621816 0.782646
v -0.000000 -0.589161 0.808016
v 0.835759 -0.072633 0.544271
v 0.839552 -0.120529 0.529740
v 0.811099 -0.102944 0.575778
v 0.841258 -0.170476 0.513052
v 0.813519 -0.152738 0.561123
v 0.783017 -0.134481 0.607289
v 0.840546 -0.222163 0.494091
v 0.813696 -0.204512 0.544127
v 0.783858 -0.186071 0.592405
v 0.751349 -0.167037 0.638415
v 0.837103 -0.275180 0.472793
v 0.811304 -0.257893 0.524668
v 0.782315 -0.239524 0.574988
v 0.750424 -0.220267 0.623174
v 0.716014 -0.200343 0.668720
v 0.830664 -0.329022 0.449156
v 0.806049 -0.312401 0.502683
v 0.778078 -0.294397 0.554911
v 0.746997 -0.275188 0.605200
v 0.713167 -0.254996 0.652970
v 0.677034 -0.234073 0.697736
v 0.821030 -0.383103 0.423252
v 0.797692 -0.367461 0.478183
v 0.770877 -0.350140 0.532119
v 0.740783 -0.331288 0.584370
v 0.707733 -0.311115 0.634289
v 0.672153 -0.289873 0.681311
v 0.634548 -0.267851 0.724986
v 0.808090 -0.436780 0.395238
v 0.786077 -0.422425 0.451265
v 0.760516 -0.406112 0.506644
v 0.731554 -0.387949 0.560646
v 0.699466 -0.368118 0.612565
v 0.664646 -0.346861 0.661765
v 0.627583 -0.324470 0.707713
v 0.588827 -0.301268 0.750013
v 0.791845 -0.489387 0.365352
v 0.771149 -0.476596 0.422119
v 0.746893 -0.461605 0.478614
v 0.719166 -0.444469 0.534086
v 0.688191 -0.425325 0.587785
v 0.654319 -0.404391 0.639011
v 0.618009 -0.381951 0.687152
v 0.579800 -0.358336 0.731729
v 0.540269 -0.333905 0.772410
v 0.772410 -0.540269 0.333905
v 0.752972 -0.529276 0.391024
v 0.730017 -0.515887 0.448258
v 0.703579 -0.500096 0.504857
v 0.673825 -0.481987 0.560043
v 0.641055 -0.461734 0.613066
v 0.605689 -0.439597 0.663246
v 0.568239 -0.415902 0.710021
v 0.529276 -0.391024 0.752972
v 0.489387 -0.365352 0.791845
v 0.750013 -0.588827 0.301268
v 0.731729 -0.579800 0.358336
v 0.710021 -0.568239 0.415902
v 0.684873 -0.554074 0.473235
v 0.656398 -0.537322 0.529553
v 0.624841 -0.518106 0.584072
v 0.590575 -0.496642 0.636057
v 0.554074 -0.473235 0.684873
v 0.515887 -0.448258 0.730017
v 0.476596 -0.422119 0.771149
v 0.436780 -0.395238 0.808090
v 0.724986 -0.634548 0.267851
v 0.707713 -0.627583 0.324470
v 0.687152 -0.618009 0.381951
v 0.663246 -0.605689 0.439597
v 0.636057 -0.590575 0.496642
v 0.605776 -0.572721 0.552292
v 0.572721 -0.552292 0.605776
v 0.537322 -0.529553 0.656398
v 0.500096 -0.504857 0.703579
v 0.461605 -0.478614 0.746893
v 0.422425 -0.451265 0.786077
v 0.383103 -0.423252 0.821030
v 0.697736 -0.677034 0.234073
v 0.681311 -0.672153 0.289873
v 0.661765 -0.664646 0.346861
v 0.639011 -0.654319 0.404391
v 0.613066 -0.641055 0.461734
v 0.584072 -0.624841 0.518106
v 0.552292 -0.605776 0.572721
v 0.518106 -0.584072 0.624841
v 0.481987 -0.560043 0.673825
v 0.444469 -0.534086 0.719166
v 0.406112 -0.506644 0.760516
v 0.367461 -0.478183 0.797692
v 0.329022 -0.449156 0.830664
v 0.668720 -0.716014 0.200343
v 0.652970 -0.713167 0.254996
v 0.634289 -0.707733 0.311115
v 0.612565 -0.699466 0.368118
v 0.587785 -0.688191 0.425325
v 0.560043 -0.673825 0.481987
v 0.529553 -0.656398 0.537322
v 0.496642 -0.636057 0.590575
v 0.461734 -0.613066 0.641055
v 0.425325 -0.587785 0.688191
v 0.387949 -0.560646 0.731554
v 0.350140 -0.532119 0.770877
v 0.312401 -0.502683 0.806049
v 0.275180 -0.472793 0.837103
v 0.638415 -0.751349 0.167037
v 0.623174 -0.750424 0.220267
v 0.605200 -0.746997 0.275188
v 0.584370 -0.740783 0.331288
v 0.560646 -0.731554 0.387949
v 0.534086 -0.719166 0.444469
v 0.504857 -0.703579 0.500096
v 0.473235 -0.684873 0.554074
v 0.439597 -0.663246 0.605689
v 0.404391 -0.639011 0.654319
v 0.368118 -0.612565 0.699466
v 0.331288 -0.584370 0.740783
v 0.294397 -0.554911 0.778078
v 0.257893 -0.524668 0.811304
v 0.222163 -0.494091 0.840546
v 0.607289 -0.783017 0.134481
v 0.592405 -0.783858 0.186071
v 0.574988 -0.782315 0.239524
v 0.554911 -0.778078 0.294397
v 0.532119 -0.770877 0.350140
v 0.506644 -0.760516 0.406112
v 0.478614 -0.746893 0.461605
v 0.448258 -0.730017 0.515887
v 0.415902 -0.710021 0.568239
v 0.381951 -0.687152 0.618009
v 0.346861 -0.661765 0.664646
v 0.311115 -0.634289 0.707733
v 0.275188 -0.605200 0.746997
v 0.239524 -0.574988 0.782315
v 0.204512 -0.544127 0.813696
v 0.170476 -0.513052 0.841258
v 0.575778 -0.811099 0.102944
v 0.561123 -0.813519 0.152738
v 0.544127 -0.813696 0.204512
v 0.524668 -0.811304 0.257893
v 0.502683 -0.806049 0.312401
v 0.478183 -0.797692 0.367461
v 0.451265 -0.786077 0.422425
v 0.422119 -0.771149 0.476596
v 0.391024 -0.752972 0.529276
v 0.358336 -0.731729 0.579800
v 0.324470 -0.707713 0.627583
v 0.289873 -0.681311 0.672153
v 0.254996 -0.652970 0.713167
v 0.220267 -0.623174 0.750424
v 0.186071 -0.592405 0.783858
v 0.152738 -0.561123 0.813519
v 0.120529 -0.529740 0.839552
v 0.544271 -0.835759 0.072633
v 0.529740 -0.839552 0.120529
v 0.513052 -0.841258 0.170476
v 0.494091 -0.840546 0.222163
v 0.472793 -0.837103 0.275180
v 0.449156 -0.830664 0.329022
v 0.423252 -0.821030 0.383103
v 0.395238 -0.808090 0.436780
v 0.365352 -0.791845 0.489387
v 0.333905 -0.772410 0.540269
v 0.301268 -0.750013 0.588827
v 0.267851 -0.724986 0.634548
v 0.234073 -0.697736 0.677034
v 0.200343 -0.668720 0.716014
v 0.167037 -0.638415 0.751349
v 0.134481 -0.607289 0.783017
v 0.102944 -0.575778 0.811099
v 0.072633 -0.544271 0.835759
v 0.880649 -0.044890 0.471638
v 0.903175 -0.046038 0.426796
v 0.885590 -0.092076 0.455249
v 0.924372 -0.047118 0.378571
v 0.907916 -0.094397 0.408385
v 0.888377 -0.141355 0.436812
v 0.943780 -0.048108 0.327055
v 0.928694 -0.096558 0.358055
v 0.910253 -0.144836 0.387893
v 0.888653 -0.192431 0.416251
v 0.960922 -0.048982 0.272451
v 0.947437 -0.098506 0.304401
v 0.930349 -0.148034 0.335464
v 0.909811 -0.197013 0.365281
v 0.886085 -0.244908 0.393540
v 0.975329 -0.049716 0.215083
v 0.963646 -0.100192 0.247687
v 0.948153 -0.150867 0.279723
v 0.928945 -0.201156 0.310803
v 0.906241 -0.250479 0.340570
v 0.880380 -0.298296 0.368714
v 0.986571 -0.050289 0.155401
v 0.976844 -0.101564 0.188310
v 0.963156 -0.153254 0.221005
v 0.945531 -0.204747 0.253082
v 0.924131 -0.255424 0.284149
v 0.899256 -0.304691 0.313849
v 0.871318 -0.352023 0.341883
v 0.994284 -0.050682 0.093970
v 0.986611 -0.102579 0.126795
v 0.974888 -0.155121 0.159783
v 0.959064 -0.207678 0.192528
v 0.939232 -0.259597 0.224616
v 0.915637 -0.310242 0.255653
v 0.888656 -0.359027 0.285289
v 0.858772 -0.405457 0.313233
v 0.998209 -0.050882 0.031447
v 0.992613 -0.103203 0.063783
v 0.982952 -0.156404 0.096663
v 0.969094 -0.209850 0.129694
v 0.951057 -0.262866 0.162460
v 0.929016 -0.314775 0.194541
v 0.903297 -0.364942 0.225547
v 0.874353 -0.412813 0.255133
v 0.842727 -0.457940 0.283023
v 0.998209 -0.050882 -0.031447
v 0.994638 -0.103414 0.000000
v 0.987059 -0.157057 0.032356
v 0.975265 -0.211186 0.065260
v 0.959192 -0.265114 0.098310
v 0.938939 -0.318137 0.131080
v 0.914765 -0.369576 0.163150
v 0.887075 -0.418820 0.194134
v 0.856386 -0.465363 0.223697
v 0.823292 -0.508822 0.251576
v 0.994284 -0.050682 -0.093970
v 0.992613 -0.103203 -0.063783
v 0.987059 -0.157057 -0.032356
v 0.977348 -0.211637 0.000000
v 0.963339 -0.266260 0.032912
v 0.945048 -0.320207 0.065966
v 0.922658 -0.372765 0.098735
v 0.896510 -0.423275 0.130799
v 0.867078 -0.471172 0.161778
v 0.834932 -0.516017 0.191349
v 0.800696 -0.557504 0.219263
v 0.986571 -0.050289 -0.155401
v 0.986611 -0.102579 -0.126795
v 0.982952 -0.156404 -0.096663
v 0.975265 -0.211186 -0.065260
v 0.963339 -0.266260 -0.032912
v 0.947111 -0.320906 -0.000000
v 0.926682 -0.374390 0.033055
v 0.902318 -0.426017 0.065823
v 0.874432 -0.475169 0.097890
v 0.843556 -0.521346 0.128884
v 0.810293 -0.564186 0.158494
v 0.775275 -0.603468 0.186482
v 0.975329 -0.049716 -0.215083
v 0.976844 -0.101564 -0.188310
v 0.974888 -0.155121 -0.159783
v 0.969094 -0.209850 -0.129694
v 0.959192 -0.265114 -0.098310
v 0.945048 -0.320207 -0.065966
v 0.926682 -0.374390 -0.033055
v 0.904279 -0.426943 -0.000000
v 0.878180 -0.477206 0.032770
v 0.848860 -0.524625 0.064847
v 0.816886 -0.568776 0.095870
v 0.782874 -0.609383 0.125540
v 0.747452 -0.646308 0.153631
v 0.960922 -0.048982 -0.272451
v 0.963646 -0.100192 -0.247687
v 0.963156 -0.153254 -0.221005
v 0.959064 -0.207678 -0.192528
v 0.951057 -0.262866 -0.162460
v 0.938939 -0.318137 -0.131080
v 0.922658 -0.372765 -0.098735
v 0.902318 -0.426017 -0.065823
v 0.878180 -0.477206 -0.032770
v 0.850651 -0.525731 -0.000000
v 0.820243 -0.571114 0.032088
v 0.787543 -0.613017 0.063144
v 0.753162 -0.651245 0.092883
v 0.717701 -0.685742 0.121089
v 0.943780 -0.048108 -0.327055
v 0.947437 -0.098506 -0.304401
v 0.948153 -0.150867 -0.279723
v 0.945531 -0.204747 -0.253082
v 0.939232 -0.259597 -0.224616
v 0.929016 -0.314775 -0.194541
v 0.914765 -0.369576 -0.163150
v 0.896510 -0.423275 -0.130799
v 0.874432 -0.475169 -0.097890
v 0.848860 -0.524625 -0.064847
v 0.820243 -0.571114 -0.032088
v 0.789117 -0.614242 0.000000
v 0.756066 -0.653756 0.031080
v 0.721680 -0.689544 0.060880
v 0.686523 -0.721617 0.089197
v 0.924372 -0.047118 -0.378571
v 0.928694 -0.096558 -0.358055
v 0.930349 -0.148034 -0.335464
v 0.928945 -0.201156 -0.310803
v 0.924131 -0.255424 -0.284149
v 0.915637 -0.310242 -0.255653
v 0.903297 -0.364942 -0.225547
v 0.887075 -0.418820 -0.194134
v 0.867078 -0.471172 -0.161778
v 0.843556 -0.521346 -0.128884
v 0.816886 -0.568776 -0.095870
v 0.787543 -0.613017 -0.063144
v 0.756066 -0.653756 -0.031080
v 0.723022 -0.690825 -0.000000
v 0.688963 -0.724182 0.029838
v 0.654407 -0.753896 0.058242
v 0.903175 -0.046038 -0.426796
v 0.907916 -0.094397 -0.408385
v 0.910253 -0.144836 -0.387893
v 0.909811 -0.197013 -0.365281
v 0.906241 -0.250479 -0.340570
v 0.899256 -0.304691 -0.313849
v 0.888656 -0.359027 -0.285289
v 0.874353 -0.412813 -0.255133
v 0.856386 -0.465363 -0.223697
v 0.834932 -0.516017 -0.191349
v 0.810293 -0.564186 -0.158494
v 0.782874 -0.609383 -0.125540
v 0.753162 -0.651245 -0.092883
v 0.721680 -0.689544 -0.060880
v 0.688963 -0.724182 -0.029838
v 0.655520 -0.755178 -0.000000
v 0.621816 -0.782646 0.028453
v 0.880649 -0.044890 -0.471638
v 0.885590 -0.092076 -0.455249
v 0.888377 -0.141355 -0.436812
v 0.888653 -0.192431 -0.416251
v 0.886085 -0.244908 -0.393540
v 0.880380 -0.298296 -0.368714
v 0.871318 -0.352023 -0.341883
v 0.858772 -0.405457 -0.313233
v 0.842727 -0.457940 -0.283023
v 0.823292 -0.508822 -0.251576
v 0.800696 -0.557504 -0.219263
v 0.775275 -0.603468 -0.186482
v 0.747452 -0.646308 -0.153631
v 0.717701 -0.685742 -0.121089
v 0.686523 -0.721617 -0.089197
v 0.654407 -0.753896 -0.058242
v 0.621816 -0.782646 -0.028453
v 0.589161 -0.808016 -0.000000
v 0.835759 -0.072633 -0.544271
v 0.811099 -0.102944 -0.575778
v 0.839552 -0.120529 -0.529740
v 0.783017 -0.134481 -0.607289
v 0.813519 -0.152738 -0.561123
v 0.841258 -0.170476 -0.513052
v 0.751349 -0.167037 -0.638415
v 0.783858 -0.186071 -0.592405
v 0.813696 -0.204512 -0.544127
v 0.840546 -0.222163 -0.494091
v 0.716014 -0.200343 -0.668720
v 0.750424 -0.220267 -0.623174
v 0.782315 -0.239524 -0.574988
v 0.811304 -0.257893 -0.524668
v 0.837103 -0.275180 -0.472793
v 0.677034 -0.234073 -0.697736
v 0.713167 -0.254996 -0.652970
v 0.746997 -0.275188 -0.605200
v 0.778078 -0.294397 -0.554911
v 0.806049 -0.312401 -0.502683
v 0.830664 -0.329022 -0.449156
v 0.634548 -0.267851 -0.724986
v 0.672153 -0.289873 -0.681311
v 0.707733 -0.311115 -0.634289
v 0.740783 -0.331288 -0.584370
v 0.770877 -0.350140 -0.532119
v 0.797692 -0.367461 -0.478183
v 0.821030 -0.383103 -0.423252
v 0.588827 -0.301268 -0.750013
v 0.627583 -0.324470 -0.707713
v 0.664646 -0.346861 -0.661765
v 0.699466 -0.368118 -0.612565
v 0.731554 -0.387949 -0.560646
v 0.760516 -0.406112 -0.506644
v 0.786077 -0.422425 -0.451265
v 0.808090 -0.436780 -0.395238
v 0.540269 -0.333905 -0.772410
v 0.579800 -0.358336 -0.731729
v 0.618009 -0.381951 -0.687152
v 0.654319 -0.404391 -0.639011
v 0.688191 -0.425325 -0.587785
v 0.719166 -0.444469 -0.534086
v 0.746893 -0.461605 -0.478614
v 0.771149 -0.476596 -0.422119
v 0.791845 -0.489387 -0.365352
v 0.489387 -0.365352 -0.791845
v 0.529276 -0.391024 -0.752972
v 0.568239 -0.415902 -0.710021
v 0.605689 -0.439597 -0.663246
v 0.641055 -0.461734 -0.613066
v 0.673825 -0.481987 -0.560043
v 0.703579 -0.500096 -0.504857
v 0.730017 -0.515887 -0.448258
v 0.752972 -0.529276 -0.391024
v 0.772410 -0.540269 -0.333905
v 0.436780 -0.395238 -0.808090
v 0.476596 -0.422119 -0.771149
v 0.515887 -0.448258 -0.730017
v 0.554074 -0.473235 -0.684873
v 0.590575 -0.496642 -0.636057
v 0.624841 -0.518106 -0.584072
v 0.656398 -0.537322 -0.529553
v 0.684873 -0.554074 -0.473235
v 0.710021 -0.568239 -0.415902
v 0.731729 -0.579800 -0.358336
v 0.750013 -0.588827 -0.301268
v 0.383103 -0.423252 -0.821030
v 0.422425 -0.451265 -0.786077
v 0.461605 -0.478614 -0.746893
v 0.500096 -0.504857 -0.703579
v 0.537322 -0.529553 -0.656398
v 0.572721 -0.552292 -0.605776
v 0.605776 -0.572721 -0.552292
v 0.636057 -0.590575 -0.496642
v 0.663246 -0.605689 -0.439597
v 0.687152 -0.618009 -0.381951
v 0.707713 -0.627583 -0.324470
v 0.724986 -0.634548 -0.267851
v 0.329022 -0.449156 -0.830664
v 0.367461 -0.478183 -0.797692
v 0.406112 -0.506644 -0.760516
v 0.444469 -0.534086 -0.719166
v 0.481987 -0.560043 -0.673825
v 0.518106 -0.584072 -0.624841
v 0.552292 -0.605776 -0.572721
v 0.584072 -0.624841 -0.518106
v 0.613066 -0.641055 -0.461734
v 0.639011 -0.654319 -0.404391
v 0.661765 -0.664646 -0.346861
v 0.681311 -0.672153 -0.289873
v 0.697736 -0.677034 -0.234073
v 0.275180 -0.472793 -0.837103
v 0.312401 -0.502683 -0.806049
v 0.350140 -0.532119 -0.770877
v 0.387949 -0.560646 -0.731554
v 0.425325 -0.587785 -0.688191
v 0.461734 -0.613066 -0.641055
v 0.496642 -0.636057 -0.590575
v 0.529553 -0.656398 -0.537322
v 0.560043 -0.673825 -0.481987
v 0.587785 -0.688191 -0.425325
v 0.612565 -0.699466 -0.368118
v 0.634289 -0.707733 -0.311115
v 0.652970 -0.713167 -0.254996
v 0.668720 -0.716014 -0.200343
v 0.222163 -0.494091 -0.840546
v 0.257893 -0.524668 -0.811304
v 0.294397 -0.554911 -0.778078
v 0.331288 -0.584370 -0.740783
v 0.368118 -0.612565 -0.699466
v 0.404391 -0.639011 -0.654319
v 0.439597 -0.663246 -0.605689
v 0.473235 -0.684873 -0.554074
v 0.504857 -0.703579 -0.500096
v 0.534086 -0.719166 -0.444469
v 0.560646 -0.731554 -0.387949
v 0.584370 -0.740783 -0.331288
v 0.605200 -0.746997 -0.275188
v 0.623174 -0.750424 -0.220267
v 0.638415 -0.751349 -0.167037
v 0.170476 -0.513052 -0.841258
v 0.204512 -0.544127 -0.813696
v 0.239524 -0.574988 -0.782315
v 0.275188 -0.605200 -0.746997
v 0.311115 -0.634289 -0.707733
v 0.346861 -0.661765 -0.664646
v 0.381951 -0.687152 -0.618009
v 0.415902 -0.710021 -0.568239
v 0.448258 -0.730017 -0.515887
v 0.478614 -0.746893 -0.461605
v 0.506644 -0.760516 -0.406112
v 0.532119 -0.770877 -0.350140
v 0.554911 -0.778078 -0.294397
v 0.574988 -0.782315 -0.239524
v 0.592405 -0.783858 -0.186071
v 0.607289 -0.783017 -0.134481
v 0.120529 -0.529740 -0.839552
v 0.152738 -0.561123 -0.813519
v 0.186071 -0.592405 -0.783858
v 0.220267 -0.623174 -0.750424
v 0.254996 -0.652970 -0.713167
v 0.289873 -0.681311 -0.672153
v 0.324470 -0.707713 -0.627583
v 0.358336 -0.731729 -0.579800
v 0.391024 -0.752972 -0.529276
v 0.422119 -0.771149 -0.476596
v 0.451265 -0.786077 -0.422425
v 0.478183 -0.797692 -0.367461
v 0.502683 -0.806049 -0.312401
v 0.524668 -0.811304 -0.257893
v 0.544127 -0.813696 -0.204512
v 0.561123 -0.813519 -0.152738
v 0.575778 -0.811099 -0.102944
v 0.072633 -0.544271 -0.835759
v 0.102944 -0.575778 -0.811099
v 0.134481 -0.607289 -0.783017
v 0.167037 -0.638415 -0.751349
v 0.200343 -0.668720 -0.716014
v 0.234073 -0.697736 -0.677034
v 0.267851 -0.724986 -0.634548
v 0.301268 -0.750013 -0.588827
v 0.333905 -0.772410 -0.540269
v 0.365352 -0.791845 -0.489387
v 0.395238 -0.808090 -0.436780
v 0.423252 -0.821030 -0.383103
v 0.449156 -0.830664 -0.329022
v 0.472793 -0.837103 -0.275180
v 0.494091 -0.840546 -0.222163
v 0.513052 -0.841258 -0.170476
v 0.529740 -0.839552 -0.120529
v 0.544271 -0.835759 -0.072633
v 0.000000 -0.589161 -0.808016
v -0.028453 -0.621816 -0.782646
v 0.028453 -0.621816 -0.782646
v -0.058242 -0.654407 -0.753896
v 0.000000 -0.655520 -0.755178
v 0.058242 -0.654407 -0.753896
v -0.089197 -0.686523 -0.721617
v -0.029838 -0.688963 -0.724182
v 0.029838 -0.688963 -0.724182
v 0.089197 -0.686523 -0.721617
v -0.121089 -0.717701 -0.685742
v -0.060880 -0.721680 -0.689544
v 0.000000 -0.723022 -0.690825
v 0.060880 -0.721680 -0.689544
v 0.121089 -0.717701 -0.685742
v -0.153631 -0.747452 -0.646308
v -0.092883 -0.753162 -0.651245
v -0.031080 -0.756066 -0.653756
v 0.031080 -0.756066 -0.653756
v 0.092883 -0.753162 -0.651245
v 0.153631 -0.747452 -0.646308
v -0.186482 -0.775275 -0.603468
v -0.125540 -0.782874 -0.609383
v -0.063144 -0.787543 -0.613017
v 0.000000 -0.789117 -0.614242
v 0.063144 -0.787543 -0.613017
v 0.125540 -0.782874 -0.609383
v 0.186482 -0.775275 -0.603468
v -0.219263 -0.800696 -0.557504
v -0.158494 -0.810293 -0.564186
v -0.095870 -0.816886 -0.568776
v -0.032088 -0.820243 -0.571114
v 0.032088 -0.820243 -0.571114
v 0.095870 -0.816886 -0.568776
v 0.158494 -0.810293 -0.564186
v 0.219263 -0.800696 -0.557504
v -0.251576 -0.823292 -0.508822
v -0.191349 -0.834932 -0.516017
v -0.128884 -0.843556 -0.521346
v -0.064847 -0.848860 -0.524625
v 0.000000 -0.850651 -0.525731
v 0.064847 -0.848860 -0.524625
v 0.128884 -0.843556 -0.521346
v 0.191349 -0.834932 -0.516017
v 0.251576 -0.823292 -0.508822
v -0.283023 -0.842727 -0.457940
v -0.223697 -0.856386 -0.465363
v -0.161778 -0.867078 -0.471172
v -0.097890 -0.874432 -0.475169
v -0.032770 -0.878180 -0.477206
v 0.032770 -0.878180 -0.477206
v 0.097890 -0.874432 -0.475169
v 0.161778 -0.867078 -0.471172
v 0.223697 -0.856386 -0.465363
v 0.283023 -0.842727 -0.457940
v -0.313233 -0.858772 -0.405457
v -0.255133 -0.874353 -0.412813
v -0.194134 -0.887075 -0.418820
v -0.130799 -0.896510 -0.423275
v -0.065823 -0.902318 -0.426017
v 0.000000 -0.904279 -0.426943
v 0.065823 -0.902318 -0.426017
v 0.130799 -0.896510 -0.423275
v 0.194134 -0.887075 -0.418820
v 0.255133 -0.874353 -0.412813
v 0.313233 -0.858772 -0.405457
v -0.341883 -0.871318 -0.352023
v -0.285289 -0.888656 -0.359027
v -0.225547 -0.903297 -0.364942
v -0.163150 -0.914765 -0.369576
v -0.098735 -0.922658 -0.372765
v -0.033055 -0.926682 -0.374390
v 0.033055 -0.926682 -0.374390
v 0.098735 -0.922658 -0.372765
v 0.163150 -0.914765 -0.369576
v 0.225547 -0.903297 -0.364942
v 0.285289 -0.888656 -0.359027
v 0.341883 -0.871318 -0.352023
v -0.368714 -0.880380 -0.298296
v -0.313849 -0.899256 -0.304691
v -0.255653 -0.915637 -0.310242
v -0.194541 -0.929016 -0.314775
v -0.131080 -0.938939 -0.318137
v -0.065966 -0.945048 -0.320207
v -0.000000 -0.947111 -0.320906
v 0.065966 -0.945048 -0.320207
v 0.131080 -0.938939 -0.318137
v 0.194541 -0.929016 -0.314775
v 0.255653 -0.915637 -0.310242
v 0.313849 -0.899256 -0.304691
v 0.368714 -0.880380 -0.298296
v -0.393540 -0.886085 -0.244908
v -0.340570 -0.906241 -0.250479
v -0.284149 -0.924131 -0.255424
v -0.224616 -0.939232 -0.259597
v -0.162460 -0.951057 -0.262866
v -0.098310 -0.959192 -0.265114
v -0.032912 -0.963339 -0.266260
v 0.032912 -0.963339 -0.266260
v 0.098310 -0.959192 -0.265114
v 0.162460 -0.951057 -0.262866
v 0.224616 -0.939232 -0.259597
v 0.284149 -0.924131 -0.255424
v 0.340570 -0.906241 -0.250479
v 0.393540 -0.886085 -0.244908
v -0.416251 -0.888653 -0.192431
v -0.365281 -0.909811 -0.197013
v -0.310803 -0.928945 -0.201156
v -0.253082 -0.945531 -0.204747
v -0.192528 -0.959064 -0.207678
v -0.129694 -0.969094 -0.209850
v -0.065260 -0.975265 -0.211186
v 0.000000 -0.977348 -0.211637
v 0.065260 -0.975265 -0.211186
v 0.129694 -0.969094 -0.209850
v 0.192528 -0.959064 -0.207678
v 0.253082 -0.945531 -0.204747
v 0.310803 -0.928945 -0.201156
v 0.365281 -0.909811 -0.197013
v 0.416251 -0.888653 -0.192431
v -0.436812 -0.888377 -0.141355
v -0.387893 -0.910253 -0.144836
v -0.335464 -0.930349 -0.148034
v -0.279723 -0.948153 -0.150867
v -0.221005 -0.963156 -0.153254
v -0.159783 -0.974888 -0.155121
v -0.096663 -0.982952 -0.156404
v -0.032356 -0.987059 -0.157057
v 0.032356 -0.987059 -0.157057
v 0.096663 -0.982952 -0.156404
v 0.159783 -0.974888 -0.155121
v 0.221005 -0.963156 -0.153254
v 0.279723 -0.948153 -0.150867
v 0.335464 -0.930349 -0.148034
v 0.387893 -0.910253 -0.144836
v 0.436812 -0.888377 -0.141355
v -0.455249 -0.885590 -0.092076
v -0.408385 -0.907916 -0.094397
v -0.358055 -0.928694 -0.096558
v -0.304401 -0.947437 -0.098506
v -0.247687 -0.963646 -0.100192
v -0.188310 -0.976844 -0.101564
v -0.126795 -0.986611 -0.102579
v -0.063783 -0.992613 -0.103203
v -0.000000 -0.994638 -0.103414
v 0.063783 -0.992613 -0.103203
v 0.126795 -0.986611 -0.102579
v 0.188310 -0.976844 -0.101564
v 0.247687 -0.963646 -0.100192
v 0.304401 -0.947437 -0.098506
v 0.358055 -0.928694 -0.096558
v 0.408385 -0.907916 -0.094397
v 0.455249 -0.885590 -0.092076
v -0.471638 -0.880649 -0.044890
v -0.426796 -0.903175 -0.046038
v -0.378571 -0.924372 -0.047118
v -0.327055 -0.943780 -0.048108
v -0.272451 -0.960922 -0.048982
v -0.215083 -0.975329 -0.049716
v -0.155401 -0.986571 -0.050289
v -0.093970 -0.994284 -0.050682
v -0.031447 -0.998209 -0.050882
v 0.031447 -0.998209 -0.050882
v 0.093970 -0.994284 -0.050682
v 0.155401 -0.986571 -0.050289
v 0.215083 -0.975329 -0.049716
v 0.272451 -0.960922 -0.048982
v 0.327055 -0.943780 -0.048108
v 0.378571 -0.924372 -0.047118
v 0.426796 -0.903175 -0.046038
v 0.471638 -0.880649 -0.044890
v -0.072633 -0.544271 -0.835759
v -0.120529 -0.529740 -0.839552
v -0.102944 -0.575778 -0.811099
v -0.170476 -0.513052 -0.841258
v -0.152738 -0.561123 -0.813519
v -0.134481 -0.607289 -0.783017
v -0.222163 -0.494091 -0.840546
v -0.204512 -0.544127 -0.813696
v -0.186071 -0.592405 -0.783858
v -0.167037 -0.638415 -0.751349
v -0.275180 -0.472793 -0.837103
v -0.257893 -0.524668 -0.811304
v -0.239524 -0.574988 -0.782315
v -0.220267 -0.623174 -0.750424
v -0.200343 -0.668720 -0.716014
v -0.329022 -0.449156 -0.830664
v -0.312401 -0.502683 -0.806049
v -0.294397 -0.554911 -0.778078
v -0.275188 -0.605200 -0.746997
v -0.254996 -0.652970 -0.713167
v -0.234073 -0.697736 -0.677034
v -0.383103 -0.423252 -0.821030
v -0.367461 -0.478183 -0.797692
v -0.350140 -0.532119 -0.770877
v -0.331288 -0.584370 -0.740783
v -0.311115 -0.634289 -0.707733
v -0.289873 -0.681311 -0.672153
v -0.267851 -0.724986 -0.634548
v -0.436780 -0.395238 -0.808090
v -0.422425 -0.451265 -0.786077
v -0.406112 -0.506644 -0.760516
v -0.387949 -0.560646 -0.731554
v -0.368118 -0.612565 -0.699466
v -0.346861 -0.661765 -0.664646
v -0.324470 -0.707713 -0.627583
v -0.301268 -0.750013 -0.588827
v -0.489387 -0.365352 -0.791845
v -0.476596 -0.422119 -0.771149
v -0.461605 -0.478614 -0.746893
v -0.444469 -0.534086 -0.719166
v -0.425325 -0.587785 -0.688191
v -0.404391 -0.639011 -0.654319
v -0.381951 -0.687152 -0.618009
v -0.358336 -0.731729 -0.579800
v -0.333905 -0.772410 -0.540269
v -0.540269 -0.333905 -0.772410
v -0.529276 -0.391024 -0.752972
v -0.515887 -0.448258 -0.730017
v -0.500096 -0.504857 -0.703579
v -0.481987 -0.560043 -0.673825
v -0.461734 -0.613066 -0.641055
v -0.439597 -0.663246 -0.605689
v -0.415902 -0.710021 -0.568239
v -0.391024 -0.752972 -0.529276
v -0.365352 -0.791845 -0.489387
v -0.588827 -0.301268 -0.750013
v -0.579800 -0.358336 -0.731729
v -0.568239 -0.415902 -0.710021
v -0.554074 -0.473235 -0.684873
v -0.537322 -0.529553 -0.656398
v -0.518106 -0.584072 -0.624841
v -0.496642 -0.636057 -0.590575
v -0.473235 -0.684873 -0.554074
v -0.448258 -0.730017 -0.515887
v -0.422119 -0.771149 -0.476596
v -0.395238 -0.808090 -0.436780
v -0.634548 -0.267851 -0.724986
v -0.627583 -0.324470 -0.707713
v -0.618009 -0.381951 -0.687152
v -0.605689 -0.439597 -0.663246
v -0.590575 -0.496642 -0.636057
v -0.572721 -0.552292 -0.605776
v -0.552292 -0.605776 -0.572721
v -0.529553 -0.656398 -0.537322
v -0.504857 -0.703579 -0.500096
v -0.478614 -0.746893 -0.461605
v -0.451265 -0.786077 -0.422425
v -0.423252 -0.821030 -0.383103
v -0.677034 -0.234073 -0.697736
v -0.672153 -0.289873 -0.681311
v -0.664646 -0.346861 -0.661765
v -0.654319 -0.404391 -0.639011
v -0.641055 -0.461734 -0.613066
v -0.624841 -0.518106 -0.584072
v -0.605776 -0.572721 -0.552292
v -0.584072 -0.624841 -0.518106
v -0.560043 -0.673825 -0.481987
v -0.534086 -0.719166 -0.444469
v -0.506644 -0.760516 -0.406112
v -0.478183 -0.797692 -0.367461
v -0.449156 -0.830664 -0.329022
v -0.716014 -0.200343 -0.668720
v -0.713167 -0.254996 -0.652970
v -0.707733 -0.311115 -0.634289
v -0.699466 -0.368118 -0.612565
v -0.688191 -0.425325 -0.587785
v -0.673825 -0.481987 -0.560043
v -0.656398 -0.537322 -0.529553
v -0.636057 -0.590575 -0.496642
v -0.613066 -0.641055 -0.461734
v -0.587785 -0.688191 -0.425325
v -0.560646 -0.731554 -0.387949
v -0.532119 -0.770877 -0.350140
v -0.502683 -0.806049 -0.312401
v -0.472793 -0.837103 -0.275180
v -0.751349 -0.167037 -0.638415
v -0.750424 -0.220267 -0.623174
v -0.746997 -0.275188 -0.605200
v -0.740783 -0.331288 -0.584370
v -0.731554 -0.387949 -0.560646
v -0.719166 -0.444469 -0.534086
v -0.703579 -0.500096 -0.504857
v -0.684873 -0.554074 -0.473235
v -0.663246 -0.605689 -0.439597
v -0.639011 -0.654319 -0.404391
v -0.612565 -0.699466 -0.368118
v -0.584370 -0.740783 -0.331288
v -0.554911 -0.778078 -0.294397
v -0.524668 -0.811304 -0.257893
v -0.494091 -0.840546 -0.222163
v -0.783017 -0.134481 -0.607289
v -0.783858 -0.186071 -0.592405
v -0.782315 -0.239524 -0.574988
v -0.778078 -0.294397 -0.554911
v -0.770877 -0.350140 -0.532119
v -0.760516 -0.406112 -0.506644
v -0.746893 -0.461605 -0.478614
v -0.730017 -0.515887 -0.448258
v -0.710021 -0.568239 -0.415902
v -0.687152 -0.618009 -0.381951
v -0.661765 -0.664646 -0.346861
v -0.634289 -0.707733 -0.311115
v -0.605200 -0.746997 -0.275188
v -0.574988 -0.782315 -0.239524
v -0.544127 -0.813696 -0.204512
v -0.513052 -0.841258 -0.170476
v -0.811099 -0.102944 -0.575778
v -0.813519 -0.152738 -0.561123
v -0.813696 -0.204512 -0.544127
v -0.811304 -0.257893 -0.524668
v -0.806049 -0.312401 -0.502683
v -0.797692 -0.367461 -0.478183
v -0.786077 -0.422425 -0.451265
v -0.771149 -0.476596 -0.422119
v -0.752972 -0.529276 -0.391024
v -0.731729 -0.579800 -0.358336
v -0.707713 -0.627583 -0.324470
v -0.681311 -0.672153 -0.289873
v -0.652970 -0.713167 -0.254996
v -0.623174 -0.750424 -0.220267
v -0.592405 -0.783858 -0.186071
v -0.561123 -0.813519 -0.152738
v -0.529740 -0.839552 -0.120529
v -0.835759 -0.072633 -0.544271
v -0.839552 -0.120529 -0.529740
v -0.841258 -0.170476 -0.513052
v -0.840546 -0.222163 -0.494091
v -0.837103 -0.275180 -0.472793
v -0.830664 -0.329022 -0.449156
v -0.821030 -0.383103 -0.423252
v -0.808090 -0.436780 -0.395238
v -0.791845 -0.489387 -0.365352
v -0.772410 -0.540269 -0.333905
v -0.750013 -0.588827 -0.301268
v -0.724986 -0.634548 -0.267851
v -0.697736 -0.677034 -0.234073
v -0.668720 -0.716014 -0.200343
v -0.638415 -0.751349 -0.167037
v -0.607289 -0.783017 -0.134481
v -0.575778 -0.811099 -0.102944
v -0.544271 -0.835759 -0.072633
v -0.880649 -0.044890 -0.471638
v -0.903175 -0.046038 -0.426796
v -0.885590 -0.092076 -0.455249
v -0.924372 -0.047118 -0.378571
v -0.907916 -0.094397 -0.408385
v -0.888377 -0.141355 -0.436812
v -0.943780 -0.048108 -0.327055
v -0.928694 -0.096558 -0.358055
v -0.910253 -0.144836 -0.387893
v -0.888653 -0.192431 -0.416251
v -0.960922 -0.048982 -0.272451
v -0.947437 -0.098506 -0.304401
v -0.930349 -0.148034 -0.335464
v -0.909811 -0.197013 -0.365281
v -0.886085 -0.244908 -0.393540
v -0.975329 -0.049716 -0.215083
v -0.963646 -0.100192 -0.247687
v -0.948153 -0.150867 -0.279723
v -0.928945 -0.201156 -0.310803
v -0.906241 -0.250479 -0.340570
v -0.880380 -0.298296 -0.368714
v -0.986571 -0.050289 -0.155401
v -0.976844 -0.101564 -0.188310
v -0.963156 -0.153254 -0.221005
v -0.945531 -0.204747 -0.253082
v -0.924131 -0.255424 -0.284149
v -0.899256 -0.304691 -0.313849
v -0.871318 -0.352023 -0.341883
v -0.994284 -0.050682 -0.093970
v -0.986611 -0.102579 -0.126795
v -0.974888 -0.155121 -0.159783
v -0.959064 -0.207678 -0.192528
v -0.939232 -0.259597 -0.224616
v -0.915637 -0.310242 -0.255653
v -0.888656 -0.359027 -0.285289
v -0.858772 -0.405457 -0.313233
v -0.998209 -0.050882 -0.031447
v -0.992613 -0.103203 -0.063783
v -0.982952 -0.156404 -0.096663
v -0.969094 -0.209850 -0.129694
v -0.951057 -0.262866 -0.162460
v -0.929016 -0.314775 -0.194541
v -0.903297 -0.364942 -0.225547
v -0.874353 -0.412813 -0.255133
v -0.842727 -0.457940 -0.283023
v -0.998209 -0.050882 0.031447
v -0.994638 -0.103414 -0.000000
v -0.987059 -0.157057 -0.032356
v -0.975265 -0.211186 -0.065260
v -0.959192 -0.265114 -0.098310
v -0.938939 -0.318137 -0.131080
v -0.914765 -0.369576 -0.163150
v -0.887075 -0.418820 -0.194134
v -0.856386 -0.465363 -0.223697
v -0.823292 -0.508822 -0.251576
v -0.994284 -0.050682 0.093970
v -0.992613 -0.103203 0.063783
v -0.987059 -0.157057 0.032356
v -0.977348 -0.211637 -0.000000
v -0.963339 -0.266260 -0.032912
v -0.945048 -0.320207 -0.065966
v -0.922658 -0.372765 -0.098735
v -0.896510 -0.423275 -0.130799
v -0.867078 -0.471172 -0.161778
v -0.834932 -0.516017 -0.191349
v -0.800696 -0.557504 -0.219263
v -0.986571 -0.050289 0.155401
v -0.986611 -0.102579 0.126795
v -0.982952 -0.156404 0.096663
v -0.975265 -0.211186 0.065260
v -0.963339 -0.266260 0.032912
v -0.947111 -0.320906 0.000000
v -0.926682 -0.374390 -0.033055
v -0.902318 -0.426017 -0.065823
v -0.874432 -0.475169 -0.097890
v -0.843556 -0.521346 -0.128884
v -0.810293 -0.564186 -0.158494
v -0.775275 -0.603468 -0.186482
v -0.975329 -0.049716 0.215083
v -0.976844 -0.101564 0.188310
v -0.974888 -0.155121 0.159783
v -0.969094 -0.209850 0.129694
v -0.959192 -0.265114 0.098310
v -0.945048 -0.320207 0.065966
v -0.926682 -0.374390 0.033055
v -0.904279 -0.426943 0.000000
v -0.878180 -0.477206 -0.032770
v -0.848860 -0.524625 -0.064847
v -0.816886 -0.568776 -0.095870
v -0.782874 -0.609383 -0.125540
v -0.747452 -0.646308 -0.153631
v -0.960922 -0.048982 0.272451
v -0.963646 -0.100192 0.247687
v -0.963156 -0.153254 0.221005
v -0.959064 -0.207678 0.192528
v -0.951057 -0.262866 0.162460
v -0.938939 -0.318137 0.131080
v -0.922658 -0.372765 0.098735
v -0.902318 -0.426017 0.065823
v -0.878180 -0.477206 0.032770
v -0.850651 -0.525731 0.000000
v -0.820243 -0.571114 -0.032088
v -0.787543 -0.613017 -0.063144
v -0.753162 -0.651245 -0.092883
v -0.717701 -0.685742 -0.121089
v -0.943780 -0.048108 0.327055
v -0.947437 -0.098506 0.304401
v -0.948153 -0.150867 0.279723
v -0.945531 -0.204747 0.253082
v -0.939232 -0.259597 0.224616
v -0.929016 -0.314775 0.194541
v -0.914765 -0.369576 0.163150
v -0.896510 -0.423275 0.130799
v -0.874432 -0.475169 0.097890
v -0.848860 -0.524625 0.064847
v -0.820243 -0.571114 0.032088
v -0.789117 -0.614242 0.000000
v -0.756066 -0.653756 -0.031080
v -0.721680 -0.689544 -0.060880
v -0.686523 -0.721617 -0.089197
v -0.924372 -0.047118 0.378571
v -0.928694 -0.096558 0.358055
v -0.930349 -0.148034 0.335464
v -0.928945 -0.201156 0.310803
v -0.924131 -0.255424 0.284149
v -0.915637 -0.310242 0.255653
v -0.903297 -0.364942 0.225547
v -0.887075 -0.418820 0.194134
v -0.867078 -0.471172 0.161778
v -0.843556 -0.521346 0.128884
v -0.816886 -0.568776 0.095870
v -0.787543 -0.613017 0.063144
v -0.756066 -0.653756 0.031080
v -0.723022 -0.690825 0.000000
v -0.688963 -0.724182 -0.029838
v -0.654407 -0.753896 -0.058242
v -0.903175 -0.046038 0.426796
v -0.907916 -0.094397 0.408385
v -0.910253 -0.144836 0.387893
v -0.909811 -0.197013 0.365281
v -0.906241 -0.250479 0.340570
v -0.899256 -0.304691 0.313849
v -0.888656 -0.359027 0.285289
v -0.874353 -0.412813 0.255133
v -0.856386 -0.465363 0.223697
v -0.834932 -0.516017 0.191349
v -0.810293 -0.564186 0.158494
v -0.782874 -0.609383 0.125540
v -0.753162 -0.651245 0.092883
v -0.721680 -0.689544 0.060880
v -0.688963 -0.724182 0.029838
v -0.655520 -0.755178 0.000000
v -0.621816 -0.782646 -0.028453
v -0.880649 -0.044890 0.471638
v -0.885590 -0.092076 0.455249
v -0.888377 -0.141355 0.436812
v -0.888653 -0.192431 0.416251
v -0.886085 -0.244908 0.393540
v -0.880380 -0.298296 0.368714
v -0.871318 -0.352023 0.341883
v -0.858772 -0.405457 0.313233
v -0.842727 -0.457940 0.283023
v -0.823292 -0.508822 0.251576
v -0.800696 -0.557504 0.219263
v -0.775275 -0.603468 0.186482
v -0.747452 -0.646308 0.153631
v -0.717701 -0.685742 0.121089
v -0.686523 -0.721617 0.089197
v -0.654407 -0.753896 0.058242
v -0.621816 -0.782646 0.028453
v -0.589161 -0.808016 0.000000
v -0.835759 -0.072633 0.544271
v -0.811099 -0.102944 0.575778
v -0.839552 -0.120529 0.529740
v -0.783017 -0.134481 0.607289
v -0.813519 -0.152738 0.561123
v -0.841258 -0.170476 0.513052
v -0.751349 -0.167037 0.638415
v -0.783858 -0.186071 0.592405
v -0.813696 -0.204512 0.544127
v -0.840546 -0.222163 0.494091
v -0.716014 -0.200343 0.668720
v -0.750424 -0.220267 0.623174
v -0.782315 -0.239524 0.574988
v -0.811304 -0.257893 0.524668
v -0.837103 -0.275180 0.472793
v -0.677034 -0.234073 0.697736
v -0.713167 -0.254996 0.652970
v -0.746997 -0.275188 0.605200
v -0.778078 -0.294397 0.554911
v -0.806049 -0.312401 0.502683
v -0.830664 -0.329022 0.449156
v -0.634548 -0.267851 0.724986
v -0.672153 -0.289873 0.681311
v -0.707733 -0.311115 0.634289
v -0.740783 -0.331288 0.584370
v -0.770877 -0.350140 0.532119
v -0.797692 -0.367461 0.478183
v -0.821030 -0.383103 0.423252
v -0.588827 -0.301268 0.750013
v -0.627583 -0.324470 0.707713
v -0.664646 -0.346861 0.661765
v -0.699466 -0.368118 0.612565
v -0.731554 -0.387949 0.560646
v -0.760516 -0.406112 0.506644
v -0.786077 -0.422425 0.451265
v -0.808090 -0.436780 0.395238
v -0.540269 -0.333905 0.772410
v -0.579800 -0.358336 0.731729
v -0.618009 -0.381951 0.687152
v -0.654319 -0.404391 0.639011
v -0.688191 -0.425325 0.587785
v -0.719166 -0.444469 0.534086
v -0.746893 -0.461605 0.478614
v -0.771149 -0.476596 0.422119
v -0.791845 -0.489387 0.365352
v -0.489387 -0.365352 0.791845
v -0.529276 -0.391024 0.752972
v -0.568239 -0.415902 0.710021
v -0.605689 -0.439597 0.663246
v -0.641055 -0.461734 0.613066
v -0.673825 -0.481987 0.560043
v -0.703579 -0.500096 0.504857
v -0.730017 -0.515887 0.448258
v -0.752972 -0.529276 0.391024
v -0.772410 -0.540269 0.333905
v -0.436780 -0.395238 0.808090
v -0.476596 -0.422119 0.771149
v -0.515887 -0.448258 0.730017
v -0.554074 -0.473235 0.684873
v -0.590575 -0.496642 0.636057
v -0.624841 -0.518106 0.584072
v -0.656398 -0.537322 0.529553
v -0.684873 -0.554074 0.473235
v -0.710021 -0.568239 0.415902
v -0.731729 -0.579800 0.358336
v -0.750013 -0.588827 0.301268
v -0.383103 -0.423252 0.821030
v -0.422425 -0.451265 0.786077
v -0.461605 -0.478614 0.746893
v -0.500096 -0.504857 0.703579
v -0.537322 -0.529553 0.656398
v -0.572721 -0.552292 0.605776
v -0.605776 -0.572721 0.552292
v -0.636057 -0.590575 0.496642
v -0.663246 -0.605689 0.439597
v -0.687152 -0.618009 0.381951
v -0.707713 -0.627583 0.324470
v -0.724986 -0.634548 0.267851
v -0.329022 -0.449156 0.830664
v -0.367461 -0.478183 0.797692
v -0.406112 -0.506644 0.760516
v -0.444469 -0.534086 0.719166
v -0.481987 -0.560043 0.673825
v -0.518106 -0.584072 0.624841
v -0.552292 -0.605776 0.572721
v -0.584072 -0.624841 0.518106
v -0.613066 -0.641055 0.461734
v -0.639011 -0.654319 0.404391
v -0.661765 -0.664646 0.346861
v -0.681311 -0.672153 0.289873
v -0.697736 -0.677034 0.234073
v -0.275180 -0.472793 0.837103
v -0.312401 -0.502683 0.806049
v -0.350140 -0.532119 0.770877
v -0.387949 -0.560646 0.731554
v -0.425325 -0.587785 0.688191
v -0.461734 -0.613066 0.641055
v -0.496642 -0.636057 0.590575
v -0.529553 -0.656398 0.537322
v -0.560043 -0.673825 0.481987
v -0.587785 -0.688191 0.425325
v -0.612565 -0.699466 0.368118
v -0.634289 -0.707733 0.311115
v -0.652970 -0.713167 0.254996
v -0.668720 -0.716014 0.200343
v -0.222163 -0.494091 0.840546
v -0.257893 -0.524668 0.811304
v -0.294397 -0.554911 0.778078
v -0.331288 -0.584370 0.740783
v -0.368118 -0.612565 0.699466
v -0.404391 -0.639011 0.654319
v -0.439597 -0.663246 0.605689
v -0.473235 -0.684873 0.554074
v -0.504857 -0.703579 0.500096
v -0.534086 -0.719166 0.444469
v -0.560646 -0.731554 0.387949
v -0.584370 -0.740783 0.331288
v -0.605200 -0.746997 0.275188
v -0.623174 -0.750424 0.220267
v -0.638415 -0.751349 0.167037
v -0.170476 -0.513052 0.841258
v -0.204512 -0.544127 0.813696
v -0.239524 -0.574988 0.782315
v -0.275188 -0.605200 0.746997
v -0.311115 -0.634289 0.707733
v -0.346861 -0.661765 0.664646
v -0.381951 -0.687152 0.618009
v -0.415902 -0.710021 0.568239
v -0.448258 -0.730017 0.515887
v -0.478614 -0.746893 0.461605
v -0.506644 -0.760516 0.406112
v -0.532119 -0.770877 0.350140
v -0.554911 -0.778078 0.294397
v -0.574988 -0.782315 0.239524
v -0.592405 -0.783858 0.186071
v -0.607289 -0.783017 0.134481
v -0.120529 -0.529740 0.839552
v -0.152738 -0.561123 0.813519
v -0.186071 -0.592405 0.783858
v -0.220267 -0.623174 0.750424
v -0.254996 -0.652970 0.713167
v -0.289873 -0.681311 0.672153
v -0.324470 -0.707713 0.627583
v -0.358336 -0.731729 0.579800
v -0.391024 -0.752972 0.529276
v -0.422119 -0.771149 0.476596
v -0.451265 -0.786077 0.422425
v -0.478183 -0.797692 0.367461
v -0.502683 -0.806049 0.312401
v -0.524668 -0.811304 0.257893
v -0.544127 -0.813696 0.204512
v -0.561123 -0.813519 0.152738
v -0.575778 -0.811099 0.102944
v -0.072633 -0.544271 0.835759
v -0.102944 -0.575778 0.811099
v -0.134481 -0.607289 0.783017
v -0.167037 -0.638415 0.751349
v -0.200343 -0.668720 0.716014
v -0.234073 -0.697736 0.677034
v -0.267851 -0.724986 0.634548
v -0.301268 -0.750013 0.588827
v -0.333905 -0.772410 0.540269
v -0.365352 -0.791845 0.489387
v -0.395238 -0.808090 0.436780
v -0.423252 -0.821030 0.383103
v -0.449156 -0.830664 0.329022
v -0.472793 -0.837103 0.275180
v -0.494091 -0.840546 0.222163
v -0.513052 -0.841258 0.170476
v -0.529740 -0.839552 0.120529
v -0.544271 -0.835759 0.072633
v -0.044890 -0.471638 0.880649
v -0.092076 -0.455249 0.885590
v -0.046038 -0.426796 0.903175
v -0.141355 -0.436812 0.888377
v -0.094397 -0.408385 0.907916
v -0.047118 -0.378571 0.924372
v -0.192431 -0.416251 0.888653
v -0.144836 -0.387893 0.910253
v -0.096558 -0.358055 0.928694
v -0.048108 -0.327055 0.943780
v -0.244908 -0.393540 0.886085
v -0.197013 -0.365281 0.909811
v -0.148034 -0.335464 0.930349
v -0.098506 -0.304401 0.947437
v -0.048982 -0.272451 0.960922
v -0.298296 -0.368714 0.880380
v -0.250479 -0.340570 0.906241
v -0.201156 -0.310803 0.928945
v -0.150867 -0.279723 0.948153
v -0.100192 -0.247687 0.963646
v -0.049716 -0.215083 0.975329
v -0.352023 -0.341883 0.871318
v -0.304691 -0.313849 0.899256
v -0.255424 -0.284149 0.924131
v -0.204747 -0.253082 0.945531
v -0.153254 -0.221005 0.963156
v -0.101564 -0.188310 0.976844
v -0.050289 -0.155401 0.986571
v -0.405457 -0.313233 0.858772
v -0.359027 -0.285289 0.888656
v -0.310242 -0.255653 0.915637
v -0.259597 -0.224616 0.939232
v -0.207678 -0.192528 0.959064
v -0.155121 -0.159783 0.974888
v -0.102579 -0.126795 0.986611
v -0.050682 -0.093970 0.994284
v -0.457940 -0.283023 0.842727
v -0.412813 -0.255133 0.874353
v -0.364942 -0.225547 0.903297
v -0.314775 -0.194541 0.929016
v -0.262866 -0.162460 0.951057
v -0.209850 -0.129694 0.969094
v -0.156404 -0.096663 0.982952
v -0.103203 -0.063783 0.992613
v -0.050882 -0.031447 0.998209
v -0.508822 -0.251576 0.823292
v -0.465363 -0.223697 0.856386
v -0.418820 -0.194134 0.887075
v -0.369576 -0.163150 0.914765
v -0.318137 -0.131080 0.938939
v -0.265114 -0.098310 0.959192
v -0.211186 -0.065260 0.975265
v -0.157057 -0.032356 0.987059
v -0.103414 -0.000000 0.994638
v -0.050882 0.031447 0.998209
v -0.557504 -0.219263 0.800696
v -0.516017 -0.191349 0.834932
v -0.471172 -0.161778 0.867078
v -0.423275 -0.130799 0.896510
v -0.372765 -0.098735 0.922658
v -0.320207 -0.065966 0.945048
v -0.266260 -0.032912 0.963339
v -0.211637 -0.000000 0.977348
v -0.157057 0.032356 0.987059
v -0.103203 0.063783 0.992613
v -0.050682 0.093970 0.994284
v -0.603468 -0.186482 0.775275
v -0.564186 -0.158494 0.810293
v -0.521346 -0.128884 0.843556
v -0.475169 -0.097890 0.874432
v -0.426017 -0.065823 0.902318
v -0.374390 -0.033055 0.926682
v -0.320906 0.000000 0.947111
v -0.266260 0.032912 0.963339
v -0.211186 0.065260 0.975265
v -0.156404 0.096663 0.982952
v -0.102579 0.126795 0.986611
v -0.050289 0.155401 0.986571
v -0.646308 -0.153631 0.747452
v -0.609383 -0.125540 0.782874
v -0.568776 -0.095870 0.816886
v -0.524625 -0.064847 0.848860
v -0.477206 -0.032770 0.878180
v -0.426943 0.000000 0.904279
v -0.374390 0.033055 0.926682
v -0.320207 0.065966 0.945048
v -0.265114 0.098310 0.959192
v -0.209850 0.129694 0.969094
v -0.155121 0.159783 0.974888
v -0.101564 0.188310 0.976844
v -0.049716 0.215083 0.975329
v -0.685742 -0.121089 0.717701
v -0.651245 -0.092883 0.753162
v -0.613017 -0.063144 0.787543
v -0.571114 -0.032088 0.820243
v -0.525731 0.000000 0.850651
v -0.477206 0.032770 0.878180
v -0.426017 0.065823 0.902318
v -0.372765 0.098735 0.922658
v -0.318137 0.131080 0.938939
v -0.262866 0.162460 0.951057
v -0.207678 0.192528 0.959064
v -0.153254 0.221005 0.963156
v -0.100192 0.247687 0.963646
v -0.048982 0.272451 0.960922
v -0.721617 -0.089197 0.686523
v -0.689544 -0.060880 0.721680
v -0.653756 -0.031080 0.756066
v -0.614242 0.000000 0.789117
v -0.571114 0.032088 0.820243
v -0.524625 0.064847 0.848860
v -0.475169 0.097890 0.874432
v -0.423275 0.130799 0.896510
v -0.369576 0.163150 0.914765
v -0.314775 0.194541 0.929016
v -0.259597 0.224616 0.939232
v -0.204747 0.253082 0.945531
v -0.150867 0.279723 0.948153
v -0.098506 0.304401 0.947437
v -0.048108 0.327055 0.943780
v -0.753896 -0.058242 0.654407
v -0.724182 -0.029838 0.688963
v -0.690825 0.000000 0.723022
v -0.653756 0.031080 0.756066
v -0.613017 0.063144 0.787543
v -0.568776 0.095870 0.816886
v -0.521346 0.128884 0.843556
v -0.471172 0.161778 0.867078
v -0.418820 0.194134 0.887075
v -0.364942 0.225547 0.903297
v -0.310242 0.255653 0.915637
v -0.255424 0.284149 0.924131
v -0.201156 0.310803 0.928945
v -0.148034 0.335464 0.930349
v -0.096558 0.358055 0.928694
v -0.047118 0.378571 0.924372
v -0.782646 -0.028453 0.621816
v -0.755178 0.000000 0.655520
v -0.724182 0.029838 0.688963
v -0.689544 0.060880 0.721680
v -0.651245 0.092883 0.753162
v -0.609383 0.125540 0.782874
v -0.564186 0.158494 0.810293
v -0.516017 0.191349 0.834932
v -0.465363 0.223697 0.856386
v -0.412813 0.255133 0.874353
v -0.359027 0.285289 0.888656
v -0.304691 0.313849 0.899256
v -0.250479 0.340570 0.906241
v -0.197013 0.365281 0.909811
v -0.144836 0.387893 0.910253
v -0.094397 0.408385 0.907916
v -0.046038 0.426796 0.903175
v -0.808016 0.000000 0.589161
v -0.782646 0.028453 0.621816
v -0.753896 0.058242 0.654407
v -0.721617 0.089197 0.686523
v -0.685742 0.121089 0.717701
v -0.646308 0.153631 0.747452
v -0.603468 0.186482 0.775275
v -0.557504 0.219263 0.800696
v -0.508822 0.251576 0.823292
v -0.457940 0.283023 0.842727
v -0.405457 0.313233 0.858772
v -0.352023 0.341883 0.871318
v -0.298296 0.368714 0.880380
v -0.244908 0.393540 0.886085
v -0.192431 0.416251 0.888653
v -0.141355 0.436812 0.888377
v -0.092076 0.455249 0.885590
v -0.044890 0.471638 0.880649
v 0.808016 0.000000 0.589161
v 0.782646 -0.028453 0.621816
v 0.782646 0.028453 0.621816
v 0.753896 -0.058242 0.654407
v 0.755178 0.000000 0.655520
v 0.753896 0.058242 0.654407
v 0.721617 -0.089197 0.686523
v 0.724182 -0.029838 0.688963
v 0.724182 0.029838 0.688963
v 0.721617 0.089197 0.686523
v 0.685742 -0.121089 0.717701
v 0.689544 -0.060880 0.721680
v 0.690825 0.000000 0.723022
v 0.689544 0.060880 0.721680
v 0.685742 0.121089 0.717701
v 0.646308 -0.153631 0.747452
v 0.651245 -0.092883 0.753162
v 0.653756 -0.031080 0.756066
v 0.653756 0.031080 0.756066
v 0.651245 0.092883 0.753162
v 0.646308 0.153631 0.747452
v 0.603468 -0.186482 0.775275
v 0.609383 -0.125540 0.782874
v 0.613017 -0.063144 0.787543
v 0.614242 0.000000 0.789117
v 0.613017 0.063144 0.787543
v 0.609383 0.125540 0.782874
v 0.603468 0.186482 0.775275
v 0.557504 -0.219263 0.800696
v 0.564186 -0.158494 0.810293
v 0.568776 -0.095870 0.816886
v 0.571114 -0.032088 0.820243
v 0.571114 0.032088 0.820243
v 0.568776 0.095870 0.816886
v 0.564186 0.158494 0.810293
v 0.557504 0.219263 0.800696
v 0.508822 -0.251576 0.823292
v 0.516017 -0.191349 0.834932
v 0.521346 -0.128884 0.843556
v 0.524625 -0.064847 0.848860
v 0.525731 0.000000 0.850651
v 0.524625 0.064847 0.848860
v 0.521346 0.128884 0.843556
v 0.516017 0.191349 0.834932
v 0.508822 0.251576 0.823292
v 0.457940 -0.283023 0.842727
v 0.465363 -0.223697 0.856386
v 0.471172 -0.161778 0.867078
v 0.475169 -0.097890 0.874432
v 0.477206 -0.032770 0.878180
v 0.477206 0.032770 0.878180
v 0.475169 0.097890 0.874432
v 0.471172 0.161778 0.867078
v 0.465363 0.223697 0.856386
v 0.457940 0.283023 0.842727
v 0.405457 -0.313233 0.858772
v 0.412813 -0.255133 0.874353
v 0.418820 -0.194134 0.887075
v 0.423275 -0.130799 0.896510
v 0.426017 -0.065823 0.902318
v 0.426943 0.000000 0.904279
v 0.426017 0.065823 0.902318
v 0.423275 0.130799 0.896510
v 0.418820 0.194134 0.887075
v 0.412813 0.255133 0.874353
v 0.405457 0.313233 0.858772
v 0.352023 -0.341883 0.871318
v 0.359027 -0.285289 0.888656
v 0.364942 -0.225547 0.903297
v 0.369576 -0.163150 0.914765
v 0.372765 -0.098735 0.922658
v 0.374390 -0.033055 0.926682
v 0.374390 0.033055 0.926682
v 0.372765 0.098735 0.922658
v 0.369576 0.163150 0.914765
v 0.364942 0.225547 0.903297
v 0.359027 0.285289 0.888656
v 0.352023 0.341883 0.871318
v 0.298296 -0.368714 0.880380
v 0.304691 -0.313849 0.899256
v 0.310242 -0.255653 0.915637
v 0.314775 -0.194541 0.929016
v 0.318137 -0.131080 0.938939
v 0.320207 -0.065966 0.945048
v 0.320906 -0.000000 0.947111
v 0.320207 0.065966 0.945048
v 0.318137 0.131080 0.938939
v 0.314775 0.194541 0.929016
v 0.310242 0.255653 0.915637
v 0.304691 0.313849 0.899256
v 0.298296 0.368714 0.880380
v 0.244908 -0.393540 0.886085
v 0.250479 -0.340570 0.906241
v 0.255424 -0.284149 0.924131
v 0.259597 -0.224616 0.939232
v 0.262866 -0.162460 0.951057
v 0.265114 -0.098310 0.959192
v 0.266260 -0.032912 0.963339
v 0.266260 0.032912 0.963339
v 0.265114 0.098310 0.959192
v 0.262866 0.162460 0.951057
v 0.259597 0.224616 0.939232
v 0.255424 0.284149 0.924131
v 0.250479 0.340570 0.906241
v 0.244908 0.393540 0.886085
v 0.192431 -0.416251 0.888653
v 0.197013 -0.365281 0.909811
v 0.201156 -0.310803 0.928945
v 0.204747 -0.253082 0.945531
v 0.207678 -0.192528 0.959064
v 0.209850 -0.129694 0.969094
v 0.211186 -0.065260 0.975265
v 0.211637 0.000000 0.977348
v 0.211186 0.065260 0.975265
v 0.209850 0.129694 0.969094
v 0.207678 0.192528 0.959064
v 0.204747 0.253082 0.945531
v 0.201156 0.310803 0.928945
v 0.197013 0.365281 0.909811
v 0.192431 0.416251 0.888653
v 0.141355 -0.436812 0.888377
v 0.144836 -0.387893 0.910253
v 0.148034 -0.335464 0.930349
v 0.150867 -0.279723 0.948153
v 0.153254 -0.221005 0.963156
v 0.155121 -0.159783 0.974888
v 0.156404 -0.096663 0.982952
v 0.157057 -0.032356 0.987059
v 0.157057 0.032356 0.987059
v 0.156404 0.096663 0.982952
v 0.155121 0.159783 0.974888
v 0.153254 0.221005 0.963156
v 0.150867 0.279723 0.948153
v 0.148034 0.335464 0.930349
v 0.144836 0.387893 0.910253
v 0.141355 0.436812 0.888377
v 0.092076 -0.455249 0.885590
v 0.094397 -0.408385 0.907916
v 0.096558 -0.358055 0.928694
v 0.098506 -0.304401 0.947437
v 0.100192 -0.247687 0.963646
v 0.101564 -0.188310 0.976844
v 0.102579 -0.126795 0.986611
v 0.103203 -0.063783 0.992613
v 0.103414 -0.000000 0.994638
v 0.103203 0.063783 0.992613
v 0.102579 0.126795 0.986611
v 0.101564 0.188310 0.976844
v 0.100192 0.247687 0.963646
v 0.098506 0.304401 0.947437
v 0.096558 0.358055 0.928694
v 0.094397 0.408385 0.907916
v 0.092076 0.455249 0.885590
v 0.044890 -0.471638 0.880649
v 0.046038 -0.426796 0.903175
v 0.047118 -0.378571 0.924372
v 0.048108 -0.327055 0.943780
v 0.048982 -0.272451 0.960922
v 0.049716 -0.215083 0.975329
v 0.050289 -0.155401 0.986571
v 0.050682 -0.093970 0.994284
v 0.050882 -0.031447 0.998209
v 0.050882 0.031447 0.998209
v 0.050682 0.093970 0.994284
v 0.050289 0.155401 0.986571
v 0.049716 0.215083 0.975329
v 0.048982 0.272451 0.960922
v 0.048108 0.327055 0.943780
v 0.047118 0.378571 0.924372
v 0.046038 0.426796 0.903175
v 0.044890 0.471638 0.880649
v 0.044890 0.471638 -0.880649
v 0.046038 0.426796 -0.903175
v 0.092076 0.455249 -0.885590
v 0.047118 0.378571 -0.924372
v 0.094397 0.408385 -0.907916
v 0.141355 0.436812 -0.888377
v 0.048108 0.327055 -0.943780
v 0.096558 0.358055 -0.928694
v 0.144836 0.387893 -0.910253
v 0.192431 0.416251 -0.888653
v 0.048982 0.272451 -0.960922
v 0.098506 0.304401 -0.947437
v 0.148034 0.335464 -0.930349
v 0.197013 0.365281 -0.909811
v 0.244908 0.393540 -0.886085
v 0.049716 0.215083 -0.975329
v 0.100192 0.247687 -0.963646
v 0.150867 0.279723 -0.948153
v 0.201156 0.310803 -0.928945
v 0.250479 0.340570 -0.906241
v 0.298296 0.368714 -0.880380
v 0.050289 0.155401 -0.986571
v 0.101564 0.188310 -0.976844
v 0.153254 0.221005 -0.963156
v 0.204747 0.253082 -0.945531
v 0.255424 0.284149 -0.924131
v 0.304691 0.313849 -0.899256
v 0.352023 0.341883 -0.871318
v 0.050682 0.093970 -0.994284
v 0.102579 0.126795 -0.986611
v 0.155121 0.159783 -0.974888
v 0.207678 0.192528 -0.959064
v 0.259597 0.224616 -0.939232
v 0.310242 0.255653 -0.915637
v 0.359027 0.285289 -0.888656
v 0.405457 0.313233 -0.858772
v 0.050882 0.031447 -0.998209
v 0.103203 0.063783 -0.992613
v 0.156404 0.096663 -0.982952
v 0.209850 0.129694 -0.969094
v 0.262866 0.162460 -0.951057
v 0.314775 0.194541 -0.929016
v 0.364942 0.225547 -0.903297
v 0.412813 0.255133 -0.874353
v 0.457940 0.283023 -0.842727
v 0.050882 -0.031447 -0.998209
v 0.103414 0.000000 -0.994638
v 0.157057 0.032356 -0.987059
v 0.211186 0.065260 -0.975265
v 0.265114 0.098310 -0.959192
v 0.318137 0.131080 -0.938939
v 0.369576 0.163150 -0.914765
v 0.418820 0.194134 -0.887075
v 0.465363 0.223697 -0.856386
v 0.508822 0.251576 -0.823292
v 0.050682 -0.093970 -0.994284
v 0.103203 -0.063783 -0.992613
v 0.157057 -0.032356 -0.987059
v 0.211637 0.000000 -0.977348
v 0.266260 0.032912 -0.963339
v 0.320207 0.065966 -0.945048
v 0.372765 0.098735 -0.922658
v 0.423275 0.130799 -0.896510
v 0.471172 0.161778 -0.867078
v 0.516017 0.191349 -0.834932
v 0.557504 0.219263 -0.800696
v 0.050289 -0.155401 -0.986571
v 0.102579 -0.126795 -0.986611
v 0.156404 -0.096663 -0.982952
v 0.211186 -0.065260 -0.975265
v 0.266260 -0.032912 -0.963339
v 0.320906 -0.000000 -0.947111
v 0.374390 0.033055 -0.926682
v 0.426017 0.065823 -0.902318
v 0.475169 0.097890 -0.874432
v 0.521346 0.128884 -0.843556
v 0.564186 0.158494 -0.810293
v 0.603468 0.186482 -0.775275
v 0.049716 -0.215083 -0.975329
v 0.101564 -0.188310 -0.976844
v 0.155121 -0.159783 -0.974888
v 0.209850 -0.129694 -0.969094
v 0.265114 -0.098310 -0.959192
v 0.320207 -0.065966 -0.945048
v 0.374390 -0.033055 -0.926682
v 0.426943 -0.000000 -0.904279
v 0.477206 0.032770 -0.878180
v 0.524625 0.064847 -0.848860
v 0.568776 0.095870 -0.816886
v 0.609383 0.125540 -0.782874
v 0.646308 0.153631 -0.747452
v 0.048982 -0.272451 -0.960922
v 0.100192 -0.247687 -0.963646
v 0.153254 -0.221005 -0.963156
v 0.207678 -0.192528 -0.959064
v 0.262866 -0.162460 -0.951057
v 0.318137 -0.131080 -0.938939
v 0.372765 -0.098735 -0.922658
v 0.426017 -0.065823 -0.902318
v 0.477206 -0.032770 -0.878180
v 0.525731 -0.000000 -0.850651
v 0.571114 0.032088 -0.820243
v 0.613017 0.063144 -0.787543
v 0.651245 0.092883 -0.753162
v 0.685742 0.121089 -0.717701
v 0.048108 -0.327055 -0.943780
v 0.098506 -0.304401 -0.947437
v 0.150867 -0.279723 -0.948153
v 0.204747 -0.253082 -0.945531
v 0.259597 -0.224616 -0.939232
v 0.314775 -0.194541 -0.929016
v 0.369576 -0.163150 -0.914765
v 0.423275 -0.130799 -0.896510
v 0.475169 -0.097890 -0.874432
v 0.524625 -0.064847 -0.848860
v 0.571114 -0.032088 -0.820243
v 0.614242 0.000000 -0.789117
v 0.653756 0.031080 -0.756066
v 0.689544 0.060880 -0.721680
v 0.721617 0.089197 -0.686523
v 0.047118 -0.378571 -0.924372
v 0.096558 -0.358055 -0.928694
v 0.148034 -0.335464 -0.930349
v 0.201156 -0.310803 -0.928945
v 0.255424 -0.284149 -0.924131
v 0.310242 -0.255653 -0.915637
v 0.364942 -0.225547 -0.903297
v 0.418820 -0.194134 -0.887075
v 0.471172 -0.161778 -0.867078
v 0.521346 -0.128884 -0.843556
v 0.568776 -0.095870 -0.816886
v 0.613017 -0.063144 -0.787543
v 0.653756 -0.031080 -0.756066
v 0.690825 -0.000000 -0.723022
v 0.724182 0.029838 -0.688963
v 0.753896 0.058242 -0.654407
v 0.046038 -0.426796 -0.903175
v 0.094397 -0.408385 -0.907916
v 0.144836 -0.387893 -0.910253
v 0.197013 -0.365281 -0.909811
v 0.250479 -0.340570 -0.906241
v 0.304691 -0.313849 -0.899256
v 0.359027 -0.285289 -0.888656
v 0.412813 -0.255133 -0.874353
v 0.465363 -0.223697 -0.856386
v 0.516017 -0.191349 -0.834932
v 0.564186 -0.158494 -0.810293
v 0.609383 -0.125540 -0.782874
v 0.651245 -0.092883 -0.753162
v 0.689544 -0.060880 -0.721680
v 0.724182 -0.029838 -0.688963
v 0.755178 -0.000000 -0.655520
v 0.782646 0.028453 -0.621816
v 0.044890 -0.471638 -0.880649
v 0.092076 -0.455249 -0.885590
v 0.141355 -0.436812 -0.888377
v 0.192431 -0.416251 -0.888653
v 0.244908 -0.393540 -0.886085
v 0.298296 -0.368714 -0.880380
v 0.352023 -0.341883 -0.871318
v 0.405457 -0.313233 -0.858772
v 0.457940 -0.283023 -0.842727
v 0.508822 -0.251576 -0.823292
v 0.557504 -0.219263 -0.800696
v 0.603468 -0.186482 -0.775275
v 0.646308 -0.153631 -0.747452
v 0.685742 -0.121089 -0.717701
v 0.721617 -0.089197 -0.686523
v 0.753896 -0.058242 -0.654407
v 0.782646 -0.028453 -0.621816
v 0.808016 -0.000000 -0.589161
v -0.044890 0.471638 -0.880649
v -0.092076 0.455249 -0.885590
v -0.046038 0.426796 -0.903175
v -0.141355 0.436812 -0.888377
v -0.094397 0.408385 -0.907916
v -0.047118 0.378571 -0.924372
v -0.192431 0.416251 -0.888653
v -0.144836 0.387893 -0.910253
v -0.096558 0.358055 -0.928694
v -0.048108 0.327055 -0.943780
v -0.244908 0.393540 -0.886085
v -0.197013 0.365281 -0.909811
v -0.148034 0.335464 -0.930349
v -0.098506 0.304401 -0.947437
v -0.048982 0.272451 -0.960922
v -0.298296 0.368714 -0.880380
v -0.250479 0.340570 -0.906241
v -0.201156 0.310803 -0.928945
v -0.150867 0.279723 -0.948153
v -0.100192 0.247687 -0.963646
v -0.049716 0.215083 -0.975329
v -0.352023 0.341883 -0.871318
v -0.304691 0.313849 -0.899256
v -0.255424 0.284149 -0.924131
v -0.204747 0.253082 -0.945531
v -0.153254 0.221005 -0.963156
v -0.101564 0.188310 -0.976844
v -0.050289 0.155401 -0.986571
v -0.405457 0.313233 -0.858772
v -0.359027 0.285289 -0.888656
v -0.310242 0.255653 -0.915637
v -0.259597 0.224616 -0.939232
v -0.207678 0.192528 -0.959064
v -0.155121 0.159783 -0.974888
v -0.102579 0.126795 -0.986611
v -0.050682 0.093970 -0.994284
v -0.457940 0.283023 -0.842727
v -0.412813 0.255133 -0.874353
v -0.364942 0.225547 -0.903297
v -0.314775 0.194541 -0.929016
v -0.262866 0.162460 -0.951057
v -0.209850 0.129694 -0.969094
v -0.156404 0.096663 -0.982952
v -0.103203 0.063783 -0.992613
v -0.050882 0.031447 -0.998209
v -0.508822 0.251576 -0.823292
v -0.465363 0.223697 -0.856386
v -0.418820 0.194134 -0.887075
v -0.369576 0.163150 -0.914765
v -0.318137 0.131080 -0.938939
v -0.265114 0.098310 -0.959192
v -0.211186 0.065260 -0.975265
v -0.157057 0.032356 -0.987059
v -0.103414 0.000000 -0.994638
v -0.050882 -0.031447 -0.998209
v -0.557504 0.219263 -0.800696
v -0.516017 0.191349 -0.834932
v -0.471172 0.161778 -0.867078
v -0.423275 0.130799 -0.896510
v -0.372765 0.098735 -0.922658
v -0.320207 0.065966 -0.945048
v -0.266260 0.032912 -0.963339
v -0.211637 0.000000 -0.977348
v -0.157057 -0.032356 -0.987059
v -0.103203 -0.063783 -0.992613
v -0.050682 -0.093970 -0.994284
v -0.603468 0.186482 -0.775275
v -0.564186 0.158494 -0.810293
v -0.521346 0.128884 -0.843556
v -0.475169 0.097890 -0.874432
v -0.426017 0.065823 -0.902318
v -0.374390 0.033055 -0.926682
v -0.320906 -0.000000 -0.947111
v -0.266260 -0.032912 -0.963339
v -0.211186 -0.065260 -0.975265
v -0.156404 -0.096663 -0.982952
v -0.102579 -0.126795 -0.986611
v -0.050289 -0.155401 -0.986571
v -0.646308 0.153631 -0.747452
v -0.609383 0.125540 -0.782874
v -0.568776 0.095870 -0.816886
v -0.524625 0.064847 -0.848860
v -0.477206 0.032770 -0.878180
v -0.426943 -0.000000 -0.904279
v -0.374390 -0.033055 -0.926682
v -0.320207 -0.065966 -0.945048
v -0.265114 -0.098310 -0.959192
v -0.209850 -0.129694 -0.969094
v -0.155121 -0.159783 -0.974888
v -0.101564 -0.188310 -0.976844
v -0.049716 -0.215083 -0.975329
v -0.685742 0.121089 -0.717701
v -0.651245 0.092883 -0.753162
v -0.613017 0.063144 -0.787543
v -0.571114 0.032088 -0.820243
v -0.525731 -0.000000 -0.850651
v -0.477206 -0.032770 -0.878180
v -0.426017 -0.065823 -0.902318
v -0.372765 -0.098735 -0.922658
v -0.318137 -0.131080 -0.938939
v -0.262866 -0.162460 -0.951057
v -0.207678 -0.192528 -0.959064
v -0.153254 -0.221005 -0.963156
v -0.100192 -0.247687 -0.963646
v -0.048982 -0.272451 -0.960922
v -0.721617 0.089197 -0.686523
v -0.689544 0.060880 -0.721680
v -0.653756 0.031080 -0.756066
v -0.614242 -0.000000 -0.789117
v -0.571114 -0.032088 -0.820243
v -0.524625 -0.064847 -0.848860
v -0.475169 -0.097890 -0.874432
v -0.423275 -0.130799 -0.896510
v -0.369576 -0.163150 -0.914765
v -0.314775 -0.194541 -0.929016
v -0.259597 -0.224616 -0.939232
v -0.204747 -0.253082 -0.945531
v -0.150867 -0.279723 -0.948153
v -0.098506 -0.304401 -0.947437
v -0.048108 -0.327055 -0.943780
v -0.753896 0.058242 -0.654407
v -0.724182 0.029838 -0.688963
v -0.690825 -0.000000 -0.723022
v -0.653756 -0.031080 -0.756066
v -0.613017 -0.063144 -0.787543
v -0.568776 -0.095870 -0.816886
v -0.521346 -0.128884 -0.843556
v -0.471172 -0.161778 -0.867078
v -0.418820 -0.194134 -0.887075
v -0.364942 -0.225547 -0.903297
v -0.310242 -0.255653 -0.915637
v -0.255424 -0.284149 -0.924131
v -0.201156 -0.310803 -0.928945
v -0.148034 -0.335464 -0.930349
v -0.096558 -0.358055 -0.928694
v -0.047118 -0.378571 -0.924372
v -0.782646 0.028453 -0.621816
v -0.755178 -0.000000 -0.655520
v -0.724182 -0.029838 -0.688963
v -0.689544 -0.060880 -0.721680
v -0.651245 -0.092883 -0.753162
v -0.609383 -0.125540 -0.782874
v -0.564186 -0.158494 -0.810293
v -0.516017 -0.191349 -0.834932
v -0.465363 -0.223697 -0.856386
v -0.412813 -0.255133 -0.874353
v -0.359027 -0.285289 -0.888656
v -0.304691 -0.313849 -0.899256
v -0.250479 -0.340570 -0.906241
v -0.197013 -0.365281 -0.909811
v -0.144836 -0.387893 -0.910253
v -0.094397 -0.408385 -0.907916
v -0.046038 -0.426796 -0.903175
v -0.808016 -0.000000 -0.589161
v -0.782646 -0.028453 -0.621816
v -0.753896 -0.058242 -0.654407
v -0.721617 -0.089197 -0.686523
v -0.685742 -0.121089 -0.717701
v -0.646308 -0.153631 -0.747452
v -0.603468 -0.186482 -0.775275
v -0.557504 -0.219263 -0.800696
v -0.508822 -0.251576 -0.823292
v -0.457940 -0.283023 -0.842727
v -0.405457 -0.313233 -0.858772
v -0.352023 -0.341883 -0.871318
v -0.298296 -0.368714 -0.880380
v -0.244908 -0.393540 -0.886085
v -0.192431 -0.416251 -0.888653
v -0.141355 -0.436812 -0.888377
v -0.092076 -0.455249 -0.885590
v -0.044890 -0.471638 -0.880649
# 4002 vertices

vn -0.525731 0.850651 -0.000000
vn -0.487917 0.872890 -0.000000
vn -0.513696 0.856958 0.041712
vn -0.444944 0.895558 0.000000
vn -0.471074 0.880928 0.045345
vn -0.499215 0.862017 0.087812
vn -0.398669 0.917095 0.000000
vn -0.426240 0.903413 0.046518
vn -0.454656 0.885851 0.092496
vn -0.482732 0.865141 0.136018
vn -0.349142 0.937070 -0.000000
vn -0.378038 0.924564 0.047623
vn -0.407807 0.908130 0.094836
vn -0.436197 0.888620 0.141727
vn -0.464141 0.865996 0.186073
vn -0.296514 0.955028 0.000000
vn -0.326561 0.943924 0.048635
vn -0.357508 0.928857 0.097015
vn -0.387300 0.910445 0.145220
vn -0.415623 0.888881 0.192740
vn -0.443377 0.864262 0.237629
vn -0.241049 0.970513 -0.000000
vn -0.272013 0.961018 0.049529
vn -0.303903 0.947547 0.098980
vn -0.334911 0.930486 0.148427
vn -0.364684 0.909983 0.197324
vn -0.392908 0.886301 0.245140
vn -0.420429 0.859650 0.290244
vn -0.183124 0.983090 0.000000
vn -0.214720 0.975381 0.050281
vn -0.247257 0.963705 0.100679
vn -0.279231 0.948234 0.151269
vn -0.310257 0.929059 0.201470
vn -0.339979 0.906400 0.250705
vn -0.368091 0.880592 0.298441
vn -0.395353 0.851925 0.343395
vn -0.123233 0.992378 0.000000
vn -0.155129 0.986584 0.050868
vn -0.187967 0.976858 0.102063
vn -0.220594 0.963185 0.153663
vn -0.252609 0.945589 0.205062
vn -0.283621 0.924232 0.255643
vn -0.313279 0.899411 0.304821
vn -0.341283 0.871534 0.352071
vn -0.368278 0.840931 0.396491
vn -0.061969 0.998078 0.000000
vn -0.093800 0.994270 0.051271
vn -0.126557 0.986588 0.103087
vn -0.159474 0.974873 0.155535
vn -0.192150 0.959071 0.207992
vn -0.224176 0.939279 0.259810
vn -0.255159 0.915736 0.310356
vn -0.284752 0.888818 0.359052
vn -0.312668 0.859003 0.405406
vn -0.339408 0.826612 0.448905
vn 0.000000 1.000000 0.000000
vn -0.031389 0.998181 0.051476
vn -0.063660 0.992568 0.103716
vn -0.096471 0.982904 0.156822
vn -0.129431 0.969061 0.210163
vn -0.162127 0.951056 0.263071
vn -0.194146 0.929065 0.314875
vn -0.225098 0.903408 0.364945
vn -0.254642 0.874534 0.412731
vn -0.282505 0.842983 0.457789
vn -0.309017 0.809017 0.500000
vn 0.061969 0.998078 -0.000000
vn 0.031389 0.998181 0.051476
vn 0.000000 0.994585 0.103928
vn -0.032290 0.986995 0.157477
vn -0.065124 0.975206 0.211499
vn -0.098102 0.959158 0.265315
vn -0.130803 0.938948 0.318226
vn -0.162811 0.914832 0.369560
vn -0.193742 0.887212 0.418711
vn -0.223264 0.856600 0.465177
vn -0.251115 0.823583 0.508578
vn -0.277438 0.788312 0.549173
vn 0.123233 0.992378 -0.000000
vn 0.093800 0.994270 0.051271
vn 0.063660 0.992568 0.103716
vn 0.032290 0.986995 0.157477
vn 0.000000 0.977280 0.211950
vn -0.032841 0.963287 0.266458
vn -0.065824 0.945031 0.320288
vn -0.098523 0.922693 0.372735
vn -0.130525 0.896612 0.423144
vn -0.161452 0.867256 0.470958
vn -0.190982 0.835190 0.515736
vn -0.218867 0.801031 0.557178
vn -0.245045 0.764770 0.595886
vn 0.183124 0.983090 -0.000000
vn 0.155129 0.986584 0.050868
vn 0.126557 0.986588 0.103087
vn 0.096471 0.982904 0.156822
vn 0.065124 0.975206 0.211499
vn 0.032841 0.963287 0.266458
vn 0.000000 0.947084 0.320985
vn -0.032983 0.926700 0.374353
vn -0.065682 0.902396 0.425872
vn -0.097687 0.874583 0.474933
vn -0.128627 0.843786 0.521038
vn -0.158196 0.810602 0.563825
vn -0.186154 0.775660 0.603074
vn -0.212230 0.738748 0.639695
vn 0.241048 0.970513 0.000000
vn 0.214720 0.975381 0.050281
vn 0.187967 0.976858 0.102063
vn 0.159474 0.974873 0.155535
vn 0.129431 0.969061 0.210163
vn 0.098102 0.959158 0.265315
vn 0.065824 0.945031 0.320288
vn 0.032983 0.926700 0.374353
vn -0.000000 0.904349 0.426793
vn -0.032701 0.878317 0.476959
vn -0.064715 0.849072 0.524298
vn -0.095685 0.817176 0.568391
vn -0.125312 0.783241 0.608959
vn -0.153371 0.747888 0.645864
vn -0.179381 0.710673 0.680269
vn 0.296514 0.955028 -0.000000
vn 0.272013 0.961018 0.049529
vn 0.247257 0.963705 0.100679
vn 0.220594 0.963185 0.153663
vn 0.192150 0.959071 0.207992
vn 0.162127 0.951056 0.263071
vn 0.130803 0.938948 0.318226
vn 0.098523 0.922693 0.372735
vn 0.065682 0.902396 0.425872
vn 0.032701 0.878317 0.476959
vn 0.000000 0.850856 0.525398
vn -0.032025 0.820523 0.570715
vn -0.063027 0.787897 0.612573
vn -0.092722 0.753586 0.650777
vn -0.120895 0.718188 0.685267
vn -0.146863 0.681006 0.717400
vn 0.349142 0.937070 0.000000
vn 0.326561 0.943924 0.048635
vn 0.303903 0.947547 0.098980
vn 0.279231 0.948234 0.151269
vn 0.252609 0.945589 0.205062
vn 0.224176 0.939279 0.259810
vn 0.194146 0.929065 0.314875
vn 0.162811 0.914832 0.369560
vn 0.130525 0.896612 0.423144
vn 0.097687 0.874583 0.474933
vn 0.064715 0.849072 0.524298
vn 0.032025 0.820523 0.570715
vn -0.000000 0.789468 0.613792
vn -0.031026 0.756485 0.653275
vn -0.060781 0.722161 0.689050
vn -0.089062 0.687055 0.721126
vn -0.114999 0.650215 0.750997
vn 0.398669 0.917095 -0.000000
vn 0.378038 0.924564 0.047623
vn 0.357508 0.928857 0.097015
vn 0.334911 0.930486 0.148427
vn 0.310257 0.929059 0.201470
vn 0.283621 0.924232 0.255643
vn 0.255159 0.915736 0.310356
vn 0.225098 0.903408 0.364945
vn 0.193742 0.887212 0.418711
vn 0.161452 0.867256 0.470958
vn 0.128628 0.843786 0.521038
vn 0.095685 0.817176 0.568391
vn 0.063027 0.787897 0.612573
vn 0.031026 0.756485 0.653275
vn -0.000000 0.723500 0.690325
vn -0.029793 0.689493 0.723680
vn -0.058160 0.654979 0.753405
vn -0.084064 0.618750 0.781077
vn 0.444944 0.895558 0.000000
vn 0.426240 0.903413 0.046518
vn 0.407807 0.908130 0.094836
vn 0.387300 0.910445 0.145220
vn 0.364684 0.909983 0.197324
vn 0.339979 0.906400 0.250705
vn 0.313279 0.899411 0.304821
vn 0.284752 0.888818 0.359052
vn 0.254642 0.874534 0.412731
vn 0.223264 0.856600 0.465177
vn 0.190982 0.835190 0.515736
vn 0.158196 0.810602 0.563825
vn 0.125312 0.783241 0.608959
vn 0.092722 0.753586 0.650777
vn 0.060781 0.722161 0.689050
vn 0.029793 0.689493 0.723680
vn 0.000000 0.656091 0.754682
vn -0.028416 0.622420 0.782167
vn -0.054271 0.587027 0.807746
vn 0.487917 0.872890 0.000000
vn 0.471074 0.880928 0.045345
vn 0.454656 0.885851 0.092496
vn 0.436197 0.888620 0.141727
vn 0.415623 0.888881 0.192740
vn 0.392908 0.886301 0.245140
vn 0.368091 0.880592 0.298441
vn 0.341283 0.871534 0.352071
vn 0.312668 0.859003 0.405406
vn 0.282505 0.842983 0.457789
vn 0.251115 0.823583 0.508578
vn 0.218867 0.801031 0.557178
vn 0.186154 0.775660 0.603074
vn 0.153371 0.747888 0.645864
vn 0.120895 0.718188 0.685267
vn 0.089062 0.687055 0.721126
vn 0.058160 0.654979 0.753405
vn 0.028416 0.622420 0.782167
vn 0.000000 0.589788 0.807558
vn -0.025779 0.555408 0.831178
vn 0.525731 0.850651 0.000000
vn 0.513696 0.856958 0.041712
vn 0.499215 0.862017 0.087812
vn 0.482732 0.865141 0.136018
vn 0.464141 0.865996 0.186073
vn 0.443377 0.864262 0.237629
vn 0.420429 0.859650 0.290244
vn 0.395354 0.851925 0.343395
vn 0.368278 0.840932 0.396491
vn 0.339408 0.826612 0.448905
vn 0.309017 0.809017 0.500000
vn 0.277438 0.788312 0.549173
vn 0.245045 0.764769 0.595886
vn 0.212230 0.738748 0.639695
vn 0.179381 0.710673 0.680269
vn 0.146863 0.681006 0.717400
vn 0.114999 0.650215 0.750997
vn 0.084064 0.618750 0.781077
vn 0.054271 0.587027 0.807746
vn 0.025779 0.555408 0.831178
vn -0.000000 0.525731 0.850651
vn 0.555408 0.831178 0.025779
vn 0.587027 0.807746 0.054271
vn 0.544443 0.835583 0.073369
vn 0.618750 0.781077 0.084064
vn 0.575902 0.810917 0.103683
vn 0.529924 0.839333 0.121245
vn 0.650215 0.750997 0.114999
vn 0.607357 0.782838 0.135214
vn 0.561255 0.813294 0.153448
vn 0.513253 0.840997 0.171159
vn 0.681006 0.717400 0.146863
vn 0.638421 0.751184 0.167754
vn 0.592478 0.783638 0.186765
vn 0.544273 0.813430 0.205178
vn 0.494315 0.840246 0.222798
vn 0.710673 0.680269 0.179381
vn 0.668659 0.715877 0.201034
vn 0.623181 0.750223 0.220933
vn 0.575072 0.782058 0.240161
vn 0.524836 0.811003 0.258497
vn 0.473047 0.836772 0.275751
vn 0.738748 0.639695 0.212230
vn 0.697607 0.676940 0.234727
vn 0.652908 0.712999 0.255623
vn 0.605215 0.746765 0.275784
vn 0.555015 0.777790 0.294959
vn 0.502881 0.805721 0.312929
vn 0.449447 0.830311 0.329516
vn 0.764769 0.595886 0.245045
vn 0.724792 0.634513 0.268460
vn 0.681178 0.672037 0.290452
vn 0.634234 0.707542 0.311660
vn 0.584406 0.740527 0.331797
vn 0.532254 0.770569 0.350612
vn 0.478420 0.797348 0.367899
vn 0.423588 0.820666 0.383509
vn 0.788312 0.549173 0.277438
vn 0.749760 0.588865 0.301825
vn 0.707515 0.627536 0.324993
vn 0.661641 0.664517 0.347346
vn 0.612531 0.699261 0.368563
vn 0.560713 0.731287 0.388356
vn 0.506820 0.760201 0.406482
vn 0.451550 0.785731 0.422764
vn 0.395625 0.807732 0.437093
vn 0.809017 0.500000 0.309017
vn 0.772107 0.540392 0.334405
vn 0.731474 0.579836 0.358798
vn 0.686964 0.617959 0.382370
vn 0.638909 0.654186 0.404767
vn 0.587785 0.687985 0.425658
vn 0.534197 0.718902 0.444763
vn 0.478841 0.746586 0.461866
vn 0.422458 0.770818 0.476831
vn 0.365795 0.791507 0.489603
vn 0.826612 0.448905 0.339408
vn 0.791507 0.489603 0.365794
vn 0.752672 0.529408 0.391423
vn 0.709779 0.568284 0.416254
vn 0.663084 0.605647 0.439899
vn 0.613003 0.640932 0.461989
vn 0.560091 0.673633 0.482199
vn 0.505024 0.703333 0.500273
vn 0.448545 0.729735 0.516037
vn 0.391423 0.752672 0.529408
vn 0.334405 0.772107 0.540392
vn 0.840932 0.396491 0.368278
vn 0.807732 0.437093 0.395625
vn 0.770818 0.476831 0.422458
vn 0.729735 0.516037 0.448545
vn 0.684662 0.554137 0.473467
vn 0.635938 0.590553 0.496821
vn 0.584061 0.624742 0.518237
vn 0.529662 0.656235 0.537415
vn 0.473467 0.684662 0.554137
vn 0.416254 0.709779 0.568284
vn 0.358798 0.731474 0.579836
vn 0.301825 0.749760 0.588865
vn 0.851925 0.343395 0.395353
vn 0.820666 0.383509 0.423588
vn 0.785731 0.422763 0.451550
vn 0.746586 0.461866 0.478841
vn 0.703333 0.500273 0.505024
vn 0.656235 0.537415 0.529662
vn 0.605715 0.572732 0.552347
vn 0.552347 0.605715 0.572732
vn 0.496821 0.635938 0.590552
vn 0.439899 0.663084 0.605647
vn 0.382370 0.686964 0.617959
vn 0.324993 0.707515 0.627536
vn 0.268460 0.724792 0.634513
vn 0.859650 0.290244 0.420429
vn 0.830311 0.329516 0.449447
vn 0.797348 0.367899 0.478420
vn 0.760201 0.406482 0.506820
vn 0.718902 0.444763 0.534197
vn 0.673633 0.482199 0.560091
vn 0.624742 0.518237 0.584061
vn 0.572732 0.552347 0.605715
vn 0.518237 0.584061 0.624742
vn 0.461989 0.613003 0.640932
vn 0.404767 0.638909 0.654186
vn 0.347346 0.661641 0.664517
vn 0.290452 0.681178 0.672037
vn 0.234727 0.697607 0.676940
vn 0.864262 0.237629 0.443377
vn 0.836772 0.275751 0.473047
vn 0.805721 0.312929 0.502881
vn 0.770569 0.350612 0.532254
vn 0.731287 0.388356 0.560713
vn 0.687985 0.425658 0.587785
vn 0.640932 0.461989 0.613003
vn 0.590552 0.496821 0.635938
vn 0.537415 0.529662 0.656235
vn 0.482199 0.560091 0.673633
vn 0.425658 0.587785 0.687985
vn 0.368563 0.612531 0.699261
vn 0.311660 0.634234 0.707542
vn 0.255623 0.652908 0.712999
vn 0.201034 0.668659 0.715877
vn 0.865996 0.186073 0.464141
vn 0.840246 0.222798 0.494315
vn 0.811003 0.258497 0.524836
vn 0.777790 0.294959 0.555015
vn 0.740527 0.331797 0.584406
vn 0.699261 0.368563 0.612531
vn 0.654186 0.404766 0.638909
vn 0.605646 0.439899 0.663084
vn 0.554137 0.473467 0.684662
vn 0.500273 0.505024 0.703333
vn 0.444763 0.534197 0.718902
vn 0.388356 0.560713 0.731287
vn 0.331797 0.584406 0.740527
vn 0.275784 0.605215 0.746765
vn 0.220933 0.623181 0.750223
vn 0.167754 0.638421 0.751184
vn 0.865141 0.136018 0.482732
vn 0.840997 0.171159 0.513253
vn 0.813430 0.205178 0.544273
vn 0.782058 0.240161 0.575072
vn 0.746765 0.275784 0.605215
vn 0.707542 0.311660 0.634234
vn 0.664517 0.347346 0.661641
vn 0.617959 0.382370 0.686964
vn 0.568284 0.416254 0.709779
vn 0.516037 0.448545 0.729735
vn 0.461866 0.478841 0.746586
vn 0.406482 0.506820 0.760201
vn 0.350612 0.532254 0.770569
vn 0.294959 0.555015 0.777790
vn 0.240161 0.575072 0.782058
vn 0.186765 0.592478 0.783638
vn 0.135214 0.607357 0.782837
vn 0.862017 0.087812 0.499215
vn 0.839333 0.121245 0.529924
vn 0.813294 0.153448 0.561255
vn 0.783638 0.186765 0.592478
vn 0.750223 0.220933 0.623181
vn 0.712999 0.255623 0.652908
vn 0.672037 0.290452 0.681178
vn 0.627536 0.324993 0.707515
vn 0.579836 0.358798 0.731474
vn 0.529408 0.391423 0.752672
vn 0.476831 0.422458 0.770818
vn 0.422763 0.451550 0.785731
vn 0.367899 0.478420 0.797348
vn 0.312929 0.502881 0.805721
vn 0.258497 0.524836 0.811003
vn 0.205178 0.544273 0.813430
vn 0.153448 0.561255 0.813294
vn 0.103683 0.575902 0.810917
vn 0.856958 0.041712 0.513696
vn 0.835583 0.073369 0.544443
vn 0.810917 0.103683 0.575902
vn 0.782837 0.135214 0.607357
vn 0.751184 0.167754 0.638421
vn 0.715877 0.201034 0.668659
vn 0.676940 0.234727 0.697607
vn 0.634513 0.268460 0.724792
vn 0.588865 0.301825 0.749760
vn 0.540392 0.334405 0.772107
vn 0.489603 0.365794 0.791507
vn 0.437093 0.395625 0.807732
vn 0.383509 0.423588 0.820666
vn 0.329516 0.449447 0.830311
vn 0.275751 0.473047 0.836772
vn 0.222798 0.494315 0.840246
vn 0.171159 0.513253 0.840997
vn 0.121245 0.529924 0.839333
vn 0.073369 0.544443 0.835583
vn 0.850651 0.000000 0.525731
vn 0.831178 0.025779 0.555408
vn 0.807746 0.054271 0.587027
vn 0.781077 0.084064 0.618750
vn 0.750997 0.114999 0.650215
vn 0.717400 0.146863 0.681006
vn 0.680269 0.179381 0.710673
vn 0.639695 0.212230 0.738748
vn 0.595886 0.245045 0.764769
vn 0.549173 0.277438 0.788312
vn 0.500000 0.309017 0.809017
vn 0.448905 0.339408 0.826612
vn 0.396491 0.368278 0.840932
vn 0.343395 0.395353 0.851925
vn 0.290244 0.420429 0.859650
vn 0.237629 0.443377 0.864262
vn 0.186073 0.464141 0.865996
vn 0.136018 0.482732 0.865141
vn 0.087812 0.499215 0.862017
vn 0.041712 0.513696 0.856957
vn 0.555408 0.831178 -0.025779
vn 0.587027 0.807746 -0.054271
vn 0.589788 0.807558 0.000000
vn 0.618750 0.781077 -0.084064
vn 0.622420 0.782167 -0.028416
vn 0.622420 0.782167 0.028416
vn 0.650215 0.750997 -0.114999
vn 0.654979 0.753405 -0.058160
vn 0.656091 0.754682 0.000000
vn 0.654979 0.753405 0.058160
vn 0.681006 0.717400 -0.146863
vn 0.687055 0.721126 -0.089062
vn 0.689493 0.723680 -0.029793
vn 0.689493 0.723680 0.029793
vn 0.687055 0.721126 0.089062
vn 0.710673 0.680269 -0.179381
vn 0.718188 0.685267 -0.120895
vn 0.722161 0.689050 -0.060781
vn 0.723500 0.690325 -0.000000
vn 0.722160 0.689050 0.060781
vn 0.718188 0.685267 0.120895
vn 0.738748 0.639695 -0.212230
vn 0.747888 0.645864 -0.153371
vn 0.753586 0.650777 -0.092722
vn 0.756485 0.653275 -0.031026
vn 0.756485 0.653275 0.031026
vn 0.753586 0.650777 0.092722
vn 0.747888 0.645864 0.153371
vn 0.764770 0.595886 -0.245045
vn 0.775660 0.603074 -0.186154
vn 0.783241 0.608959 -0.125312
vn 0.787897 0.612573 -0.063027
vn 0.789468 0.613792 0.000000
vn 0.787897 0.612573 0.063027
vn 0.783241 0.608959 0.125312
vn 0.775660 0.603074 0.186154
vn 0.788312 0.549173 -0.277438
vn 0.801031 0.557178 -0.218867
vn 0.810602 0.563825 -0.158196
vn 0.817176 0.568391 -0.095685
vn 0.820523 0.570715 -0.032025
vn 0.820523 0.570715 0.032025
vn 0.817176 0.568391 0.095685
vn 0.810602 0.563825 0.158196
vn 0.801031 0.557178 0.218867
vn 0.809017 0.500000 -0.309017
vn 0.823583 0.508578 -0.251115
vn 0.835190 0.515736 -0.190982
vn 0.843786 0.521038 -0.128628
vn 0.849072 0.524298 -0.064715
vn 0.850856 0.525398 0.000000
vn 0.849072 0.524298 0.064715
vn 0.843786 0.521038 0.128627
vn 0.835190 0.515736 0.190982
vn 0.823583 0.508578 0.251115
vn 0.826612 0.448905 -0.339408
vn 0.842983 0.457789 -0.282505
vn 0.856600 0.465177 -0.223264
vn 0.867256 0.470958 -0.161452
vn 0.874583 0.474933 -0.097687
vn 0.878317 0.476959 -0.032701
vn 0.878317 0.476959 0.032701
vn 0.874583 0.474933 0.097687
vn 0.867256 0.470958 0.161452
vn 0.856600 0.465177 0.223264
vn 0.842983 0.457789 0.282505
vn 0.840932 0.396491 -0.368278
vn 0.859003 0.405406 -0.312668
vn 0.874534 0.412731 -0.254642
vn 0.887212 0.418711 -0.193742
vn 0.896612 0.423144 -0.130525
vn 0.902396 0.425872 -0.065682
vn 0.904349 0.426793 0.000000
vn 0.902396 0.425872 0.065682
vn 0.896612 0.423144 0.130525
vn 0.887212 0.418711 0.193742
vn 0.874534 0.412731 0.254642
vn 0.859003 0.405406 0.312668
vn 0.851925 0.343395 -0.395353
vn 0.871534 0.352071 -0.341283
vn 0.888818 0.359052 -0.284752
vn 0.903408 0.364945 -0.225098
vn 0.914832 0.369559 -0.162811
vn 0.922693 0.372735 -0.098523
vn 0.926700 0.374353 -0.032983
vn 0.926700 0.374353 0.032983
vn 0.922693 0.372735 0.098523
vn 0.914832 0.369559 0.162811
vn 0.903408 0.364945 0.225098
vn 0.888818 0.359052 0.284752
vn 0.871534 0.352071 0.341283
vn 0.859650 0.290244 -0.420429
vn 0.880592 0.298441 -0.368091
vn 0.899411 0.304821 -0.313279
vn 0.915736 0.310356 -0.255159
vn 0.929065 0.314875 -0.194146
vn 0.938948 0.318226 -0.130803
vn 0.945031 0.320288 -0.065824
vn 0.947084 0.320985 0.000000
vn 0.945031 0.320288 0.065824
vn 0.938948 0.318226 0.130803
vn 0.929065 0.314875 0.194146
vn 0.915736 0.310356 0.255159
vn 0.899411 0.304821 0.313279
vn 0.880592 0.298441 0.368091
vn 0.864262 0.237629 -0.443377
vn 0.886301 0.245140 -0.392908
vn 0.906400 0.250705 -0.339979
vn 0.924232 0.255643 -0.283621
vn 0.939279 0.259810 -0.224176
vn 0.951056 0.263071 -0.162127
vn 0.959158 0.265315 -0.098102
vn 0.963287 0.266458 -0.032841
vn 0.963287 0.266458 0.032841
vn 0.959158 0.265315 0.098102
vn 0.951056 0.263071 0.162127
vn 0.939279 0.259810 0.224176
vn 0.924232 0.255643 0.283621
vn 0.906400 0.250705 0.339979
vn 0.886301 0.245140 0.392908
vn 0.865996 0.186073 -0.464141
vn 0.888881 0.192740 -0.415623
vn 0.909983 0.197324 -0.364684
vn 0.929059 0.201470 -0.310257
vn 0.945589 0.205062 -0.252609
vn 0.959071 0.207992 -0.192150
vn 0.969061 0.210163 -0.129431
vn 0.975206 0.211499 -0.065124
vn 0.977280 0.211950 0.000000
vn 0.975206 0.211499 0.065124
vn 0.969061 0.210163 0.129431
vn 0.959071 0.207992 0.192150
vn 0.945589 0.205062 0.252609
vn 0.929059 0.201470 0.310257
vn 0.909983 0.197324 0.364684
vn 0.888881 0.192740 0.415623
vn 0.865141 0.136018 -0.482732
vn 0.888620 0.141727 -0.436197
vn 0.910445 0.145220 -0.387300
vn 0.930486 0.148427 -0.334911
vn 0.948234 0.151269 -0.279231
vn 0.963185 0.153663 -0.220594
vn 0.974873 0.155535 -0.159474
vn 0.982904 0.156822 -0.096471
vn 0.986995 0.157477 -0.032290
vn 0.986995 0.157477 0.032290
vn 0.982904 0.156822 0.096471
vn 0.974873 0.155535 0.159474
vn 0.963185 0.153663 0.220594
vn 0.948234 0.151269 0.279231
vn 0.930486 0.148427 0.334911
vn 0.910445 0.145220 0.387300
vn 0.888620 0.141727 0.436197
vn 0.862017 0.087812 -0.499215
vn 0.885851 0.092496 -0.454656
vn 0.908130 0.094836 -0.407807
vn 0.928858 0.097015 -0.357508
vn 0.947547 0.098980 -0.303903
vn 0.963705 0.100679 -0.247257
vn 0.976858 0.102063 -0.187967
vn 0.986588 0.103087 -0.126557
vn 0.992568 0.103716 -0.063660
vn 0.994585 0.103928 -0.000000
vn 0.992568 0.103716 0.063660
vn 0.986588 0.103087 0.126557
vn 0.976858 0.102063 0.187967
vn 0.963705 0.100679 0.247257
vn 0.947547 0.098980 0.303903
vn 0.928858 0.097015 0.357508
vn 0.908130 0.094836 0.407807
vn 0.885851 0.092496 0.454656
vn 0.856957 0.041712 -0.513696
vn 0.880928 0.045345 -0.471074
vn 0.903413 0.046518 -0.426240
vn 0.924564 0.047623 -0.378038
vn 0.943924 0.048635 -0.326561
vn 0.961018 0.049529 -0.272013
vn 0.975381 0.050281 -0.214720
vn 0.986584 0.050868 -0.155129
vn 0.994270 0.051271 -0.093800
vn 0.998181 0.051476 -0.031389
vn 0.998181 0.051476 0.031389
vn 0.994270 0.051271 0.093800
vn 0.986584 0.050868 0.155129
vn 0.975381 0.050281 0.214720
vn 0.961018 0.049529 0.272013
vn 0.943924 0.048635 0.326561
vn 0.924564 0.047623 0.378038
vn 0.903413 0.046518 0.426240
vn 0.880928 0.045345 0.471074
vn 0.850651 0.000000 -0.525731
vn 0.872890 -0.000000 -0.487917
vn 0.895558 0.000000 -0.444944
vn 0.917095 -0.000000 -0.398669
vn 0.937070 0.000000 -0.349142
vn 0.955028 0.000000 -0.296514
vn 0.970513 -0.000000 -0.241049
vn 0.983090 0.000000 -0.183124
vn 0.992378 0.000000 -0.123233
vn 0.998078 0.000000 -0.061969
vn 1.000000 0.000000 0.000000
vn 0.998078 0.000000 0.061969
vn 0.992378 0.000000 0.123233
vn 0.983090 -0.000000 0.183124
vn 0.970513 0.000000 0.241049
vn 0.955028 0.000000 0.296514
vn 0.937070 0.000000 0.349142
vn 0.917095 -0.000000 0.398669
vn 0.895558 0.000000 0.444944
vn 0.872890 0.000000 0.487917
vn 0.513696 0.856958 -0.041712
vn 0.499215 0.862017 -0.087812
vn 0.544443 0.835583 -0.073369
vn 0.482732 0.865141 -0.136018
vn 0.529924 0.839333 -0.121245
vn 0.575902 0.810917 -0.103683
vn 0.464141 0.865996 -0.186073
vn 0.513253 0.840997 -0.171159
vn 0.561255 0.813294 -0.153448
vn 0.607357 0.782837 -0.135214
vn 0.443377 0.864262 -0.237629
vn 0.494315 0.840246 -0.222798
vn 0.544273 0.813430 -0.205178
vn 0.592478 0.783638 -0.186765
vn 0.638421 0.751184 -0.167754
vn 0.420429 0.859650 -0.290244
vn 0.473047 0.836772 -0.275751
vn 0.524836 0.811003 -0.258497
vn 0.575072 0.782058 -0.240161
vn 0.623181 0.750223 -0.220933
vn 0.668659 0.715877 -0.201034
vn 0.395353 0.851925 -0.343395
vn 0.449447 0.830311 -0.329516
vn 0.502881 0.805721 -0.312929
vn 0.555015 0.777790 -0.294959
vn 0.605215 0.746765 -0.275784
vn 0.652908 0.712999 -0.255623
vn 0.697607 0.676940 -0.234727
vn 0.368278 0.840932 -0.396491
vn 0.423588 0.820666 -0.383509
vn 0.478420 0.797348 -0.367899
vn 0.532254 0.770569 -0.350612
vn 0.584406 0.740527 -0.331797
vn 0.634234 0.707542 -0.311660
vn 0.681178 0.672037 -0.290452
vn 0.724792 0.634513 -0.268460
vn 0.339408 0.826612 -0.448905
vn 0.395625 0.807732 -0.437093
vn 0.451550 0.785731 -0.422764
vn 0.506820 0.760201 -0.406482
vn 0.560713 0.731287 -0.388356
vn 0.612531 0.699261 -0.368563
vn 0.661641 0.664517 -0.347346
vn 0.707515 0.627536 -0.324993
vn 0.749760 0.588865 -0.301825
vn 0.309017 0.809017 -0.500000
vn 0.365794 0.791507 -0.489603
vn 0.422458 0.770818 -0.476831
vn 0.478841 0.746586 -0.461866
vn 0.534197 0.718902 -0.444763
vn 0.587785 0.687985 -0.425658
vn 0.638909 0.654186 -0.404767
vn 0.686964 0.617959 -0.382370
vn 0.731474 0.579836 -0.358798
vn 0.772107 0.540392 -0.334405
vn 0.277438 0.788312 -0.549173
vn 0.334405 0.772107 -0.540392
vn 0.391423 0.752672 -0.529408
vn 0.448545 0.729735 -0.516037
vn 0.505024 0.703333 -0.500273
vn 0.560091 0.673633 -0.482199
vn 0.613003 0.640932 -0.461989
vn 0.663084 0.605647 -0.439899
vn 0.709779 0.568284 -0.416254
vn 0.752672 0.529408 -0.391423
vn 0.791507 0.489603 -0.365795
vn 0.245045 0.764770 -0.595886
vn 0.301825 0.749760 -0.588865
vn 0.358798 0.731474 -0.579836
vn 0.416254 0.709779 -0.568284
vn 0.473467 0.684662 -0.554137
vn 0.529662 0.656235 -0.537415
vn 0.584061 0.624742 -0.518237
vn 0.635938 0.590553 -0.496821
vn 0.684662 0.554137 -0.473467
vn 0.729735 0.516037 -0.448545
vn 0.770818 0.476831 -0.422458
vn 0.807732 0.437093 -0.395625
vn 0.212230 0.738748 -0.639695
vn 0.268460 0.724792 -0.634513
vn 0.324993 0.707515 -0.627536
vn 0.382370 0.686964 -0.617959
vn 0.439899 0.663084 -0.605647
vn 0.496821 0.635938 -0.590552
vn 0.552347 0.605715 -0.572732
vn 0.605715 0.572732 -0.552347
vn 0.656235 0.537415 -0.529662
vn 0.703333 0.500273 -0.505024
vn 0.746586 0.461866 -0.478841
vn 0.785731 0.422763 -0.451550
vn 0.820666 0.383509 -0.423588
vn 0.179381 0.710673 -0.680269
vn 0.234727 0.697607 -0.676940
vn 0.290452 0.681178 -0.672037
vn 0.347346 0.661641 -0.664517
vn 0.404766 0.638909 -0.654186
vn 0.461989 0.613003 -0.640932
vn 0.518237 0.584061 -0.624742
vn 0.572732 0.552347 -0.605715
vn 0.624742 0.518237 -0.584061
vn 0.673633 0.482199 -0.560091
vn 0.718902 0.444763 -0.534197
vn 0.760201 0.406482 -0.506820
vn 0.797348 0.367899 -0.478420
vn 0.830311 0.329516 -0.449447
vn 0.146863 0.681006 -0.717400
vn 0.201034 0.668659 -0.715877
vn 0.255623 0.652908 -0.712999
vn 0.311660 0.634234 -0.707542
vn 0.368563 0.612531 -0.699261
vn 0.425658 0.587785 -0.687985
vn 0.482199 0.560091 -0.673633
vn 0.537415 0.529662 -0.656235
vn 0.590552 0.496821 -0.635938
vn 0.640932 0.461989 -0.613003
vn 0.687985 0.425658 -0.587785
vn 0.731287 0.388356 -0.560713
vn 0.770569 0.350612 -0.532254
vn 0.805721 0.312929 -0.502881
vn 0.836772 0.275751 -0.473047
vn 0.114999 0.650215 -0.750997
vn 0.167754 0.638421 -0.751184
vn 0.220933 0.623181 -0.750223
vn 0.275784 0.605215 -0.746765
vn 0.331797 0.584406 -0.740527
vn 0.388356 0.560713 -0.731287
vn 0.444763 0.534197 -0.718902
vn 0.500273 0.505024 -0.703333
vn 0.554137 0.473467 -0.684662
vn 0.605646 0.439899 -0.663084
vn 0.654186 0.404766 -0.638909
vn 0.699261 0.368563 -0.612531
vn 0.740527 0.331797 -0.584406
vn 0.777790 0.294959 -0.555015
vn 0.811003 0.258497 -0.524836
vn 0.840246 0.222798 -0.494315
vn 0.084064 0.618750 -0.781077
vn 0.135214 0.607357 -0.782837
vn 0.186766 0.592478 -0.783638
vn 0.240161 0.575072 -0.782058
vn 0.294959 0.555015 -0.777790
vn 0.350612 0.532254 -0.770569
vn 0.406482 0.506820 -0.760201
vn 0.461866 0.478841 -0.746586
vn 0.516037 0.448545 -0.729735
vn 0.568284 0.416254 -0.709779
vn 0.617959 0.382370 -0.686964
vn 0.664517 0.347346 -0.661641
vn 0.707542 0.311660 -0.634234
vn 0.746765 0.275784 -0.605215
vn 0.782058 0.240161 -0.575072
vn 0.813430 0.205178 -0.544273
vn 0.840997 0.171159 -0.513253
vn 0.054271 0.587027 -0.807746
vn 0.103683 0.575902 -0.810917
vn 0.153448 0.561255 -0.813294
vn 0.205178 0.544273 -0.813430
vn 0.258497 0.524836 -0.811003
vn 0.312929 0.502881 -0.805721
vn 0.367899 0.478420 -0.797348
vn 0.422763 0.451550 -0.785731
vn 0.476831 0.422458 -0.770818
vn 0.529408 0.391423 -0.752672
vn 0.579836 0.358798 -0.731474
vn 0.627536 0.324993 -0.707515
vn 0.672037 0.290452 -0.681178
vn 0.712999 0.255623 -0.652908
vn 0.750223 0.220933 -0.623181
vn 0.783638 0.186765 -0.592478
vn 0.813294 0.153448 -0.561255
vn 0.839333 0.121245 -0.529924
vn 0.025779 0.555408 -0.831178
vn 0.073369 0.544443 -0.835583
vn 0.121245 0.529924 -0.839333
vn 0.171159 0.513253 -0.840997
vn 0.222798 0.494315 -0.840246
vn 0.275751 0.473047 -0.836772
vn 0.329516 0.449447 -0.830311
vn 0.383509 0.423588 -0.820666
vn 0.437093 0.395625 -0.807732
vn 0.489603 0.365794 -0.791507
vn 0.540392 0.334405 -0.772107
vn 0.588865 0.301825 -0.749760
vn 0.634513 0.268460 -0.724792
vn 0.676940 0.234727 -0.697607
vn 0.715877 0.201034 -0.668659
vn 0.751184 0.167754 -0.638421
vn 0.782837 0.135214 -0.607357
vn 0.810917 0.103683 -0.575902
vn 0.835583 0.073369 -0.544443
vn 0.000000 0.525731 -0.850651
vn 0.041712 0.513696 -0.856958
vn 0.087812 0.499215 -0.862017
vn 0.136018 0.482732 -0.865141
vn 0.186073 0.464141 -0.865996
vn 0.237629 0.443377 -0.864262
vn 0.290244 0.420429 -0.859650
vn 0.343395 0.395353 -0.851925
vn 0.396491 0.368278 -0.840932
vn 0.448905 0.339408 -0.826612
vn 0.500000 0.309017 -0.809017
vn 0.549173 0.277438 -0.788312
vn 0.595886 0.245045 -0.764769
vn 0.639695 0.212230 -0.738748
vn 0.680269 0.179381 -0.710673
vn 0.717400 0.146863 -0.681006
vn 0.750997 0.114999 -0.650215
vn 0.781077 0.084064 -0.618750
vn 0.807746 0.054271 -0.587027
vn 0.831178 0.025779 -0.555408
vn 0.471074 0.880928 -0.045345
vn 0.426240 0.903413 -0.046518
vn 0.454656 0.885851 -0.092496
vn 0.378038 0.924564 -0.047623
vn 0.407807 0.908130 -0.094836
vn 0.436197 0.888620 -0.141727
vn 0.326561 0.943924 -0.048635
vn 0.357508 0.928857 -0.097015
vn 0.387300 0.910445 -0.145220
vn 0.415623 0.888881 -0.192740
vn 0.272013 0.961018 -0.049529
vn 0.303903 0.947547 -0.098980
vn 0.334911 0.930486 -0.148427
vn 0.364684 0.909983 -0.197324
vn 0.392908 0.886301 -0.245140
vn 0.214720 0.975381 -0.050281
vn 0.247257 0.963705 -0.100679
vn 0.279231 0.948234 -0.151269
vn 0.310257 0.929059 -0.201470
vn 0.339979 0.906400 -0.250705
vn 0.368091 0.880592 -0.298441
vn 0.155129 0.986584 -0.050868
vn 0.187967 0.976858 -0.102063
vn 0.220594 0.963185 -0.153663
vn 0.252609 0.945589 -0.205062
vn 0.283621 0.924232 -0.255643
vn 0.313279 0.899411 -0.304821
vn 0.341283 0.871534 -0.352071
vn 0.093800 0.994270 -0.051271
vn 0.126557 0.986588 -0.103087
vn 0.159474 0.974873 -0.155535
vn 0.192150 0.959071 -0.207992
vn 0.224176 0.939279 -0.259810
vn 0.255159 0.915736 -0.310356
vn 0.284752 0.888818 -0.359052
vn 0.312668 0.859003 -0.405406
vn 0.031389 0.998181 -0.051476
vn 0.063660 0.992568 -0.103716
vn 0.096471 0.982904 -0.156822
vn 0.129431 0.969061 -0.210163
vn 0.162127 0.951056 -0.263071
vn 0.194146 0.929065 -0.314875
vn 0.225098 0.903408 -0.364945
vn 0.254642 0.874534 -0.412731
vn 0.282505 0.842983 -0.457789
vn -0.031389 0.998181 -0.051476
vn -0.000000 0.994585 -0.103928
vn 0.032290 0.986995 -0.157477
vn 0.065124 0.975206 -0.211499
vn 0.098102 0.959158 -0.265315
vn 0.130803 0.938948 -0.318226
vn 0.162811 0.914832 -0.369560
vn 0.193742 0.887212 -0.418711
vn 0.223264 0.856600 -0.465177
vn 0.251115 0.823583 -0.508578
vn -0.093800 0.994270 -0.051271
vn -0.063660 0.992568 -0.103716
vn -0.032290 0.986995 -0.157477
vn -0.000000 0.977280 -0.211950
vn 0.032841 0.963287 -0.266458
vn 0.065824 0.945031 -0.320288
vn 0.098523 0.922693 -0.372735
vn 0.130525 0.896612 -0.423144
vn 0.161452 0.867256 -0.470958
vn 0.190982 0.835190 -0.515736
vn 0.218867 0.801031 -0.557178
vn -0.155129 0.986584 -0.050868
vn -0.126557 0.986588 -0.103087
vn -0.096471 0.982904 -0.156822
vn -0.065124 0.975206 -0.211499
vn -0.032841 0.963287 -0.266458
vn 0.000000 0.947084 -0.320985
vn 0.032983 0.926700 -0.374353
vn 0.065682 0.902396 -0.425872
vn 0.097687 0.874583 -0.474933
vn 0.128627 0.843786 -0.521038
vn 0.158196 0.810602 -0.563825
vn 0.186154 0.775660 -0.603074
vn -0.214720 0.975381 -0.050281
vn -0.187967 0.976858 -0.102063
vn -0.159474 0.974873 -0.155535
vn -0.129431 0.969061 -0.210163
vn -0.098102 0.959158 -0.265315
vn -0.065824 0.945031 -0.320288
vn -0.032983 0.926700 -0.374353
vn 0.000000 0.904349 -0.426793
vn 0.032701 0.878317 -0.476959
vn 0.064715 0.849072 -0.524298
vn 0.095685 0.817176 -0.568391
vn 0.125312 0.783241 -0.608959
vn 0.153371 0.747888 -0.645864
vn -0.272013 0.961018 -0.049529
vn -0.247257 0.963705 -0.100679
vn -0.220594 0.963185 -0.153663
vn -0.192150 0.959071 -0.207992
vn -0.162127 0.951056 -0.263071
vn -0.130803 0.938948 -0.318226
vn -0.098523 0.922693 -0.372735
vn -0.065682 0.902396 -0.425872
vn -0.032701 0.878317 -0.476959
vn 0.000000 0.850856 -0.525398
vn 0.032025 0.820523 -0.570715
vn 0.063027 0.787897 -0.612573
vn 0.092722 0.753586 -0.650777
vn 0.120895 0.718188 -0.685267
vn -0.326561 0.943924 -0.048635
vn -0.303903 0.947547 -0.098980
vn -0.279231 0.948234 -0.151269
vn -0.252609 0.945589 -0.205062
vn -0.224176 0.939279 -0.259810
vn -0.194146 0.929065 -0.314875
vn -0.162811 0.914832 -0.369560
vn -0.130525 0.896612 -0.423144
vn -0.097687 0.874583 -0.474933
vn -0.064715 0.849072 -0.524298
vn -0.032025 0.820523 -0.570715
vn 0.000000 0.789468 -0.613792
vn 0.031026 0.756485 -0.653275
vn 0.060781 0.722161 -0.689050
vn 0.089062 0.687055 -0.721126
vn -0.378038 0.924564 -0.047623
vn -0.357508 0.928857 -0.097015
vn -0.334911 0.930486 -0.148427
vn -0.310257 0.929059 -0.201470
vn -0.283621 0.924232 -0.255643
vn -0.255159 0.915736 -0.310356
vn -0.225098 0.903408 -0.364945
vn -0.193742 0.887212 -0.418711
vn -0.161452 0.867256 -0.470958
vn -0.128628 0.843786 -0.521038
vn -0.095685 0.817176 -0.568391
vn -0.063027 0.787897 -0.612573
vn -0.031026 0.756485 -0.653275
vn 0.000000 0.723500 -0.690325
vn 0.029793 0.689493 -0.723680
vn 0.058160 0.654979 -0.753405
vn -0.426240 0.903413 -0.046518
vn -0.407807 0.908130 -0.094836
vn -0.387300 0.910445 -0.145220
vn -0.364684 0.909983 -0.197324
vn -0.339979 0.906400 -0.250705
vn -0.313279 0.899411 -0.304821
vn -0.284752 0.888818 -0.359052
vn -0.254642 0.874534 -0.412731
vn -0.223264 0.856600 -0.465177
vn -0.190982 0.835190 -0.515736
vn -0.158196 0.810602 -0.563825
vn -0.125312 0.783241 -0.608959
vn -0.092722 0.753586 -0.650777
vn -0.060781 0.722161 -0.689050
vn -0.029793 0.689493 -0.723680
vn -0.000000 0.656091 -0.754682
vn 0.028416 0.622420 -0.782167
vn -0.471074 0.880928 -0.045345
vn -0.454656 0.885851 -0.092496
vn -0.436197 0.888620 -0.141727
vn -0.415623 0.888881 -0.192740
vn -0.392908 0.886301 -0.245140
vn -0.368091 0.880592 -0.298441
vn -0.341283 0.871534 -0.352071
vn -0.312668 0.859003 -0.405406
vn -0.282505 0.842983 -0.457789
vn -0.251115 0.823583 -0.508578
vn -0.218867 0.801031 -0.557178
vn -0.186154 0.775660 -0.603074
vn -0.153371 0.747888 -0.645864
vn -0.120895 0.718188 -0.685267
vn -0.089062 0.687055 -0.721126
vn -0.058160 0.654979 -0.753405
vn -0.028416 0.622420 -0.782167
vn -0.000000 0.589788 -0.807558
vn -0.513696 0.856958 -0.041712
vn -0.499215 0.862017 -0.087812
vn -0.482732 0.865141 -0.136018
vn -0.464141 0.865996 -0.186073
vn -0.443377 0.864262 -0.237629
vn -0.420429 0.859650 -0.290244
vn -0.395354 0.851925 -0.343395
vn -0.368278 0.840932 -0.396491
vn -0.339408 0.826612 -0.448905
vn -0.309017 0.809017 -0.500000
vn -0.277438 0.788312 -0.549173
vn -0.245045 0.764769 -0.595886
vn -0.212230 0.738748 -0.639695
vn -0.179381 0.710673 -0.680269
vn -0.146863 0.681006 -0.717400
vn -0.114999 0.650215 -0.750997
vn -0.084064 0.618750 -0.781077
vn -0.054271 0.587027 -0.807746
vn -0.025779 0.555408 -0.831178
vn -0.041712 0.513696 -0.856958
vn -0.073369 0.544443 -0.835583
vn -0.087812 0.499215 -0.862017
vn -0.103683 0.575902 -0.810917
vn -0.121245 0.529924 -0.839333
vn -0.136018 0.482732 -0.865141
vn -0.135214 0.607357 -0.782837
vn -0.153448 0.561255 -0.813294
vn -0.171159 0.513253 -0.840997
vn -0.186073 0.464141 -0.865996
vn -0.167754 0.638421 -0.751184
vn -0.186765 0.592478 -0.783638
vn -0.205178 0.544273 -0.813430
vn -0.222798 0.494315 -0.840246
vn -0.237629 0.443377 -0.864262
vn -0.201034 0.668659 -0.715877
vn -0.220933 0.623181 -0.750223
vn -0.240161 0.575072 -0.782058
vn -0.258497 0.524836 -0.811003
vn -0.275751 0.473047 -0.836772
vn -0.290244 0.420429 -0.859650
vn -0.234727 0.697607 -0.676940
vn -0.255623 0.652908 -0.712999
vn -0.275784 0.605215 -0.746765
vn -0.294959 0.555015 -0.777790
vn -0.312929 0.502881 -0.805721
vn -0.329516 0.449447 -0.830311
vn -0.343395 0.395353 -0.851925
vn -0.268460 0.724792 -0.634513
vn -0.290452 0.681178 -0.672037
vn -0.311660 0.634234 -0.707542
vn -0.331797 0.584406 -0.740527
vn -0.350612 0.532254 -0.770569
vn -0.367899 0.478420 -0.797348
vn -0.383509 0.423588 -0.820666
vn -0.396491 0.368278 -0.840932
vn -0.301825 0.749760 -0.588865
vn -0.324993 0.707515 -0.627536
vn -0.347346 0.661641 -0.664517
vn -0.368563 0.612531 -0.699261
vn -0.388356 0.560713 -0.731287
vn -0.406482 0.506820 -0.760201
vn -0.422764 0.451550 -0.785731
vn -0.437093 0.395625 -0.807732
vn -0.448905 0.339408 -0.826612
vn -0.334405 0.772107 -0.540392
vn -0.358798 0.731474 -0.579836
vn -0.382370 0.686964 -0.617959
vn -0.404767 0.638909 -0.654186
vn -0.425658 0.587785 -0.687985
vn -0.444763 0.534197 -0.718902
vn -0.461866 0.478841 -0.746586
vn -0.476831 0.422458 -0.770818
vn -0.489603 0.365795 -0.791507
vn -0.500000 0.309017 -0.809017
vn -0.365794 0.791507 -0.489603
vn -0.391423 0.752672 -0.529408
vn -0.416254 0.709779 -0.568284
vn -0.439899 0.663084 -0.605647
vn -0.461989 0.613003 -0.640932
vn -0.482199 0.560091 -0.673633
vn -0.500273 0.505024 -0.703333
vn -0.516037 0.448545 -0.729735
vn -0.529408 0.391423 -0.752672
vn -0.540392 0.334405 -0.772107
vn -0.549173 0.277438 -0.788312
vn -0.395625 0.807732 -0.437093
vn -0.422458 0.770818 -0.476831
vn -0.448545 0.729735 -0.516037
vn -0.473467 0.684662 -0.554137
vn -0.496821 0.635938 -0.590552
vn -0.518237 0.584061 -0.624742
vn -0.537415 0.529662 -0.656235
vn -0.554137 0.473467 -0.684662
vn -0.568284 0.416254 -0.709779
vn -0.579836 0.358798 -0.731474
vn -0.588865 0.301825 -0.749760
vn -0.595886 0.245045 -0.764769
vn -0.423588 0.820666 -0.383509
vn -0.451550 0.785731 -0.422763
vn -0.478841 0.746586 -0.461866
vn -0.505024 0.703333 -0.500273
vn -0.529662 0.656235 -0.537415
vn -0.552347 0.605715 -0.572732
vn -0.572732 0.552347 -0.605715
vn -0.590552 0.496821 -0.635938
vn -0.605647 0.439899 -0.663084
vn -0.617959 0.382370 -0.686964
vn -0.627536 0.324993 -0.707515
vn -0.634513 0.268460 -0.724792
vn -0.639695 0.212230 -0.738748
vn -0.449447 0.830311 -0.329516
vn -0.478420 0.797348 -0.367899
vn -0.506820 0.760201 -0.406482
vn -0.534197 0.718902 -0.444763
vn -0.560091 0.673633 -0.482199
vn -0.584061 0.624742 -0.518237
vn -0.605715 0.572732 -0.552347
vn -0.624742 0.518237 -0.584061
vn -0.640932 0.461989 -0.613003
vn -0.654186 0.404767 -0.638909
vn -0.664517 0.347346 -0.661641
vn -0.672037 0.290452 -0.681178
vn -0.676940 0.234727 -0.697607
vn -0.680269 0.179381 -0.710673
vn -0.473047 0.836772 -0.275751
vn -0.502881 0.805721 -0.312929
vn -0.532254 0.770569 -0.350612
vn -0.560713 0.731287 -0.388356
vn -0.587785 0.687985 -0.425658
vn -0.613003 0.640932 -0.461989
vn -0.635938 0.590552 -0.496821
vn -0.656235 0.537415 -0.529662
vn -0.673633 0.482199 -0.560091
vn -0.687985 0.425658 -0.587785
vn -0.699261 0.368563 -0.612531
vn -0.707542 0.311660 -0.634234
vn -0.712999 0.255623 -0.652908
vn -0.715877 0.201034 -0.668659
vn -0.717400 0.146863 -0.681006
vn -0.494315 0.840246 -0.222798
vn -0.524836 0.811003 -0.258497
vn -0.555015 0.777790 -0.294959
vn -0.584406 0.740527 -0.331797
vn -0.612531 0.699261 -0.368563
vn -0.638909 0.654186 -0.404766
vn -0.663084 0.605646 -0.439899
vn -0.684662 0.554137 -0.473467
vn -0.703333 0.500273 -0.505024
vn -0.718902 0.444763 -0.534197
vn -0.731287 0.388356 -0.560713
vn -0.740527 0.331797 -0.584406
vn -0.746765 0.275784 -0.605215
vn -0.750223 0.220933 -0.623181
vn -0.751184 0.167754 -0.638421
vn -0.750997 0.114999 -0.650215
vn -0.513253 0.840997 -0.171159
vn -0.544273 0.813430 -0.205178
vn -0.575072 0.782058 -0.240161
vn -0.605215 0.746765 -0.275784
vn -0.634234 0.707542 -0.311660
vn -0.661641 0.664517 -0.347346
vn -0.686964 0.617959 -0.382370
vn -0.709779 0.568284 -0.416254
vn -0.729735 0.516037 -0.448545
vn -0.746586 0.461866 -0.478841
vn -0.760201 0.406482 -0.506820
vn -0.770569 0.350612 -0.532254
vn -0.777790 0.294959 -0.555015
vn -0.782058 0.240161 -0.575072
vn -0.783638 0.186766 -0.592478
vn -0.782837 0.135214 -0.607357
vn -0.781077 0.084064 -0.618750
vn -0.529924 0.839333 -0.121245
vn -0.561255 0.813294 -0.153448
vn -0.592478 0.783638 -0.186765
vn -0.623181 0.750223 -0.220933
vn -0.652908 0.712999 -0.255623
vn -0.681178 0.672037 -0.290452
vn -0.707515 0.627536 -0.324993
vn -0.731474 0.579836 -0.358798
vn -0.752672 0.529408 -0.391423
vn -0.770818 0.476831 -0.422458
vn -0.785731 0.422763 -0.451550
vn -0.797348 0.367899 -0.478420
vn -0.805721 0.312929 -0.502881
vn -0.811003 0.258497 -0.524836
vn -0.813430 0.205178 -0.544273
vn -0.813294 0.153448 -0.561255
vn -0.810917 0.103683 -0.575902
vn -0.807746 0.054271 -0.587027
vn -0.544443 0.835583 -0.073369
vn -0.575902 0.810917 -0.103683
vn -0.607357 0.782838 -0.135214
vn -0.638421 0.751184 -0.167754
vn -0.668659 0.715877 -0.201034
vn -0.697607 0.676940 -0.234727
vn -0.724792 0.634513 -0.268460
vn -0.749760 0.588865 -0.301825
vn -0.772107 0.540392 -0.334405
vn -0.791507 0.489603 -0.365794
vn -0.807732 0.437093 -0.395625
vn -0.820667 0.383509 -0.423588
vn -0.830311 0.329516 -0.449447
vn -0.836772 0.275751 -0.473047
vn -0.840246 0.222798 -0.494315
vn -0.840997 0.171159 -0.513253
vn -0.839333 0.121245 -0.529924
vn -0.835583 0.073369 -0.544443
vn -0.831178 0.025779 -0.555408
vn -0.555408 0.831178 -0.025779
vn -0.587027 0.807746 -0.054271
vn -0.618750 0.781077 -0.084064
vn -0.650215 0.750997 -0.114999
vn -0.681006 0.717400 -0.146863
vn -0.710673 0.680269 -0.179381
vn -0.738748 0.639695 -0.212230
vn -0.764769 0.595886 -0.245045
vn -0.788312 0.549173 -0.277438
vn -0.809017 0.500000 -0.309017
vn -0.826612 0.448905 -0.339408
vn -0.840932 0.396491 -0.368278
vn -0.851925 0.343395 -0.395353
vn -0.859650 0.290244 -0.420429
vn -0.864262 0.237629 -0.443377
vn -0.865996 0.186073 -0.464141
vn -0.865141 0.136018 -0.482732
vn -0.862017 0.087812 -0.499215
vn -0.856958 0.041712 -0.513696
vn -0.850651 -0.000000 -0.525731
vn -0.872890 0.000000 -0.487917
vn -0.880928 0.045345 -0.471074
vn -0.895558 0.000000 -0.444944
vn -0.885851 0.092496 -0.454656
vn -0.903413 0.046518 -0.426240
vn -0.917095 -0.000000 -0.398669
vn -0.888620 0.141727 -0.436197
vn -0.908130 0.094836 -0.407807
vn -0.924564 0.047623 -0.378038
vn -0.937070 0.000000 -0.349142
vn -0.888881 0.192740 -0.415623
vn -0.910445 0.145220 -0.387300
vn -0.928858 0.097015 -0.357508
vn -0.943924 0.048635 -0.326561
vn -0.955028 0.000000 -0.296514
vn -0.886301 0.245140 -0.392908
vn -0.909983 0.197324 -0.364684
vn -0.930486 0.148427 -0.334911
vn -0.947547 0.098980 -0.303903
vn -0.961018 0.049529 -0.272013
vn -0.970513 0.000000 -0.241049
vn -0.880592 0.298441 -0.368091
vn -0.906400 0.250705 -0.339979
vn -0.929059 0.201470 -0.310257
vn -0.948234 0.151269 -0.279231
vn -0.963705 0.100679 -0.247257
vn -0.975381 0.050281 -0.214720
vn -0.983090 0.000000 -0.183124
vn -0.871534 0.352071 -0.341283
vn -0.899411 0.304821 -0.313279
vn -0.924232 0.255643 -0.283621
vn -0.945589 0.205062 -0.252609
vn -0.963185 0.153663 -0.220594
vn -0.976858 0.102063 -0.187967
vn -0.986584 0.050868 -0.155129
vn -0.992378 -0.000000 -0.123233
vn -0.859003 0.405406 -0.312668
vn -0.888818 0.359052 -0.284752
vn -0.915736 0.310356 -0.255159
vn -0.939279 0.259810 -0.224176
vn -0.959071 0.207992 -0.192150
vn -0.974873 0.155535 -0.159474
vn -0.986588 0.103087 -0.126557
vn -0.994270 0.051271 -0.093800
vn -0.998078 0.000000 -0.061969
vn -0.842983 0.457789 -0.282505
vn -0.874534 0.412731 -0.254642
vn -0.903408 0.364945 -0.225098
vn -0.929065 0.314875 -0.194146
vn -0.951056 0.263071 -0.162127
vn -0.969061 0.210163 -0.129431
vn -0.982904 0.156822 -0.096471
vn -0.992568 0.103716 -0.063660
vn -0.998181 0.051476 -0.031389
vn -1.000000 0.000000 0.000000
vn -0.823583 0.508578 -0.251115
vn -0.856600 0.465177 -0.223264
vn -0.887212 0.418711 -0.193742
vn -0.914832 0.369559 -0.162811
vn -0.938948 0.318226 -0.130803
vn -0.959158 0.265315 -0.098102
vn -0.975206 0.211499 -0.065124
vn -0.986995 0.157477 -0.032290
vn -0.994585 0.103928 0.000000
vn -0.998181 0.051476 0.031389
vn -0.998078 0.000000 0.061969
vn -0.801031 0.557178 -0.218867
vn -0.835190 0.515736 -0.190982
vn -0.867256 0.470958 -0.161452
vn -0.896612 0.423144 -0.130525
vn -0.922693 0.372735 -0.098523
vn -0.945031 0.320288 -0.065824
vn -0.963287 0.266458 -0.032841
vn -0.977280 0.211950 0.000000
vn -0.986995 0.157477 0.032290
vn -0.992568 0.103716 0.063660
vn -0.994270 0.051271 0.093800
vn -0.992378 0.000000 0.123233
vn -0.775660 0.603074 -0.186154
vn -0.810602 0.563825 -0.158196
vn -0.843786 0.521038 -0.128627
vn -0.874583 0.474933 -0.097687
vn -0.902396 0.425872 -0.065682
vn -0.926700 0.374353 -0.032983
vn -0.947084 0.320985 0.000000
vn -0.963287 0.266458 0.032841
vn -0.975206 0.211499 0.065124
vn -0.982904 0.156822 0.096471
vn -0.986588 0.103087 0.126557
vn -0.986584 0.050868 0.155129
vn -0.983090 0.000000 0.183124
vn -0.747888 0.645864 -0.153371
vn -0.783241 0.608959 -0.125312
vn -0.817176 0.568391 -0.095685
vn -0.849072 0.524298 -0.064715
vn -0.878317 0.476959 -0.032701
vn -0.904349 0.426793 -0.000000
vn -0.926700 0.374353 0.032983
vn -0.945031 0.320288 0.065824
vn -0.959158 0.265315 0.098102
vn -0.969061 0.210163 0.129431
vn -0.974873 0.155535 0.159474
vn -0.976858 0.102063 0.187967
vn -0.975381 0.050281 0.214720
vn -0.970513 0.000000 0.241049
vn -0.718188 0.685267 -0.120895
vn -0.753586 0.650777 -0.092722
vn -0.787897 0.612573 -0.063027
vn -0.820523 0.570715 -0.032025
vn -0.850856 0.525398 0.000000
vn -0.878317 0.476959 0.032701
vn -0.902396 0.425872 0.065682
vn -0.922693 0.372734 0.098523
vn -0.938948 0.318226 0.130803
vn -0.951056 0.263071 0.162127
vn -0.959071 0.207992 0.192150
vn -0.963185 0.153663 0.220594
vn -0.963705 0.100679 0.247257
vn -0.961018 0.049529 0.272013
vn -0.955028 0.000000 0.296514
vn -0.687055 0.721126 -0.089062
vn -0.722160 0.689050 -0.060781
vn -0.756485 0.653275 -0.031026
vn -0.789468 0.613792 -0.000000
vn -0.820523 0.570715 0.032025
vn -0.849072 0.524298 0.064715
vn -0.874583 0.474933 0.097687
vn -0.896612 0.423144 0.130525
vn -0.914832 0.369559 0.162811
vn -0.929065 0.314875 0.194146
vn -0.939279 0.259810 0.224176
vn -0.945589 0.205062 0.252609
vn -0.948234 0.151269 0.279231
vn -0.947547 0.098980 0.303903
vn -0.943924 0.048635 0.326561
vn -0.937070 0.000000 0.349142
vn -0.654979 0.753405 -0.058160
vn -0.689493 0.723680 -0.029793
vn -0.723500 0.690325 -0.000000
vn -0.756485 0.653275 0.031026
vn -0.787897 0.612573 0.063027
vn -0.817176 0.568391 0.095685
vn -0.843786 0.521038 0.128628
vn -0.867256 0.470958 0.161452
vn -0.887212 0.418711 0.193742
vn -0.903408 0.364945 0.225098
vn -0.915736 0.310356 0.255159
vn -0.924232 0.255643 0.283621
vn -0.929059 0.201470 0.310257
vn -0.930486 0.148427 0.334911
vn -0.928858 0.097015 0.357508
vn -0.924564 0.047623 0.378038
vn -0.917095 -0.000000 0.398669
vn -0.622420 0.782167 -0.028416
vn -0.656091 0.754682 -0.000000
vn -0.689493 0.723680 0.029793
vn -0.722160 0.689050 0.060781
vn -0.753586 0.650777 0.092722
vn -0.783241 0.608959 0.125312
vn -0.810602 0.563825 0.158196
vn -0.835190 0.515736 0.190982
vn -0.856600 0.465177 0.223264
vn -0.874534 0.412731 0.254642
vn -0.888818 0.359052 0.284752
vn -0.899411 0.304821 0.313279
vn -0.906400 0.250705 0.339979
vn -0.909983 0.197324 0.364684
vn -0.910445 0.145220 0.387300
vn -0.908130 0.094836 0.407807
vn -0.903413 0.046518 0.426240
vn -0.895558 0.000000 0.444944
vn -0.589788 0.807558 -0.000000
vn -0.622420 0.782167 0.028416
vn -0.654979 0.753405 0.058160
vn -0.687055 0.721126 0.089062
vn -0.718188 0.685267 0.120895
vn -0.747888 0.645864 0.153371
vn -0.775660 0.603074 0.186154
vn -0.801031 0.557178 0.218867
vn -0.823583 0.508578 0.251115
vn -0.842983 0.457789 0.282505
vn -0.859003 0.405406 0.312668
vn -0.871534 0.352071 0.341283
vn -0.880592 0.298441 0.368091
vn -0.886301 0.245140 0.392908
vn -0.888881 0.192740 0.415623
vn -0.888620 0.141727 0.436197
vn -0.885851 0.092496 0.454656
vn -0.880928 0.045345 0.471074
vn -0.872890 -0.000000 0.487917
vn -0.555408 0.831178 0.025779
vn -0.587027 0.807746 0.054271
vn -0.618750 0.781077 0.084064
vn -0.650215 0.750997 0.114999
vn -0.681006 0.717400 0.146863
vn -0.710673 0.680269 0.179381
vn -0.738748 0.639695 0.212230
vn -0.764770 0.595886 0.245045
vn -0.788312 0.549173 0.277438
vn -0.809017 0.500000 0.309017
vn -0.826612 0.448905 0.339408
vn -0.840932 0.396491 0.368278
vn -0.851925 0.343395 0.395353
vn -0.859650 0.290244 0.420429
vn -0.864262 0.237629 0.443377
vn -0.865996 0.186073 0.464141
vn -0.865141 0.136018 0.482732
vn -0.862017 0.087812 0.499215
vn -0.856957 0.041712 0.513696
vn -0.850651 0.000000 0.525731
vn -0.544443 0.835583 0.073369
vn -0.529924 0.839333 0.121245
vn -0.575902 0.810917 0.103683
vn -0.513253 0.840997 0.171159
vn -0.561255 0.813294 0.153448
vn -0.607357 0.782837 0.135214
vn -0.494315 0.840246 0.222798
vn -0.544273 0.813430 0.205178
vn -0.592478 0.783638 0.186765
vn -0.638421 0.751184 0.167754
vn -0.473047 0.836772 0.275751
vn -0.524836 0.811003 0.258497
vn -0.575072 0.782058 0.240161
vn -0.623181 0.750223 0.220933
vn -0.668659 0.715877 0.201034
vn -0.449447 0.830311 0.329516
vn -0.502881 0.805721 0.312929
vn -0.555015 0.777790 0.294959
vn -0.605215 0.746765 0.275784
vn -0.652908 0.712999 0.255623
vn -0.697607 0.676940 0.234727
vn -0.423588 0.820666 0.383509
vn -0.478420 0.797348 0.367899
vn -0.532254 0.770569 0.350612
vn -0.584406 0.740527 0.331797
vn -0.634234 0.707542 0.311660
vn -0.681178 0.672037 0.290452
vn -0.724792 0.634513 0.268460
vn -0.395625 0.807732 0.437093
vn -0.451550 0.785731 0.422764
vn -0.506820 0.760201 0.406482
vn -0.560713 0.731287 0.388356
vn -0.612531 0.699261 0.368563
vn -0.661641 0.664517 0.347346
vn -0.707515 0.627536 0.324993
vn -0.749760 0.588865 0.301825
vn -0.365794 0.791507 0.489603
vn -0.422458 0.770818 0.476831
vn -0.478841 0.746586 0.461866
vn -0.534197 0.718902 0.444763
vn -0.587785 0.687985 0.425658
vn -0.638909 0.654186 0.404767
vn -0.686964 0.617959 0.382370
vn -0.731474 0.579836 0.358798
vn -0.772107 0.540392 0.334405
vn -0.334405 0.772107 0.540392
vn -0.391423 0.752672 0.529408
vn -0.448545 0.729735 0.516037
vn -0.505024 0.703333 0.500273
vn -0.560091 0.673633 0.482199
vn -0.613003 0.640932 0.461989
vn -0.663084 0.605647 0.439899
vn -0.709779 0.568284 0.416254
vn -0.752672 0.529408 0.391423
vn -0.791507 0.489603 0.365795
vn -0.301825 0.749760 0.588865
vn -0.358798 0.731474 0.579836
vn -0.416254 0.709779 0.568284
vn -0.473467 0.684662 0.554137
vn -0.529662 0.656235 0.537415
vn -0.584061 0.624742 0.518237
vn -0.635938 0.590553 0.496821
vn -0.684662 0.554137 0.473467
vn -0.729735 0.516037 0.448545
vn -0.770818 0.476831 0.422458
vn -0.807732 0.437093 0.395625
vn -0.268460 0.724792 0.634513
vn -0.324993 0.707515 0.627536
vn -0.382370 0.686964 0.617959
vn -0.439899 0.663084 0.605647
vn -0.496821 0.635938 0.590552
vn -0.552347 0.605715 0.572732
vn -0.605715 0.572732 0.552347
vn -0.656235 0.537415 0.529662
vn -0.703333 0.500273 0.505024
vn -0.746586 0.461866 0.478841
vn -0.785731 0.422763 0.451550
vn -0.820666 0.383509 0.423588
vn -0.234727 0.697607 0.676940
vn -0.290452 0.681178 0.672037
vn -0.347346 0.661641 0.664517
vn -0.404766 0.638909 0.654186
vn -0.461989 0.613003 0.640932
vn -0.518237 0.584061 0.624742
vn -0.572732 0.552347 0.605715
vn -0.624742 0.518237 0.584061
vn -0.673633 0.482199 0.560091
vn -0.718902 0.444763 0.534197
vn -0.760201 0.406482 0.506820
vn -0.797348 0.367899 0.478420
vn -0.830311 0.329516 0.449447
vn -0.201034 0.668659 0.715877
vn -0.255623 0.652908 0.712999
vn -0.311660 0.634234 0.707542
vn -0.368563 0.612531 0.699261
vn -0.425658 0.587785 0.687985
vn -0.482199 0.560091 0.673633
vn -0.537415 0.529662 0.656235
vn -0.590552 0.496821 0.635938
vn -0.640932 0.461989 0.613003
vn -0.687985 0.425658 0.587785
vn -0.731287 0.388356 0.560713
vn -0.770569 0.350612 0.532254
vn -0.805721 0.312929 0.502881
vn -0.836772 0.275751 0.473047
vn -0.167754 0.638421 0.751184
vn -0.220933 0.623181 0.750223
vn -0.275784 0.605215 0.746765
vn -0.331797 0.584406 0.740527
vn -0.388356 0.560713 0.731287
vn -0.444763 0.534197 0.718902
vn -0.500273 0.505024 0.703333
vn -0.554137 0.473467 0.684662
vn -0.605646 0.439899 0.663084
vn -0.654186 0.404766 0.638909
vn -0.699261 0.368563 0.612531
vn -0.740527 0.331797 0.584406
vn -0.777790 0.294959 0.555015
vn -0.811003 0.258497 0.524836
vn -0.840246 0.222798 0.494315
vn -0.135214 0.607357 0.782837
vn -0.186766 0.592478 0.783638
vn -0.240161 0.575072 0.782058
vn -0.294959 0.555015 0.777790
vn -0.350612 0.532254 0.770569
vn -0.406482 0.506820 0.760201
vn -0.461866 0.478841 0.746586
vn -0.516037 0.448545 0.729735
vn -0.568284 0.416254 0.709779
vn -0.617959 0.382370 0.686964
vn -0.664517 0.347346 0.661641
vn -0.707542 0.311660 0.634234
vn -0.746765 0.275784 0.605215
vn -0.782058 0.240161 0.575072
vn -0.813430 0.205178 0.544273
vn -0.840997 0.171159 0.513253
vn -0.103683 0.575902 0.810917
vn -0.153448 0.561255 0.813294
vn -0.205178 0.544273 0.813430
vn -0.258497 0.524836 0.811003
vn -0.312929 0.502881 0.805721
vn -0.367899 0.478420 0.797348
vn -0.422763 0.451550 0.785731
vn -0.476831 0.422458 0.770818
vn -0.529408 0.391423 0.752672
vn -0.579836 0.358798 0.731474
vn -0.627536 0.324993 0.707515
vn -0.672037 0.290452 0.681178
vn -0.712999 0.255623 0.652908
vn -0.750223 0.220933 0.623181
vn -0.783638 0.186765 0.592478
vn -0.813294 0.153448 0.561255
vn -0.839333 0.121245 0.529924
vn -0.073369 0.544443 0.835583
vn -0.121245 0.529924 0.839333
vn -0.171159 0.513253 0.840997
vn -0.222798 0.494315 0.840246
vn -0.275751 0.473047 0.836772
vn -0.329516 0.449447 0.830311
vn -0.383509 0.423588 0.820666
vn -0.437093 0.395625 0.807732
vn -0.489603 0.365794 0.791507
vn -0.540392 0.334405 0.772107
vn -0.588865 0.301825 0.749760
vn -0.634513 0.268460 0.724792
vn -0.676940 0.234727 0.697607
vn -0.715877 0.201034 0.668659
vn -0.751184 0.167754 0.638421
vn -0.782837 0.135214 0.607357
vn -0.810917 0.103683 0.575902
vn -0.835583 0.073369 0.544443
vn -0.041712 0.513696 0.856957
vn -0.087812 0.499215 0.862017
vn -0.136018 0.482732 0.865141
vn -0.186073 0.464141 0.865996
vn -0.237629 0.443377 0.864262
vn -0.290244 0.420429 0.859650
vn -0.343395 0.395354 0.851925
vn -0.396491 0.368278 0.840932
vn -0.448905 0.339408 0.826612
vn -0.500000 0.309017 0.809017
vn -0.549173 0.277438 0.788312
vn -0.595886 0.245045 0.764770
vn -0.639695 0.212230 0.738748
vn -0.680269 0.179381 0.710673
vn -0.717400 0.146863 0.681006
vn -0.750997 0.114999 0.650215
vn -0.781077 0.084064 0.618751
vn -0.807746 0.054271 0.587027
vn -0.831178 0.025779 0.555408
vn 0.525731 -0.850651 -0.000000
vn 0.487917 -0.872890 -0.000000
vn 0.513696 -0.856958 0.041712
vn 0.444944 -0.895558 0.000000
vn 0.471074 -0.880928 0.045345
vn 0.499215 -0.862017 0.087812
vn 0.398669 -0.917095 0.000000
vn 0.426240 -0.903413 0.046518
vn 0.454656 -0.885851 0.092496
vn 0.482732 -0.865141 0.136018
vn 0.349142 -0.937070 -0.000000
vn 0.378038 -0.924564 0.047623
vn 0.407807 -0.908130 0.094836
vn 0.436197 -0.888620 0.141727
vn 0.464141 -0.865996 0.186073
vn 0.296514 -0.955028 -0.000000
vn 0.326561 -0.943924 0.048635
vn 0.357508 -0.928857 0.097015
vn 0.387300 -0.910445 0.145220
vn 0.415623 -0.888881 0.192740
vn 0.443377 -0.864262 0.237629
vn 0.241049 -0.970513 0.000000
vn 0.272013 -0.961018 0.049529
vn 0.303903 -0.947547 0.098980
vn 0.334911 -0.930486 0.148427
vn 0.364684 -0.909983 0.197324
vn 0.392908 -0.886301 0.245140
vn 0.420429 -0.859650 0.290244
vn 0.183124 -0.983090 0.000000
vn 0.214720 -0.975381 0.050281
vn 0.247257 -0.963705 0.100679
vn 0.279231 -0.948234 0.151269
vn 0.310257 -0.929059 0.201470
vn 0.339979 -0.906400 0.250705
vn 0.368091 -0.880592 0.298441
vn 0.395353 -0.851925 0.343395
vn 0.123233 -0.992378 -0.000000
vn 0.155129 -0.986584 0.050868
vn 0.187967 -0.976858 0.102063
vn 0.220594 -0.963185 0.153663
vn 0.252609 -0.945589 0.205062
vn 0.283621 -0.924232 0.255643
vn 0.313279 -0.899411 0.304821
vn 0.341283 -0.871534 0.352071
vn 0.368278 -0.840931 0.396491
vn 0.061969 -0.998078 -0.000000
vn 0.093800 -0.994270 0.051271
vn 0.126557 -0.986588 0.103087
vn 0.159474 -0.974873 0.155535
vn 0.192150 -0.959071 0.207992
vn 0.224176 -0.939279 0.259810
vn 0.255159 -0.915736 0.310356
vn 0.284752 -0.888818 0.359052
vn 0.312668 -0.859003 0.405406
vn 0.339408 -0.826612 0.448905
vn 0.000000 -1.000000 0.000000
vn 0.031389 -0.998181 0.051476
vn 0.063660 -0.992568 0.103716
vn 0.096471 -0.982904 0.156822
vn 0.129431 -0.969061 0.210163
vn 0.162127 -0.951056 0.263071
vn 0.194146 -0.929065 0.314875
vn 0.225098 -0.903408 0.364945
vn 0.254642 -0.874534 0.412731
vn 0.282505 -0.842983 0.457789
vn 0.309017 -0.809017 0.500000
vn -0.061969 -0.998078 -0.000000
vn -0.031389 -0.998181 0.051476
vn -0.000000 -0.994585 0.103928
vn 0.032290 -0.986995 0.157477
vn 0.065124 -0.975206 0.211499
vn 0.098102 -0.959158 0.265315
vn 0.130803 -0.938948 0.318226
vn 0.162811 -0.914832 0.369560
vn 0.193742 -0.887212 0.418711
vn 0.223264 -0.856600 0.465177
vn 0.251115 -0.823583 0.508578
vn 0.277438 -0.788312 0.549173
vn -0.123233 -0.992378 -0.000000
vn -0.093800 -0.994270 0.051271
vn -0.063660 -0.992568 0.103716
vn -0.032290 -0.986995 0.157477
vn -0.000000 -0.977280 0.211950
vn 0.032841 -0.963287 0.266458
vn 0.065824 -0.945031 0.320288
vn 0.098523 -0.922693 0.372735
vn 0.130525 -0.896612 0.423144
vn 0.161452 -0.867256 0.470958
vn 0.190982 -0.835190 0.515736
vn 0.218867 -0.801031 0.557178
vn 0.245045 -0.764770 0.595886
vn -0.183124 -0.983090 -0.000000
vn -0.155129 -0.986584 0.050868
vn -0.126557 -0.986588 0.103087
vn -0.096471 -0.982904 0.156822
vn -0.065124 -0.975206 0.211499
vn -0.032841 -0.963287 0.266458
vn 0.000000 -0.947084 0.320985
vn 0.032983 -0.926700 0.374353
vn 0.065682 -0.902396 0.425872
vn 0.097687 -0.874583 0.474933
vn 0.128627 -0.843786 0.521038
vn 0.158196 -0.810602 0.563825
vn 0.186154 -0.775660 0.603074
vn 0.212230 -0.738748 0.639695
vn -0.241049 -0.970513 0.000000
vn -0.214720 -0.975381 0.050281
vn -0.187967 -0.976858 0.102063
vn -0.159474 -0.974873 0.155535
vn -0.129431 -0.969061 0.210163
vn -0.098102 -0.959158 0.265315
vn -0.065824 -0.945031 0.320288
vn -0.032983 -0.926700 0.374353
vn 0.000000 -0.904349 0.426793
vn 0.032701 -0.878317 0.476959
vn 0.064715 -0.849072 0.524298
vn 0.095685 -0.817176 0.568391
vn 0.125312 -0.783241 0.608959
vn 0.153371 -0.747888 0.645864
vn 0.179381 -0.710673 0.680269
vn -0.296514 -0.955028 -0.000000
vn -0.272013 -0.961018 0.049529
vn -0.247257 -0.963705 0.100679
vn -0.220594 -0.963185 0.153663
vn -0.192150 -0.959071 0.207992
vn -0.162127 -0.951056 0.263071
vn -0.130803 -0.938948 0.318226
vn -0.098523 -0.922693 0.372735
vn -0.065682 -0.902396 0.425872
vn -0.032701 -0.878317 0.476959
vn 0.000000 -0.850856 0.525398
vn 0.032025 -0.820523 0.570715
vn 0.063027 -0.787897 0.612573
vn 0.092722 -0.753586 0.650777
vn 0.120895 -0.718188 0.685267
vn 0.146863 -0.681006 0.717400
vn -0.349142 -0.937070 0.000000
vn -0.326561 -0.943924 0.048635
vn -0.303903 -0.947547 0.098980
vn -0.279231 -0.948234 0.151269
vn -0.252609 -0.945589 0.205062
vn -0.224176 -0.939279 0.259810
vn -0.194146 -0.929065 0.314875
vn -0.162811 -0.914832 0.369560
vn -0.130525 -0.896612 0.423144
vn -0.097687 -0.874583 0.474933
vn -0.064715 -0.849072 0.524298
vn -0.032025 -0.820523 0.570715
vn 0.000000 -0.789468 0.613792
vn 0.031026 -0.756485 0.653275
vn 0.060781 -0.722161 0.689050
vn 0.089062 -0.687055 0.721126
vn 0.114999 -0.650215 0.750997
vn -0.398669 -0.917095 0.000000
vn -0.378038 -0.924564 0.047623
vn -0.357508 -0.928857 0.097015
vn -0.334911 -0.930486 0.148427
vn -0.310257 -0.929059 0.201470
vn -0.283621 -0.924232 0.255643
vn -0.255159 -0.915736 0.310356
vn -0.225098 -0.903408 0.364945
vn -0.193742 -0.887212 0.418711
vn -0.161452 -0.867256 0.470958
vn -0.128628 -0.843786 0.521038
vn -0.095685 -0.817176 0.568391
vn -0.063027 -0.787897 0.612573
vn -0.031026 -0.756485 0.653275
vn 0.000000 -0.723500 0.690325
vn 0.029793 -0.689493 0.723680
vn 0.058160 -0.654979 0.753405
vn 0.084064 -0.618750 0.781077
vn -0.444944 -0.895558 -0.000000
vn -0.426240 -0.903413 0.046518
vn -0.407807 -0.908130 0.094836
vn -0.387300 -0.910445 0.145220
vn -0.364684 -0.909983 0.197324
vn -0.339979 -0.906400 0.250705
vn -0.313279 -0.899411 0.304821
vn -0.284752 -0.888818 0.359052
vn -0.254642 -0.874534 0.412731
vn -0.223264 -0.856600 0.465177
vn -0.190982 -0.835190 0.515736
vn -0.158196 -0.810602 0.563825
vn -0.125312 -0.783241 0.608959
vn -0.092722 -0.753586 0.650777
vn -0.060781 -0.722161 0.689050
vn -0.029793 -0.689493 0.723680
vn -0.000000 -0.656091 0.754682
vn 0.028416 -0.622420 0.782167
vn 0.054271 -0.587027 0.807746
vn -0.487917 -0.872890 0.000000
vn -0.471074 -0.880928 0.045345
vn -0.454656 -0.885851 0.092496
vn -0.436197 -0.888620 0.141727
vn -0.415623 -0.888881 0.192740
vn -0.392908 -0.886301 0.245140
vn -0.368091 -0.880592 0.298441
vn -0.341283 -0.871534 0.352071
vn -0.312668 -0.859003 0.405406
vn -0.282505 -0.842983 0.457789
vn -0.251115 -0.823583 0.508578
vn -0.218867 -0.801031 0.557178
vn -0.186154 -0.775660 0.603074
vn -0.153371 -0.747888 0.645864
vn -0.120895 -0.718188 0.685267
vn -0.089062 -0.687055 0.721126
vn -0.058160 -0.654979 0.753405
vn -0.028416 -0.622420 0.782167
vn -0.000000 -0.589788 0.807558
vn 0.025779 -0.555408 0.831178
vn -0.525731 -0.850651 0.000000
vn -0.513696 -0.856957 0.041712
vn -0.499215 -0.862017 0.087812
vn -0.482732 -0.865141 0.136018
vn -0.464141 -0.865996 0.186073
vn -0.443377 -0.864262 0.237629
vn -0.420429 -0.859650 0.290244
vn -0.395353 -0.851925 0.343395
vn -0.368278 -0.840932 0.396491
vn -0.339408 -0.826612 0.448905
vn -0.309017 -0.809017 0.500000
vn -0.277438 -0.788312 0.549173
vn -0.245045 -0.764770 0.595886
vn -0.212230 -0.738748 0.639695
vn -0.179381 -0.710673 0.680269
vn -0.146863 -0.681006 0.717400
vn -0.114999 -0.650215 0.750997
vn -0.084064 -0.618750 0.781077
vn -0.054271 -0.587027 0.807746
vn -0.025779 -0.555408 0.831178
vn 0.000000 -0.525731 0.850651
vn 0.856958 -0.041712 0.513696
vn 0.831178 -0.025779 0.555408
vn 0.862017 -0.087812 0.499215
vn 0.835583 -0.073369 0.544443
vn 0.807746 -0.054271 0.587027
vn 0.865141 -0.136018 0.482732
vn 0.839333 -0.121245 0.529924
vn 0.810917 -0.103683 0.575902
vn 0.781077 -0.084064 0.618750
vn 0.865996 -0.186073 0.464141
vn 0.840997 -0.171159 0.513253
vn 0.813294 -0.153448 0.561255
vn 0.782837 -0.135214 0.607357
vn 0.750997 -0.114999 0.650215
vn 0.864262 -0.237629 0.443377
vn 0.840246 -0.222798 0.494315
vn 0.813430 -0.205178 0.544273
vn 0.783638 -0.186765 0.592478
vn 0.751184 -0.167754 0.638421
vn 0.717400 -0.146863 0.681006
vn 0.859650 -0.290244 0.420429
vn 0.836772 -0.275751 0.473047
vn 0.811003 -0.258497 0.524836
vn 0.782058 -0.240161 0.575072
vn 0.750223 -0.220933 0.623181
vn 0.715877 -0.201034 0.668659
vn 0.680269 -0.179381 0.710673
vn 0.851925 -0.343395 0.395353
vn 0.830311 -0.329516 0.449447
vn 0.805721 -0.312929 0.502881
vn 0.777790 -0.294959 0.555015
vn 0.746765 -0.275784 0.605216
vn 0.712999 -0.255623 0.652908
vn 0.676940 -0.234727 0.697607
vn 0.639695 -0.212230 0.738748
vn 0.840932 -0.396491 0.368278
vn 0.820667 -0.383509 0.423588
vn 0.797348 -0.367899 0.478420
vn 0.770569 -0.350612 0.532254
vn 0.740527 -0.331797 0.584406
vn 0.707542 -0.311660 0.634234
vn 0.672037 -0.290452 0.681178
vn 0.634513 -0.268460 0.724792
vn 0.595886 -0.245045 0.764770
vn 0.826612 -0.448905 0.339408
vn 0.807732 -0.437093 0.395625
vn 0.785731 -0.422764 0.451550
vn 0.760201 -0.406482 0.506820
vn 0.731287 -0.388356 0.560713
vn 0.699261 -0.368563 0.612531
vn 0.664517 -0.347346 0.661641
vn 0.627536 -0.324993 0.707515
vn 0.588865 -0.301825 0.749760
vn 0.549173 -0.277438 0.788312
vn 0.809017 -0.500000 0.309017
vn 0.791507 -0.489603 0.365794
vn 0.770818 -0.476831 0.422458
vn 0.746586 -0.461866 0.478841
vn 0.718902 -0.444763 0.534197
vn 0.687985 -0.425658 0.587785
vn 0.654186 -0.404767 0.638909
vn 0.617959 -0.382370 0.686964
vn 0.579836 -0.358798 0.731474
vn 0.540392 -0.334405 0.772107
vn 0.500000 -0.309017 0.809017
vn 0.788312 -0.549173 0.277438
vn 0.772107 -0.540392 0.334405
vn 0.752672 -0.529408 0.391423
vn 0.729735 -0.516037 0.448545
vn 0.703333 -0.500273 0.505024
vn 0.673633 -0.482199 0.560091
vn 0.640932 -0.461989 0.613003
vn 0.605647 -0.439899 0.663084
vn 0.568284 -0.416254 0.709779
vn 0.529408 -0.391423 0.752672
vn 0.489603 -0.365795 0.791507
vn 0.448905 -0.339408 0.826612
vn 0.764769 -0.595886 0.245045
vn 0.749760 -0.588865 0.301825
vn 0.731474 -0.579836 0.358798
vn 0.709779 -0.568284 0.416254
vn 0.684662 -0.554137 0.473467
vn 0.656235 -0.537415 0.529662
vn 0.624742 -0.518237 0.584061
vn 0.590553 -0.496821 0.635938
vn 0.554137 -0.473467 0.684662
vn 0.516037 -0.448545 0.729735
vn 0.476831 -0.422458 0.770818
vn 0.437093 -0.395625 0.807732
vn 0.396491 -0.368278 0.840932
vn 0.738748 -0.639695 0.212230
vn 0.724792 -0.634513 0.268460
vn 0.707515 -0.627536 0.324993
vn 0.686964 -0.617959 0.382370
vn 0.663084 -0.605647 0.439899
vn 0.635938 -0.590552 0.496821
vn 0.605715 -0.572732 0.552347
vn 0.572732 -0.552347 0.605715
vn 0.537415 -0.529662 0.656235
vn 0.500273 -0.505024 0.703333
vn 0.461866 -0.478841 0.746586
vn 0.422763 -0.451550 0.785731
vn 0.383509 -0.423588 0.820666
vn 0.343395 -0.395354 0.851925
vn 0.710673 -0.680269 0.179381
vn 0.697607 -0.676940 0.234727
vn 0.681178 -0.672037 0.290452
vn 0.661641 -0.664517 0.347346
vn 0.638909 -0.654186 0.404766
vn 0.613003 -0.640932 0.461989
vn 0.584061 -0.624742 0.518237
vn 0.552347 -0.605715 0.572732
vn 0.518237 -0.584061 0.624742
vn 0.482199 -0.560091 0.673633
vn 0.444763 -0.534197 0.718902
vn 0.406482 -0.506820 0.760201
vn 0.367899 -0.478420 0.797348
vn 0.329516 -0.449447 0.830311
vn 0.290244 -0.420429 0.859650
vn 0.681006 -0.717400 0.146863
vn 0.668659 -0.715877 0.201034
vn 0.652908 -0.712999 0.255623
vn 0.634234 -0.707542 0.311660
vn 0.612531 -0.699261 0.368563
vn 0.587785 -0.687985 0.425658
vn 0.560091 -0.673633 0.482199
vn 0.529662 -0.656235 0.537415
vn 0.496821 -0.635938 0.590552
vn 0.461989 -0.613003 0.640932
vn 0.425658 -0.587785 0.687985
vn 0.388356 -0.560713 0.731287
vn 0.350612 -0.532254 0.770569
vn 0.312929 -0.502881 0.805721
vn 0.275751 -0.473047 0.836772
vn 0.237629 -0.443377 0.864262
vn 0.650215 -0.750997 0.114999
vn 0.638421 -0.751184 0.167754
vn 0.623181 -0.750223 0.220933
vn 0.605215 -0.746765 0.275784
vn 0.584406 -0.740527 0.331797
vn 0.560713 -0.731287 0.388356
vn 0.534197 -0.718902 0.444763
vn 0.505024 -0.703333 0.500273
vn 0.473467 -0.684662 0.554137
vn 0.439899 -0.663084 0.605646
vn 0.404766 -0.638909 0.654186
vn 0.368563 -0.612531 0.699261
vn 0.331797 -0.584406 0.740527
vn 0.294959 -0.555015 0.777790
vn 0.258497 -0.524836 0.811003
vn 0.222798 -0.494315 0.840246
vn 0.186073 -0.464141 0.865996
vn 0.618750 -0.781077 0.084064
vn 0.607357 -0.782838 0.135214
vn 0.592478 -0.783638 0.186766
vn 0.575072 -0.782058 0.240161
vn 0.555015 -0.777790 0.294959
vn 0.532254 -0.770569 0.350612
vn 0.506820 -0.760201 0.406482
vn 0.478841 -0.746586 0.461866
vn 0.448545 -0.729735 0.516037
vn 0.416254 -0.709779 0.568284
vn 0.382370 -0.686964 0.617959
vn 0.347346 -0.661641 0.664517
vn 0.311660 -0.634234 0.707542
vn 0.275784 -0.605215 0.746765
vn 0.240161 -0.575072 0.782058
vn 0.205178 -0.544273 0.813430
vn 0.171159 -0.513253 0.840997
vn 0.136018 -0.482732 0.865141
vn 0.587027 -0.807746 0.054271
vn 0.575902 -0.810917 0.103683
vn 0.561255 -0.813294 0.153448
vn 0.544273 -0.813430 0.205178
vn 0.524836 -0.811003 0.258497
vn 0.502881 -0.805721 0.312929
vn 0.478420 -0.797348 0.367899
vn 0.451550 -0.785731 0.422763
vn 0.422458 -0.770818 0.476831
vn 0.391423 -0.752672 0.529408
vn 0.358798 -0.731474 0.579836
vn 0.324993 -0.707515 0.627536
vn 0.290452 -0.681178 0.672037
vn 0.255623 -0.652908 0.712999
vn 0.220933 -0.623181 0.750223
vn 0.186765 -0.592478 0.783638
vn 0.153448 -0.561255 0.813294
vn 0.121245 -0.529924 0.839333
vn 0.087812 -0.499215 0.862017
vn 0.555408 -0.831178 0.025779
vn 0.544443 -0.835583 0.073369
vn 0.529924 -0.839333 0.121245
vn 0.513253 -0.840997 0.171159
vn 0.494315 -0.840246 0.222798
vn 0.473047 -0.836772 0.275751
vn 0.449447 -0.830311 0.329516
vn 0.423588 -0.820666 0.383509
vn 0.395625 -0.807732 0.437093
vn 0.365794 -0.791507 0.489603
vn 0.334405 -0.772107 0.540392
vn 0.301825 -0.749760 0.588865
vn 0.268460 -0.724792 0.634513
vn 0.234727 -0.697607 0.676940
vn 0.201034 -0.668659 0.715877
vn 0.167754 -0.638421 0.751184
vn 0.135214 -0.607357 0.782837
vn 0.103683 -0.575902 0.810917
vn 0.073369 -0.544443 0.835583
vn 0.041712 -0.513696 0.856957
vn 0.880928 -0.045345 0.471074
vn 0.903413 -0.046518 0.426240
vn 0.885851 -0.092496 0.454656
vn 0.924564 -0.047623 0.378038
vn 0.908130 -0.094836 0.407807
vn 0.888620 -0.141727 0.436197
vn 0.943924 -0.048635 0.326561
vn 0.928858 -0.097015 0.357508
vn 0.910445 -0.145220 0.387300
vn 0.888881 -0.192740 0.415623
vn 0.961018 -0.049529 0.272013
vn 0.947547 -0.098980 0.303903
vn 0.930486 -0.148427 0.334911
vn 0.909983 -0.197324 0.364684
vn 0.886301 -0.245140 0.392908
vn 0.975381 -0.050281 0.214720
vn 0.963705 -0.100679 0.247257
vn 0.948234 -0.151269 0.279231
vn 0.929059 -0.201470 0.310257
vn 0.906400 -0.250705 0.339979
vn 0.880592 -0.298441 0.368091
vn 0.986584 -0.050868 0.155129
vn 0.976858 -0.102063 0.187967
vn 0.963185 -0.153663 0.220594
vn 0.945589 -0.205062 0.252609
vn 0.924232 -0.255643 0.283621
vn 0.899411 -0.304821 0.313279
vn 0.871534 -0.352071 0.341283
vn 0.994270 -0.051271 0.093800
vn 0.986588 -0.103087 0.126557
vn 0.974873 -0.155535 0.159474
vn 0.959071 -0.207992 0.192150
vn 0.939279 -0.259810 0.224176
vn 0.915736 -0.310356 0.255159
vn 0.888818 -0.359052 0.284752
vn 0.859003 -0.405406 0.312668
vn 0.998181 -0.051476 0.031389
vn 0.992568 -0.103716 0.063660
vn 0.982904 -0.156822 0.096471
vn 0.969061 -0.210163 0.129431
vn 0.951056 -0.263071 0.162127
vn 0.929065 -0.314875 0.194146
vn 0.903408 -0.364945 0.225098
vn 0.874534 -0.412731 0.254642
vn 0.842983 -0.457789 0.282505
vn 0.998181 -0.051476 -0.031389
vn 0.994585 -0.103928 -0.000000
vn 0.986995 -0.157477 0.032290
vn 0.975206 -0.211499 0.065124
vn 0.959158 -0.265315 0.098102
vn 0.938948 -0.318226 0.130803
vn 0.914832 -0.369559 0.162811
vn 0.887212 -0.418711 0.193742
vn 0.856600 -0.465177 0.223264
vn 0.823583 -0.508578 0.251115
vn 0.994270 -0.051271 -0.093800
vn 0.992568 -0.103716 -0.063660
vn 0.986995 -0.157477 -0.032290
vn 0.977280 -0.211950 -0.000000
vn 0.963287 -0.266458 0.032841
vn 0.945031 -0.320288 0.065824
vn 0.922693 -0.372735 0.098523
vn 0.896612 -0.423144 0.130525
vn 0.867256 -0.470958 0.161452
vn 0.835190 -0.515736 0.190982
vn 0.801031 -0.557178 0.218867
vn 0.986584 -0.050868 -0.155129
vn 0.986588 -0.103087 -0.126557
vn 0.982904 -0.156822 -0.096471
vn 0.975206 -0.211499 -0.065124
vn 0.963287 -0.266458 -0.032841
vn 0.947084 -0.320985 0.000000
vn 0.926700 -0.374353 0.032983
vn 0.902396 -0.425872 0.065682
vn 0.874583 -0.474933 0.097687
vn 0.843786 -0.521038 0.128627
vn 0.810602 -0.563825 0.158196
vn 0.775660 -0.603074 0.186154
vn 0.975381 -0.050281 -0.214720
vn 0.976858 -0.102063 -0.187967
vn 0.974873 -0.155535 -0.159474
vn 0.969061 -0.210163 -0.129431
vn 0.959158 -0.265315 -0.098102
vn 0.945031 -0.320288 -0.065824
vn 0.926700 -0.374353 -0.032983
vn 0.904349 -0.426793 0.000000
vn 0.878317 -0.476959 0.032701
vn 0.849072 -0.524298 0.064715
vn 0.817176 -0.568391 0.095685
vn 0.783241 -0.608959 0.125312
vn 0.747888 -0.645864 0.153371
vn 0.961018 -0.049529 -0.272013
vn 0.963705 -0.100679 -0.247257
vn 0.963185 -0.153663 -0.220594
vn 0.959071 -0.207992 -0.192150
vn 0.951056 -0.263071 -0.162127
vn 0.938948 -0.318226 -0.130803
vn 0.922693 -0.372735 -0.098523
vn 0.902396 -0.425872 -0.065682
vn 0.878317 -0.476959 -0.032701
vn 0.850856 -0.525398 0.000000
vn 0.820523 -0.570715 0.032025
vn 0.787897 -0.612573 0.063027
vn 0.753586 -0.650777 0.092722
vn 0.718188 -0.685267 0.120895
vn 0.943924 -0.048635 -0.326561
vn 0.947547 -0.098980 -0.303903
vn 0.948234 -0.151269 -0.279231
vn 0.945589 -0.205062 -0.252609
vn 0.939279 -0.259810 -0.224176
vn 0.929065 -0.314875 -0.194146
vn 0.914832 -0.369560 -0.162811
vn 0.896612 -0.423144 -0.130525
vn 0.874583 -0.474933 -0.097687
vn 0.849072 -0.524298 -0.064715
vn 0.820523 -0.570715 -0.032025
vn 0.789468 -0.613792 0.000000
vn 0.756485 -0.653275 0.031026
vn 0.722160 -0.689050 0.060781
vn 0.687055 -0.721126 0.089062
vn 0.924564 -0.047623 -0.378038
vn 0.928858 -0.097015 -0.357508
vn 0.930486 -0.148427 -0.334911
vn 0.929059 -0.201470 -0.310257
vn 0.924232 -0.255643 -0.283621
vn 0.915736 -0.310356 -0.255159
vn 0.903408 -0.364945 -0.225098
vn 0.887212 -0.418711 -0.193742
vn 0.867256 -0.470958 -0.161452
vn 0.843786 -0.521038 -0.128628
vn 0.817176 -0.568391 -0.095685
vn 0.787897 -0.612573 -0.063027
vn 0.756485 -0.653275 -0.031026
vn 0.723500 -0.690325 0.000000
vn 0.689493 -0.723680 0.029793
vn 0.654979 -0.753405 0.058160
vn 0.903413 -0.046518 -0.426240
vn 0.908130 -0.094836 -0.407807
vn 0.910445 -0.145220 -0.387300
vn 0.909983 -0.197324 -0.364684
vn 0.906400 -0.250705 -0.339979
vn 0.899411 -0.304821 -0.313279
vn 0.888818 -0.359052 -0.284752
vn 0.874534 -0.412731 -0.254642
vn 0.856600 -0.465177 -0.223264
vn 0.835190 -0.515736 -0.190982
vn 0.810602 -0.563825 -0.158196
vn 0.783241 -0.608959 -0.125312
vn 0.753586 -0.650777 -0.092722
vn 0.722160 -0.689050 -0.060781
vn 0.689493 -0.723680 -0.029793
vn 0.656091 -0.754682 0.000000
vn 0.622420 -0.782167 0.028416
vn 0.880928 -0.045345 -0.471074
vn 0.885851 -0.092496 -0.454656
vn 0.888620 -0.141727 -0.436197
vn 0.888881 -0.192740 -0.415623
vn 0.886301 -0.245140 -0.392908
vn 0.880592 -0.298441 -0.368091
vn 0.871534 -0.352071 -0.341283
vn 0.859003 -0.405406 -0.312668
vn 0.842983 -0.457789 -0.282505
vn 0.823583 -0.508578 -0.251115
vn 0.801031 -0.557178 -0.218867
vn 0.775660 -0.603074 -0.186154
vn 0.747888 -0.645864 -0.153371
vn 0.718188 -0.685267 -0.120895
vn 0.687055 -0.721126 -0.089062
vn 0.654979 -0.753405 -0.058160
vn 0.622420 -0.782167 -0.028416
vn 0.589788 -0.807558 0.000000
vn 0.856958 -0.041712 -0.513696
vn 0.862017 -0.087812 -0.499215
vn 0.865141 -0.136018 -0.482732
vn 0.865996 -0.186073 -0.464141
vn 0.864262 -0.237629 -0.443377
vn 0.859650 -0.290244 -0.420429
vn 0.851925 -0.343395 -0.395354
vn 0.840932 -0.396491 -0.368278
vn 0.826612 -0.448905 -0.339408
vn 0.809017 -0.500000 -0.309017
vn 0.788312 -0.549173 -0.277438
vn 0.764769 -0.595886 -0.245045
vn 0.738748 -0.639695 -0.212230
vn 0.710673 -0.680269 -0.179381
vn 0.681006 -0.717400 -0.146863
vn 0.650215 -0.750997 -0.114999
vn 0.618750 -0.781077 -0.084064
vn 0.587027 -0.807746 -0.054271
vn 0.555408 -0.831178 -0.025779
vn 0.831178 -0.025779 -0.555408
vn 0.807746 -0.054271 -0.587027
vn 0.835583 -0.073369 -0.544443
vn 0.781077 -0.084064 -0.618750
vn 0.810917 -0.103683 -0.575902
vn 0.839333 -0.121245 -0.529924
vn 0.750997 -0.114999 -0.650215
vn 0.782837 -0.135214 -0.607357
vn 0.813294 -0.153448 -0.561255
vn 0.840997 -0.171159 -0.513253
vn 0.717400 -0.146863 -0.681006
vn 0.751184 -0.167754 -0.638421
vn 0.783638 -0.186765 -0.592478
vn 0.813430 -0.205178 -0.544273
vn 0.840246 -0.222798 -0.494315
vn 0.680269 -0.179381 -0.710673
vn 0.715877 -0.201034 -0.668659
vn 0.750223 -0.220933 -0.623181
vn 0.782058 -0.240161 -0.575072
vn 0.811003 -0.258497 -0.524836
vn 0.836772 -0.275751 -0.473047
vn 0.639695 -0.212230 -0.738748
vn 0.676940 -0.234727 -0.697607
vn 0.712999 -0.255623 -0.652908
vn 0.746765 -0.275784 -0.605215
vn 0.777790 -0.294959 -0.555015
vn 0.805721 -0.312929 -0.502881
vn 0.830311 -0.329516 -0.449447
vn 0.595886 -0.245045 -0.764770
vn 0.634513 -0.268460 -0.724792
vn 0.672037 -0.290452 -0.681178
vn 0.707542 -0.311660 -0.634234
vn 0.740527 -0.331797 -0.584406
vn 0.770569 -0.350612 -0.532254
vn 0.797348 -0.367899 -0.478420
vn 0.820666 -0.383509 -0.423588
vn 0.549173 -0.277438 -0.788312
vn 0.588865 -0.301825 -0.749760
vn 0.627536 -0.324993 -0.707515
vn 0.664517 -0.347346 -0.661641
vn 0.699261 -0.368563 -0.612531
vn 0.731287 -0.388356 -0.560713
vn 0.760201 -0.406482 -0.506820
vn 0.785731 -0.422764 -0.451550
vn 0.807732 -0.437093 -0.395625
vn 0.500000 -0.309017 -0.809017
vn 0.540392 -0.334405 -0.772107
vn 0.579836 -0.358798 -0.731474
vn 0.617959 -0.382370 -0.686964
vn 0.654186 -0.404767 -0.638909
vn 0.687985 -0.425658 -0.587785
vn 0.718902 -0.444763 -0.534197
vn 0.746586 -0.461866 -0.478841
vn 0.770818 -0.476831 -0.422458
vn 0.791507 -0.489603 -0.365795
vn 0.448905 -0.339408 -0.826612
vn 0.489603 -0.365794 -0.791507
vn 0.529408 -0.391423 -0.752672
vn 0.568284 -0.416254 -0.709779
vn 0.605647 -0.439899 -0.663084
vn 0.640932 -0.461989 -0.613003
vn 0.673633 -0.482199 -0.560091
vn 0.703333 -0.500273 -0.505024
vn 0.729735 -0.516037 -0.448545
vn 0.752672 -0.529408 -0.391423
vn 0.772107 -0.540392 -0.334405
vn 0.396491 -0.368278 -0.840932
vn 0.437093 -0.395625 -0.807732
vn 0.476831 -0.422458 -0.770818
vn 0.516037 -0.448545 -0.729735
vn 0.554137 -0.473467 -0.684662
vn 0.590553 -0.496821 -0.635938
vn 0.624742 -0.518237 -0.584061
vn 0.656235 -0.537415 -0.529662
vn 0.684662 -0.554137 -0.473467
vn 0.709779 -0.568284 -0.416254
vn 0.731474 -0.579836 -0.358798
vn 0.749760 -0.588865 -0.301825
vn 0.343395 -0.395354 -0.851925
vn 0.383509 -0.423588 -0.820666
vn 0.422763 -0.451550 -0.785731
vn 0.461866 -0.478841 -0.746586
vn 0.500273 -0.505024 -0.703333
vn 0.537415 -0.529662 -0.656235
vn 0.572732 -0.552347 -0.605715
vn 0.605715 -0.572732 -0.552347
vn 0.635938 -0.590552 -0.496821
vn 0.663084 -0.605647 -0.439899
vn 0.686964 -0.617959 -0.382370
vn 0.707515 -0.627536 -0.324993
vn 0.724792 -0.634513 -0.268460
vn 0.290244 -0.420429 -0.859650
vn 0.329516 -0.449447 -0.830311
vn 0.367899 -0.478420 -0.797348
vn 0.406482 -0.506820 -0.760201
vn 0.444763 -0.534197 -0.718902
vn 0.482199 -0.560091 -0.673633
vn 0.518237 -0.584061 -0.624742
vn 0.552347 -0.605715 -0.572732
vn 0.584061 -0.624742 -0.518237
vn 0.613003 -0.640932 -0.461989
vn 0.638909 -0.654186 -0.404767
vn 0.661641 -0.664517 -0.347346
vn 0.681178 -0.672037 -0.290452
vn 0.697607 -0.676940 -0.234727
vn 0.237629 -0.443377 -0.864262
vn 0.275751 -0.473047 -0.836772
vn 0.312929 -0.502881 -0.805721
vn 0.350612 -0.532254 -0.770569
vn 0.388356 -0.560713 -0.731287
vn 0.425658 -0.587785 -0.687985
vn 0.461989 -0.613003 -0.640932
vn 0.496821 -0.635938 -0.590552
vn 0.529662 -0.656235 -0.537415
vn 0.560091 -0.673633 -0.482199
vn 0.587785 -0.687985 -0.425658
vn 0.612531 -0.699261 -0.368563
vn 0.634234 -0.707542 -0.311660
vn 0.652908 -0.712999 -0.255623
vn 0.668659 -0.715877 -0.201034
vn 0.186073 -0.464141 -0.865996
vn 0.222798 -0.494315 -0.840246
vn 0.258497 -0.524836 -0.811003
vn 0.294959 -0.555015 -0.777790
vn 0.331797 -0.584406 -0.740527
vn 0.368563 -0.612531 -0.699261
vn 0.404766 -0.638909 -0.654186
vn 0.439899 -0.663084 -0.605646
vn 0.473467 -0.684662 -0.554137
vn 0.505024 -0.703333 -0.500273
vn 0.534197 -0.718902 -0.444763
vn 0.560713 -0.731287 -0.388356
vn 0.584406 -0.740527 -0.331797
vn 0.605215 -0.746765 -0.275784
vn 0.623181 -0.750223 -0.220933
vn 0.638421 -0.751184 -0.167754
vn 0.136018 -0.482732 -0.865141
vn 0.171159 -0.513253 -0.840997
vn 0.205178 -0.544273 -0.813430
vn 0.240161 -0.575072 -0.782058
vn 0.275784 -0.605215 -0.746765
vn 0.311660 -0.634234 -0.707542
vn 0.347346 -0.661641 -0.664517
vn 0.382370 -0.686964 -0.617959
vn 0.416254 -0.709779 -0.568284
vn 0.448545 -0.729735 -0.516037
vn 0.478841 -0.746586 -0.461866
vn 0.506820 -0.760201 -0.406482
vn 0.532254 -0.770569 -0.350612
vn 0.555015 -0.777790 -0.294959
vn 0.575072 -0.782058 -0.240161
vn 0.592478 -0.783638 -0.186766
vn 0.607357 -0.782838 -0.135214
vn 0.087812 -0.499215 -0.862017
vn 0.121245 -0.529924 -0.839333
vn 0.153448 -0.561255 -0.813294
vn 0.186765 -0.592478 -0.783638
vn 0.220933 -0.623181 -0.750223
vn 0.255623 -0.652908 -0.712999
vn 0.290452 -0.681178 -0.672037
vn 0.324993 -0.707515 -0.627536
vn 0.358798 -0.731474 -0.579836
vn 0.391423 -0.752672 -0.529408
vn 0.422458 -0.770818 -0.476831
vn 0.451550 -0.785731 -0.422763
vn 0.478420 -0.797348 -0.367899
vn 0.502881 -0.805721 -0.312929
vn 0.524836 -0.811003 -0.258497
vn 0.544273 -0.813430 -0.205178
vn 0.561255 -0.813294 -0.153448
vn 0.575902 -0.810917 -0.103683
vn 0.041712 -0.513696 -0.856957
vn 0.073369 -0.544443 -0.835583
vn 0.103683 -0.575902 -0.810917
vn 0.135214 -0.607357 -0.782837
vn 0.167754 -0.638421 -0.751184
vn 0.201034 -0.668659 -0.715877
vn 0.234727 -0.697607 -0.676940
vn 0.268460 -0.724792 -0.634513
vn 0.301825 -0.749760 -0.588865
vn 0.334405 -0.772107 -0.540392
vn 0.365794 -0.791507 -0.489603
vn 0.395625 -0.807732 -0.437093
vn 0.423588 -0.820666 -0.383509
vn 0.449447 -0.830311 -0.329516
vn 0.473047 -0.836772 -0.275751
vn 0.494315 -0.840246 -0.222798
vn 0.513253 -0.840997 -0.171159
vn 0.529924 -0.839333 -0.121245
vn 0.544443 -0.835583 -0.073369
vn 0.000000 -0.525731 -0.850651
vn 0.025779 -0.555408 -0.831178
vn 0.054271 -0.587027 -0.807746
vn 0.084064 -0.618750 -0.781077
vn 0.114999 -0.650215 -0.750997
vn 0.146863 -0.681006 -0.717400
vn 0.179381 -0.710673 -0.680269
vn 0.212230 -0.738748 -0.639695
vn 0.245045 -0.764769 -0.595886
vn 0.277438 -0.788312 -0.549173
vn 0.309017 -0.809017 -0.500000
vn 0.339408 -0.826612 -0.448905
vn 0.368278 -0.840932 -0.396491
vn 0.395353 -0.851925 -0.343395
vn 0.420429 -0.859650 -0.290244
vn 0.443377 -0.864262 -0.237629
vn 0.464141 -0.865996 -0.186073
vn 0.482732 -0.865141 -0.136018
vn 0.499215 -0.862017 -0.087812
vn 0.513696 -0.856958 -0.041712
vn -0.025779 -0.555408 -0.831178
vn -0.054271 -0.587027 -0.807746
vn 0.000000 -0.589788 -0.807558
vn -0.084064 -0.618750 -0.781077
vn -0.028416 -0.622420 -0.782167
vn 0.028416 -0.622420 -0.782167
vn -0.114999 -0.650215 -0.750997
vn -0.058160 -0.654979 -0.753405
vn 0.000000 -0.656091 -0.754682
vn 0.058160 -0.654979 -0.753405
vn -0.146863 -0.681006 -0.717400
vn -0.089062 -0.687055 -0.721126
vn -0.029793 -0.689493 -0.723680
vn 0.029793 -0.689493 -0.723680
vn 0.089062 -0.687055 -0.721126
vn -0.179381 -0.710673 -0.680269
vn -0.120895 -0.718188 -0.685267
vn -0.060781 -0.722161 -0.689050
vn -0.000000 -0.723500 -0.690325
vn 0.060781 -0.722161 -0.689050
vn 0.120895 -0.718188 -0.685267
vn -0.212230 -0.738748 -0.639695
vn -0.153371 -0.747888 -0.645864
vn -0.092722 -0.753586 -0.650777
vn -0.031026 -0.756485 -0.653275
vn 0.031026 -0.756485 -0.653275
vn 0.092722 -0.753586 -0.650777
vn 0.153371 -0.747888 -0.645864
vn -0.245045 -0.764770 -0.595886
vn -0.186154 -0.775660 -0.603074
vn -0.125312 -0.783241 -0.608959
vn -0.063027 -0.787897 -0.612573
vn 0.000000 -0.789468 -0.613792
vn 0.063027 -0.787897 -0.612573
vn 0.125312 -0.783241 -0.608959
vn 0.186154 -0.775660 -0.603074
vn -0.277438 -0.788312 -0.549173
vn -0.218867 -0.801031 -0.557178
vn -0.158196 -0.810602 -0.563825
vn -0.095685 -0.817176 -0.568391
vn -0.032025 -0.820523 -0.570715
vn 0.032025 -0.820523 -0.570715
vn 0.095685 -0.817176 -0.568391
vn 0.158196 -0.810602 -0.563825
vn 0.218867 -0.801031 -0.557178
vn -0.309017 -0.809017 -0.500000
vn -0.251115 -0.823583 -0.508578
vn -0.190982 -0.835190 -0.515736
vn -0.128628 -0.843786 -0.521038
vn -0.064715 -0.849072 -0.524298
vn 0.000000 -0.850856 -0.525398
vn 0.064715 -0.849072 -0.524298
vn 0.128627 -0.843786 -0.521038
vn 0.190982 -0.835190 -0.515736
vn 0.251115 -0.823583 -0.508578
vn -0.339408 -0.826612 -0.448905
vn -0.282505 -0.842983 -0.457789
vn -0.223264 -0.856600 -0.465177
vn -0.161452 -0.867256 -0.470958
vn -0.097687 -0.874583 -0.474933
vn -0.032701 -0.878317 -0.476959
vn 0.032701 -0.878317 -0.476959
vn 0.097687 -0.874583 -0.474933
vn 0.161452 -0.867256 -0.470958
vn 0.223264 -0.856600 -0.465177
vn 0.282505 -0.842983 -0.457789
vn -0.368278 -0.840932 -0.396491
vn -0.312668 -0.859003 -0.405406
vn -0.254642 -0.874534 -0.412731
vn -0.193742 -0.887212 -0.418711
vn -0.130525 -0.896612 -0.423144
vn -0.065682 -0.902396 -0.425872
vn 0.000000 -0.904349 -0.426793
vn 0.065682 -0.902396 -0.425872
vn 0.130525 -0.896612 -0.423144
vn 0.193742 -0.887212 -0.418711
vn 0.254642 -0.874534 -0.412731
vn 0.312668 -0.859003 -0.405406
vn -0.395353 -0.851925 -0.343395
vn -0.341283 -0.871534 -0.352071
vn -0.284752 -0.888818 -0.359052
vn -0.225098 -0.903408 -0.364945
vn -0.162811 -0.914832 -0.369560
vn -0.098523 -0.922693 -0.372735
vn -0.032983 -0.926700 -0.374353
vn 0.032983 -0.926700 -0.374353
vn 0.098523 -0.922693 -0.372735
vn 0.162811 -0.914832 -0.369560
vn 0.225098 -0.903408 -0.364945
vn 0.284752 -0.888818 -0.359052
vn 0.341283 -0.871534 -0.352071
vn -0.420429 -0.859650 -0.290244
vn -0.368091 -0.880592 -0.298441
vn -0.313279 -0.899411 -0.304821
vn -0.255159 -0.915737 -0.310356
vn -0.194146 -0.929065 -0.314875
vn -0.130803 -0.938948 -0.318226
vn -0.065824 -0.945031 -0.320288
vn 0.000000 -0.947084 -0.320985
vn 0.065824 -0.945031 -0.320288
vn 0.130803 -0.938948 -0.318226
vn 0.194146 -0.929065 -0.314875
vn 0.255159 -0.915736 -0.310356
vn 0.313279 -0.899411 -0.304821
vn 0.368091 -0.880592 -0.298441
vn -0.443377 -0.864262 -0.237629
vn -0.392908 -0.886301 -0.245140
vn -0.339979 -0.906400 -0.250705
vn -0.283621 -0.924232 -0.255643
vn -0.224176 -0.939279 -0.259810
vn -0.162127 -0.951056 -0.263071
vn -0.098102 -0.959158 -0.265315
vn -0.032841 -0.963287 -0.266458
vn 0.032841 -0.963287 -0.266458
vn 0.098102 -0.959158 -0.265315
vn 0.162127 -0.951056 -0.263071
vn 0.224176 -0.939279 -0.259810
vn 0.283621 -0.924232 -0.255643
vn 0.339979 -0.906400 -0.250705
vn 0.392908 -0.886301 -0.245140
vn -0.464141 -0.865996 -0.186073
vn -0.415623 -0.888881 -0.192740
vn -0.364684 -0.909983 -0.197324
vn -0.310257 -0.929059 -0.201470
vn -0.252609 -0.945589 -0.205062
vn -0.192150 -0.959071 -0.207992
vn -0.129431 -0.969061 -0.210163
vn -0.065124 -0.975206 -0.211499
vn 0.000000 -0.977280 -0.211950
vn 0.065124 -0.975206 -0.211499
vn 0.129431 -0.969061 -0.210163
vn 0.192150 -0.959071 -0.207992
vn 0.252609 -0.945589 -0.205062
vn 0.310257 -0.929059 -0.201470
vn 0.364684 -0.909983 -0.197324
vn 0.415623 -0.888881 -0.192740
vn -0.482732 -0.865141 -0.136018
vn -0.436197 -0.888620 -0.141727
vn -0.387300 -0.910445 -0.145220
vn -0.334911 -0.930486 -0.148427
vn -0.279231 -0.948234 -0.151269
vn -0.220594 -0.963185 -0.153663
vn -0.159474 -0.974873 -0.155535
vn -0.096471 -0.982904 -0.156822
vn -0.032290 -0.986995 -0.157477
vn 0.032290 -0.986995 -0.157477
vn 0.096471 -0.982904 -0.156822
vn 0.159474 -0.974873 -0.155535
vn 0.220594 -0.963185 -0.153663
vn 0.279231 -0.948234 -0.151269
vn 0.334911 -0.930486 -0.148427
vn 0.387300 -0.910445 -0.145220
vn 0.436197 -0.888620 -0.141727
vn -0.499215 -0.862017 -0.087812
vn -0.454656 -0.885851 -0.092496
vn -0.407807 -0.908130 -0.094836
vn -0.357508 -0.928857 -0.097015
vn -0.303903 -0.947547 -0.098980
vn -0.247257 -0.963705 -0.100679
vn -0.187967 -0.976858 -0.102063
vn -0.126557 -0.986588 -0.103087
vn -0.063660 -0.992568 -0.103716
vn -0.000000 -0.994585 -0.103928
vn 0.063660 -0.992568 -0.103716
vn 0.126557 -0.986588 -0.103087
vn 0.187967 -0.976858 -0.102063
vn 0.247257 -0.963705 -0.100679
vn 0.303903 -0.947547 -0.098980
vn 0.357508 -0.928857 -0.097015
vn 0.407807 -0.908130 -0.094836
vn 0.454656 -0.885851 -0.092496
vn -0.513696 -0.856957 -0.041712
vn -0.471074 -0.880928 -0.045345
vn -0.426240 -0.903413 -0.046518
vn -0.378038 -0.924564 -0.047623
vn -0.326561 -0.943924 -0.048635
vn -0.272013 -0.961018 -0.049529
vn -0.214720 -0.975381 -0.050281
vn -0.155129 -0.986584 -0.050868
vn -0.093800 -0.994270 -0.051271
vn -0.031389 -0.998181 -0.051476
vn 0.031389 -0.998181 -0.051476
vn 0.093800 -0.994270 -0.051271
vn 0.155129 -0.986584 -0.050868
vn 0.214720 -0.975381 -0.050281
vn 0.272013 -0.961018 -0.049529
vn 0.326561 -0.943924 -0.048635
vn 0.378038 -0.924564 -0.047623
vn 0.426240 -0.903413 -0.046518
vn 0.471074 -0.880928 -0.045345
vn -0.041712 -0.513696 -0.856958
vn -0.087812 -0.499215 -0.862017
vn -0.073369 -0.544443 -0.835583
vn -0.136018 -0.482732 -0.865141
vn -0.121245 -0.529924 -0.839333
vn -0.103683 -0.575902 -0.810917
vn -0.186073 -0.464141 -0.865996
vn -0.171159 -0.513253 -0.840997
vn -0.153448 -0.561255 -0.813294
vn -0.135214 -0.607357 -0.782837
vn -0.237629 -0.443377 -0.864262
vn -0.222798 -0.494315 -0.840246
vn -0.205178 -0.544273 -0.813430
vn -0.186765 -0.592478 -0.783638
vn -0.167754 -0.638421 -0.751184
vn -0.290244 -0.420429 -0.859650
vn -0.275751 -0.473047 -0.836772
vn -0.258497 -0.524836 -0.811003
vn -0.240161 -0.575072 -0.782058
vn -0.220933 -0.623181 -0.750223
vn -0.201034 -0.668659 -0.715877
vn -0.343395 -0.395354 -0.851925
vn -0.329516 -0.449447 -0.830311
vn -0.312929 -0.502881 -0.805721
vn -0.294959 -0.555015 -0.777790
vn -0.275784 -0.605215 -0.746765
vn -0.255623 -0.652908 -0.712999
vn -0.234727 -0.697607 -0.676940
vn -0.396491 -0.368278 -0.840932
vn -0.383509 -0.423588 -0.820667
vn -0.367899 -0.478420 -0.797348
vn -0.350612 -0.532254 -0.770569
vn -0.331797 -0.584406 -0.740527
vn -0.311660 -0.634234 -0.707542
vn -0.290452 -0.681178 -0.672037
vn -0.268460 -0.724792 -0.634513
vn -0.448905 -0.339408 -0.826612
vn -0.437093 -0.395625 -0.807732
vn -0.422764 -0.451550 -0.785731
vn -0.406482 -0.506820 -0.760201
vn -0.388356 -0.560713 -0.731287
vn -0.368563 -0.612531 -0.699261
vn -0.347346 -0.661641 -0.664517
vn -0.324993 -0.707515 -0.627536
vn -0.301825 -0.749760 -0.588865
vn -0.500000 -0.309017 -0.809017
vn -0.489603 -0.365794 -0.791507
vn -0.476831 -0.422458 -0.770818
vn -0.461866 -0.478841 -0.746586
vn -0.444763 -0.534197 -0.718902
vn -0.425658 -0.587785 -0.687985
vn -0.404767 -0.638909 -0.654186
vn -0.382370 -0.686964 -0.617959
vn -0.358798 -0.731474 -0.579836
vn -0.334405 -0.772107 -0.540392
vn -0.549173 -0.277438 -0.788312
vn -0.540392 -0.334405 -0.772107
vn -0.529408 -0.391423 -0.752672
vn -0.516037 -0.448545 -0.729735
vn -0.500273 -0.505024 -0.703333
vn -0.482199 -0.560091 -0.673633
vn -0.461989 -0.613003 -0.640932
vn -0.439899 -0.663084 -0.605647
vn -0.416254 -0.709779 -0.568284
vn -0.391423 -0.752672 -0.529408
vn -0.365795 -0.791507 -0.489603
vn -0.595886 -0.245045 -0.764770
vn -0.588865 -0.301825 -0.749760
vn -0.579836 -0.358798 -0.731474
vn -0.568284 -0.416254 -0.709779
vn -0.554137 -0.473467 -0.684662
vn -0.537415 -0.529662 -0.656235
vn -0.518237 -0.584061 -0.624742
vn -0.496821 -0.635938 -0.590552
vn -0.473467 -0.684662 -0.554137
vn -0.448545 -0.729735 -0.516037
vn -0.422458 -0.770818 -0.476831
vn -0.395625 -0.807732 -0.437093
vn -0.639695 -0.212230 -0.738748
vn -0.634513 -0.268460 -0.724792
vn -0.627536 -0.324993 -0.707515
vn -0.617959 -0.382370 -0.686964
vn -0.605647 -0.439899 -0.663084
vn -0.590552 -0.496821 -0.635938
vn -0.572732 -0.552347 -0.605715
vn -0.552347 -0.605715 -0.572732
vn -0.529662 -0.656235 -0.537415
vn -0.505024 -0.703333 -0.500273
vn -0.478841 -0.746586 -0.461866
vn -0.451550 -0.785731 -0.422763
vn -0.423588 -0.820667 -0.383509
vn -0.680269 -0.179381 -0.710673
vn -0.676940 -0.234727 -0.697607
vn -0.672037 -0.290452 -0.681178
vn -0.664517 -0.347346 -0.661641
vn -0.654186 -0.404766 -0.638909
vn -0.640932 -0.461989 -0.613003
vn -0.624742 -0.518237 -0.584061
vn -0.605715 -0.572732 -0.552347
vn -0.584061 -0.624742 -0.518237
vn -0.560091 -0.673633 -0.482199
vn -0.534197 -0.718902 -0.444763
vn -0.506820 -0.760201 -0.406482
vn -0.478420 -0.797348 -0.367899
vn -0.449447 -0.830311 -0.329516
vn -0.717400 -0.146863 -0.681006
vn -0.715877 -0.201034 -0.668659
vn -0.712999 -0.255623 -0.652908
vn -0.707542 -0.311660 -0.634234
vn -0.699261 -0.368563 -0.612531
vn -0.687985 -0.425658 -0.587785
vn -0.673633 -0.482199 -0.560091
vn -0.656235 -0.537415 -0.529662
vn -0.635938 -0.590552 -0.496821
vn -0.613003 -0.640932 -0.461989
vn -0.587785 -0.687985 -0.425658
vn -0.560713 -0.731287 -0.388356
vn -0.532254 -0.770569 -0.350612
vn -0.502881 -0.805721 -0.312929
vn -0.473047 -0.836772 -0.275751
vn -0.750997 -0.114999 -0.650215
vn -0.751184 -0.167754 -0.638421
vn -0.750223 -0.220933 -0.623181
vn -0.746765 -0.275784 -0.605215
vn -0.740527 -0.331797 -0.584406
vn -0.731287 -0.388356 -0.560713
vn -0.718902 -0.444763 -0.534197
vn -0.703333 -0.500273 -0.505024
vn -0.684662 -0.554137 -0.473467
vn -0.663084 -0.605646 -0.439899
vn -0.638909 -0.654186 -0.404766
vn -0.612531 -0.699261 -0.368563
vn -0.584406 -0.740527 -0.331797
vn -0.555015 -0.777790 -0.294959
vn -0.524836 -0.811003 -0.258497
vn -0.494315 -0.840246 -0.222798
vn -0.781077 -0.084064 -0.618750
vn -0.782837 -0.135214 -0.607357
vn -0.783638 -0.186766 -0.592478
vn -0.782058 -0.240161 -0.575072
vn -0.777790 -0.294959 -0.555015
vn -0.770569 -0.350612 -0.532254
vn -0.760201 -0.406482 -0.506820
vn -0.746586 -0.461866 -0.478841
vn -0.729735 -0.516037 -0.448545
vn -0.709779 -0.568284 -0.416254
vn -0.686964 -0.617959 -0.382370
vn -0.661641 -0.664517 -0.347346
vn -0.634234 -0.707542 -0.311660
vn -0.605215 -0.746765 -0.275784
vn -0.575072 -0.782058 -0.240161
vn -0.544273 -0.813430 -0.205178
vn -0.513253 -0.840997 -0.171159
vn -0.807746 -0.054271 -0.587027
vn -0.810917 -0.103683 -0.575902
vn -0.813294 -0.153448 -0.561255
vn -0.813430 -0.205178 -0.544273
vn -0.811003 -0.258497 -0.524836
vn -0.805721 -0.312929 -0.502881
vn -0.797348 -0.367899 -0.478420
vn -0.785731 -0.422763 -0.451550
vn -0.770818 -0.476831 -0.422458
vn -0.752672 -0.529408 -0.391423
vn -0.731474 -0.579836 -0.358798
vn -0.707515 -0.627536 -0.324993
vn -0.681178 -0.672037 -0.290452
vn -0.652908 -0.712999 -0.255623
vn -0.623181 -0.750223 -0.220933
vn -0.592478 -0.783638 -0.186765
vn -0.561255 -0.813294 -0.153448
vn -0.529924 -0.839333 -0.121245
vn -0.831178 -0.025779 -0.555408
vn -0.835583 -0.073369 -0.544443
vn -0.839333 -0.121245 -0.529924
vn -0.840997 -0.171159 -0.513253
vn -0.840246 -0.222798 -0.494315
vn -0.836772 -0.275751 -0.473047
vn -0.830311 -0.329516 -0.449447
vn -0.820666 -0.383509 -0.423588
vn -0.807732 -0.437093 -0.395625
vn -0.791507 -0.489603 -0.365794
vn -0.772107 -0.540392 -0.334405
vn -0.749760 -0.588865 -0.301825
vn -0.724792 -0.634513 -0.268460
vn -0.697607 -0.676940 -0.234727
vn -0.668659 -0.715877 -0.201034
vn -0.638421 -0.751184 -0.167754
vn -0.607357 -0.782838 -0.135214
vn -0.575902 -0.810917 -0.103683
vn -0.544443 -0.835583 -0.073369
vn -0.856958 -0.041712 -0.513696
vn -0.862017 -0.087812 -0.499215
vn -0.865141 -0.136018 -0.482732
vn -0.865996 -0.186073 -0.464141
vn -0.864262 -0.237629 -0.443377
vn -0.859650 -0.290244 -0.420429
vn -0.851925 -0.343395 -0.395353
vn -0.840932 -0.396491 -0.368278
vn -0.826612 -0.448905 -0.339408
vn -0.809017 -0.500000 -0.309017
vn -0.788312 -0.549173 -0.277438
vn -0.764769 -0.595886 -0.245045
vn -0.738748 -0.639695 -0.212230
vn -0.710673 -0.680269 -0.179381
vn -0.681006 -0.717400 -0.146863
vn -0.650215 -0.750997 -0.114999
vn -0.618750 -0.781077 -0.084064
vn -0.587027 -0.807746 -0.054271
vn -0.555408 -0.831178 -0.025779
vn -0.880928 -0.045345 -0.471074
vn -0.903413 -0.046518 -0.426240
vn -0.885851 -0.092496 -0.454656
vn -0.924564 -0.047623 -0.378038
vn -0.908130 -0.094836 -0.407807
vn -0.888620 -0.141727 -0.436197
vn -0.943924 -0.048635 -0.326561
vn -0.928858 -0.097015 -0.357508
vn -0.910445 -0.145220 -0.387300
vn -0.888881 -0.192740 -0.415623
vn -0.961018 -0.049529 -0.272013
vn -0.947547 -0.098980 -0.303903
vn -0.930486 -0.148427 -0.334911
vn -0.909983 -0.197324 -0.364684
vn -0.886301 -0.245140 -0.392908
vn -0.975381 -0.050281 -0.214720
vn -0.963705 -0.100679 -0.247257
vn -0.948234 -0.151269 -0.279231
vn -0.929059 -0.201470 -0.310257
vn -0.906400 -0.250705 -0.339979
vn -0.880592 -0.298441 -0.368091
vn -0.986584 -0.050868 -0.155129
vn -0.976858 -0.102063 -0.187967
vn -0.963185 -0.153663 -0.220594
vn -0.945589 -0.205062 -0.252609
vn -0.924232 -0.255643 -0.283621
vn -0.899411 -0.304821 -0.313279
vn -0.871534 -0.352071 -0.341283
vn -0.994270 -0.051271 -0.093800
vn -0.986588 -0.103087 -0.126557
vn -0.974873 -0.155535 -0.159474
vn -0.959071 -0.207992 -0.192150
vn -0.939279 -0.259810 -0.224176
vn -0.915736 -0.310356 -0.255159
vn -0.888818 -0.359052 -0.284752
vn -0.859003 -0.405406 -0.312668
vn -0.998181 -0.051476 -0.031389
vn -0.992568 -0.103716 -0.063660
vn -0.982904 -0.156822 -0.096471
vn -0.969061 -0.210163 -0.129431
vn -0.951056 -0.263071 -0.162127
vn -0.929065 -0.314875 -0.194146
vn -0.903408 -0.364945 -0.225098
vn -0.874534 -0.412731 -0.254642
vn -0.842983 -0.457789 -0.282505
vn -0.998181 -0.051476 0.031389
vn -0.994585 -0.103928 0.000000
vn -0.986995 -0.157477 -0.032290
vn -0.975206 -0.211499 -0.065124
vn -0.959158 -0.265315 -0.098102
vn -0.938948 -0.318226 -0.130803
vn -0.914832 -0.369559 -0.162811
vn -0.887212 -0.418711 -0.193742
vn -0.856600 -0.465177 -0.223264
vn -0.823583 -0.508578 -0.251115
vn -0.994270 -0.051271 0.093800
vn -0.992568 -0.103716 0.063660
vn -0.986995 -0.157477 0.032290
vn -0.977280 -0.211950 0.000000
vn -0.963287 -0.266458 -0.032841
vn -0.945031 -0.320288 -0.065824
vn -0.922693 -0.372735 -0.098523
vn -0.896612 -0.423144 -0.130525
vn -0.867256 -0.470958 -0.161452
vn -0.835190 -0.515736 -0.190982
vn -0.801031 -0.557178 -0.218867
vn -0.986584 -0.050868 0.155129
vn -0.986588 -0.103087 0.126557
vn -0.982904 -0.156822 0.096471
vn -0.975206 -0.211499 0.065124
vn -0.963287 -0.266458 0.032841
vn -0.947084 -0.320985 0.000000
vn -0.926700 -0.374353 -0.032983
vn -0.902396 -0.425872 -0.065682
vn -0.874583 -0.474933 -0.097687
vn -0.843786 -0.521038 -0.128627
vn -0.810602 -0.563825 -0.158196
vn -0.775660 -0.603074 -0.186154
vn -0.975381 -0.050281 0.214720
vn -0.976858 -0.102063 0.187967
vn -0.974873 -0.155535 0.159474
vn -0.969061 -0.210163 0.129431
vn -0.959158 -0.265315 0.098102
vn -0.945031 -0.320288 0.065824
vn -0.926700 -0.374353 0.032983
vn -0.904349 -0.426793 -0.000000
vn -0.878317 -0.476959 -0.032701
vn -0.849072 -0.524298 -0.064715
vn -0.817176 -0.568391 -0.095685
vn -0.783241 -0.608959 -0.125312
vn -0.747888 -0.645864 -0.153371
vn -0.961018 -0.049529 0.272013
vn -0.963705 -0.100679 0.247257
vn -0.963185 -0.153663 0.220594
vn -0.959071 -0.207992 0.192150
vn -0.951056 -0.263071 0.162127
vn -0.938948 -0.318226 0.130803
vn -0.922693 -0.372735 0.098523
vn -0.902396 -0.425872 0.065682
vn -0.878317 -0.476959 0.032701
vn -0.850856 -0.525398 0.000000
vn -0.820523 -0.570715 -0.032025
vn -0.787897 -0.612573 -0.063027
vn -0.753586 -0.650777 -0.092722
vn -0.718188 -0.685267 -0.120895
vn -0.943924 -0.048635 0.326561
vn -0.947547 -0.098980 0.303903
vn -0.948234 -0.151269 0.279231
vn -0.945589 -0.205062 0.252609
vn -0.939279 -0.259810 0.224176
vn -0.929065 -0.314875 0.194146
vn -0.914832 -0.369560 0.162811
vn -0.896612 -0.423144 0.130525
vn -0.874583 -0.474933 0.097687
vn -0.849072 -0.524298 0.064715
vn -0.820523 -0.570715 0.032025
vn -0.789468 -0.613792 -0.000000
vn -0.756485 -0.653275 -0.031026
vn -0.722160 -0.689050 -0.060781
vn -0.687055 -0.721126 -0.089062
vn -0.924564 -0.047623 0.378038
vn -0.928858 -0.097015 0.357508
vn -0.930486 -0.148427 0.334911
vn -0.929059 -0.201470 0.310257
vn -0.924232 -0.255643 0.283621
vn -0.915736 -0.310356 0.255159
vn -0.903408 -0.364945 0.225098
vn -0.887212 -0.418711 0.193742
vn -0.867256 -0.470958 0.161452
vn -0.843786 -0.521038 0.128628
vn -0.817176 -0.568391 0.095685
vn -0.787897 -0.612573 0.063027
vn -0.756485 -0.653275 0.031026
vn -0.723500 -0.690325 0.000000
vn -0.689493 -0.723680 -0.029793
vn -0.654979 -0.753405 -0.058160
vn -0.903413 -0.046518 0.426240
vn -0.908130 -0.094836 0.407807
vn -0.910445 -0.145220 0.387300
vn -0.909983 -0.197324 0.364684
vn -0.906400 -0.250705 0.339979
vn -0.899411 -0.304821 0.313279
vn -0.888818 -0.359052 0.284752
vn -0.874534 -0.412731 0.254642
vn -0.856600 -0.465177 0.223264
vn -0.835190 -0.515736 0.190982
vn -0.810602 -0.563825 0.158196
vn -0.783241 -0.608959 0.125312
vn -0.753586 -0.650777 0.092722
vn -0.722160 -0.689050 0.060781
vn -0.689493 -0.723680 0.029793
vn -0.656091 -0.754682 0.000000
vn -0.622420 -0.782167 -0.028416
vn -0.880928 -0.045345 0.471074
vn -0.885851 -0.092496 0.454656
vn -0.888620 -0.141727 0.436197
vn -0.888881 -0.192740 0.415623
vn -0.886301 -0.245140 0.392908
vn -0.880592 -0.298441 0.368091
vn -0.871534 -0.352071 0.341283
vn -0.859003 -0.405406 0.312668
vn -0.842983 -0.457789 0.282505
vn -0.823583 -0.508578 0.251115
vn -0.801031 -0.557178 0.218867
vn -0.775660 -0.603074 0.186154
vn -0.747888 -0.645864 0.153371
vn -0.718188 -0.685267 0.120895
vn -0.687055 -0.721126 0.089062
vn -0.654979 -0.753405 0.058160
vn -0.622420 -0.782167 0.028416
vn -0.589788 -0.807558 0.000000
vn -0.856958 -0.041712 0.513696
vn -0.862017 -0.087812 0.499215
vn -0.865141 -0.136018 0.482732
vn -0.865996 -0.186073 0.464141
vn -0.864262 -0.237629 0.443377
vn -0.859650 -0.290244 0.420429
vn -0.851925 -0.343395 0.395354
vn -0.840932 -0.396491 0.368278
vn -0.826612 -0.448905 0.339408
vn -0.809017 -0.500000 0.309017
vn -0.788312 -0.549173 0.277438
vn -0.764769 -0.595886 0.245045
vn -0.738748 -0.639695 0.212230
vn -0.710673 -0.680269 0.179381
vn -0.681006 -0.717400 0.146863
vn -0.650215 -0.750997 0.114999
vn -0.618750 -0.781077 0.084064
vn -0.587027 -0.807746 0.054271
vn -0.555408 -0.831178 0.025779
vn -0.831178 -0.025779 0.555408
vn -0.807746 -0.054271 0.587027
vn -0.835583 -0.073369 0.544443
vn -0.781077 -0.084064 0.618750
vn -0.810917 -0.103683 0.575902
vn -0.839333 -0.121245 0.529924
vn -0.750997 -0.114999 0.650215
vn -0.782837 -0.135214 0.607357
vn -0.813294 -0.153448 0.561255
vn -0.840997 -0.171159 0.513253
vn -0.717400 -0.146863 0.681006
vn -0.751184 -0.167754 0.638421
vn -0.783638 -0.186765 0.592478
vn -0.813430 -0.205178 0.544273
vn -0.840246 -0.222798 0.494315
vn -0.680269 -0.179381 0.710673
vn -0.715877 -0.201034 0.668659
vn -0.750223 -0.220933 0.623181
vn -0.782058 -0.240161 0.575072
vn -0.811003 -0.258497 0.524836
vn -0.836772 -0.275751 0.473047
vn -0.639695 -0.212230 0.738748
vn -0.676940 -0.234727 0.697607
vn -0.712999 -0.255623 0.652908
vn -0.746765 -0.275784 0.605215
vn -0.777790 -0.294959 0.555015
vn -0.805721 -0.312929 0.502881
vn -0.830311 -0.329516 0.449447
vn -0.595886 -0.245045 0.764769
vn -0.634513 -0.268460 0.724792
vn -0.672037 -0.290452 0.681178
vn -0.707542 -0.311660 0.634234
vn -0.740527 -0.331797 0.584406
vn -0.770569 -0.350612 0.532254
vn -0.797348 -0.367899 0.478420
vn -0.820666 -0.383509 0.423588
vn -0.549173 -0.277438 0.788312
vn -0.588865 -0.301825 0.749760
vn -0.627536 -0.324993 0.707515
vn -0.664517 -0.347346 0.661641
vn -0.699261 -0.368563 0.612531
vn -0.731287 -0.388356 0.560713
vn -0.760201 -0.406482 0.506820
vn -0.785731 -0.422764 0.451550
vn -0.807732 -0.437093 0.395625
vn -0.500000 -0.309017 0.809017
vn -0.540392 -0.334405 0.772107
vn -0.579836 -0.358798 0.731474
vn -0.617959 -0.382370 0.686964
vn -0.654186 -0.404767 0.638909
vn -0.687985 -0.425658 0.587785
vn -0.718902 -0.444763 0.534197
vn -0.746586 -0.461866 0.478841
vn -0.770818 -0.476831 0.422458
vn -0.791507 -0.489603 0.365795
vn -0.448905 -0.339408 0.826612
vn -0.489603 -0.365794 0.791507
vn -0.529408 -0.391423 0.752672
vn -0.568284 -0.416254 0.709779
vn -0.605647 -0.439899 0.663084
vn -0.640932 -0.461989 0.613003
vn -0.673633 -0.482199 0.560091
vn -0.703333 -0.500273 0.505024
vn -0.729735 -0.516037 0.448545
vn -0.752672 -0.529408 0.391423
vn -0.772107 -0.540392 0.334405
vn -0.396491 -0.368278 0.840932
vn -0.437093 -0.395625 0.807732
vn -0.476831 -0.422458 0.770818
vn -0.516037 -0.448545 0.729735
vn -0.554137 -0.473467 0.684662
vn -0.590553 -0.496821 0.635938
vn -0.624742 -0.518237 0.584061
vn -0.656235 -0.537415 0.529662
vn -0.684662 -0.554137 0.473467
vn -0.709779 -0.568284 0.416254
vn -0.731474 -0.579836 0.358798
vn -0.749760 -0.588865 0.301825
vn -0.343395 -0.395353 0.851925
vn -0.383509 -0.423588 0.820666
vn -0.422763 -0.451550 0.785731
vn -0.461866 -0.478841 0.746586
vn -0.500273 -0.505024 0.703333
vn -0.537415 -0.529662 0.656235
vn -0.572732 -0.552347 0.605715
vn -0.605715 -0.572732 0.552347
vn -0.635938 -0.590552 0.496821
vn -0.663084 -0.605647 0.439899
vn -0.686964 -0.617959 0.382370
vn -0.707515 -0.627536 0.324993
vn -0.724792 -0.634513 0.268460
vn -0.290244 -0.420429 0.859650
vn -0.329516 -0.449447 0.830311
vn -0.367899 -0.478420 0.797348
vn -0.406482 -0.506820 0.760201
vn -0.444763 -0.534197 0.718902
vn -0.482199 -0.560091 0.673633
vn -0.518237 -0.584061 0.624742
vn -0.552347 -0.605715 0.572732
vn -0.584061 -0.624742 0.518237
vn -0.613003 -0.640932 0.461989
vn -0.638909 -0.654186 0.404767
vn -0.661641 -0.664517 0.347346
vn -0.681178 -0.672037 0.290452
vn -0.697607 -0.676940 0.234727
vn -0.237629 -0.443377 0.864262
vn -0.275751 -0.473047 0.836772
vn -0.312929 -0.502881 0.805721
vn -0.350612 -0.532254 0.770569
vn -0.388356 -0.560713 0.731287
vn -0.425658 -0.587785 0.687985
vn -0.461989 -0.613003 0.640932
vn -0.496821 -0.635938 0.590552
vn -0.529662 -0.656235 0.537415
vn -0.560091 -0.673633 0.482199
vn -0.587785 -0.687985 0.425658
vn -0.612531 -0.699261 0.368563
vn -0.634234 -0.707542 0.311660
vn -0.652908 -0.712999 0.255623
vn -0.668659 -0.715877 0.201034
vn -0.186073 -0.464141 0.865996
vn -0.222798 -0.494315 0.840246
vn -0.258497 -0.524836 0.811003
vn -0.294959 -0.555015 0.777790
vn -0.331797 -0.584406 0.740527
vn -0.368563 -0.612531 0.699261
vn -0.404766 -0.638909 0.654186
vn -0.439899 -0.663084 0.605646
vn -0.473467 -0.684662 0.554137
vn -0.505024 -0.703333 0.500273
vn -0.534197 -0.718902 0.444763
vn -0.560713 -0.731287 0.388356
vn -0.584406 -0.740527 0.331797
vn -0.605215 -0.746765 0.275784
vn -0.623181 -0.750223 0.220933
vn -0.638421 -0.751184 0.167754
vn -0.136018 -0.482732 0.865141
vn -0.171159 -0.513253 0.840997
vn -0.205178 -0.544273 0.813430
vn -0.240161 -0.575072 0.782058
vn -0.275784 -0.605215 0.746765
vn -0.311660 -0.634234 0.707542
vn -0.347346 -0.661641 0.664517
vn -0.382370 -0.686964 0.617959
vn -0.416254 -0.709779 0.568284
vn -0.448545 -0.729735 0.516037
vn -0.478841 -0.746586 0.461866
vn -0.506820 -0.760201 0.406482
vn -0.532254 -0.770569 0.350612
vn -0.555015 -0.777790 0.294959
vn -0.575072 -0.782058 0.240161
vn -0.592478 -0.783638 0.186766
vn -0.607357 -0.782838 0.135214
vn -0.087812 -0.499215 0.862017
vn -0.121245 -0.529924 0.839333
vn -0.153448 -0.561255 0.813294
vn -0.186765 -0.592478 0.783638
vn -0.220933 -0.623181 0.750223
vn -0.255623 -0.652908 0.712999
vn -0.290452 -0.681178 0.672037
vn -0.324993 -0.707515 0.627536
vn -0.358798 -0.731474 0.579836
vn -0.391423 -0.752672 0.529408
vn -0.422458 -0.770818 0.476831
vn -0.451550 -0.785731 0.422763
vn -0.478420 -0.797348 0.367899
vn -0.502881 -0.805721 0.312929
vn -0.524836 -0.811003 0.258497
vn -0.544273 -0.813430 0.205178
vn -0.561255 -0.813294 0.153448
vn -0.575902 -0.810917 0.103683
vn -0.041712 -0.513696 0.856957
vn -0.073369 -0.544443 0.835583
vn -0.103683 -0.575902 0.810917
vn -0.135214 -0.607357 0.782837
vn -0.167754 -0.638421 0.751184
vn -0.201034 -0.668659 0.715877
vn -0.234727 -0.697607 0.676940
vn -0.268460 -0.724792 0.634513
vn -0.301825 -0.749760 0.588865
vn -0.334405 -0.772107 0.540392
vn -0.365794 -0.791507 0.489603
vn -0.395625 -0.807732 0.437093
vn -0.423588 -0.820666 0.383509
vn -0.449447 -0.830311 0.329516
vn -0.473047 -0.836772 0.275751
vn -0.494315 -0.840246 0.222798
vn -0.513253 -0.840997 0.171159
vn -0.529924 -0.839333 0.121245
vn -0.544443 -0.835583 0.073369
vn 0.000000 -0.487917 0.872890
vn -0.045345 -0.471074 0.880928
vn -0.000000 -0.444944 0.895558
vn -0.092496 -0.454656 0.885851
vn -0.046518 -0.426240 0.903413
vn -0.000000 -0.398669 0.917095
vn -0.141727 -0.436197 0.888620
vn -0.094836 -0.407807 0.908130
vn -0.047623 -0.378038 0.924564
vn 0.000000 -0.349142 0.937070
vn -0.192740 -0.415623 0.888881
vn -0.145220 -0.387300 0.910445
vn -0.097015 -0.357508 0.928858
vn -0.048635 -0.326561 0.943924
vn 0.000000 -0.296514 0.955028
vn -0.245140 -0.392908 0.886301
vn -0.197324 -0.364684 0.909983
vn -0.148427 -0.334911 0.930486
vn -0.098980 -0.303903 0.947547
vn -0.049529 -0.272013 0.961018
vn -0.000000 -0.241049 0.970513
vn -0.298441 -0.368091 0.880592
vn -0.250705 -0.339979 0.906400
vn -0.201470 -0.310257 0.929059
vn -0.151269 -0.279231 0.948234
vn -0.100679 -0.247257 0.963705
vn -0.050281 -0.214720 0.975381
vn -0.000000 -0.183124 0.983090
vn -0.352071 -0.341283 0.871534
vn -0.304821 -0.313279 0.899411
vn -0.255643 -0.283621 0.924232
vn -0.205062 -0.252609 0.945589
vn -0.153663 -0.220594 0.963185
vn -0.102063 -0.187967 0.976858
vn -0.050868 -0.155129 0.986584
vn 0.000000 -0.123233 0.992378
vn -0.405406 -0.312668 0.859003
vn -0.359052 -0.284752 0.888818
vn -0.310356 -0.255159 0.915736
vn -0.259810 -0.224176 0.939279
vn -0.207992 -0.192150 0.959071
vn -0.155535 -0.159474 0.974873
vn -0.103087 -0.126557 0.986588
vn -0.051271 -0.093800 0.994270
vn 0.000000 -0.061969 0.998078
vn -0.457789 -0.282505 0.842983
vn -0.412731 -0.254642 0.874534
vn -0.364945 -0.225098 0.903408
vn -0.314875 -0.194146 0.929065
vn -0.263071 -0.162127 0.951056
vn -0.210163 -0.129431 0.969061
vn -0.156822 -0.096471 0.982904
vn -0.103716 -0.063660 0.992568
vn -0.051476 -0.031389 0.998181
vn 0.000000 0.000000 1.000000
vn -0.508578 -0.251115 0.823583
vn -0.465177 -0.223264 0.856600
vn -0.418711 -0.193742 0.887212
vn -0.369560 -0.162811 0.914832
vn -0.318226 -0.130803 0.938948
vn -0.265315 -0.098102 0.959158
vn -0.211499 -0.065124 0.975206
vn -0.157477 -0.032290 0.986995
vn -0.103928 0.000000 0.994585
vn -0.051476 0.031389 0.998181
vn 0.000000 0.061969 0.998078
vn -0.557178 -0.218867 0.801031
vn -0.515736 -0.190982 0.835190
vn -0.470958 -0.161452 0.867256
vn -0.423144 -0.130525 0.896612
vn -0.372735 -0.098523 0.922693
vn -0.320288 -0.065824 0.945031
vn -0.266458 -0.032841 0.963287
vn -0.211950 0.000000 0.977280
vn -0.157477 0.032290 0.986995
vn -0.103716 0.063660 0.992568
vn -0.051271 0.093800 0.994270
vn 0.000000 0.123233 0.992378
vn -0.603074 -0.186154 0.775660
vn -0.563825 -0.158196 0.810602
vn -0.521038 -0.128627 0.843786
vn -0.474933 -0.097687 0.874583
vn -0.425872 -0.065682 0.902396
vn -0.374353 -0.032983 0.926700
vn -0.320985 0.000000 0.947084
vn -0.266458 0.032841 0.963287
vn -0.211499 0.065124 0.975206
vn -0.156822 0.096471 0.982904
vn -0.103087 0.126557 0.986588
vn -0.050868 0.155129 0.986584
vn 0.000000 0.183124 0.983090
vn -0.645864 -0.153371 0.747888
vn -0.608959 -0.125312 0.783241
vn -0.568391 -0.095685 0.817176
vn -0.524298 -0.064715 0.849072
vn -0.476959 -0.032701 0.878317
vn -0.426793 -0.000000 0.904349
vn -0.374353 0.032983 0.926700
vn -0.320288 0.065824 0.945031
vn -0.265315 0.098102 0.959158
vn -0.210163 0.129431 0.969061
vn -0.155535 0.159474 0.974873
vn -0.102063 0.187967 0.976858
vn -0.050281 0.214720 0.975381
vn -0.000000 0.241049 0.970513
vn -0.685267 -0.120895 0.718188
vn -0.650777 -0.092722 0.753586
vn -0.612573 -0.063027 0.787897
vn -0.570715 -0.032025 0.820523
vn -0.525398 0.000000 0.850856
vn -0.476959 0.032701 0.878317
vn -0.425872 0.065682 0.902396
vn -0.372734 0.098523 0.922693
vn -0.318226 0.130803 0.938948
vn -0.263071 0.162127 0.951056
vn -0.207992 0.192150 0.959071
vn -0.153663 0.220594 0.963185
vn -0.100679 0.247257 0.963705
vn -0.049529 0.272013 0.961018
vn 0.000000 0.296514 0.955028
vn -0.721126 -0.089062 0.687055
vn -0.689050 -0.060781 0.722161
vn -0.653275 -0.031026 0.756485
vn -0.613792 -0.000000 0.789468
vn -0.570715 0.032025 0.820523
vn -0.524298 0.064715 0.849072
vn -0.474933 0.097687 0.874583
vn -0.423144 0.130525 0.896612
vn -0.369560 0.162811 0.914832
vn -0.314875 0.194146 0.929065
vn -0.259810 0.224176 0.939279
vn -0.205062 0.252609 0.945589
vn -0.151269 0.279231 0.948234
vn -0.098980 0.303903 0.947547
vn -0.048635 0.326561 0.943924
vn 0.000000 0.349142 0.937070
vn -0.753405 -0.058160 0.654979
vn -0.723680 -0.029793 0.689493
vn -0.690325 -0.000000 0.723499
vn -0.653275 0.031026 0.756485
vn -0.612573 0.063027 0.787897
vn -0.568391 0.095685 0.817176
vn -0.521038 0.128628 0.843786
vn -0.470958 0.161452 0.867256
vn -0.418711 0.193742 0.887212
vn -0.364945 0.225098 0.903408
vn -0.310356 0.255159 0.915736
vn -0.255643 0.283621 0.924232
vn -0.201470 0.310257 0.929059
vn -0.148427 0.334911 0.930486
vn -0.097015 0.357508 0.928858
vn -0.047623 0.378038 0.924564
vn -0.000000 0.398669 0.917095
vn -0.782167 -0.028416 0.622420
vn -0.754682 0.000000 0.656091
vn -0.723680 0.029793 0.689493
vn -0.689050 0.060781 0.722160
vn -0.650777 0.092722 0.753586
vn -0.608959 0.125312 0.783241
vn -0.563825 0.158196 0.810602
vn -0.515736 0.190982 0.835190
vn -0.465177 0.223264 0.856600
vn -0.412731 0.254642 0.874534
vn -0.359052 0.284752 0.888818
vn -0.304821 0.313279 0.899411
vn -0.250705 0.339979 0.906400
vn -0.197324 0.364684 0.909983
vn -0.145220 0.387300 0.910445
vn -0.094836 0.407807 0.908130
vn -0.046518 0.426240 0.903413
vn 0.000000 0.444944 0.895558
vn -0.807558 0.000000 0.589788
vn -0.782167 0.028416 0.622420
vn -0.753405 0.058160 0.654979
vn -0.721126 0.089062 0.687055
vn -0.685267 0.120895 0.718188
vn -0.645864 0.153371 0.747888
vn -0.603074 0.186154 0.775660
vn -0.557178 0.218867 0.801031
vn -0.508578 0.251115 0.823583
vn -0.457789 0.282505 0.842983
vn -0.405406 0.312668 0.859003
vn -0.352071 0.341283 0.871534
vn -0.298441 0.368091 0.880592
vn -0.245140 0.392908 0.886301
vn -0.192740 0.415623 0.888881
vn -0.141727 0.436197 0.888620
vn -0.092496 0.454656 0.885851
vn -0.045345 0.471074 0.880928
vn -0.000000 0.487917 0.872890
vn 0.807558 0.000000 0.589788
vn 0.782167 -0.028416 0.622420
vn 0.782167 0.028416 0.622420
vn 0.753405 -0.058160 0.654979
vn 0.754682 0.000000 0.656091
vn 0.753405 0.058160 0.654979
vn 0.721126 -0.089062 0.687055
vn 0.723680 -0.029793 0.689493
vn 0.723680 0.029793 0.689493
vn 0.721126 0.089062 0.687055
vn 0.685267 -0.120895 0.718188
vn 0.689050 -0.060781 0.722161
vn 0.690325 -0.000000 0.723500
vn 0.689050 0.060781 0.722161
vn 0.685267 0.120895 0.718188
vn 0.645864 -0.153371 0.747888
vn 0.650777 -0.092722 0.753586
vn 0.653275 -0.031026 0.756485
vn 0.653275 0.031026 0.756485
vn 0.650777 0.092722 0.753586
vn 0.645864 0.153371 0.747888
vn 0.603074 -0.186154 0.775660
vn 0.608959 -0.125312 0.783241
vn 0.612573 -0.063027 0.787897
vn 0.613792 0.000000 0.789468
vn 0.612573 0.063027 0.787897
vn 0.608959 0.125312 0.783241
vn 0.603074 0.186154 0.775660
vn 0.557178 -0.218867 0.801031
vn 0.563825 -0.158196 0.810602
vn 0.568391 -0.095685 0.817176
vn 0.570715 -0.032025 0.820523
vn 0.570715 0.032025 0.820523
vn 0.568391 0.095685 0.817176
vn 0.563825 0.158196 0.810602
vn 0.557178 0.218867 0.801031
vn 0.508578 -0.251115 0.823583
vn 0.515736 -0.190982 0.835190
vn 0.521038 -0.128628 0.843786
vn 0.524298 -0.064715 0.849072
vn 0.525398 0.000000 0.850856
vn 0.524298 0.064715 0.849072
vn 0.521038 0.128627 0.843786
vn 0.515736 0.190982 0.835190
vn 0.508578 0.251115 0.823583
vn 0.457789 -0.282505 0.842983
vn 0.465177 -0.223264 0.856600
vn 0.470958 -0.161452 0.867256
vn 0.474933 -0.097687 0.874583
vn 0.476959 -0.032701 0.878317
vn 0.476959 0.032701 0.878317
vn 0.474933 0.097687 0.874583
vn 0.470958 0.161452 0.867256
vn 0.465177 0.223264 0.856600
vn 0.457789 0.282505 0.842983
vn 0.405406 -0.312668 0.859003
vn 0.412731 -0.254642 0.874534
vn 0.418711 -0.193742 0.887212
vn 0.423144 -0.130525 0.896612
vn 0.425872 -0.065682 0.902396
vn 0.426793 0.000000 0.904349
vn 0.425872 0.065682 0.902396
vn 0.423144 0.130525 0.896612
vn 0.418711 0.193742 0.887212
vn 0.412731 0.254642 0.874534
vn 0.405406 0.312668 0.859003
vn 0.352071 -0.341283 0.871534
vn 0.359052 -0.284752 0.888818
vn 0.364945 -0.225098 0.903408
vn 0.369560 -0.162811 0.914832
vn 0.372735 -0.098523 0.922693
vn 0.374353 -0.032983 0.926700
vn 0.374353 0.032983 0.926700
vn 0.372735 0.098523 0.922693
vn 0.369560 0.162811 0.914832
vn 0.364945 0.225098 0.903408
vn 0.359052 0.284752 0.888818
vn 0.352071 0.341283 0.871534
vn 0.298441 -0.368091 0.880592
vn 0.304821 -0.313279 0.899411
vn 0.310356 -0.255159 0.915736
vn 0.314875 -0.194146 0.929065
vn 0.318226 -0.130803 0.938948
vn 0.320288 -0.065824 0.945031
vn 0.320985 -0.000000 0.947084
vn 0.320288 0.065824 0.945031
vn 0.318226 0.130803 0.938948
vn 0.314875 0.194146 0.929065
vn 0.310356 0.255159 0.915736
vn 0.304821 0.313279 0.899411
vn 0.298441 0.368091 0.880592
vn 0.245140 -0.392908 0.886301
vn 0.250705 -0.339979 0.906400
vn 0.255643 -0.283621 0.924232
vn 0.259810 -0.224176 0.939279
vn 0.263071 -0.162127 0.951056
vn 0.265315 -0.098102 0.959158
vn 0.266458 -0.032841 0.963287
vn 0.266458 0.032841 0.963287
vn 0.265315 0.098102 0.959158
vn 0.263071 0.162127 0.951056
vn 0.259810 0.224176 0.939279
vn 0.255643 0.283621 0.924232
vn 0.250705 0.339979 0.906400
vn 0.245140 0.392908 0.886301
vn 0.192740 -0.415623 0.888881
vn 0.197324 -0.364684 0.909983
vn 0.201470 -0.310257 0.929059
vn 0.205062 -0.252609 0.945589
vn 0.207992 -0.192150 0.959071
vn 0.210163 -0.129431 0.969061
vn 0.211499 -0.065124 0.975206
vn 0.211950 0.000000 0.977280
vn 0.211499 0.065124 0.975206
vn 0.210163 0.129431 0.969061
vn 0.207992 0.192150 0.959071
vn 0.205062 0.252609 0.945589
vn 0.201470 0.310257 0.929059
vn 0.197324 0.364684 0.909983
vn 0.192740 0.415623 0.888881
vn 0.141727 -0.436197 0.888620
vn 0.145220 -0.387300 0.910445
vn 0.148427 -0.334911 0.930486
vn 0.151269 -0.279231 0.948234
vn 0.153663 -0.220594 0.963185
vn 0.155535 -0.159474 0.974873
vn 0.156822 -0.096471 0.982904
vn 0.157477 -0.032290 0.986995
vn 0.157477 0.032290 0.986995
vn 0.156822 0.096471 0.982904
vn 0.155535 0.159474 0.974873
vn 0.153663 0.220594 0.963185
vn 0.151269 0.279231 0.948234
vn 0.148427 0.334911 0.930486
vn 0.145220 0.387300 0.910445
vn 0.141727 0.436197 0.888620
vn 0.092496 -0.454656 0.885851
vn 0.094836 -0.407807 0.908130
vn 0.097015 -0.357508 0.928858
vn 0.098980 -0.303903 0.947547
vn 0.100679 -0.247257 0.963705
vn 0.102063 -0.187967 0.976858
vn 0.103087 -0.126557 0.986588
vn 0.103716 -0.063660 0.992568
vn 0.103928 -0.000000 0.994585
vn 0.103716 0.063660 0.992568
vn 0.103087 0.126557 0.986588
vn 0.102063 0.187967 0.976858
vn 0.100679 0.247257 0.963705
vn 0.098980 0.303903 0.947547
vn 0.097015 0.357508 0.928858
vn 0.094836 0.407807 0.908130
vn 0.092496 0.454656 0.885851
vn 0.045345 -0.471074 0.880928
vn 0.046518 -0.426240 0.903413
vn 0.047623 -0.378038 0.924564
vn 0.048635 -0.326561 0.943924
vn 0.049529 -0.272013 0.961018
vn 0.050281 -0.214720 0.975381
vn 0.050868 -0.155129 0.986584
vn 0.051271 -0.093800 0.994270
vn 0.051476 -0.031389 0.998181
vn 0.051476 0.031389 0.998181
vn 0.051271 0.093800 0.994270
vn 0.050868 0.155129 0.986584
vn 0.050281 0.214720 0.975381
vn 0.049529 0.272013 0.961018
vn 0.048635 0.326561 0.943924
vn 0.047623 0.378038 0.924564
vn 0.046518 0.426240 0.903413
vn 0.045345 0.471074 0.880928
vn 0.000000 0.487917 -0.872890
vn -0.000000 0.444944 -0.895558
vn 0.045345 0.471074 -0.880928
vn 0.000000 0.398669 -0.917095
vn 0.046518 0.426240 -0.903413
vn 0.092496 0.454656 -0.885851
vn 0.000000 0.349142 -0.937070
vn 0.047623 0.378038 -0.924564
vn 0.094836 0.407807 -0.908130
vn 0.141727 0.436197 -0.888620
vn 0.000000 0.296514 -0.955028
vn 0.048635 0.326561 -0.943924
vn 0.097015 0.357508 -0.928858
vn 0.145220 0.387300 -0.910445
vn 0.192740 0.415623 -0.888881
vn 0.000000 0.241049 -0.970513
vn 0.049529 0.272013 -0.961018
vn 0.098980 0.303903 -0.947547
vn 0.148427 0.334911 -0.930486
vn 0.197324 0.364684 -0.909983
vn 0.245140 0.392908 -0.886301
vn 0.000000 0.183124 -0.983090
vn 0.050281 0.214720 -0.975381
vn 0.100679 0.247257 -0.963705
vn 0.151269 0.279231 -0.948234
vn 0.201470 0.310257 -0.929059
vn 0.250705 0.339979 -0.906400
vn 0.298441 0.368091 -0.880592
vn 0.000000 0.123233 -0.992378
vn 0.050868 0.155129 -0.986584
vn 0.102063 0.187967 -0.976858
vn 0.153663 0.220594 -0.963185
vn 0.205062 0.252609 -0.945589
vn 0.255643 0.283621 -0.924232
vn 0.304821 0.313279 -0.899411
vn 0.352071 0.341283 -0.871534
vn 0.000000 0.061969 -0.998078
vn 0.051271 0.093800 -0.994270
vn 0.103087 0.126557 -0.986588
vn 0.155535 0.159474 -0.974873
vn 0.207992 0.192150 -0.959071
vn 0.259810 0.224176 -0.939279
vn 0.310356 0.255159 -0.915736
vn 0.359052 0.284752 -0.888818
vn 0.405406 0.312668 -0.859003
vn 0.000000 0.000000 -1.000000
vn 0.051476 0.031389 -0.998181
vn 0.103716 0.063660 -0.992568
vn 0.156822 0.096471 -0.982904
vn 0.210163 0.129431 -0.969061
vn 0.263071 0.162127 -0.951056
vn 0.314875 0.194146 -0.929065
vn 0.364945 0.225098 -0.903408
vn 0.412731 0.254642 -0.874534
vn 0.457789 0.282505 -0.842983
vn 0.000000 -0.061969 -0.998078
vn 0.051476 -0.031389 -0.998181
vn 0.103928 -0.000000 -0.994585
vn 0.157477 0.032290 -0.986995
vn 0.211499 0.065124 -0.975206
vn 0.265315 0.098102 -0.959158
vn 0.318226 0.130803 -0.938948
vn 0.369560 0.162811 -0.914832
vn 0.418711 0.193742 -0.887212
vn 0.465177 0.223264 -0.856600
vn 0.508578 0.251115 -0.823583
vn 0.000000 -0.123233 -0.992378
vn 0.051271 -0.093800 -0.994270
vn 0.103716 -0.063660 -0.992568
vn 0.157477 -0.032290 -0.986995
vn 0.211950 -0.000000 -0.977280
vn 0.266458 0.032841 -0.963287
vn 0.320288 0.065824 -0.945031
vn 0.372735 0.098523 -0.922693
vn 0.423144 0.130525 -0.896612
vn 0.470958 0.161452 -0.867256
vn 0.515736 0.190982 -0.835190
vn 0.557178 0.218867 -0.801031
vn 0.000000 -0.183124 -0.983090
vn 0.050868 -0.155129 -0.986584
vn 0.103087 -0.126557 -0.986588
vn 0.156822 -0.096471 -0.982904
vn 0.211499 -0.065124 -0.975206
vn 0.266458 -0.032841 -0.963287
vn 0.320985 0.000000 -0.947084
vn 0.374353 0.032983 -0.926700
vn 0.425872 0.065682 -0.902396
vn 0.474933 0.097687 -0.874583
vn 0.521038 0.128627 -0.843786
vn 0.563825 0.158196 -0.810602
vn 0.603074 0.186154 -0.775660
vn 0.000000 -0.241049 -0.970513
vn 0.050281 -0.214720 -0.975381
vn 0.102063 -0.187967 -0.976858
vn 0.155535 -0.159474 -0.974873
vn 0.210163 -0.129431 -0.969061
vn 0.265315 -0.098102 -0.959158
vn 0.320288 -0.065824 -0.945031
vn 0.374353 -0.032983 -0.926700
vn 0.426793 0.000000 -0.904349
vn 0.476959 0.032701 -0.878317
vn 0.524298 0.064715 -0.849072
vn 0.568391 0.095685 -0.817176
vn 0.608959 0.125312 -0.783241
vn 0.645864 0.153371 -0.747888
vn 0.000000 -0.296514 -0.955028
vn 0.049529 -0.272013 -0.961018
vn 0.100679 -0.247257 -0.963705
vn 0.153663 -0.220594 -0.963185
vn 0.207992 -0.192150 -0.959071
vn 0.263071 -0.162127 -0.951056
vn 0.318226 -0.130803 -0.938948
vn 0.372735 -0.098523 -0.922693
vn 0.425872 -0.065682 -0.902396
vn 0.476959 -0.032701 -0.878317
vn 0.525398 0.000000 -0.850856
vn 0.570715 0.032025 -0.820523
vn 0.612573 0.063027 -0.787897
vn 0.650777 0.092722 -0.753586
vn 0.685267 0.120895 -0.718188
vn 0.000000 -0.349142 -0.937070
vn 0.048635 -0.326561 -0.943924
vn 0.098980 -0.303903 -0.947547
vn 0.151269 -0.279231 -0.948234
vn 0.205062 -0.252609 -0.945589
vn 0.259810 -0.224176 -0.939279
vn 0.314875 -0.194146 -0.929065
vn 0.369560 -0.162811 -0.914832
vn 0.423144 -0.130525 -0.896612
vn 0.474933 -0.097687 -0.874583
vn 0.524298 -0.064715 -0.849072
vn 0.570715 -0.032025 -0.820523
vn 0.613792 0.000000 -0.789468
vn 0.653275 0.031026 -0.756485
vn 0.689050 0.060781 -0.722161
vn 0.721126 0.089062 -0.687055
vn 0.000000 -0.398669 -0.917095
vn 0.047623 -0.378038 -0.924564
vn 0.097015 -0.357508 -0.928858
vn 0.148427 -0.334911 -0.930486
vn 0.201470 -0.310257 -0.929059
vn 0.255643 -0.283621 -0.924232
vn 0.310356 -0.255159 -0.915736
vn 0.364945 -0.225098 -0.903408
vn 0.418711 -0.193742 -0.887212
vn 0.470958 -0.161452 -0.867256
vn 0.521038 -0.128628 -0.843786
vn 0.568391 -0.095685 -0.817176
vn 0.612573 -0.063027 -0.787897
vn 0.653275 -0.031026 -0.756485
vn 0.690325 0.000000 -0.723500
vn 0.723680 0.029793 -0.689493
vn 0.753405 0.058160 -0.654979
vn -0.000000 -0.444944 -0.895558
vn 0.046518 -0.426240 -0.903413
vn 0.094836 -0.407807 -0.908130
vn 0.145220 -0.387300 -0.910445
vn 0.197324 -0.364684 -0.909983
vn 0.250705 -0.339979 -0.906400
vn 0.304821 -0.313279 -0.899411
vn 0.359052 -0.284752 -0.888818
vn 0.412731 -0.254642 -0.874534
vn 0.465177 -0.223264 -0.856600
vn 0.515736 -0.190982 -0.835190
vn 0.563825 -0.158196 -0.810602
vn 0.608959 -0.125312 -0.783241
vn 0.650777 -0.092722 -0.753586
vn 0.689050 -0.060781 -0.722161
vn 0.723680 -0.029793 -0.689493
vn 0.754682 -0.000000 -0.656091
vn 0.782167 0.028416 -0.622420
vn 0.000000 -0.487917 -0.872890
vn 0.045345 -0.471074 -0.880928
vn 0.092496 -0.454656 -0.885851
vn 0.141727 -0.436197 -0.888620
vn 0.192740 -0.415623 -0.888881
vn 0.245140 -0.392908 -0.886301
vn 0.298441 -0.368091 -0.880592
vn 0.352071 -0.341283 -0.871534
vn 0.405406 -0.312668 -0.859003
vn 0.457789 -0.282505 -0.842983
vn 0.508578 -0.251115 -0.823583
vn 0.557178 -0.218867 -0.801031
vn 0.603074 -0.186154 -0.775660
vn 0.645864 -0.153371 -0.747888
vn 0.685267 -0.120895 -0.718188
vn 0.721126 -0.089062 -0.687055
vn 0.753405 -0.058160 -0.654979
vn 0.782167 -0.028416 -0.622420
vn 0.807558 -0.000000 -0.589788
vn -0.045345 0.471074 -0.880928
vn -0.092496 0.454656 -0.885851
vn -0.046518 0.426240 -0.903413
vn -0.141727 0.436197 -0.888620
vn -0.094836 0.407807 -0.908130
vn -0.047623 0.378038 -0.924564
vn -0.192740 0.415623 -0.888881
vn -0.145220 0.387300 -0.910445
vn -0.097015 0.357508 -0.928858
vn -0.048635 0.326561 -0.943924
vn -0.245140 0.392908 -0.886301
vn -0.197324 0.364684 -0.909983
vn -0.148427 0.334911 -0.930486
vn -0.098980 0.303903 -0.947547
vn -0.049529 0.272013 -0.961018
vn -0.298441 0.368091 -0.880592
vn -0.250705 0.339979 -0.906400
vn -0.201470 0.310257 -0.929059
vn -0.151269 0.279231 -0.948234
vn -0.100679 0.247257 -0.963705
vn -0.050281 0.214720 -0.975381
vn -0.352071 0.341283 -0.871534
vn -0.304821 0.313279 -0.899411
vn -0.255643 0.283621 -0.924232
vn -0.205062 0.252609 -0.945589
vn -0.153663 0.220594 -0.963185
vn -0.102063 0.187967 -0.976858
vn -0.050868 0.155129 -0.986584
vn -0.405406 0.312668 -0.859003
vn -0.359052 0.284752 -0.888818
vn -0.310356 0.255159 -0.915736
vn -0.259810 0.224176 -0.939279
vn -0.207992 0.192150 -0.959071
vn -0.155535 0.159474 -0.974873
vn -0.103087 0.126557 -0.986588
vn -0.051271 0.093800 -0.994270
vn -0.457789 0.282505 -0.842983
vn -0.412731 0.254642 -0.874534
vn -0.364945 0.225098 -0.903408
vn -0.314875 0.194146 -0.929065
vn -0.263071 0.162127 -0.951056
vn -0.210163 0.129431 -0.969061
vn -0.156822 0.096471 -0.982904
vn -0.103716 0.063660 -0.992568
vn -0.051476 0.031389 -0.998181
vn -0.508578 0.251115 -0.823583
vn -0.465177 0.223264 -0.856600
vn -0.418711 0.193742 -0.887212
vn -0.369560 0.162811 -0.914832
vn -0.318226 0.130803 -0.938948
vn -0.265315 0.098102 -0.959158
vn -0.211499 0.065124 -0.975206
vn -0.157477 0.032290 -0.986995
vn -0.103928 0.000000 -0.994585
vn -0.051476 -0.031389 -0.998181
vn -0.557178 0.218867 -0.801031
vn -0.515736 0.190982 -0.835190
vn -0.470958 0.161452 -0.867256
vn -0.423144 0.130525 -0.896612
vn -0.372735 0.098523 -0.922693
vn -0.320288 0.065824 -0.945031
vn -0.266458 0.032841 -0.963287
vn -0.211950 0.000000 -0.977280
vn -0.157477 -0.032290 -0.986995
vn -0.103716 -0.063660 -0.992568
vn -0.051271 -0.093800 -0.994270
vn -0.603074 0.186154 -0.775660
vn -0.563825 0.158196 -0.810602
vn -0.521038 0.128627 -0.843786
vn -0.474933 0.097687 -0.874583
vn -0.425872 0.065682 -0.902396
vn -0.374353 0.032983 -0.926700
vn -0.320985 0.000000 -0.947084
vn -0.266458 -0.032841 -0.963287
vn -0.211499 -0.065124 -0.975206
vn -0.156822 -0.096471 -0.982904
vn -0.103087 -0.126557 -0.986588
vn -0.050868 -0.155129 -0.986584
vn -0.645864 0.153371 -0.747888
vn -0.608959 0.125312 -0.783241
vn -0.568391 0.095685 -0.817176
vn -0.524298 0.064715 -0.849072
vn -0.476959 0.032701 -0.878317
vn -0.426793 0.000000 -0.904349
vn -0.374353 -0.032983 -0.926700
vn -0.320288 -0.065824 -0.945031
vn -0.265315 -0.098102 -0.959158
vn -0.210163 -0.129431 -0.969061
vn -0.155535 -0.159474 -0.974873
vn -0.102063 -0.187967 -0.976858
vn -0.050281 -0.214720 -0.975381
vn -0.685267 0.120895 -0.718188
vn -0.650777 0.092722 -0.753586
vn -0.612573 0.063027 -0.787897
vn -0.570715 0.032025 -0.820523
vn -0.525398 0.000000 -0.850856
vn -0.476959 -0.032701 -0.878317
vn -0.425872 -0.065682 -0.902396
vn -0.372734 -0.098523 -0.922693
vn -0.318226 -0.130803 -0.938948
vn -0.263071 -0.162127 -0.951056
vn -0.207992 -0.192150 -0.959071
vn -0.153663 -0.220594 -0.963185
vn -0.100679 -0.247257 -0.963705
vn -0.049529 -0.272013 -0.961018
vn -0.721126 0.089062 -0.687055
vn -0.689050 0.060781 -0.722161
vn -0.653275 0.031026 -0.756485
vn -0.613792 0.000000 -0.789468
vn -0.570715 -0.032025 -0.820523
vn -0.524298 -0.064715 -0.849072
vn -0.474933 -0.097687 -0.874583
vn -0.423144 -0.130525 -0.896612
vn -0.369560 -0.162811 -0.914832
vn -0.314875 -0.194146 -0.929065
vn -0.259810 -0.224176 -0.939279
vn -0.205062 -0.252609 -0.945589
vn -0.151269 -0.279231 -0.948234
vn -0.098980 -0.303903 -0.947547
vn -0.048635 -0.326561 -0.943924
vn -0.753405 0.058160 -0.654979
vn -0.723680 0.029793 -0.689493
vn -0.690325 0.000000 -0.723499
vn -0.653275 -0.031026 -0.756485
vn -0.612573 -0.063027 -0.787897
vn -0.568391 -0.095685 -0.817176
vn -0.521038 -0.128628 -0.843786
vn -0.470958 -0.161452 -0.867256
vn -0.418711 -0.193742 -0.887212
vn -0.364945 -0.225098 -0.903408
vn -0.310356 -0.255159 -0.915736
vn -0.255643 -0.283621 -0.924232
vn -0.201470 -0.310257 -0.929059
vn -0.148427 -0.334911 -0.930486
vn -0.097015 -0.357508 -0.928858
vn -0.047623 -0.378038 -0.924564
vn -0.782167 0.028416 -0.622420
vn -0.754682 0.000000 -0.656091
vn -0.723680 -0.029793 -0.689493
vn -0.689050 -0.060781 -0.722160
vn -0.650777 -0.092722 -0.753586
vn -0.608959 -0.125312 -0.783241
vn -0.563825 -0.158196 -0.810602
vn -0.515736 -0.190982 -0.835190
vn -0.465177 -0.223264 -0.856600
vn -0.412731 -0.254642 -0.874534
vn -0.359052 -0.284752 -0.888818
vn -0.304821 -0.313279 -0.899411
vn -0.250705 -0.339979 -0.906400
vn -0.197324 -0.364684 -0.909983
vn -0.145220 -0.387300 -0.910445
vn -0.094836 -0.407807 -0.908130
vn -0.046518 -0.426240 -0.903413
vn -0.807558 -0.000000 -0.589788
vn -0.782167 -0.028416 -0.622420
vn -0.753405 -0.058160 -0.654979
vn -0.721126 -0.089062 -0.687055
vn -0.685267 -0.120895 -0.718188
vn -0.645864 -0.153371 -0.747888
vn -0.603074 -0.186154 -0.775660
vn -0.557178 -0.218867 -0.801031
vn -0.508578 -0.251115 -0.823583
vn -0.457789 -0.282505 -0.842983
vn -0.405406 -0.312668 -0.859003
vn -0.352071 -0.341283 -0.871534
vn -0.298441 -0.368091 -0.880592
vn -0.245140 -0.392908 -0.886301
vn -0.192740 -0.415623 -0.888881
vn -0.141727 -0.436197 -0.888620
vn -0.092496 -0.454656 -0.885851
vn -0.045345 -0.471074 -0.880928
# 4002 normals

vt 0.500000 0.823792 0.000000
vt 0.500000 0.838421 0.000000
vt 0.513521 0.827808 0.000000
vt 0.000000 1.000000 0.000000
vt 0.500000 0.853839 0.000000
vt 0.515103 0.842893 0.000000
vt 0.528311 0.830899 0.000000
vt 0.500000 0.870031 0.000000
vt 0.517102 0.858770 0.000000
vt 0.531761 0.846246 0.000000
vt 0.544266 0.832814 0.000000
vt 0.500000 0.886968 0.000000
vt 0.519708 0.875410 0.000000
vt 0.536153 0.862327 0.000000
vt 0.549811 0.848167 0.000000
vt 0.561177 0.833307 0.000000
vt 0.500000 0.904600 0.000000
vt 0.523244 0.892758 0.000000
vt 0.541922 0.879068 0.000000
vt 0.556876 0.864113 0.000000
vt 0.568919 0.848359 0.000000
vt 0.578722 0.832167 0.000000
vt 0.500000 0.922856 0.000000
vt 0.528311 0.910720 0.000000
vt 0.549811 0.896336 0.000000
vt 0.566142 0.880496 0.000000
vt 0.578722 0.863773 0.000000
vt 0.588597 0.846585 0.000000
vt 0.596498 0.829247 0.000000
vt 0.500000 0.941645 0.000000
vt 0.536153 0.929148 0.000000
vt 0.561177 0.913907 0.000000
vt 0.578722 0.897051 0.000000
vt 0.591421 0.879283 0.000000
vt 0.600926 0.861061 0.000000
vt 0.608260 0.842713 0.000000
vt 0.614067 0.824486 0.000000
vt 0.500000 0.960853 0.000000
vt 0.549811 0.947775 0.000000
vt 0.578722 0.931366 0.000000
vt 0.596498 0.913326 0.000000
vt 0.608260 0.894456 0.000000
vt 0.616535 0.875209 0.000000
vt 0.622644 0.855891 0.000000
vt 0.627325 0.836735 0.000000
vt 0.631022 0.817924 0.000000
vt 0.500000 0.980352 0.000000
vt 0.578722 0.965950 0.000000
vt 0.608260 0.947853 0.000000
vt 0.622644 0.928515 0.000000
vt 0.631022 0.908607 0.000000
vt 0.636478 0.888461 0.000000
vt 0.640305 0.868313 0.000000
vt 0.643136 0.848360 0.000000
vt 0.645312 0.828772 0.000000
vt 0.647038 0.809693 0.000000
vt 0.661896 1.000000 0.000000
vt 0.661896 0.980949 0.000000
vt 0.661896 0.961286 0.000000
vt 0.661896 0.941139 0.000000
vt 0.661896 0.920656 0.000000
vt 0.661896 0.900000 0.000000
vt 0.661896 0.879344 0.000000
vt 0.661896 0.858861 0.000000
vt 0.661896 0.838714 0.000000
vt 0.661896 0.819051 0.000000
vt 0.661896 0.800000 0.000000
vt 0.838104 1.000000 0.000000
vt 1.000000 0.980352 0.000000
vt 0.838104 0.980949 0.000000
vt 0.750000 0.967023 0.000000
vt 0.717665 0.948736 0.000000
vt 0.702300 0.929055 0.000000
vt 0.693484 0.908752 0.000000
vt 0.687798 0.888190 0.000000
vt 0.683836 0.867625 0.000000
vt 0.680920 0.847266 0.000000
vt 0.678685 0.827296 0.000000
vt 0.676919 0.807865 0.000000
vt 0.675489 0.789098 0.000000
vt 1.000000 0.960853 0.000000
vt 0.921278 0.965950 0.000000
vt 0.838104 0.961286 0.000000
vt 0.782335 0.948736 0.000000
vt 0.750000 0.932120 0.000000
vt 0.730427 0.913543 0.000000
vt 0.717665 0.893985 0.000000
vt 0.708791 0.873988 0.000000
vt 0.702300 0.853906 0.000000
vt 0.697361 0.834005 0.000000
vt 0.693484 0.814493 0.000000
vt 0.690363 0.795537 0.000000
vt 0.687798 0.777260 0.000000
vt 1.000000 0.941645 0.000000
vt 0.950189 0.947775 0.000000
vt 0.891740 0.947853 0.000000
vt 0.838104 0.941139 0.000000
vt 0.797700 0.929055 0.000000
vt 0.769573 0.913543 0.000000
vt 0.750000 0.896013 0.000000
vt 0.735984 0.877352 0.000000
vt 0.725602 0.858136 0.000000
vt 0.717665 0.838766 0.000000
vt 0.711428 0.819542 0.000000
vt 0.706413 0.800692 0.000000
vt 0.702300 0.782389 0.000000
vt 0.698870 0.764761 0.000000
vt 1.000000 0.922856 0.000000
vt 0.963847 0.929148 0.000000
vt 0.921278 0.931366 0.000000
vt 0.877356 0.928515 0.000000
vt 0.838104 0.920656 0.000000
vt 0.806516 0.908752 0.000000
vt 0.782335 0.893985 0.000000
vt 0.764016 0.877352 0.000000
vt 0.750000 0.859591 0.000000
vt 0.739088 0.841243 0.000000
vt 0.730427 0.822711 0.000000
vt 0.723423 0.804301 0.000000
vt 0.717665 0.786247 0.000000
vt 0.712857 0.768723 0.000000
vt 0.708791 0.751854 0.000000
vt 1.000000 0.904600 0.000000
vt 0.971689 0.910720 0.000000
vt 0.938823 0.913907 0.000000
vt 0.903502 0.913326 0.000000
vt 0.868978 0.908607 0.000000
vt 0.838104 0.900000 0.000000
vt 0.812202 0.888190 0.000000
vt 0.791209 0.873988 0.000000
vt 0.774398 0.858136 0.000000
vt 0.760912 0.841243 0.000000
vt 0.750000 0.823792 0.000000
vt 0.741067 0.806162 0.000000
vt 0.733664 0.788647 0.000000
vt 0.727453 0.771472 0.000000
vt 0.722183 0.754806 0.000000
vt 0.717665 0.738767 0.000000
vt 1.000000 0.886968 0.000000
vt 0.976756 0.892758 0.000000
vt 0.950189 0.896336 0.000000
vt 0.921278 0.897051 0.000000
vt 0.891740 0.894456 0.000000
vt 0.863522 0.888461 0.000000
vt 0.838104 0.879344 0.000000
vt 0.816164 0.867625 0.000000
vt 0.797700 0.853906 0.000000
vt 0.782335 0.838766 0.000000
vt 0.769573 0.822711 0.000000
vt 0.758933 0.806162 0.000000
vt 0.750000 0.789462 0.000000
vt 0.742439 0.772881 0.000000
vt 0.735984 0.756630 0.000000
vt 0.730427 0.740864 0.000000
vt 0.725602 0.725693 0.000000
vt 1.000000 0.870031 0.000000
vt 0.980292 0.875410 0.000000
vt 0.958078 0.879068 0.000000
vt 0.933858 0.880496 0.000000
vt 0.908579 0.879283 0.000000
vt 0.883465 0.875209 0.000000
vt 0.859695 0.868313 0.000000
vt 0.838104 0.858861 0.000000
vt 0.819080 0.847266 0.000000
vt 0.802639 0.834005 0.000000
vt 0.788572 0.819542 0.000000
vt 0.776577 0.804301 0.000000
vt 0.766336 0.788647 0.000000
vt 0.757561 0.772881 0.000000
vt 0.750000 0.757247 0.000000
vt 0.743446 0.741934 0.000000
vt 0.737729 0.727082 0.000000
vt 0.732710 0.712791 0.000000
vt 1.000000 0.853839 0.000000
vt 0.982898 0.858770 0.000000
vt 0.963847 0.862327 0.000000
vt 0.943124 0.864113 0.000000
vt 0.921278 0.863773 0.000000
vt 0.899074 0.861061 0.000000
vt 0.877356 0.855891 0.000000
vt 0.856864 0.848360 0.000000
vt 0.838104 0.838714 0.000000
vt 0.821315 0.827296 0.000000
vt 0.806516 0.814493 0.000000
vt 0.793587 0.800692 0.000000
vt 0.782335 0.786247 0.000000
vt 0.772547 0.771472 0.000000
vt 0.764016 0.756630 0.000000
vt 0.756554 0.741934 0.000000
vt 0.750000 0.727551 0.000000
vt 0.744217 0.713605 0.000000
vt 0.739088 0.700185 0.000000
vt 1.000000 0.838421 0.000000
vt 0.984897 0.842893 0.000000
vt 0.968239 0.846246 0.000000
vt 0.950189 0.848167 0.000000
vt 0.931081 0.848359 0.000000
vt 0.911403 0.846585 0.000000
vt 0.891740 0.842713 0.000000
vt 0.872675 0.836735 0.000000
vt 0.854688 0.828772 0.000000
vt 0.838104 0.819051 0.000000
vt 0.823081 0.807865 0.000000
vt 0.809637 0.795537 0.000000
vt 0.797700 0.782389 0.000000
vt 0.787143 0.768723 0.000000
vt 0.777817 0.754806 0.000000
vt 0.769573 0.740864 0.000000
vt 0.762271 0.727082 0.000000
vt 0.755783 0.713605 0.000000
vt 0.750000 0.700542 0.000000
vt 0.744825 0.687969 0.000000
vt 1.000000 0.823792 0.000000
vt 0.986479 0.827808 0.000000
vt 0.971689 0.830899 0.000000
vt 0.955734 0.832814 0.000000
vt 0.938823 0.833307 0.000000
vt 0.921278 0.832167 0.000000
vt 0.903502 0.829247 0.000000
vt 0.885933 0.824486 0.000000
vt 0.868978 0.817924 0.000000
vt 0.852962 0.809693 0.000000
vt 0.838104 0.800000 0.000000
vt 0.824511 0.789098 0.000000
vt 0.812202 0.777260 0.000000
vt 0.801130 0.764761 0.000000
vt 0.791209 0.751854 0.000000
vt 0.782335 0.738767 0.000000
vt 0.774398 0.725693 0.000000
vt 0.767290 0.712791 0.000000
vt 0.760912 0.700185 0.000000
vt 0.755175 0.687969 0.000000
vt 0.750000 0.676208 0.000000
vt 0.992287 0.811780 0.000000
vt 0.985055 0.798789 0.000000
vt 0.978885 0.814972 0.000000
vt 0.978288 0.784844 0.000000
vt 0.971842 0.801130 0.000000
vt 0.964394 0.817183 0.000000
vt 0.971964 0.769989 0.000000
vt 0.965316 0.786320 0.000000
vt 0.957703 0.802451 0.000000
vt 0.948943 0.818185 0.000000
vt 0.966060 0.754288 0.000000
vt 0.959271 0.770596 0.000000
vt 0.951563 0.786751 0.000000
vt 0.942781 0.802548 0.000000
vt 0.932748 0.817766 0.000000
vt 0.960550 0.737822 0.000000
vt 0.953673 0.754036 0.000000
vt 0.945927 0.770151 0.000000
vt 0.937180 0.785962 0.000000
vt 0.927290 0.801242 0.000000
vt 0.916109 0.815753 0.000000
vt 0.955407 0.720696 0.000000
vt 0.948485 0.736735 0.000000
vt 0.940746 0.752740 0.000000
vt 0.932079 0.768505 0.000000
vt 0.922369 0.783805 0.000000
vt 0.911501 0.798398 0.000000
vt 0.899378 0.812039 0.000000
vt 0.950606 0.703033 0.000000
vt 0.943675 0.718814 0.000000
vt 0.935978 0.734630 0.000000
vt 0.927423 0.750282 0.000000
vt 0.917918 0.765545 0.000000
vt 0.907374 0.780182 0.000000
vt 0.895721 0.793946 0.000000
vt 0.882918 0.806600 0.000000
vt 0.946122 0.684973 0.000000
vt 0.939210 0.700410 0.000000
vt 0.931582 0.715956 0.000000
vt 0.923164 0.731418 0.000000
vt 0.913879 0.746579 0.000000
vt 0.903661 0.761205 0.000000
vt 0.892459 0.775054 0.000000
vt 0.880252 0.787891 0.000000
vt 0.867060 0.799499 0.000000
vt 0.941930 0.666667 0.000000
vt 0.935060 0.681678 0.000000
vt 0.927524 0.696869 0.000000
vt 0.919257 0.712061 0.000000
vt 0.910202 0.727045 0.000000
vt 0.900306 0.741595 0.000000
vt 0.889535 0.755476 0.000000
vt 0.877879 0.768455 0.000000
vt 0.865364 0.780318 0.000000
vt 0.852064 0.790879 0.000000
vt 0.938009 0.648271 0.000000
vt 0.931199 0.662780 0.000000
vt 0.923769 0.677536 0.000000
vt 0.915666 0.692375 0.000000
vt 0.906844 0.707102 0.000000
vt 0.897263 0.721503 0.000000
vt 0.886900 0.735350 0.000000
vt 0.875754 0.748416 0.000000
vt 0.863855 0.760488 0.000000
vt 0.851268 0.771381 0.000000
vt 0.838104 0.780949 0.000000
vt 0.934337 0.629941 0.000000
vt 0.927602 0.643881 0.000000
vt 0.920289 0.658130 0.000000
vt 0.912357 0.672538 0.000000
vt 0.903767 0.686927 0.000000
vt 0.894491 0.701099 0.000000
vt 0.884514 0.714836 0.000000
vt 0.873841 0.727921 0.000000
vt 0.862502 0.740142 0.000000
vt 0.850558 0.751314 0.000000
vt 0.838104 0.761286 0.000000
vt 0.825267 0.769953 0.000000
vt 0.930895 0.611828 0.000000
vt 0.924245 0.625145 0.000000
vt 0.917058 0.638821 0.000000
vt 0.909300 0.652726 0.000000
vt 0.900940 0.666702 0.000000
vt 0.891958 0.680564 0.000000
vt 0.882345 0.694112 0.000000
vt 0.872110 0.707137 0.000000
vt 0.861283 0.719436 0.000000
vt 0.849920 0.730822 0.000000
vt 0.838104 0.741139 0.000000
vt 0.825944 0.750273 0.000000
vt 0.813570 0.758154 0.000000
vt 0.927665 0.594065 0.000000
vt 0.921109 0.606719 0.000000
vt 0.914053 0.619773 0.000000
vt 0.906470 0.633116 0.000000
vt 0.898335 0.646608 0.000000
vt 0.889635 0.660085 0.000000
vt 0.880365 0.673363 0.000000
vt 0.870537 0.686247 0.000000
vt 0.860180 0.698541 0.000000
vt 0.849345 0.710064 0.000000
vt 0.838104 0.720656 0.000000
vt 0.826552 0.730192 0.000000
vt 0.814802 0.738590 0.000000
vt 0.802978 0.745809 0.000000
vt 0.924630 0.576772 0.000000
vt 0.918173 0.588738 0.000000
vt 0.911252 0.601133 0.000000
vt 0.903843 0.613866 0.000000
vt 0.895929 0.626816 0.000000
vt 0.887498 0.639840 0.000000
vt 0.878551 0.652772 0.000000
vt 0.869101 0.665434 0.000000
vt 0.859176 0.677640 0.000000
vt 0.848823 0.689216 0.000000
vt 0.838104 0.700000 0.000000
vt 0.827103 0.709862 0.000000
vt 0.815917 0.718707 0.000000
vt 0.804652 0.726477 0.000000
vt 0.793422 0.733157 0.000000
vt 0.921775 0.560046 0.000000
vt 0.915422 0.571312 0.000000
vt 0.908637 0.583028 0.000000
vt 0.901401 0.595119 0.000000
vt 0.893699 0.607483 0.000000
vt 0.885526 0.619998 0.000000
vt 0.876884 0.632517 0.000000
vt 0.867786 0.644879 0.000000
vt 0.858260 0.656914 0.000000
vt 0.848347 0.668455 0.000000
vt 0.838104 0.679344 0.000000
vt 0.827604 0.689447 0.000000
vt 0.816930 0.698658 0.000000
vt 0.806176 0.706907 0.000000
vt 0.795439 0.714157 0.000000
vt 0.784816 0.720410 0.000000
vt 0.919086 0.543961 0.000000
vt 0.912840 0.554531 0.000000
vt 0.906192 0.565561 0.000000
vt 0.899124 0.576991 0.000000
vt 0.891629 0.588740 0.000000
vt 0.883701 0.600702 0.000000
vt 0.875346 0.612752 0.000000
vt 0.866576 0.624748 0.000000
vt 0.857419 0.636534 0.000000
vt 0.847911 0.647955 0.000000
vt 0.838104 0.658861 0.000000
vt 0.828061 0.669114 0.000000
vt 0.817856 0.678604 0.000000
vt 0.807569 0.687248 0.000000
vt 0.797287 0.694993 0.000000
vt 0.787094 0.701822 0.000000
vt 0.777070 0.707743 0.000000
vt 0.916551 0.528572 0.000000
vt 0.910414 0.538459 0.000000
vt 0.903900 0.548809 0.000000
vt 0.896999 0.559576 0.000000
vt 0.889702 0.570693 0.000000
vt 0.882008 0.582074 0.000000
vt 0.873923 0.593613 0.000000
vt 0.865461 0.605186 0.000000
vt 0.856645 0.616656 0.000000
vt 0.847511 0.627879 0.000000
vt 0.838104 0.638714 0.000000
vt 0.828480 0.649027 0.000000
vt 0.818704 0.658704 0.000000
vt 0.808847 0.667654 0.000000
vt 0.798984 0.675811 0.000000
vt 0.789190 0.683139 0.000000
vt 0.779537 0.689630 0.000000
vt 0.770092 0.695301 0.000000
vt 0.914158 0.513913 0.000000
vt 0.908130 0.523140 0.000000
vt 0.901750 0.532826 0.000000
vt 0.895010 0.542937 0.000000
vt 0.887905 0.553420 0.000000
vt 0.880434 0.564206 0.000000
vt 0.872604 0.575205 0.000000
vt 0.864428 0.586313 0.000000
vt 0.855931 0.597410 0.000000
vt 0.847142 0.608366 0.000000
vt 0.838104 0.619051 0.000000
vt 0.828866 0.629338 0.000000
vt 0.819484 0.639112 0.000000
vt 0.810023 0.648275 0.000000
vt 0.800548 0.656754 0.000000
vt 0.791126 0.664499 0.000000
vt 0.781821 0.671485 0.000000
vt 0.772694 0.677711 0.000000
vt 0.763797 0.683194 0.000000
vt 0.911896 0.500000 0.000000
vt 0.905977 0.508597 0.000000
vt 0.899729 0.517644 0.000000
vt 0.893146 0.527116 0.000000
vt 0.886225 0.536974 0.000000
vt 0.878966 0.547162 0.000000
vt 0.871376 0.557607 0.000000
vt 0.863470 0.568222 0.000000
vt 0.855269 0.578902 0.000000
vt 0.846801 0.589534 0.000000
vt 0.838104 0.600000 0.000000
vt 0.829222 0.610180 0.000000
vt 0.820205 0.619964 0.000000
vt 0.811109 0.629252 0.000000
vt 0.801994 0.637963 0.000000
vt 0.792918 0.646037 0.000000
vt 0.783940 0.653436 0.000000
vt 0.775114 0.660142 0.000000
vt 0.766488 0.666158 0.000000
vt 0.758106 0.671503 0.000000
vt 1.007713 0.811780 0.000000
vt 0.007713 0.811780 0.000000
vt 0.014945 0.798789 0.000000
vt 0.000000 0.799458 0.000000
vt 1.000000 0.799458 0.000000
vt 0.021712 0.784844 0.000000
vt 0.007278 0.786131 0.000000
vt 1.007277 0.786131 0.000000
vt 0.992722 0.786131 0.000000
vt 0.028036 0.769989 0.000000
vt 0.014127 0.771828 0.000000
vt 0.000000 0.772449 0.000000
vt 1.000000 0.772449 0.000000
vt 0.985873 0.771828 0.000000
vt 0.033940 0.754288 0.000000
vt 0.020563 0.756601 0.000000
vt 0.006888 0.757782 0.000000
vt 1.006889 0.757782 0.000000
vt 0.993112 0.757782 0.000000
vt 0.979437 0.756601 0.000000
vt 0.039450 0.737822 0.000000
vt 0.026602 0.740522 0.000000
vt 0.013394 0.742189 0.000000
vt 1.013394 0.742189 0.000000
vt 1.000000 0.742753 0.000000
vt 0.986606 0.742189 0.000000
vt 0.973398 0.740522 0.000000
vt 0.044593 0.720696 0.000000
vt 0.032263 0.723688 0.000000
vt 0.019529 0.725753 0.000000
vt 0.006539 0.726808 0.000000
vt 1.006539 0.726808 0.000000
vt 0.993461 0.726808 0.000000
vt 0.980471 0.725753 0.000000
vt 0.967737 0.723688 0.000000
vt 0.049394 0.703033 0.000000
vt 0.037569 0.706215 0.000000
vt 0.025306 0.708583 0.000000
vt 0.012734 0.710044 0.000000
vt 1.012734 0.710044 0.000000
vt 1.000000 0.710538 0.000000
vt 0.987266 0.710044 0.000000
vt 0.974694 0.708583 0.000000
vt 0.962431 0.706215 0.000000
vt 0.053878 0.684973 0.000000
vt 0.042540 0.688241 0.000000
vt 0.030743 0.690810 0.000000
vt 0.018593 0.692583 0.000000
vt 0.006223 0.693489 0.000000
vt 1.006223 0.693489 0.000000
vt 0.993777 0.693489 0.000000
vt 0.981407 0.692583 0.000000
vt 0.969257 0.690810 0.000000
vt 0.957460 0.688241 0.000000
vt 0.058070 0.666667 0.000000
vt 0.047199 0.669919 0.000000
vt 0.035856 0.672586 0.000000
vt 0.024130 0.674570 0.000000
vt 0.012135 0.675794 0.000000
vt 1.012135 0.675794 0.000000
vt 1.000000 0.676208 0.000000
vt 0.987865 0.675794 0.000000
vt 0.975870 0.674570 0.000000
vt 0.964144 0.672586 0.000000
vt 0.952801 0.669919 0.000000
vt 0.061991 0.648271 0.000000
vt 0.051567 0.651413 0.000000
vt 0.040664 0.654076 0.000000
vt 0.029357 0.656169 0.000000
vt 0.017743 0.657613 0.000000
vt 0.005936 0.658350 0.000000
vt 1.005936 0.658350 0.000000
vt 0.994064 0.658350 0.000000
vt 0.982257 0.657613 0.000000
vt 0.970643 0.656169 0.000000
vt 0.959336 0.654076 0.000000
vt 0.948433 0.651413 0.000000
vt 0.065663 0.629941 0.000000
vt 0.055664 0.632888 0.000000
vt 0.045186 0.635454 0.000000
vt 0.034290 0.637556 0.000000
vt 0.023058 0.639119 0.000000
vt 0.011590 0.640083 0.000000
vt 1.011590 0.640083 0.000000
vt 1.000000 0.640409 0.000000
vt 0.988410 0.640083 0.000000
vt 0.976942 0.639119 0.000000
vt 0.965710 0.637556 0.000000
vt 0.954814 0.635454 0.000000
vt 0.944336 0.632888 0.000000
vt 0.069105 0.611828 0.000000
vt 0.059510 0.614506 0.000000
vt 0.049440 0.616892 0.000000
vt 0.038944 0.618911 0.000000
vt 0.028090 0.620497 0.000000
vt 0.016967 0.621590 0.000000
vt 0.005675 0.622148 0.000000
vt 1.005675 0.622148 0.000000
vt 0.994325 0.622148 0.000000
vt 0.983033 0.621590 0.000000
vt 0.971910 0.620497 0.000000
vt 0.961056 0.618911 0.000000
vt 0.950560 0.616892 0.000000
vt 0.940490 0.614506 0.000000
vt 0.072336 0.594065 0.000000
vt 0.063124 0.596418 0.000000
vt 0.053443 0.598553 0.000000
vt 0.043334 0.600410 0.000000
vt 0.032853 0.601929 0.000000
vt 0.022076 0.603057 0.000000
vt 0.011091 0.603752 0.000000
vt 0.000000 0.603987 0.000000
vt 1.000000 0.603987 0.000000
vt 0.988909 0.603752 0.000000
vt 0.977924 0.603057 0.000000
vt 0.967147 0.601929 0.000000
vt 0.956666 0.600410 0.000000
vt 0.946557 0.598553 0.000000
vt 0.936876 0.596418 0.000000
vt 0.075370 0.576772 0.000000
vt 0.066521 0.578758 0.000000
vt 0.057212 0.580588 0.000000
vt 0.047476 0.582215 0.000000
vt 0.037360 0.583590 0.000000
vt 0.026927 0.584668 0.000000
vt 0.016255 0.585410 0.000000
vt 0.005435 0.585788 0.000000
vt 1.005435 0.585788 0.000000
vt 0.994565 0.585788 0.000000
vt 0.983745 0.585410 0.000000
vt 0.973073 0.584668 0.000000
vt 0.962640 0.583590 0.000000
vt 0.952524 0.582215 0.000000
vt 0.942788 0.580588 0.000000
vt 0.933479 0.578758 0.000000
vt 0.078225 0.560046 0.000000
vt 0.069719 0.561637 0.000000
vt 0.060764 0.563124 0.000000
vt 0.051386 0.564470 0.000000
vt 0.041624 0.565637 0.000000
vt 0.031531 0.566591 0.000000
vt 0.021174 0.567298 0.000000
vt 0.010634 0.567733 0.000000
vt 0.000000 0.567880 0.000000
vt 1.000000 0.567880 0.000000
vt 0.989366 0.567733 0.000000
vt 0.978826 0.567298 0.000000
vt 0.968469 0.566591 0.000000
vt 0.958376 0.565637 0.000000
vt 0.948614 0.564470 0.000000
vt 0.939236 0.563124 0.000000
vt 0.930281 0.561637 0.000000
vt 0.080914 0.543961 0.000000
vt 0.072731 0.545146 0.000000
vt 0.064113 0.546266 0.000000
vt 0.055078 0.547294 0.000000
vt 0.045658 0.548207 0.000000
vt 0.035898 0.548975 0.000000
vt 0.025855 0.549577 0.000000
vt 0.015601 0.549990 0.000000
vt 0.005215 0.550201 0.000000
vt 1.005215 0.550201 0.000000
vt 0.994785 0.550201 0.000000
vt 0.984399 0.549990 0.000000
vt 0.974145 0.549577 0.000000
vt 0.964102 0.548975 0.000000
vt 0.954342 0.548207 0.000000
vt 0.944922 0.547294 0.000000
vt 0.935887 0.546266 0.000000
vt 0.927269 0.545146 0.000000
vt 0.083449 0.528572 0.000000
vt 0.075572 0.529350 0.000000
vt 0.067273 0.530092 0.000000
vt 0.058567 0.530783 0.000000
vt 0.049477 0.531406 0.000000
vt 0.040041 0.531946 0.000000
vt 0.030309 0.532385 0.000000
vt 0.020342 0.532710 0.000000
vt 0.010213 0.532909 0.000000
vt 0.000000 0.532977 0.000000
vt 1.000000 0.532977 0.000000
vt 0.989787 0.532909 0.000000
vt 0.979658 0.532710 0.000000
vt 0.969691 0.532385 0.000000
vt 0.959959 0.531946 0.000000
vt 0.950523 0.531406 0.000000
vt 0.941433 0.530783 0.000000
vt 0.932727 0.530092 0.000000
vt 0.924428 0.529350 0.000000
vt 0.085842 0.513913 0.000000
vt 0.078254 0.514294 0.000000
vt 0.070259 0.514660 0.000000
vt 0.061865 0.515004 0.000000
vt 0.053092 0.515319 0.000000
vt 0.043971 0.515598 0.000000
vt 0.034545 0.515832 0.000000
vt 0.024865 0.516014 0.000000
vt 0.014997 0.516140 0.000000
vt 0.005012 0.516203 0.000000
vt 1.005012 0.516203 0.000000
vt 0.994988 0.516203 0.000000
vt 0.985003 0.516140 0.000000
vt 0.975135 0.516014 0.000000
vt 0.965455 0.515832 0.000000
vt 0.956029 0.515598 0.000000
vt 0.946908 0.515319 0.000000
vt 0.938135 0.515004 0.000000
vt 0.929741 0.514660 0.000000
vt 0.921746 0.514294 0.000000
vt 0.088104 0.500000 0.000000
vt 0.080789 0.500000 0.000000
vt 0.073081 0.500000 0.000000
vt 0.064985 0.500000 0.000000
vt 0.056516 0.500000 0.000000
vt 0.047700 0.500000 0.000000
vt 0.038572 0.500000 0.000000
vt 0.029178 0.500000 0.000000
vt 0.019573 0.500000 0.000000
vt 0.009824 0.500000 0.000000
vt 0.000000 0.500000 0.000000
vt 1.000000 0.500000 0.000000
vt 0.990176 0.500000 0.000000
vt 0.980427 0.500000 0.000000
vt 0.970822 0.500000 0.000000
vt 0.961428 0.500000 0.000000
vt 0.952300 0.500000 0.000000
vt 0.943484 0.500000 0.000000
vt 0.935015 0.500000 0.000000
vt 0.926919 0.500000 0.000000
vt 0.919211 0.500000 0.000000
vt 0.000000 0.823792 0.000000
vt 0.013521 0.827808 0.000000
vt 0.028311 0.830899 0.000000
vt 0.021115 0.814972 0.000000
vt 0.044266 0.832814 0.000000
vt 0.035606 0.817183 0.000000
vt 0.028158 0.801130 0.000000
vt 0.061177 0.833307 0.000000
vt 0.051057 0.818185 0.000000
vt 0.042297 0.802451 0.000000
vt 0.034684 0.786320 0.000000
vt 0.078722 0.832167 0.000000
vt 0.067252 0.817766 0.000000
vt 0.057219 0.802548 0.000000
vt 0.048437 0.786751 0.000000
vt 0.040729 0.770596 0.000000
vt 0.096498 0.829247 0.000000
vt 0.083891 0.815753 0.000000
vt 0.072710 0.801242 0.000000
vt 0.062820 0.785962 0.000000
vt 0.054073 0.770151 0.000000
vt 0.046327 0.754036 0.000000
vt 0.114067 0.824486 0.000000
vt 0.100622 0.812039 0.000000
vt 0.088499 0.798398 0.000000
vt 0.077631 0.783805 0.000000
vt 0.067921 0.768505 0.000000
vt 0.059254 0.752740 0.000000
vt 0.051515 0.736735 0.000000
vt 0.131022 0.817924 0.000000
vt 0.117082 0.806600 0.000000
vt 0.104279 0.793946 0.000000
vt 0.092626 0.780182 0.000000
vt 0.082082 0.765545 0.000000
vt 0.072577 0.750282 0.000000
vt 0.064022 0.734630 0.000000
vt 0.056325 0.718814 0.000000
vt 0.147038 0.809693 0.000000
vt 0.132940 0.799499 0.000000
vt 0.119748 0.787891 0.000000
vt 0.107541 0.775054 0.000000
vt 0.096339 0.761205 0.000000
vt 0.086121 0.746579 0.000000
vt 0.076836 0.731418 0.000000
vt 0.068418 0.715956 0.000000
vt 0.060790 0.700410 0.000000
vt 0.161896 0.800000 0.000000
vt 0.147936 0.790879 0.000000
vt 0.134636 0.780318 0.000000
vt 0.122121 0.768455 0.000000
vt 0.110465 0.755476 0.000000
vt 0.099694 0.741595 0.000000
vt 0.089798 0.727045 0.000000
vt 0.080743 0.712061 0.000000
vt 0.072476 0.696869 0.000000
vt 0.064940 0.681678 0.000000
vt 0.175489 0.789098 0.000000
vt 0.161896 0.780949 0.000000
vt 0.148732 0.771381 0.000000
vt 0.136145 0.760488 0.000000
vt 0.124246 0.748416 0.000000
vt 0.113100 0.735350 0.000000
vt 0.102737 0.721503 0.000000
vt 0.093156 0.707102 0.000000
vt 0.084334 0.692375 0.000000
vt 0.076231 0.677536 0.000000
vt 0.068801 0.662780 0.000000
vt 0.187798 0.777260 0.000000
vt 0.174733 0.769953 0.000000
vt 0.161896 0.761286 0.000000
vt 0.149442 0.751314 0.000000
vt 0.137498 0.740142 0.000000
vt 0.126159 0.727921 0.000000
vt 0.115486 0.714836 0.000000
vt 0.105509 0.701099 0.000000
vt 0.096233 0.686927 0.000000
vt 0.087643 0.672538 0.000000
vt 0.079711 0.658130 0.000000
vt 0.072398 0.643881 0.000000
vt 0.198870 0.764761 0.000000
vt 0.186430 0.758154 0.000000
vt 0.174056 0.750273 0.000000
vt 0.161896 0.741139 0.000000
vt 0.150080 0.730822 0.000000
vt 0.138717 0.719436 0.000000
vt 0.127890 0.707137 0.000000
vt 0.117655 0.694112 0.000000
vt 0.108042 0.680564 0.000000
vt 0.099060 0.666702 0.000000
vt 0.090700 0.652726 0.000000
vt 0.082942 0.638821 0.000000
vt 0.075755 0.625145 0.000000
vt 0.208791 0.751854 0.000000
vt 0.197022 0.745809 0.000000
vt 0.185198 0.738590 0.000000
vt 0.173448 0.730192 0.000000
vt 0.161896 0.720656 0.000000
vt 0.150655 0.710064 0.000000
vt 0.139820 0.698541 0.000000
vt 0.129463 0.686247 0.000000
vt 0.119635 0.673363 0.000000
vt 0.110365 0.660085 0.000000
vt 0.101665 0.646608 0.000000
vt 0.093530 0.633116 0.000000
vt 0.085947 0.619773 0.000000
vt 0.078891 0.606719 0.000000
vt 0.217665 0.738767 0.000000
vt 0.206578 0.733157 0.000000
vt 0.195348 0.726477 0.000000
vt 0.184083 0.718707 0.000000
vt 0.172897 0.709862 0.000000
vt 0.161896 0.700000 0.000000
vt 0.151177 0.689216 0.000000
vt 0.140824 0.677640 0.000000
vt 0.130899 0.665434 0.000000
vt 0.121449 0.652772 0.000000
vt 0.112502 0.639840 0.000000
vt 0.104071 0.626816 0.000000
vt 0.096157 0.613866 0.000000
vt 0.088748 0.601133 0.000000
vt 0.081827 0.588738 0.000000
vt 0.225602 0.725693 0.000000
vt 0.215184 0.720410 0.000000
vt 0.204561 0.714157 0.000000
vt 0.193824 0.706907 0.000000
vt 0.183070 0.698658 0.000000
vt 0.172396 0.689447 0.000000
vt 0.161896 0.679344 0.000000
vt 0.151653 0.668455 0.000000
vt 0.141740 0.656914 0.000000
vt 0.132214 0.644879 0.000000
vt 0.123116 0.632517 0.000000
vt 0.114474 0.619998 0.000000
vt 0.106301 0.607483 0.000000
vt 0.098599 0.595119 0.000000
vt 0.091363 0.583028 0.000000
vt 0.084578 0.571312 0.000000
vt 0.232710 0.712791 0.000000
vt 0.222930 0.707743 0.000000
vt 0.212907 0.701822 0.000000
vt 0.202713 0.694993 0.000000
vt 0.192431 0.687248 0.000000
vt 0.182144 0.678604 0.000000
vt 0.171939 0.669114 0.000000
vt 0.161896 0.658861 0.000000
vt 0.152089 0.647955 0.000000
vt 0.142581 0.636534 0.000000
vt 0.133424 0.624748 0.000000
vt 0.124654 0.612752 0.000000
vt 0.116299 0.600702 0.000000
vt 0.108371 0.588740 0.000000
vt 0.100876 0.576991 0.000000
vt 0.093808 0.565561 0.000000
vt 0.087160 0.554531 0.000000
vt 0.239088 0.700185 0.000000
vt 0.229908 0.695301 0.000000
vt 0.220463 0.689630 0.000000
vt 0.210810 0.683139 0.000000
vt 0.201016 0.675811 0.000000
vt 0.191153 0.667654 0.000000
vt 0.181296 0.658704 0.000000
vt 0.171520 0.649027 0.000000
vt 0.161896 0.638714 0.000000
vt 0.152489 0.627879 0.000000
vt 0.143355 0.616656 0.000000
vt 0.134539 0.605186 0.000000
vt 0.126077 0.593613 0.000000
vt 0.117992 0.582074 0.000000
vt 0.110298 0.570693 0.000000
vt 0.103001 0.559576 0.000000
vt 0.096100 0.548809 0.000000
vt 0.089586 0.538459 0.000000
vt 0.244825 0.687969 0.000000
vt 0.236203 0.683194 0.000000
vt 0.227306 0.677711 0.000000
vt 0.218179 0.671485 0.000000
vt 0.208874 0.664499 0.000000
vt 0.199452 0.656754 0.000000
vt 0.189977 0.648275 0.000000
vt 0.180516 0.639112 0.000000
vt 0.171134 0.629338 0.000000
vt 0.161896 0.619051 0.000000
vt 0.152858 0.608366 0.000000
vt 0.144069 0.597410 0.000000
vt 0.135572 0.586313 0.000000
vt 0.127396 0.575205 0.000000
vt 0.119566 0.564206 0.000000
vt 0.112095 0.553420 0.000000
vt 0.104990 0.542937 0.000000
vt 0.098250 0.532826 0.000000
vt 0.091870 0.523140 0.000000
vt 0.250000 0.676208 0.000000
vt 0.241894 0.671503 0.000000
vt 0.233512 0.666158 0.000000
vt 0.224886 0.660142 0.000000
vt 0.216060 0.653436 0.000000
vt 0.207082 0.646037 0.000000
vt 0.198006 0.637963 0.000000
vt 0.188891 0.629252 0.000000
vt 0.179795 0.619964 0.000000
vt 0.170778 0.610180 0.000000
vt 0.161896 0.600000 0.000000
vt 0.153199 0.589534 0.000000
vt 0.144731 0.578902 0.000000
vt 0.136530 0.568222 0.000000
vt 0.128624 0.557607 0.000000
vt 0.121034 0.547162 0.000000
vt 0.113775 0.536974 0.000000
vt 0.106854 0.527116 0.000000
vt 0.100271 0.517644 0.000000
vt 0.094023 0.508597 0.000000
vt 0.000000 0.838421 0.000000
vt 0.000000 0.853839 0.000000
vt 0.015103 0.842893 0.000000
vt 0.000000 0.870031 0.000000
vt 0.017102 0.858770 0.000000
vt 0.031761 0.846246 0.000000
vt 0.000000 0.886968 0.000000
vt 0.019708 0.875410 0.000000
vt 0.036153 0.862327 0.000000
vt 0.049811 0.848167 0.000000
vt 0.000000 0.904600 0.000000
vt 0.023244 0.892758 0.000000
vt 0.041922 0.879068 0.000000
vt 0.056876 0.864113 0.000000
vt 0.068919 0.848359 0.000000
vt 0.000000 0.922856 0.000000
vt 0.028311 0.910720 0.000000
vt 0.049811 0.896336 0.000000
vt 0.066142 0.880496 0.000000
vt 0.078722 0.863773 0.000000
vt 0.088597 0.846585 0.000000
vt 0.000000 0.941645 0.000000
vt 0.036153 0.929148 0.000000
vt 0.061177 0.913907 0.000000
vt 0.078722 0.897051 0.000000
vt 0.091421 0.879283 0.000000
vt 0.100926 0.861061 0.000000
vt 0.108260 0.842713 0.000000
vt 0.000000 0.960853 0.000000
vt 0.049811 0.947775 0.000000
vt 0.078722 0.931366 0.000000
vt 0.096498 0.913326 0.000000
vt 0.108260 0.894456 0.000000
vt 0.116535 0.875209 0.000000
vt 0.122644 0.855891 0.000000
vt 0.127325 0.836735 0.000000
vt 0.000000 0.980352 0.000000
vt 0.078722 0.965950 0.000000
vt 0.108260 0.947853 0.000000
vt 0.122644 0.928515 0.000000
vt 0.131022 0.908607 0.000000
vt 0.136478 0.888461 0.000000
vt 0.140305 0.868313 0.000000
vt 0.143136 0.848360 0.000000
vt 0.145312 0.828772 0.000000
vt 0.161896 1.000000 0.000000
vt 0.161896 0.980949 0.000000
vt 0.161896 0.961286 0.000000
vt 0.161896 0.941139 0.000000
vt 0.161896 0.920656 0.000000
vt 0.161896 0.900000 0.000000
vt 0.161896 0.879344 0.000000
vt 0.161896 0.858861 0.000000
vt 0.161896 0.838714 0.000000
vt 0.161896 0.819051 0.000000
vt 0.338104 1.000000 0.000000
vt 0.338104 0.980949 0.000000
vt 0.250000 0.967023 0.000000
vt 0.217665 0.948736 0.000000
vt 0.202300 0.929055 0.000000
vt 0.193484 0.908752 0.000000
vt 0.187798 0.888190 0.000000
vt 0.183836 0.867625 0.000000
vt 0.180920 0.847266 0.000000
vt 0.178685 0.827296 0.000000
vt 0.176919 0.807865 0.000000
vt 0.421278 0.965950 0.000000
vt 0.338104 0.961286 0.000000
vt 0.282335 0.948736 0.000000
vt 0.250000 0.932120 0.000000
vt 0.230427 0.913543 0.000000
vt 0.217665 0.893985 0.000000
vt 0.208791 0.873988 0.000000
vt 0.202300 0.853906 0.000000
vt 0.197361 0.834005 0.000000
vt 0.193484 0.814493 0.000000
vt 0.190363 0.795537 0.000000
vt 0.450189 0.947775 0.000000
vt 0.391740 0.947853 0.000000
vt 0.338104 0.941139 0.000000
vt 0.297700 0.929055 0.000000
vt 0.269573 0.913543 0.000000
vt 0.250000 0.896013 0.000000
vt 0.235984 0.877352 0.000000
vt 0.225602 0.858136 0.000000
vt 0.217665 0.838766 0.000000
vt 0.211428 0.819542 0.000000
vt 0.206413 0.800692 0.000000
vt 0.202300 0.782389 0.000000
vt 0.463847 0.929148 0.000000
vt 0.421278 0.931366 0.000000
vt 0.377356 0.928515 0.000000
vt 0.338104 0.920656 0.000000
vt 0.306516 0.908752 0.000000
vt 0.282335 0.893985 0.000000
vt 0.264016 0.877352 0.000000
vt 0.250000 0.859591 0.000000
vt 0.239088 0.841243 0.000000
vt 0.230427 0.822711 0.000000
vt 0.223423 0.804301 0.000000
vt 0.217665 0.786247 0.000000
vt 0.212857 0.768723 0.000000
vt 0.471689 0.910720 0.000000
vt 0.438823 0.913907 0.000000
vt 0.403502 0.913326 0.000000
vt 0.368978 0.908607 0.000000
vt 0.338104 0.900000 0.000000
vt 0.312202 0.888190 0.000000
vt 0.291209 0.873988 0.000000
vt 0.274398 0.858136 0.000000
vt 0.260912 0.841243 0.000000
vt 0.250000 0.823792 0.000000
vt 0.241067 0.806162 0.000000
vt 0.233664 0.788647 0.000000
vt 0.227453 0.771472 0.000000
vt 0.222183 0.754806 0.000000
vt 0.476756 0.892758 0.000000
vt 0.450189 0.896336 0.000000
vt 0.421278 0.897051 0.000000
vt 0.391740 0.894456 0.000000
vt 0.363522 0.888461 0.000000
vt 0.338104 0.879344 0.000000
vt 0.316164 0.867625 0.000000
vt 0.297700 0.853906 0.000000
vt 0.282335 0.838766 0.000000
vt 0.269573 0.822711 0.000000
vt 0.258933 0.806162 0.000000
vt 0.250000 0.789462 0.000000
vt 0.242439 0.772881 0.000000
vt 0.235984 0.756630 0.000000
vt 0.230427 0.740864 0.000000
vt 0.480292 0.875410 0.000000
vt 0.458078 0.879068 0.000000
vt 0.433858 0.880496 0.000000
vt 0.408579 0.879283 0.000000
vt 0.383465 0.875209 0.000000
vt 0.359695 0.868313 0.000000
vt 0.338104 0.858861 0.000000
vt 0.319080 0.847266 0.000000
vt 0.302639 0.834005 0.000000
vt 0.288572 0.819542 0.000000
vt 0.276577 0.804301 0.000000
vt 0.266336 0.788647 0.000000
vt 0.257561 0.772881 0.000000
vt 0.250000 0.757247 0.000000
vt 0.243446 0.741934 0.000000
vt 0.237729 0.727082 0.000000
vt 0.482898 0.858770 0.000000
vt 0.463847 0.862327 0.000000
vt 0.443124 0.864113 0.000000
vt 0.421278 0.863773 0.000000
vt 0.399074 0.861061 0.000000
vt 0.377356 0.855891 0.000000
vt 0.356864 0.848360 0.000000
vt 0.338104 0.838714 0.000000
vt 0.321315 0.827296 0.000000
vt 0.306516 0.814493 0.000000
vt 0.293587 0.800692 0.000000
vt 0.282335 0.786247 0.000000
vt 0.272547 0.771472 0.000000
vt 0.264016 0.756630 0.000000
vt 0.256554 0.741934 0.000000
vt 0.250000 0.727551 0.000000
vt 0.244216 0.713605 0.000000
vt 0.484897 0.842893 0.000000
vt 0.468239 0.846246 0.000000
vt 0.450189 0.848167 0.000000
vt 0.431081 0.848359 0.000000
vt 0.411403 0.846585 0.000000
vt 0.391740 0.842713 0.000000
vt 0.372675 0.836735 0.000000
vt 0.354688 0.828772 0.000000
vt 0.338104 0.819051 0.000000
vt 0.323081 0.807865 0.000000
vt 0.309637 0.795537 0.000000
vt 0.297700 0.782389 0.000000
vt 0.287143 0.768723 0.000000
vt 0.277817 0.754806 0.000000
vt 0.269573 0.740864 0.000000
vt 0.262271 0.727082 0.000000
vt 0.255784 0.713605 0.000000
vt 0.250000 0.700542 0.000000
vt 0.486479 0.827808 0.000000
vt 0.471689 0.830899 0.000000
vt 0.455734 0.832814 0.000000
vt 0.438823 0.833307 0.000000
vt 0.421278 0.832167 0.000000
vt 0.403502 0.829247 0.000000
vt 0.385933 0.824486 0.000000
vt 0.368978 0.817924 0.000000
vt 0.352962 0.809693 0.000000
vt 0.338104 0.800000 0.000000
vt 0.324511 0.789098 0.000000
vt 0.312202 0.777260 0.000000
vt 0.301130 0.764761 0.000000
vt 0.291209 0.751854 0.000000
vt 0.282335 0.738767 0.000000
vt 0.274398 0.725693 0.000000
vt 0.267290 0.712791 0.000000
vt 0.260912 0.700185 0.000000
vt 0.255175 0.687969 0.000000
vt 0.258106 0.671503 0.000000
vt 0.263797 0.683194 0.000000
vt 0.266488 0.666158 0.000000
vt 0.270092 0.695301 0.000000
vt 0.272694 0.677711 0.000000
vt 0.275114 0.660142 0.000000
vt 0.277070 0.707743 0.000000
vt 0.279537 0.689630 0.000000
vt 0.281821 0.671485 0.000000
vt 0.283940 0.653436 0.000000
vt 0.284816 0.720410 0.000000
vt 0.287093 0.701822 0.000000
vt 0.289190 0.683139 0.000000
vt 0.291126 0.664499 0.000000
vt 0.292918 0.646037 0.000000
vt 0.293422 0.733157 0.000000
vt 0.295439 0.714157 0.000000
vt 0.297287 0.694993 0.000000
vt 0.298984 0.675811 0.000000
vt 0.300548 0.656754 0.000000
vt 0.301994 0.637963 0.000000
vt 0.302978 0.745809 0.000000
vt 0.304652 0.726477 0.000000
vt 0.306176 0.706907 0.000000
vt 0.307569 0.687248 0.000000
vt 0.308847 0.667654 0.000000
vt 0.310023 0.648275 0.000000
vt 0.311109 0.629252 0.000000
vt 0.313570 0.758154 0.000000
vt 0.314802 0.738590 0.000000
vt 0.315917 0.718707 0.000000
vt 0.316930 0.698658 0.000000
vt 0.317856 0.678604 0.000000
vt 0.318704 0.658704 0.000000
vt 0.319484 0.639112 0.000000
vt 0.320205 0.619964 0.000000
vt 0.325267 0.769953 0.000000
vt 0.325944 0.750273 0.000000
vt 0.326552 0.730192 0.000000
vt 0.327103 0.709862 0.000000
vt 0.327604 0.689447 0.000000
vt 0.328061 0.669114 0.000000
vt 0.328480 0.649027 0.000000
vt 0.328866 0.629338 0.000000
vt 0.329222 0.610180 0.000000
vt 0.338104 0.780949 0.000000
vt 0.338104 0.761286 0.000000
vt 0.338104 0.741139 0.000000
vt 0.338104 0.720656 0.000000
vt 0.338104 0.700000 0.000000
vt 0.338104 0.679344 0.000000
vt 0.338104 0.658861 0.000000
vt 0.338104 0.638714 0.000000
vt 0.338104 0.619051 0.000000
vt 0.338104 0.600000 0.000000
vt 0.352064 0.790879 0.000000
vt 0.351268 0.771381 0.000000
vt 0.350558 0.751314 0.000000
vt 0.349920 0.730822 0.000000
vt 0.349345 0.710064 0.000000
vt 0.348823 0.689216 0.000000
vt 0.348347 0.668455 0.000000
vt 0.347911 0.647955 0.000000
vt 0.347511 0.627879 0.000000
vt 0.347142 0.608366 0.000000
vt 0.346801 0.589534 0.000000
vt 0.367060 0.799499 0.000000
vt 0.365364 0.780318 0.000000
vt 0.363855 0.760488 0.000000
vt 0.362502 0.740142 0.000000
vt 0.361283 0.719436 0.000000
vt 0.360180 0.698541 0.000000
vt 0.359176 0.677640 0.000000
vt 0.358260 0.656914 0.000000
vt 0.357419 0.636534 0.000000
vt 0.356645 0.616656 0.000000
vt 0.355931 0.597410 0.000000
vt 0.355269 0.578902 0.000000
vt 0.382918 0.806600 0.000000
vt 0.380252 0.787891 0.000000
vt 0.377879 0.768455 0.000000
vt 0.375754 0.748416 0.000000
vt 0.373841 0.727921 0.000000
vt 0.372110 0.707137 0.000000
vt 0.370537 0.686247 0.000000
vt 0.369101 0.665434 0.000000
vt 0.367786 0.644879 0.000000
vt 0.366576 0.624748 0.000000
vt 0.365461 0.605186 0.000000
vt 0.364428 0.586313 0.000000
vt 0.363470 0.568222 0.000000
vt 0.399378 0.812039 0.000000
vt 0.395721 0.793946 0.000000
vt 0.392459 0.775054 0.000000
vt 0.389535 0.755476 0.000000
vt 0.386900 0.735350 0.000000
vt 0.384514 0.714836 0.000000
vt 0.382345 0.694112 0.000000
vt 0.380365 0.673363 0.000000
vt 0.378551 0.652772 0.000000
vt 0.376884 0.632517 0.000000
vt 0.375346 0.612752 0.000000
vt 0.373923 0.593613 0.000000
vt 0.372604 0.575205 0.000000
vt 0.371376 0.557607 0.000000
vt 0.416109 0.815753 0.000000
vt 0.411501 0.798398 0.000000
vt 0.407374 0.780182 0.000000
vt 0.403661 0.761205 0.000000
vt 0.400306 0.741595 0.000000
vt 0.397263 0.721503 0.000000
vt 0.394491 0.701099 0.000000
vt 0.391958 0.680564 0.000000
vt 0.389635 0.660085 0.000000
vt 0.387498 0.639840 0.000000
vt 0.385526 0.619998 0.000000
vt 0.383701 0.600702 0.000000
vt 0.382008 0.582074 0.000000
vt 0.380434 0.564206 0.000000
vt 0.378966 0.547162 0.000000
vt 0.432748 0.817766 0.000000
vt 0.427290 0.801242 0.000000
vt 0.422369 0.783805 0.000000
vt 0.417918 0.765545 0.000000
vt 0.413879 0.746579 0.000000
vt 0.410202 0.727045 0.000000
vt 0.406844 0.707102 0.000000
vt 0.403767 0.686927 0.000000
vt 0.400940 0.666702 0.000000
vt 0.398335 0.646608 0.000000
vt 0.395929 0.626816 0.000000
vt 0.393699 0.607483 0.000000
vt 0.391629 0.588740 0.000000
vt 0.389702 0.570693 0.000000
vt 0.387905 0.553420 0.000000
vt 0.386225 0.536974 0.000000
vt 0.448943 0.818185 0.000000
vt 0.442781 0.802548 0.000000
vt 0.437180 0.785962 0.000000
vt 0.432079 0.768505 0.000000
vt 0.427423 0.750282 0.000000
vt 0.423164 0.731418 0.000000
vt 0.419257 0.712061 0.000000
vt 0.415666 0.692375 0.000000
vt 0.412357 0.672538 0.000000
vt 0.409300 0.652726 0.000000
vt 0.406470 0.633116 0.000000
vt 0.403843 0.613866 0.000000
vt 0.401401 0.595119 0.000000
vt 0.399124 0.576991 0.000000
vt 0.396999 0.559576 0.000000
vt 0.395010 0.542937 0.000000
vt 0.393146 0.527116 0.000000
vt 0.464394 0.817183 0.000000
vt 0.457703 0.802451 0.000000
vt 0.451563 0.786751 0.000000
vt 0.445927 0.770151 0.000000
vt 0.440746 0.752740 0.000000
vt 0.435978 0.734630 0.000000
vt 0.431582 0.715956 0.000000
vt 0.427524 0.696869 0.000000
vt 0.423769 0.677536 0.000000
vt 0.420289 0.658130 0.000000
vt 0.417058 0.638821 0.000000
vt 0.414053 0.619773 0.000000
vt 0.411252 0.601133 0.000000
vt 0.408637 0.583028 0.000000
vt 0.406192 0.565561 0.000000
vt 0.403900 0.548809 0.000000
vt 0.401750 0.532826 0.000000
vt 0.399729 0.517644 0.000000
vt 0.478885 0.814972 0.000000
vt 0.471842 0.801130 0.000000
vt 0.465316 0.786320 0.000000
vt 0.459271 0.770596 0.000000
vt 0.453673 0.754036 0.000000
vt 0.448485 0.736735 0.000000
vt 0.443675 0.718814 0.000000
vt 0.439210 0.700410 0.000000
vt 0.435060 0.681678 0.000000
vt 0.431199 0.662780 0.000000
vt 0.427602 0.643881 0.000000
vt 0.424245 0.625145 0.000000
vt 0.421109 0.606719 0.000000
vt 0.418173 0.588738 0.000000
vt 0.415422 0.571312 0.000000
vt 0.412840 0.554531 0.000000
vt 0.410414 0.538459 0.000000
vt 0.408130 0.523140 0.000000
vt 0.405977 0.508597 0.000000
vt 0.492287 0.811780 0.000000
vt 0.485055 0.798789 0.000000
vt 0.478288 0.784844 0.000000
vt 0.471964 0.769989 0.000000
vt 0.466060 0.754288 0.000000
vt 0.460550 0.737822 0.000000
vt 0.455407 0.720696 0.000000
vt 0.450606 0.703033 0.000000
vt 0.446122 0.684973 0.000000
vt 0.441930 0.666667 0.000000
vt 0.438009 0.648271 0.000000
vt 0.434337 0.629941 0.000000
vt 0.430895 0.611828 0.000000
vt 0.427664 0.594065 0.000000
vt 0.424630 0.576772 0.000000
vt 0.421775 0.560046 0.000000
vt 0.419086 0.543961 0.000000
vt 0.416551 0.528572 0.000000
vt 0.414158 0.513913 0.000000
vt 0.411896 0.500000 0.000000
vt 0.419211 0.500000 0.000000
vt 0.421746 0.514294 0.000000
vt 0.426919 0.500000 0.000000
vt 0.424428 0.529350 0.000000
vt 0.429741 0.514660 0.000000
vt 0.435015 0.500000 0.000000
vt 0.427269 0.545146 0.000000
vt 0.432727 0.530092 0.000000
vt 0.438135 0.515004 0.000000
vt 0.443484 0.500000 0.000000
vt 0.430281 0.561637 0.000000
vt 0.435887 0.546266 0.000000
vt 0.441433 0.530783 0.000000
vt 0.446908 0.515319 0.000000
vt 0.452300 0.500000 0.000000
vt 0.433479 0.578758 0.000000
vt 0.439236 0.563124 0.000000
vt 0.444922 0.547294 0.000000
vt 0.450523 0.531406 0.000000
vt 0.456029 0.515598 0.000000
vt 0.461428 0.500000 0.000000
vt 0.436876 0.596418 0.000000
vt 0.442788 0.580588 0.000000
vt 0.448614 0.564470 0.000000
vt 0.454342 0.548207 0.000000
vt 0.459959 0.531946 0.000000
vt 0.465455 0.515832 0.000000
vt 0.470822 0.500000 0.000000
vt 0.440490 0.614506 0.000000
vt 0.446557 0.598553 0.000000
vt 0.452524 0.582215 0.000000
vt 0.458376 0.565637 0.000000
vt 0.464102 0.548975 0.000000
vt 0.469691 0.532385 0.000000
vt 0.475135 0.516014 0.000000
vt 0.480427 0.500000 0.000000
vt 0.444336 0.632888 0.000000
vt 0.450560 0.616892 0.000000
vt 0.456666 0.600410 0.000000
vt 0.462640 0.583590 0.000000
vt 0.468469 0.566591 0.000000
vt 0.474145 0.549577 0.000000
vt 0.479658 0.532710 0.000000
vt 0.485003 0.516140 0.000000
vt 0.490176 0.500000 0.000000
vt 0.448433 0.651413 0.000000
vt 0.454814 0.635454 0.000000
vt 0.461056 0.618911 0.000000
vt 0.467147 0.601929 0.000000
vt 0.473073 0.584668 0.000000
vt 0.478826 0.567298 0.000000
vt 0.484399 0.549990 0.000000
vt 0.489787 0.532909 0.000000
vt 0.494988 0.516203 0.000000
vt 0.500000 0.500000 0.000000
vt 0.452801 0.669919 0.000000
vt 0.459336 0.654076 0.000000
vt 0.465710 0.637556 0.000000
vt 0.471910 0.620497 0.000000
vt 0.477924 0.603057 0.000000
vt 0.483745 0.585410 0.000000
vt 0.489366 0.567733 0.000000
vt 0.494785 0.550201 0.000000
vt 0.500000 0.532977 0.000000
vt 0.505012 0.516203 0.000000
vt 0.509824 0.500000 0.000000
vt 0.457460 0.688241 0.000000
vt 0.464144 0.672586 0.000000
vt 0.470643 0.656169 0.000000
vt 0.476942 0.639119 0.000000
vt 0.483033 0.621590 0.000000
vt 0.488909 0.603752 0.000000
vt 0.494565 0.585788 0.000000
vt 0.500000 0.567880 0.000000
vt 0.505215 0.550201 0.000000
vt 0.510213 0.532909 0.000000
vt 0.514997 0.516140 0.000000
vt 0.519573 0.500000 0.000000
vt 0.462431 0.706215 0.000000
vt 0.469257 0.690810 0.000000
vt 0.475870 0.674570 0.000000
vt 0.482257 0.657613 0.000000
vt 0.488410 0.640083 0.000000
vt 0.494325 0.622148 0.000000
vt 0.500000 0.603987 0.000000
vt 0.505435 0.585788 0.000000
vt 0.510634 0.567733 0.000000
vt 0.515601 0.549990 0.000000
vt 0.520342 0.532710 0.000000
vt 0.524865 0.516014 0.000000
vt 0.529178 0.500000 0.000000
vt 0.467737 0.723688 0.000000
vt 0.474694 0.708583 0.000000
vt 0.481407 0.692583 0.000000
vt 0.487865 0.675794 0.000000
vt 0.494064 0.658350 0.000000
vt 0.500000 0.640409 0.000000
vt 0.505675 0.622148 0.000000
vt 0.511091 0.603752 0.000000
vt 0.516255 0.585410 0.000000
vt 0.521174 0.567298 0.000000
vt 0.525855 0.549577 0.000000
vt 0.530309 0.532385 0.000000
vt 0.534545 0.515832 0.000000
vt 0.538572 0.500000 0.000000
vt 0.473398 0.740522 0.000000
vt 0.480471 0.725753 0.000000
vt 0.487266 0.710044 0.000000
vt 0.493777 0.693489 0.000000
vt 0.500000 0.676208 0.000000
vt 0.505936 0.658350 0.000000
vt 0.511590 0.640083 0.000000
vt 0.516967 0.621590 0.000000
vt 0.522076 0.603057 0.000000
vt 0.526927 0.584668 0.000000
vt 0.531531 0.566591 0.000000
vt 0.535898 0.548975 0.000000
vt 0.540041 0.531946 0.000000
vt 0.543971 0.515598 0.000000
vt 0.547700 0.500000 0.000000
vt 0.479437 0.756601 0.000000
vt 0.486606 0.742189 0.000000
vt 0.493461 0.726808 0.000000
vt 0.500000 0.710538 0.000000
vt 0.506223 0.693489 0.000000
vt 0.512135 0.675794 0.000000
vt 0.517743 0.657613 0.000000
vt 0.523058 0.639119 0.000000
vt 0.528090 0.620497 0.000000
vt 0.532853 0.601929 0.000000
vt 0.537360 0.583590 0.000000
vt 0.541624 0.565637 0.000000
vt 0.545658 0.548207 0.000000
vt 0.549477 0.531406 0.000000
vt 0.553092 0.515319 0.000000
vt 0.556516 0.500000 0.000000
vt 0.485873 0.771828 0.000000
vt 0.493112 0.757782 0.000000
vt 0.500000 0.742753 0.000000
vt 0.506539 0.726808 0.000000
vt 0.512734 0.710044 0.000000
vt 0.518593 0.692583 0.000000
vt 0.524130 0.674570 0.000000
vt 0.529357 0.656169 0.000000
vt 0.534290 0.637556 0.000000
vt 0.538944 0.618911 0.000000
vt 0.543334 0.600410 0.000000
vt 0.547476 0.582215 0.000000
vt 0.551386 0.564470 0.000000
vt 0.555078 0.547294 0.000000
vt 0.558567 0.530783 0.000000
vt 0.561865 0.515004 0.000000
vt 0.564985 0.500000 0.000000
vt 0.492722 0.786131 0.000000
vt 0.500000 0.772449 0.000000
vt 0.506888 0.757782 0.000000
vt 0.513394 0.742189 0.000000
vt 0.519529 0.725753 0.000000
vt 0.525306 0.708583 0.000000
vt 0.530743 0.690810 0.000000
vt 0.535856 0.672586 0.000000
vt 0.540664 0.654076 0.000000
vt 0.545186 0.635454 0.000000
vt 0.549440 0.616892 0.000000
vt 0.553443 0.598553 0.000000
vt 0.557212 0.580588 0.000000
vt 0.560764 0.563124 0.000000
vt 0.564113 0.546266 0.000000
vt 0.567273 0.530092 0.000000
vt 0.570259 0.514660 0.000000
vt 0.573081 0.500000 0.000000
vt 0.500000 0.799458 0.000000
vt 0.507278 0.786131 0.000000
vt 0.514127 0.771828 0.000000
vt 0.520563 0.756601 0.000000
vt 0.526602 0.740522 0.000000
vt 0.532263 0.723688 0.000000
vt 0.537569 0.706215 0.000000
vt 0.542540 0.688241 0.000000
vt 0.547199 0.669919 0.000000
vt 0.551567 0.651413 0.000000
vt 0.555664 0.632888 0.000000
vt 0.559510 0.614506 0.000000
vt 0.563124 0.596418 0.000000
vt 0.566521 0.578758 0.000000
vt 0.569719 0.561637 0.000000
vt 0.572731 0.545146 0.000000
vt 0.575572 0.529350 0.000000
vt 0.578254 0.514294 0.000000
vt 0.580789 0.500000 0.000000
vt 0.507713 0.811780 0.000000
vt 0.514945 0.798789 0.000000
vt 0.521712 0.784844 0.000000
vt 0.528036 0.769989 0.000000
vt 0.533940 0.754288 0.000000
vt 0.539450 0.737822 0.000000
vt 0.544593 0.720696 0.000000
vt 0.549394 0.703033 0.000000
vt 0.553878 0.684973 0.000000
vt 0.558070 0.666667 0.000000
vt 0.561991 0.648271 0.000000
vt 0.565663 0.629941 0.000000
vt 0.569105 0.611828 0.000000
vt 0.572335 0.594065 0.000000
vt 0.575370 0.576772 0.000000
vt 0.578225 0.560046 0.000000
vt 0.580914 0.543961 0.000000
vt 0.583449 0.528572 0.000000
vt 0.585842 0.513913 0.000000
vt 0.588104 0.500000 0.000000
vt 0.521115 0.814972 0.000000
vt 0.535606 0.817183 0.000000
vt 0.528158 0.801130 0.000000
vt 0.551057 0.818185 0.000000
vt 0.542297 0.802451 0.000000
vt 0.534684 0.786320 0.000000
vt 0.567252 0.817766 0.000000
vt 0.557219 0.802548 0.000000
vt 0.548437 0.786751 0.000000
vt 0.540729 0.770596 0.000000
vt 0.583891 0.815753 0.000000
vt 0.572710 0.801242 0.000000
vt 0.562820 0.785962 0.000000
vt 0.554073 0.770151 0.000000
vt 0.546327 0.754036 0.000000
vt 0.600622 0.812039 0.000000
vt 0.588499 0.798398 0.000000
vt 0.577631 0.783805 0.000000
vt 0.567921 0.768505 0.000000
vt 0.559254 0.752740 0.000000
vt 0.551515 0.736735 0.000000
vt 0.617082 0.806600 0.000000
vt 0.604279 0.793946 0.000000
vt 0.592626 0.780182 0.000000
vt 0.582082 0.765545 0.000000
vt 0.572577 0.750282 0.000000
vt 0.564022 0.734630 0.000000
vt 0.556325 0.718814 0.000000
vt 0.632940 0.799499 0.000000
vt 0.619748 0.787891 0.000000
vt 0.607541 0.775054 0.000000
vt 0.596339 0.761205 0.000000
vt 0.586121 0.746579 0.000000
vt 0.576836 0.731418 0.000000
vt 0.568418 0.715956 0.000000
vt 0.560790 0.700410 0.000000
vt 0.647936 0.790879 0.000000
vt 0.634636 0.780318 0.000000
vt 0.622121 0.768455 0.000000
vt 0.610465 0.755476 0.000000
vt 0.599694 0.741595 0.000000
vt 0.589798 0.727045 0.000000
vt 0.580743 0.712061 0.000000
vt 0.572476 0.696869 0.000000
vt 0.564940 0.681678 0.000000
vt 0.661896 0.780949 0.000000
vt 0.648732 0.771381 0.000000
vt 0.636145 0.760488 0.000000
vt 0.624246 0.748416 0.000000
vt 0.613100 0.735350 0.000000
vt 0.602737 0.721503 0.000000
vt 0.593156 0.707102 0.000000
vt 0.584334 0.692375 0.000000
vt 0.576231 0.677536 0.000000
vt 0.568801 0.662780 0.000000
vt 0.674733 0.769953 0.000000
vt 0.661896 0.761286 0.000000
vt 0.649442 0.751314 0.000000
vt 0.637498 0.740142 0.000000
vt 0.626159 0.727921 0.000000
vt 0.615486 0.714836 0.000000
vt 0.605509 0.701099 0.000000
vt 0.596233 0.686927 0.000000
vt 0.587643 0.672538 0.000000
vt 0.579711 0.658130 0.000000
vt 0.572398 0.643881 0.000000
vt 0.686430 0.758154 0.000000
vt 0.674056 0.750273 0.000000
vt 0.661896 0.741139 0.000000
vt 0.650080 0.730822 0.000000
vt 0.638717 0.719436 0.000000
vt 0.627890 0.707137 0.000000
vt 0.617655 0.694112 0.000000
vt 0.608042 0.680564 0.000000
vt 0.599060 0.666702 0.000000
vt 0.590700 0.652726 0.000000
vt 0.582942 0.638821 0.000000
vt 0.575755 0.625145 0.000000
vt 0.697022 0.745809 0.000000
vt 0.685198 0.738590 0.000000
vt 0.673448 0.730192 0.000000
vt 0.661896 0.720656 0.000000
vt 0.650655 0.710064 0.000000
vt 0.639820 0.698541 0.000000
vt 0.629463 0.686247 0.000000
vt 0.619635 0.673363 0.000000
vt 0.610365 0.660085 0.000000
vt 0.601665 0.646608 0.000000
vt 0.593530 0.633116 0.000000
vt 0.585947 0.619773 0.000000
vt 0.578891 0.606719 0.000000
vt 0.706578 0.733157 0.000000
vt 0.695348 0.726477 0.000000
vt 0.684083 0.718707 0.000000
vt 0.672897 0.709862 0.000000
vt 0.661896 0.700000 0.000000
vt 0.651177 0.689216 0.000000
vt 0.640824 0.677640 0.000000
vt 0.630899 0.665434 0.000000
vt 0.621449 0.652772 0.000000
vt 0.612502 0.639840 0.000000
vt 0.604071 0.626816 0.000000
vt 0.596157 0.613866 0.000000
vt 0.588748 0.601133 0.000000
vt 0.581827 0.588738 0.000000
vt 0.715184 0.720410 0.000000
vt 0.704561 0.714157 0.000000
vt 0.693824 0.706907 0.000000
vt 0.683070 0.698658 0.000000
vt 0.672396 0.689447 0.000000
vt 0.661896 0.679344 0.000000
vt 0.651653 0.668455 0.000000
vt 0.641740 0.656914 0.000000
vt 0.632214 0.644879 0.000000
vt 0.623116 0.632517 0.000000
vt 0.614474 0.619998 0.000000
vt 0.606301 0.607483 0.000000
vt 0.598599 0.595119 0.000000
vt 0.591363 0.583028 0.000000
vt 0.584578 0.571312 0.000000
vt 0.722930 0.707743 0.000000
vt 0.712906 0.701822 0.000000
vt 0.702713 0.694993 0.000000
vt 0.692431 0.687248 0.000000
vt 0.682144 0.678604 0.000000
vt 0.671939 0.669114 0.000000
vt 0.661896 0.658861 0.000000
vt 0.652089 0.647955 0.000000
vt 0.642581 0.636534 0.000000
vt 0.633424 0.624748 0.000000
vt 0.624654 0.612752 0.000000
vt 0.616299 0.600702 0.000000
vt 0.608371 0.588740 0.000000
vt 0.600876 0.576991 0.000000
vt 0.593808 0.565561 0.000000
vt 0.587160 0.554531 0.000000
vt 0.729908 0.695301 0.000000
vt 0.720463 0.689630 0.000000
vt 0.710810 0.683139 0.000000
vt 0.701016 0.675811 0.000000
vt 0.691153 0.667654 0.000000
vt 0.681296 0.658704 0.000000
vt 0.671520 0.649027 0.000000
vt 0.661896 0.638714 0.000000
vt 0.652489 0.627879 0.000000
vt 0.643355 0.616656 0.000000
vt 0.634539 0.605186 0.000000
vt 0.626077 0.593613 0.000000
vt 0.617992 0.582074 0.000000
vt 0.610298 0.570693 0.000000
vt 0.603001 0.559576 0.000000
vt 0.596100 0.548809 0.000000
vt 0.589586 0.538459 0.000000
vt 0.736203 0.683194 0.000000
vt 0.727306 0.677711 0.000000
vt 0.718179 0.671485 0.000000
vt 0.708874 0.664499 0.000000
vt 0.699452 0.656754 0.000000
vt 0.689977 0.648275 0.000000
vt 0.680516 0.639112 0.000000
vt 0.671134 0.629338 0.000000
vt 0.661896 0.619051 0.000000
vt 0.652858 0.608366 0.000000
vt 0.644069 0.597410 0.000000
vt 0.635572 0.586313 0.000000
vt 0.627396 0.575205 0.000000
vt 0.619566 0.564206 0.000000
vt 0.612095 0.553420 0.000000
vt 0.604990 0.542937 0.000000
vt 0.598250 0.532826 0.000000
vt 0.591870 0.523140 0.000000
vt 0.741894 0.671503 0.000000
vt 0.733512 0.666158 0.000000
vt 0.724886 0.660142 0.000000
vt 0.716060 0.653436 0.000000
vt 0.707082 0.646037 0.000000
vt 0.698006 0.637963 0.000000
vt 0.688891 0.629252 0.000000
vt 0.679795 0.619964 0.000000
vt 0.670778 0.610180 0.000000
vt 0.661896 0.600000 0.000000
vt 0.653199 0.589534 0.000000
vt 0.644731 0.578902 0.000000
vt 0.636530 0.568222 0.000000
vt 0.628624 0.557607 0.000000
vt 0.621034 0.547162 0.000000
vt 0.613775 0.536974 0.000000
vt 0.606854 0.527116 0.000000
vt 0.600271 0.517644 0.000000
vt 0.594023 0.508597 0.000000
vt 1.000000 0.176208 0.000000
vt 1.000000 0.161579 0.000000
vt 0.986479 0.172192 0.000000
vt 1.000000 0.146161 0.000000
vt 0.984897 0.157107 0.000000
vt 0.971689 0.169101 0.000000
vt 1.000000 0.129969 0.000000
vt 0.982898 0.141230 0.000000
vt 0.968239 0.153754 0.000000
vt 0.955734 0.167186 0.000000
vt 1.000000 0.113032 0.000000
vt 0.980292 0.124590 0.000000
vt 0.963847 0.137673 0.000000
vt 0.950189 0.151833 0.000000
vt 0.938823 0.166693 0.000000
vt 1.000000 0.095400 0.000000
vt 0.976756 0.107242 0.000000
vt 0.958078 0.120932 0.000000
vt 0.943124 0.135887 0.000000
vt 0.931081 0.151641 0.000000
vt 0.921278 0.167833 0.000000
vt 1.000000 0.077144 0.000000
vt 0.971689 0.089280 0.000000
vt 0.950189 0.103664 0.000000
vt 0.933858 0.119504 0.000000
vt 0.921278 0.136227 0.000000
vt 0.911403 0.153415 0.000000
vt 0.903502 0.170753 0.000000
vt 1.000000 0.058355 0.000000
vt 0.963847 0.070852 0.000000
vt 0.938823 0.086093 0.000000
vt 0.921278 0.102949 0.000000
vt 0.908579 0.120717 0.000000
vt 0.899074 0.138939 0.000000
vt 0.891740 0.157287 0.000000
vt 0.885933 0.175514 0.000000
vt 1.000000 0.039147 0.000000
vt 0.950189 0.052225 0.000000
vt 0.921278 0.068634 0.000000
vt 0.903502 0.086674 0.000000
vt 0.891740 0.105544 0.000000
vt 0.883465 0.124791 0.000000
vt 0.877356 0.144109 0.000000
vt 0.872675 0.163265 0.000000
vt 0.868978 0.182076 0.000000
vt 1.000000 0.019648 0.000000
vt 0.921278 0.034050 0.000000
vt 0.891740 0.052147 0.000000
vt 0.877356 0.071486 0.000000
vt 0.868978 0.091393 0.000000
vt 0.863522 0.111539 0.000000
vt 0.859695 0.131687 0.000000
vt 0.856864 0.151640 0.000000
vt 0.854688 0.171228 0.000000
vt 0.852962 0.190307 0.000000
vt 0.838104 0.000000 0.000000
vt 0.838104 0.019051 0.000000
vt 0.838104 0.038714 0.000000
vt 0.838104 0.058861 0.000000
vt 0.838104 0.079344 0.000000
vt 0.838104 0.100000 0.000000
vt 0.838104 0.120656 0.000000
vt 0.838104 0.141140 0.000000
vt 0.838104 0.161286 0.000000
vt 0.838104 0.180949 0.000000
vt 0.838104 0.200000 0.000000
vt 0.661896 0.000000 0.000000
vt 0.500000 0.019648 0.000000
vt 0.661896 0.019051 0.000000
vt 0.750000 0.032977 0.000000
vt 0.782335 0.051264 0.000000
vt 0.797700 0.070945 0.000000
vt 0.806516 0.091248 0.000000
vt 0.812202 0.111810 0.000000
vt 0.816164 0.132375 0.000000
vt 0.819080 0.152734 0.000000
vt 0.821315 0.172704 0.000000
vt 0.823081 0.192135 0.000000
vt 0.824511 0.210902 0.000000
vt 0.500000 0.039147 0.000000
vt 0.578722 0.034050 0.000000
vt 0.661896 0.038714 0.000000
vt 0.717665 0.051264 0.000000
vt 0.750000 0.067880 0.000000
vt 0.769573 0.086457 0.000000
vt 0.782335 0.106015 0.000000
vt 0.791209 0.126012 0.000000
vt 0.797700 0.146094 0.000000
vt 0.802639 0.165995 0.000000
vt 0.806516 0.185507 0.000000
vt 0.809637 0.204463 0.000000
vt 0.812202 0.222740 0.000000
vt 0.500000 0.058355 0.000000
vt 0.549811 0.052225 0.000000
vt 0.608260 0.052147 0.000000
vt 0.661896 0.058861 0.000000
vt 0.702300 0.070945 0.000000
vt 0.730427 0.086457 0.000000
vt 0.750000 0.103987 0.000000
vt 0.764016 0.122648 0.000000
vt 0.774398 0.141864 0.000000
vt 0.782335 0.161234 0.000000
vt 0.788572 0.180458 0.000000
vt 0.793587 0.199308 0.000000
vt 0.797700 0.217611 0.000000
vt 0.801130 0.235239 0.000000
vt 0.500000 0.077144 0.000000
vt 0.536153 0.070852 0.000000
vt 0.578722 0.068634 0.000000
vt 0.622644 0.071486 0.000000
vt 0.661896 0.079344 0.000000
vt 0.693484 0.091248 0.000000
vt 0.717665 0.106015 0.000000
vt 0.735984 0.122648 0.000000
vt 0.750000 0.140409 0.000000
vt 0.760912 0.158758 0.000000
vt 0.769573 0.177289 0.000000
vt 0.776577 0.195699 0.000000
vt 0.782335 0.213753 0.000000
vt 0.787143 0.231277 0.000000
vt 0.791209 0.248146 0.000000
vt 0.500000 0.095400 0.000000
vt 0.528311 0.089280 0.000000
vt 0.561177 0.086093 0.000000
vt 0.596498 0.086674 0.000000
vt 0.631022 0.091393 0.000000
vt 0.661896 0.100000 0.000000
vt 0.687798 0.111810 0.000000
vt 0.708791 0.126012 0.000000
vt 0.725602 0.141864 0.000000
vt 0.739088 0.158758 0.000000
vt 0.750000 0.176208 0.000000
vt 0.758933 0.193838 0.000000
vt 0.766336 0.211353 0.000000
vt 0.772547 0.228528 0.000000
vt 0.777817 0.245194 0.000000
vt 0.782335 0.261233 0.000000
vt 0.500000 0.113032 0.000000
vt 0.523244 0.107242 0.000000
vt 0.549811 0.103664 0.000000
vt 0.578722 0.102949 0.000000
vt 0.608260 0.105544 0.000000
vt 0.636478 0.111539 0.000000
vt 0.661896 0.120656 0.000000
vt 0.683836 0.132375 0.000000
vt 0.702300 0.146094 0.000000
vt 0.717665 0.161234 0.000000
vt 0.730427 0.177289 0.000000
vt 0.741067 0.193838 0.000000
vt 0.750000 0.210538 0.000000
vt 0.757561 0.227119 0.000000
vt 0.764016 0.243370 0.000000
vt 0.769573 0.259136 0.000000
vt 0.774398 0.274307 0.000000
vt 0.500000 0.129969 0.000000
vt 0.519708 0.124590 0.000000
vt 0.541922 0.120932 0.000000
vt 0.566142 0.119504 0.000000
vt 0.591421 0.120717 0.000000
vt 0.616535 0.124791 0.000000
vt 0.640305 0.131687 0.000000
vt 0.661896 0.141140 0.000000
vt 0.680920 0.152734 0.000000
vt 0.697361 0.165995 0.000000
vt 0.711428 0.180458 0.000000
vt 0.723423 0.195699 0.000000
vt 0.733664 0.211353 0.000000
vt 0.742439 0.227119 0.000000
vt 0.750000 0.242753 0.000000
vt 0.756554 0.258066 0.000000
vt 0.762271 0.272918 0.000000
vt 0.767290 0.287209 0.000000
vt 0.500000 0.146161 0.000000
vt 0.517102 0.141230 0.000000
vt 0.536153 0.137673 0.000000
vt 0.556876 0.135887 0.000000
vt 0.578722 0.136227 0.000000
vt 0.600926 0.138939 0.000000
vt 0.622644 0.144109 0.000000
vt 0.643136 0.151640 0.000000
vt 0.661896 0.161286 0.000000
vt 0.678685 0.172704 0.000000
vt 0.693484 0.185507 0.000000
vt 0.706413 0.199308 0.000000
vt 0.717665 0.213753 0.000000
vt 0.727453 0.228528 0.000000
vt 0.735984 0.243370 0.000000
vt 0.743446 0.258066 0.000000
vt 0.750000 0.272449 0.000000
vt 0.755783 0.286395 0.000000
vt 0.760912 0.299815 0.000000
vt 0.500000 0.161579 0.000000
vt 0.515103 0.157107 0.000000
vt 0.531761 0.153754 0.000000
vt 0.549811 0.151833 0.000000
vt 0.568919 0.151641 0.000000
vt 0.588597 0.153415 0.000000
vt 0.608260 0.157287 0.000000
vt 0.627325 0.163265 0.000000
vt 0.645312 0.171228 0.000000
vt 0.661896 0.180949 0.000000
vt 0.676919 0.192135 0.000000
vt 0.690363 0.204463 0.000000
vt 0.702300 0.217611 0.000000
vt 0.712857 0.231277 0.000000
vt 0.722183 0.245194 0.000000
vt 0.730427 0.259136 0.000000
vt 0.737729 0.272918 0.000000
vt 0.744217 0.286395 0.000000
vt 0.750000 0.299459 0.000000
vt 0.755175 0.312031 0.000000
vt 0.500000 0.176208 0.000000
vt 0.513521 0.172192 0.000000
vt 0.528311 0.169101 0.000000
vt 0.544266 0.167186 0.000000
vt 0.561177 0.166693 0.000000
vt 0.578722 0.167833 0.000000
vt 0.596498 0.170753 0.000000
vt 0.614067 0.175514 0.000000
vt 0.631022 0.182076 0.000000
vt 0.647038 0.190307 0.000000
vt 0.661896 0.200000 0.000000
vt 0.675489 0.210902 0.000000
vt 0.687798 0.222740 0.000000
vt 0.698870 0.235239 0.000000
vt 0.708791 0.248146 0.000000
vt 0.717665 0.261233 0.000000
vt 0.725602 0.274307 0.000000
vt 0.732710 0.287209 0.000000
vt 0.739088 0.299815 0.000000
vt 0.744825 0.312031 0.000000
vt 0.750000 0.323792 0.000000
vt 0.914158 0.486087 0.000000
vt 0.905977 0.491403 0.000000
vt 0.916551 0.471428 0.000000
vt 0.908130 0.476860 0.000000
vt 0.899729 0.482356 0.000000
vt 0.919086 0.456039 0.000000
vt 0.910414 0.461541 0.000000
vt 0.901750 0.467174 0.000000
vt 0.893146 0.472884 0.000000
vt 0.921775 0.439954 0.000000
vt 0.912840 0.445469 0.000000
vt 0.903900 0.451191 0.000000
vt 0.895010 0.457063 0.000000
vt 0.886225 0.463026 0.000000
vt 0.924630 0.423228 0.000000
vt 0.915422 0.428688 0.000000
vt 0.906192 0.434439 0.000000
vt 0.896999 0.440424 0.000000
vt 0.887905 0.446580 0.000000
vt 0.878966 0.452838 0.000000
vt 0.927665 0.405935 0.000000
vt 0.918173 0.411263 0.000000
vt 0.908637 0.416972 0.000000
vt 0.899124 0.423009 0.000000
vt 0.889702 0.429307 0.000000
vt 0.880434 0.435794 0.000000
vt 0.871376 0.442393 0.000000
vt 0.930895 0.388172 0.000000
vt 0.921109 0.393281 0.000000
vt 0.911252 0.398867 0.000000
vt 0.901401 0.404881 0.000000
vt 0.891629 0.411260 0.000000
vt 0.882008 0.417926 0.000000
vt 0.872604 0.424795 0.000000
vt 0.863470 0.431779 0.000000
vt 0.934337 0.370059 0.000000
vt 0.924245 0.374855 0.000000
vt 0.914053 0.380227 0.000000
vt 0.903843 0.386134 0.000000
vt 0.893699 0.392517 0.000000
vt 0.883701 0.399298 0.000000
vt 0.873923 0.406387 0.000000
vt 0.864428 0.413687 0.000000
vt 0.855269 0.421098 0.000000
vt 0.938009 0.351729 0.000000
vt 0.927602 0.356119 0.000000
vt 0.917058 0.361179 0.000000
vt 0.906470 0.366884 0.000000
vt 0.895929 0.373184 0.000000
vt 0.885526 0.380002 0.000000
vt 0.875346 0.387248 0.000000
vt 0.865461 0.394814 0.000000
vt 0.855931 0.402590 0.000000
vt 0.846801 0.410466 0.000000
vt 0.941930 0.333333 0.000000
vt 0.931199 0.337221 0.000000
vt 0.920289 0.341870 0.000000
vt 0.909300 0.347274 0.000000
vt 0.898335 0.353392 0.000000
vt 0.887498 0.360160 0.000000
vt 0.876884 0.367483 0.000000
vt 0.866576 0.375252 0.000000
vt 0.856645 0.383344 0.000000
vt 0.847142 0.391634 0.000000
vt 0.838104 0.400000 0.000000
vt 0.946122 0.315027 0.000000
vt 0.935060 0.318322 0.000000
vt 0.923769 0.322464 0.000000
vt 0.912357 0.327463 0.000000
vt 0.900940 0.333298 0.000000
vt 0.889635 0.339915 0.000000
vt 0.878551 0.347228 0.000000
vt 0.867786 0.355121 0.000000
vt 0.857419 0.363466 0.000000
vt 0.847511 0.372121 0.000000
vt 0.838104 0.380949 0.000000
vt 0.829222 0.389820 0.000000
vt 0.950606 0.296967 0.000000
vt 0.939210 0.299590 0.000000
vt 0.927524 0.303131 0.000000
vt 0.915666 0.307625 0.000000
vt 0.903767 0.313073 0.000000
vt 0.891958 0.319436 0.000000
vt 0.880365 0.326637 0.000000
vt 0.869101 0.334566 0.000000
vt 0.858260 0.343086 0.000000
vt 0.847911 0.352045 0.000000
vt 0.838104 0.361286 0.000000
vt 0.828866 0.370662 0.000000
vt 0.820205 0.380036 0.000000
vt 0.955407 0.279304 0.000000
vt 0.943675 0.281186 0.000000
vt 0.931582 0.284044 0.000000
vt 0.919257 0.287939 0.000000
vt 0.906844 0.292898 0.000000
vt 0.894491 0.298901 0.000000
vt 0.882345 0.305888 0.000000
vt 0.870537 0.313753 0.000000
vt 0.859176 0.322360 0.000000
vt 0.848347 0.331545 0.000000
vt 0.838104 0.341139 0.000000
vt 0.828480 0.350973 0.000000
vt 0.819484 0.360888 0.000000
vt 0.811109 0.370748 0.000000
vt 0.960550 0.262178 0.000000
vt 0.948485 0.263265 0.000000
vt 0.935978 0.265370 0.000000
vt 0.923164 0.268582 0.000000
vt 0.910202 0.272955 0.000000
vt 0.897263 0.278497 0.000000
vt 0.884514 0.285164 0.000000
vt 0.872110 0.292863 0.000000
vt 0.860180 0.301459 0.000000
vt 0.848823 0.310784 0.000000
vt 0.838104 0.320656 0.000000
vt 0.828061 0.330886 0.000000
vt 0.818704 0.341296 0.000000
vt 0.810023 0.351725 0.000000
vt 0.801994 0.362037 0.000000
vt 0.966060 0.245713 0.000000
vt 0.953673 0.245965 0.000000
vt 0.940746 0.247260 0.000000
vt 0.927423 0.249718 0.000000
vt 0.913879 0.253421 0.000000
vt 0.900306 0.258405 0.000000
vt 0.886900 0.264650 0.000000
vt 0.873841 0.272079 0.000000
vt 0.861283 0.280564 0.000000
vt 0.849345 0.289936 0.000000
vt 0.838104 0.300000 0.000000
vt 0.827604 0.310553 0.000000
vt 0.817856 0.321396 0.000000
vt 0.808847 0.332346 0.000000
vt 0.800548 0.343246 0.000000
vt 0.792918 0.353963 0.000000
vt 0.971964 0.230011 0.000000
vt 0.959271 0.229403 0.000000
vt 0.945927 0.229849 0.000000
vt 0.932079 0.231495 0.000000
vt 0.917918 0.234455 0.000000
vt 0.903661 0.238795 0.000000
vt 0.889535 0.244524 0.000000
vt 0.875754 0.251584 0.000000
vt 0.862502 0.259858 0.000000
vt 0.849920 0.269178 0.000000
vt 0.838104 0.279344 0.000000
vt 0.827103 0.290138 0.000000
vt 0.816930 0.301342 0.000000
vt 0.807569 0.312752 0.000000
vt 0.798984 0.324190 0.000000
vt 0.791126 0.335501 0.000000
vt 0.783940 0.346565 0.000000
vt 0.978288 0.215156 0.000000
vt 0.965316 0.213680 0.000000
vt 0.951563 0.213249 0.000000
vt 0.937180 0.214038 0.000000
vt 0.922369 0.216195 0.000000
vt 0.907374 0.219818 0.000000
vt 0.892459 0.224946 0.000000
vt 0.877879 0.231545 0.000000
vt 0.863855 0.239512 0.000000
vt 0.850558 0.248686 0.000000
vt 0.838104 0.258861 0.000000
vt 0.826552 0.269808 0.000000
vt 0.815917 0.281293 0.000000
vt 0.806176 0.293093 0.000000
vt 0.797287 0.305007 0.000000
vt 0.789190 0.316861 0.000000
vt 0.781821 0.328515 0.000000
vt 0.775114 0.339859 0.000000
vt 0.985055 0.201211 0.000000
vt 0.971842 0.198870 0.000000
vt 0.957703 0.197549 0.000000
vt 0.942781 0.197452 0.000000
vt 0.927290 0.198758 0.000000
vt 0.911501 0.201602 0.000000
vt 0.895721 0.206054 0.000000
vt 0.880252 0.212109 0.000000
vt 0.865364 0.219682 0.000000
vt 0.851268 0.228619 0.000000
vt 0.838104 0.238714 0.000000
vt 0.825944 0.249727 0.000000
vt 0.814802 0.261410 0.000000
vt 0.804652 0.273523 0.000000
vt 0.795439 0.285843 0.000000
vt 0.787094 0.298178 0.000000
vt 0.779537 0.310370 0.000000
vt 0.772694 0.322289 0.000000
vt 0.766488 0.333843 0.000000
vt 0.992287 0.188220 0.000000
vt 0.978885 0.185028 0.000000
vt 0.964394 0.182817 0.000000
vt 0.948943 0.181815 0.000000
vt 0.932748 0.182235 0.000000
vt 0.916109 0.184247 0.000000
vt 0.899378 0.187961 0.000000
vt 0.882918 0.193400 0.000000
vt 0.867060 0.200501 0.000000
vt 0.852064 0.209121 0.000000
vt 0.838104 0.219051 0.000000
vt 0.825267 0.230047 0.000000
vt 0.813570 0.241846 0.000000
vt 0.802978 0.254191 0.000000
vt 0.793422 0.266843 0.000000
vt 0.784816 0.279590 0.000000
vt 0.777070 0.292257 0.000000
vt 0.770092 0.304699 0.000000
vt 0.763797 0.316806 0.000000
vt 0.758106 0.328497 0.000000
vt 0.921746 0.485706 0.000000
vt 0.929741 0.485340 0.000000
vt 0.924428 0.470650 0.000000
vt 0.938135 0.484996 0.000000
vt 0.932727 0.469908 0.000000
vt 0.927269 0.454854 0.000000
vt 0.946908 0.484681 0.000000
vt 0.941433 0.469217 0.000000
vt 0.935887 0.453734 0.000000
vt 0.930281 0.438363 0.000000
vt 0.956029 0.484402 0.000000
vt 0.950523 0.468594 0.000000
vt 0.944922 0.452706 0.000000
vt 0.939236 0.436876 0.000000
vt 0.933479 0.421242 0.000000
vt 0.965455 0.484168 0.000000
vt 0.959959 0.468055 0.000000
vt 0.954342 0.451794 0.000000
vt 0.948614 0.435530 0.000000
vt 0.942788 0.419412 0.000000
vt 0.936876 0.403582 0.000000
vt 0.975135 0.483986 0.000000
vt 0.969691 0.467615 0.000000
vt 0.964102 0.451025 0.000000
vt 0.958376 0.434363 0.000000
vt 0.952524 0.417785 0.000000
vt 0.946557 0.401447 0.000000
vt 0.940490 0.385494 0.000000
vt 0.985003 0.483860 0.000000
vt 0.979658 0.467291 0.000000
vt 0.974145 0.450423 0.000000
vt 0.968469 0.433409 0.000000
vt 0.962640 0.416410 0.000000
vt 0.956666 0.399590 0.000000
vt 0.950560 0.383108 0.000000
vt 0.944336 0.367112 0.000000
vt 0.994988 0.483797 0.000000
vt 0.989787 0.467091 0.000000
vt 0.984399 0.450010 0.000000
vt 0.978826 0.432703 0.000000
vt 0.973073 0.415332 0.000000
vt 0.967147 0.398071 0.000000
vt 0.961056 0.381089 0.000000
vt 0.954814 0.364546 0.000000
vt 0.948433 0.348587 0.000000
vt 0.005012 0.483797 0.000000
vt 1.005012 0.483797 0.000000
vt 1.000000 0.467023 0.000000
vt 0.994785 0.449799 0.000000
vt 0.989366 0.432267 0.000000
vt 0.983745 0.414590 0.000000
vt 0.977924 0.396943 0.000000
vt 0.971910 0.379503 0.000000
vt 0.965710 0.362444 0.000000
vt 0.959336 0.345924 0.000000
vt 0.952801 0.330081 0.000000
vt 0.014997 0.483860 0.000000
vt 0.010213 0.467091 0.000000
vt 1.010213 0.467091 0.000000
vt 1.005215 0.449799 0.000000
vt 1.000000 0.432120 0.000000
vt 0.994565 0.414212 0.000000
vt 0.988909 0.396248 0.000000
vt 0.983033 0.378410 0.000000
vt 0.976942 0.360881 0.000000
vt 0.970643 0.343831 0.000000
vt 0.964144 0.327414 0.000000
vt 0.957460 0.311759 0.000000
vt 0.024865 0.483986 0.000000
vt 0.020342 0.467291 0.000000
vt 0.015601 0.450010 0.000000
vt 0.005215 0.449799 0.000000
vt 0.010634 0.432267 0.000000
vt 1.010634 0.432267 0.000000
vt 1.005435 0.414212 0.000000
vt 1.000000 0.396013 0.000000
vt 0.994325 0.377852 0.000000
vt 0.988410 0.359917 0.000000
vt 0.982257 0.342387 0.000000
vt 0.975870 0.325430 0.000000
vt 0.969257 0.309190 0.000000
vt 0.962431 0.293785 0.000000
vt 0.034545 0.484168 0.000000
vt 0.030309 0.467615 0.000000
vt 0.025855 0.450423 0.000000
vt 0.021174 0.432703 0.000000
vt 0.016255 0.414590 0.000000
vt 0.005435 0.414212 0.000000
vt 0.011091 0.396248 0.000000
vt 0.000000 0.396013 0.000000
vt 0.005675 0.377852 0.000000
vt 1.005675 0.377852 0.000000
vt 1.000000 0.359591 0.000000
vt 0.994064 0.341650 0.000000
vt 0.987865 0.324206 0.000000
vt 0.981407 0.307417 0.000000
vt 0.974694 0.291417 0.000000
vt 0.967737 0.276312 0.000000
vt 0.043971 0.484402 0.000000
vt 0.040041 0.468055 0.000000
vt 0.035898 0.451025 0.000000
vt 0.031531 0.433409 0.000000
vt 0.026927 0.415332 0.000000
vt 0.022076 0.396943 0.000000
vt 0.016967 0.378410 0.000000
vt 0.011590 0.359917 0.000000
vt 0.000000 0.359591 0.000000
vt 0.005936 0.341650 0.000000
vt 1.005936 0.341650 0.000000
vt 1.000000 0.323792 0.000000
vt 0.993777 0.306511 0.000000
vt 0.987266 0.289956 0.000000
vt 0.980471 0.274247 0.000000
vt 0.973398 0.259478 0.000000
vt 0.053092 0.484681 0.000000
vt 0.049477 0.468594 0.000000
vt 0.045658 0.451794 0.000000
vt 0.041624 0.434363 0.000000
vt 0.037360 0.416410 0.000000
vt 0.032853 0.398071 0.000000
vt 0.028090 0.379503 0.000000
vt 0.023058 0.360881 0.000000
vt 0.017743 0.342387 0.000000
vt 0.012135 0.324206 0.000000
vt 0.000000 0.323792 0.000000
vt 0.006223 0.306511 0.000000
vt 1.006223 0.306511 0.000000
vt 1.000000 0.289462 0.000000
vt 0.993461 0.273192 0.000000
vt 0.986606 0.257811 0.000000
vt 0.979437 0.243399 0.000000
vt 0.061865 0.484996 0.000000
vt 0.058567 0.469217 0.000000
vt 0.055078 0.452706 0.000000
vt 0.051386 0.435530 0.000000
vt 0.047476 0.417785 0.000000
vt 0.043334 0.399590 0.000000
vt 0.038944 0.381089 0.000000
vt 0.034290 0.362444 0.000000
vt 0.029357 0.343831 0.000000
vt 0.024130 0.325430 0.000000
vt 0.018593 0.307417 0.000000
vt 0.012734 0.289956 0.000000
vt 0.000000 0.289462 0.000000
vt 0.006539 0.273192 0.000000
vt 1.006539 0.273192 0.000000
vt 1.000000 0.257247 0.000000
vt 0.993112 0.242218 0.000000
vt 0.985873 0.228172 0.000000
vt 0.070259 0.485340 0.000000
vt 0.067273 0.469908 0.000000
vt 0.064113 0.453734 0.000000
vt 0.060764 0.436876 0.000000
vt 0.057212 0.419412 0.000000
vt 0.053443 0.401447 0.000000
vt 0.049440 0.383108 0.000000
vt 0.045186 0.364546 0.000000
vt 0.040664 0.345924 0.000000
vt 0.035856 0.327414 0.000000
vt 0.030743 0.309190 0.000000
vt 0.025306 0.291417 0.000000
vt 0.019529 0.274247 0.000000
vt 0.013394 0.257811 0.000000
vt 0.000000 0.257247 0.000000
vt 0.006888 0.242218 0.000000
vt 1.006889 0.242218 0.000000
vt 1.000000 0.227551 0.000000
vt 0.992722 0.213869 0.000000
vt 0.078254 0.485706 0.000000
vt 0.075572 0.470650 0.000000
vt 0.072731 0.454854 0.000000
vt 0.069719 0.438363 0.000000
vt 0.066521 0.421242 0.000000
vt 0.063124 0.403582 0.000000
vt 0.059510 0.385494 0.000000
vt 0.055664 0.367112 0.000000
vt 0.051567 0.348587 0.000000
vt 0.047199 0.330081 0.000000
vt 0.042540 0.311759 0.000000
vt 0.037569 0.293785 0.000000
vt 0.032263 0.276312 0.000000
vt 0.026602 0.259478 0.000000
vt 0.020563 0.243399 0.000000
vt 0.014127 0.228172 0.000000
vt 0.000000 0.227551 0.000000
vt 0.007278 0.213869 0.000000
vt 1.007277 0.213869 0.000000
vt 1.000000 0.200542 0.000000
vt 0.085842 0.486087 0.000000
vt 0.083449 0.471428 0.000000
vt 0.080914 0.456039 0.000000
vt 0.078225 0.439954 0.000000
vt 0.075370 0.423228 0.000000
vt 0.072336 0.405935 0.000000
vt 0.069105 0.388172 0.000000
vt 0.065663 0.370059 0.000000
vt 0.061991 0.351729 0.000000
vt 0.058070 0.333333 0.000000
vt 0.053878 0.315027 0.000000
vt 0.049394 0.296967 0.000000
vt 0.044593 0.279304 0.000000
vt 0.039450 0.262178 0.000000
vt 0.033940 0.245713 0.000000
vt 0.028036 0.230011 0.000000
vt 0.021712 0.215156 0.000000
vt 0.014945 0.201211 0.000000
vt 0.000000 0.200542 0.000000
vt 0.007713 0.188220 0.000000
vt 1.007713 0.188220 0.000000
vt 0.094023 0.491403 0.000000
vt 0.100271 0.482356 0.000000
vt 0.091870 0.476860 0.000000
vt 0.106854 0.472884 0.000000
vt 0.098250 0.467174 0.000000
vt 0.089586 0.461541 0.000000
vt 0.113775 0.463026 0.000000
vt 0.104990 0.457063 0.000000
vt 0.096100 0.451191 0.000000
vt 0.087160 0.445469 0.000000
vt 0.121034 0.452838 0.000000
vt 0.112095 0.446580 0.000000
vt 0.103001 0.440424 0.000000
vt 0.093808 0.434439 0.000000
vt 0.084578 0.428688 0.000000
vt 0.128624 0.442393 0.000000
vt 0.119566 0.435794 0.000000
vt 0.110298 0.429307 0.000000
vt 0.100876 0.423009 0.000000
vt 0.091363 0.416972 0.000000
vt 0.081827 0.411263 0.000000
vt 0.136530 0.431779 0.000000
vt 0.127396 0.424795 0.000000
vt 0.117992 0.417926 0.000000
vt 0.108371 0.411260 0.000000
vt 0.098599 0.404881 0.000000
vt 0.088748 0.398867 0.000000
vt 0.078891 0.393281 0.000000
vt 0.144731 0.421098 0.000000
vt 0.135572 0.413687 0.000000
vt 0.126077 0.406387 0.000000
vt 0.116299 0.399298 0.000000
vt 0.106301 0.392517 0.000000
vt 0.096157 0.386134 0.000000
vt 0.085947 0.380227 0.000000
vt 0.075755 0.374855 0.000000
vt 0.153199 0.410466 0.000000
vt 0.144069 0.402590 0.000000
vt 0.134539 0.394814 0.000000
vt 0.124654 0.387248 0.000000
vt 0.114474 0.380002 0.000000
vt 0.104071 0.373184 0.000000
vt 0.093530 0.366884 0.000000
vt 0.082942 0.361179 0.000000
vt 0.072398 0.356119 0.000000
vt 0.161896 0.400000 0.000000
vt 0.152858 0.391634 0.000000
vt 0.143355 0.383344 0.000000
vt 0.133424 0.375252 0.000000
vt 0.123116 0.367483 0.000000
vt 0.112502 0.360160 0.000000
vt 0.101665 0.353392 0.000000
vt 0.090700 0.347274 0.000000
vt 0.079711 0.341870 0.000000
vt 0.068801 0.337221 0.000000
vt 0.170778 0.389820 0.000000
vt 0.161896 0.380949 0.000000
vt 0.152489 0.372121 0.000000
vt 0.142581 0.363466 0.000000
vt 0.132214 0.355121 0.000000
vt 0.121449 0.347228 0.000000
vt 0.110365 0.339915 0.000000
vt 0.099060 0.333298 0.000000
vt 0.087643 0.327463 0.000000
vt 0.076231 0.322464 0.000000
vt 0.064940 0.318322 0.000000
vt 0.179795 0.380036 0.000000
vt 0.171134 0.370662 0.000000
vt 0.161896 0.361286 0.000000
vt 0.152089 0.352045 0.000000
vt 0.141740 0.343086 0.000000
vt 0.130899 0.334566 0.000000
vt 0.119635 0.326637 0.000000
vt 0.108042 0.319436 0.000000
vt 0.096233 0.313073 0.000000
vt 0.084334 0.307625 0.000000
vt 0.072476 0.303131 0.000000
vt 0.060790 0.299590 0.000000
vt 0.188891 0.370748 0.000000
vt 0.180516 0.360888 0.000000
vt 0.171520 0.350973 0.000000
vt 0.161896 0.341139 0.000000
vt 0.151653 0.331545 0.000000
vt 0.140824 0.322360 0.000000
vt 0.129463 0.313753 0.000000
vt 0.117655 0.305888 0.000000
vt 0.105509 0.298901 0.000000
vt 0.093156 0.292898 0.000000
vt 0.080743 0.287939 0.000000
vt 0.068418 0.284044 0.000000
vt 0.056325 0.281186 0.000000
vt 0.198006 0.362037 0.000000
vt 0.189977 0.351725 0.000000
vt 0.181296 0.341296 0.000000
vt 0.171939 0.330886 0.000000
vt 0.161896 0.320656 0.000000
vt 0.151177 0.310784 0.000000
vt 0.139820 0.301459 0.000000
vt 0.127890 0.292863 0.000000
vt 0.115486 0.285164 0.000000
vt 0.102737 0.278497 0.000000
vt 0.089798 0.272955 0.000000
vt 0.076836 0.268582 0.000000
vt 0.064022 0.265370 0.000000
vt 0.051515 0.263265 0.000000
vt 0.207082 0.353963 0.000000
vt 0.199452 0.343246 0.000000
vt 0.191153 0.332346 0.000000
vt 0.182144 0.321396 0.000000
vt 0.172396 0.310553 0.000000
vt 0.161896 0.300000 0.000000
vt 0.150655 0.289936 0.000000
vt 0.138717 0.280564 0.000000
vt 0.126159 0.272079 0.000000
vt 0.113100 0.264650 0.000000
vt 0.099694 0.258405 0.000000
vt 0.086121 0.253421 0.000000
vt 0.072577 0.249718 0.000000
vt 0.059254 0.247260 0.000000
vt 0.046327 0.245965 0.000000
vt 0.216060 0.346565 0.000000
vt 0.208874 0.335501 0.000000
vt 0.201016 0.324190 0.000000
vt 0.192431 0.312752 0.000000
vt 0.183070 0.301342 0.000000
vt 0.172897 0.290138 0.000000
vt 0.161896 0.279344 0.000000
vt 0.150080 0.269178 0.000000
vt 0.137498 0.259858 0.000000
vt 0.124246 0.251584 0.000000
vt 0.110465 0.244524 0.000000
vt 0.096339 0.238795 0.000000
vt 0.082082 0.234455 0.000000
vt 0.067921 0.231495 0.000000
vt 0.054073 0.229849 0.000000
vt 0.040729 0.229403 0.000000
vt 0.224886 0.339859 0.000000
vt 0.218179 0.328515 0.000000
vt 0.210810 0.316861 0.000000
vt 0.202713 0.305007 0.000000
vt 0.193824 0.293093 0.000000
vt 0.184083 0.281293 0.000000
vt 0.173448 0.269808 0.000000
vt 0.161896 0.258861 0.000000
vt 0.149442 0.248686 0.000000
vt 0.136145 0.239512 0.000000
vt 0.122121 0.231545 0.000000
vt 0.107541 0.224946 0.000000
vt 0.092626 0.219818 0.000000
vt 0.077631 0.216195 0.000000
vt 0.062820 0.214038 0.000000
vt 0.048437 0.213249 0.000000
vt 0.034684 0.213680 0.000000
vt 0.233512 0.333843 0.000000
vt 0.227306 0.322289 0.000000
vt 0.220463 0.310370 0.000000
vt 0.212907 0.298178 0.000000
vt 0.204561 0.285843 0.000000
vt 0.195348 0.273523 0.000000
vt 0.185198 0.261410 0.000000
vt 0.174056 0.249727 0.000000
vt 0.161896 0.238714 0.000000
vt 0.148732 0.228619 0.000000
vt 0.134636 0.219682 0.000000
vt 0.119748 0.212109 0.000000
vt 0.104279 0.206054 0.000000
vt 0.088499 0.201602 0.000000
vt 0.072710 0.198758 0.000000
vt 0.057219 0.197452 0.000000
vt 0.042297 0.197549 0.000000
vt 0.028158 0.198870 0.000000
vt 0.241894 0.328497 0.000000
vt 0.236203 0.316806 0.000000
vt 0.229908 0.304699 0.000000
vt 0.222930 0.292257 0.000000
vt 0.215184 0.279590 0.000000
vt 0.206578 0.266843 0.000000
vt 0.197022 0.254191 0.000000
vt 0.186430 0.241846 0.000000
vt 0.174733 0.230047 0.000000
vt 0.161896 0.219051 0.000000
vt 0.147936 0.209121 0.000000
vt 0.132940 0.200501 0.000000
vt 0.117082 0.193400 0.000000
vt 0.100622 0.187961 0.000000
vt 0.083891 0.184247 0.000000
vt 0.067252 0.182235 0.000000
vt 0.051057 0.181815 0.000000
vt 0.035606 0.182817 0.000000
vt 0.021115 0.185028 0.000000
vt 0.250000 0.323792 0.000000
vt 0.244825 0.312031 0.000000
vt 0.239088 0.299815 0.000000
vt 0.232710 0.287209 0.000000
vt 0.225602 0.274307 0.000000
vt 0.217665 0.261233 0.000000
vt 0.208791 0.248146 0.000000
vt 0.198870 0.235239 0.000000
vt 0.187798 0.222740 0.000000
vt 0.175489 0.210902 0.000000
vt 0.161896 0.200000 0.000000
vt 0.147038 0.190307 0.000000
vt 0.131022 0.182076 0.000000
vt 0.114067 0.175514 0.000000
vt 0.096498 0.170753 0.000000
vt 0.078722 0.167833 0.000000
vt 0.061177 0.166693 0.000000
vt 0.044266 0.167186 0.000000
vt 0.028311 0.169101 0.000000
vt 0.013521 0.172192 0.000000
vt 0.000000 0.176208 0.000000
vt 0.255175 0.312031 0.000000
vt 0.260912 0.299815 0.000000
vt 0.250000 0.299459 0.000000
vt 0.267290 0.287209 0.000000
vt 0.255784 0.286395 0.000000
vt 0.244216 0.286395 0.000000
vt 0.274398 0.274307 0.000000
vt 0.262271 0.272918 0.000000
vt 0.250000 0.272449 0.000000
vt 0.237729 0.272918 0.000000
vt 0.282335 0.261233 0.000000
vt 0.269573 0.259136 0.000000
vt 0.256554 0.258066 0.000000
vt 0.243446 0.258066 0.000000
vt 0.230427 0.259136 0.000000
vt 0.291209 0.248146 0.000000
vt 0.277817 0.245194 0.000000
vt 0.264016 0.243370 0.000000
vt 0.250000 0.242753 0.000000
vt 0.235984 0.243370 0.000000
vt 0.222183 0.245194 0.000000
vt 0.301130 0.235239 0.000000
vt 0.287143 0.231277 0.000000
vt 0.272547 0.228528 0.000000
vt 0.257561 0.227119 0.000000
vt 0.242439 0.227119 0.000000
vt 0.227453 0.228528 0.000000
vt 0.212857 0.231277 0.000000
vt 0.312202 0.222740 0.000000
vt 0.297700 0.217611 0.000000
vt 0.282335 0.213753 0.000000
vt 0.266336 0.211353 0.000000
vt 0.250000 0.210538 0.000000
vt 0.233664 0.211353 0.000000
vt 0.217665 0.213753 0.000000
vt 0.202300 0.217611 0.000000
vt 0.324511 0.210902 0.000000
vt 0.309637 0.204463 0.000000
vt 0.293587 0.199308 0.000000
vt 0.276577 0.195699 0.000000
vt 0.258933 0.193838 0.000000
vt 0.241067 0.193838 0.000000
vt 0.223423 0.195699 0.000000
vt 0.206413 0.199308 0.000000
vt 0.190363 0.204463 0.000000
vt 0.338104 0.200000 0.000000
vt 0.323081 0.192135 0.000000
vt 0.306516 0.185507 0.000000
vt 0.288572 0.180458 0.000000
vt 0.269573 0.177289 0.000000
vt 0.250000 0.176208 0.000000
vt 0.230427 0.177289 0.000000
vt 0.211428 0.180458 0.000000
vt 0.193484 0.185507 0.000000
vt 0.176919 0.192135 0.000000
vt 0.352962 0.190307 0.000000
vt 0.338104 0.180949 0.000000
vt 0.321315 0.172704 0.000000
vt 0.302639 0.165995 0.000000
vt 0.282335 0.161234 0.000000
vt 0.260912 0.158758 0.000000
vt 0.239088 0.158758 0.000000
vt 0.217665 0.161234 0.000000
vt 0.197361 0.165995 0.000000
vt 0.178685 0.172704 0.000000
vt 0.161896 0.180949 0.000000
vt 0.368978 0.182076 0.000000
vt 0.354688 0.171228 0.000000
vt 0.338104 0.161286 0.000000
vt 0.319080 0.152734 0.000000
vt 0.297700 0.146094 0.000000
vt 0.274398 0.141864 0.000000
vt 0.250000 0.140409 0.000000
vt 0.225602 0.141864 0.000000
vt 0.202300 0.146094 0.000000
vt 0.180920 0.152734 0.000000
vt 0.161896 0.161286 0.000000
vt 0.145312 0.171228 0.000000
vt 0.385933 0.175514 0.000000
vt 0.372675 0.163265 0.000000
vt 0.356864 0.151640 0.000000
vt 0.338104 0.141140 0.000000
vt 0.316164 0.132375 0.000000
vt 0.291209 0.126012 0.000000
vt 0.264016 0.122648 0.000000
vt 0.235984 0.122648 0.000000
vt 0.208791 0.126012 0.000000
vt 0.183836 0.132375 0.000000
vt 0.161896 0.141140 0.000000
vt 0.143136 0.151640 0.000000
vt 0.127325 0.163265 0.000000
vt 0.403502 0.170753 0.000000
vt 0.391740 0.157287 0.000000
vt 0.377356 0.144109 0.000000
vt 0.359695 0.131687 0.000000
vt 0.338104 0.120656 0.000000
vt 0.312202 0.111810 0.000000
vt 0.282335 0.106015 0.000000
vt 0.250000 0.103987 0.000000
vt 0.217665 0.106015 0.000000
vt 0.187798 0.111810 0.000000
vt 0.161896 0.120656 0.000000
vt 0.140305 0.131687 0.000000
vt 0.122644 0.144109 0.000000
vt 0.108260 0.157287 0.000000
vt 0.421278 0.167833 0.000000
vt 0.411403 0.153415 0.000000
vt 0.399074 0.138939 0.000000
vt 0.383465 0.124791 0.000000
vt 0.363522 0.111539 0.000000
vt 0.338104 0.100000 0.000000
vt 0.306516 0.091248 0.000000
vt 0.269573 0.086457 0.000000
vt 0.230427 0.086457 0.000000
vt 0.193484 0.091248 0.000000
vt 0.161896 0.100000 0.000000
vt 0.136478 0.111539 0.000000
vt 0.116535 0.124791 0.000000
vt 0.100926 0.138939 0.000000
vt 0.088597 0.153415 0.000000
vt 0.438823 0.166693 0.000000
vt 0.431081 0.151641 0.000000
vt 0.421278 0.136227 0.000000
vt 0.408579 0.120717 0.000000
vt 0.391740 0.105544 0.000000
vt 0.368978 0.091393 0.000000
vt 0.338104 0.079344 0.000000
vt 0.297700 0.070945 0.000000
vt 0.250000 0.067880 0.000000
vt 0.202300 0.070945 0.000000
vt 0.161896 0.079344 0.000000
vt 0.131022 0.091393 0.000000
vt 0.108260 0.105544 0.000000
vt 0.091421 0.120717 0.000000
vt 0.078722 0.136227 0.000000
vt 0.068919 0.151641 0.000000
vt 0.455734 0.167186 0.000000
vt 0.450189 0.151833 0.000000
vt 0.443124 0.135887 0.000000
vt 0.433858 0.119504 0.000000
vt 0.421278 0.102949 0.000000
vt 0.403502 0.086674 0.000000
vt 0.377356 0.071486 0.000000
vt 0.338104 0.058861 0.000000
vt 0.282335 0.051264 0.000000
vt 0.217665 0.051264 0.000000
vt 0.161896 0.058861 0.000000
vt 0.122644 0.071486 0.000000
vt 0.096498 0.086674 0.000000
vt 0.078722 0.102949 0.000000
vt 0.066142 0.119504 0.000000
vt 0.056876 0.135887 0.000000
vt 0.049811 0.151833 0.000000
vt 0.471689 0.169101 0.000000
vt 0.468239 0.153754 0.000000
vt 0.463847 0.137673 0.000000
vt 0.458078 0.120932 0.000000
vt 0.450189 0.103664 0.000000
vt 0.438823 0.086093 0.000000
vt 0.421278 0.068634 0.000000
vt 0.391740 0.052147 0.000000
vt 0.338104 0.038714 0.000000
vt 0.250000 0.032977 0.000000
vt 0.161896 0.038714 0.000000
vt 0.108260 0.052147 0.000000
vt 0.078722 0.068634 0.000000
vt 0.061177 0.086093 0.000000
vt 0.049811 0.103664 0.000000
vt 0.041922 0.120932 0.000000
vt 0.036153 0.137673 0.000000
vt 0.031761 0.153754 0.000000
vt 0.486479 0.172192 0.000000
vt 0.484897 0.157107 0.000000
vt 0.482898 0.141230 0.000000
vt 0.480292 0.124590 0.000000
vt 0.476756 0.107242 0.000000
vt 0.471689 0.089280 0.000000
vt 0.463847 0.070852 0.000000
vt 0.450189 0.052225 0.000000
vt 0.421278 0.034050 0.000000
vt 0.338104 0.019051 0.000000
vt 0.161896 0.019051 0.000000
vt 0.078722 0.034050 0.000000
vt 0.049811 0.052225 0.000000
vt 0.036153 0.070852 0.000000
vt 0.028311 0.089280 0.000000
vt 0.023244 0.107242 0.000000
vt 0.019708 0.124590 0.000000
vt 0.017102 0.141230 0.000000
vt 0.015103 0.157107 0.000000
vt 0.500000 0.000000 0.000000
vt 0.338104 0.000000 0.000000
vt 0.000000 0.000000 0.000000
vt 0.000000 0.019648 0.000000
vt 0.000000 0.039147 0.000000
vt 0.000000 0.058355 0.000000
vt 0.000000 0.077144 0.000000
vt 0.000000 0.095400 0.000000
vt 0.000000 0.113032 0.000000
vt 0.000000 0.129969 0.000000
vt 0.000000 0.146161 0.000000
vt 0.000000 0.161579 0.000000
vt 0.258106 0.328497 0.000000
vt 0.266488 0.333843 0.000000
vt 0.263797 0.316806 0.000000
vt 0.275114 0.339859 0.000000
vt 0.272694 0.322289 0.000000
vt 0.270092 0.304699 0.000000
vt 0.283940 0.346565 0.000000
vt 0.281821 0.328515 0.000000
vt 0.279537 0.310370 0.000000
vt 0.277070 0.292257 0.000000
vt 0.292918 0.353963 0.000000
vt 0.291126 0.335501 0.000000
vt 0.289190 0.316861 0.000000
vt 0.287093 0.298178 0.000000
vt 0.284816 0.279590 0.000000
vt 0.301994 0.362037 0.000000
vt 0.300548 0.343246 0.000000
vt 0.298984 0.324190 0.000000
vt 0.297287 0.305007 0.000000
vt 0.295439 0.285843 0.000000
vt 0.293422 0.266843 0.000000
vt 0.311109 0.370748 0.000000
vt 0.310023 0.351725 0.000000
vt 0.308847 0.332346 0.000000
vt 0.307569 0.312752 0.000000
vt 0.306176 0.293093 0.000000
vt 0.304652 0.273523 0.000000
vt 0.302978 0.254191 0.000000
vt 0.320205 0.380036 0.000000
vt 0.319484 0.360888 0.000000
vt 0.318704 0.341296 0.000000
vt 0.317856 0.321396 0.000000
vt 0.316930 0.301342 0.000000
vt 0.315917 0.281293 0.000000
vt 0.314802 0.261410 0.000000
vt 0.313570 0.241846 0.000000
vt 0.329222 0.389820 0.000000
vt 0.328866 0.370662 0.000000
vt 0.328480 0.350973 0.000000
vt 0.328061 0.330886 0.000000
vt 0.327604 0.310553 0.000000
vt 0.327103 0.290138 0.000000
vt 0.326552 0.269808 0.000000
vt 0.325944 0.249727 0.000000
vt 0.325267 0.230047 0.000000
vt 0.338104 0.400000 0.000000
vt 0.338104 0.380949 0.000000
vt 0.338104 0.361286 0.000000
vt 0.338104 0.341139 0.000000
vt 0.338104 0.320656 0.000000
vt 0.338104 0.300000 0.000000
vt 0.338104 0.279344 0.000000
vt 0.338104 0.258861 0.000000
vt 0.338104 0.238714 0.000000
vt 0.338104 0.219051 0.000000
vt 0.346801 0.410466 0.000000
vt 0.347142 0.391634 0.000000
vt 0.347511 0.372121 0.000000
vt 0.347911 0.352045 0.000000
vt 0.348347 0.331545 0.000000
vt 0.348823 0.310784 0.000000
vt 0.349345 0.289936 0.000000
vt 0.349920 0.269178 0.000000
vt 0.350558 0.248686 0.000000
vt 0.351268 0.228619 0.000000
vt 0.352064 0.209121 0.000000
vt 0.355269 0.421098 0.000000
vt 0.355931 0.402590 0.000000
vt 0.356645 0.383344 0.000000
vt 0.357419 0.363466 0.000000
vt 0.358260 0.343086 0.000000
vt 0.359176 0.322360 0.000000
vt 0.360180 0.301459 0.000000
vt 0.361283 0.280564 0.000000
vt 0.362502 0.259858 0.000000
vt 0.363855 0.239512 0.000000
vt 0.365364 0.219682 0.000000
vt 0.367060 0.200501 0.000000
vt 0.363470 0.431779 0.000000
vt 0.364428 0.413687 0.000000
vt 0.365461 0.394814 0.000000
vt 0.366576 0.375252 0.000000
vt 0.367786 0.355121 0.000000
vt 0.369101 0.334566 0.000000
vt 0.370537 0.313753 0.000000
vt 0.372110 0.292863 0.000000
vt 0.373841 0.272079 0.000000
vt 0.375754 0.251584 0.000000
vt 0.377879 0.231545 0.000000
vt 0.380252 0.212109 0.000000
vt 0.382918 0.193400 0.000000
vt 0.371376 0.442393 0.000000
vt 0.372604 0.424795 0.000000
vt 0.373923 0.406387 0.000000
vt 0.375346 0.387248 0.000000
vt 0.376884 0.367483 0.000000
vt 0.378551 0.347228 0.000000
vt 0.380365 0.326637 0.000000
vt 0.382345 0.305888 0.000000
vt 0.384514 0.285164 0.000000
vt 0.386900 0.264650 0.000000
vt 0.389535 0.244524 0.000000
vt 0.392459 0.224946 0.000000
vt 0.395721 0.206054 0.000000
vt 0.399378 0.187961 0.000000
vt 0.378966 0.452838 0.000000
vt 0.380434 0.435794 0.000000
vt 0.382008 0.417926 0.000000
vt 0.383701 0.399298 0.000000
vt 0.385526 0.380002 0.000000
vt 0.387498 0.360160 0.000000
vt 0.389635 0.339915 0.000000
vt 0.391958 0.319436 0.000000
vt 0.394491 0.298901 0.000000
vt 0.397263 0.278497 0.000000
vt 0.400306 0.258405 0.000000
vt 0.403661 0.238795 0.000000
vt 0.407374 0.219818 0.000000
vt 0.411501 0.201602 0.000000
vt 0.416109 0.184247 0.000000
vt 0.386225 0.463026 0.000000
vt 0.387905 0.446580 0.000000
vt 0.389702 0.429307 0.000000
vt 0.391629 0.411260 0.000000
vt 0.393699 0.392517 0.000000
vt 0.395929 0.373184 0.000000
vt 0.398335 0.353392 0.000000
vt 0.400940 0.333298 0.000000
vt 0.403767 0.313073 0.000000
vt 0.406844 0.292898 0.000000
vt 0.410202 0.272955 0.000000
vt 0.413879 0.253421 0.000000
vt 0.417918 0.234455 0.000000
vt 0.422369 0.216195 0.000000
vt 0.427290 0.198758 0.000000
vt 0.432748 0.182235 0.000000
vt 0.393146 0.472884 0.000000
vt 0.395010 0.457063 0.000000
vt 0.396999 0.440424 0.000000
vt 0.399124 0.423009 0.000000
vt 0.401401 0.404881 0.000000
vt 0.403843 0.386134 0.000000
vt 0.406470 0.366884 0.000000
vt 0.409300 0.347274 0.000000
vt 0.412357 0.327463 0.000000
vt 0.415666 0.307625 0.000000
vt 0.419257 0.287939 0.000000
vt 0.423164 0.268582 0.000000
vt 0.427423 0.249718 0.000000
vt 0.432079 0.231495 0.000000
vt 0.437180 0.214038 0.000000
vt 0.442781 0.197452 0.000000
vt 0.448943 0.181815 0.000000
vt 0.399729 0.482356 0.000000
vt 0.401750 0.467174 0.000000
vt 0.403900 0.451191 0.000000
vt 0.406192 0.434439 0.000000
vt 0.408637 0.416972 0.000000
vt 0.411252 0.398867 0.000000
vt 0.414053 0.380227 0.000000
vt 0.417058 0.361179 0.000000
vt 0.420289 0.341870 0.000000
vt 0.423769 0.322464 0.000000
vt 0.427524 0.303131 0.000000
vt 0.431582 0.284044 0.000000
vt 0.435978 0.265370 0.000000
vt 0.440746 0.247260 0.000000
vt 0.445927 0.229849 0.000000
vt 0.451563 0.213249 0.000000
vt 0.457703 0.197549 0.000000
vt 0.464394 0.182817 0.000000
vt 0.405977 0.491403 0.000000
vt 0.408130 0.476860 0.000000
vt 0.410414 0.461541 0.000000
vt 0.412840 0.445469 0.000000
vt 0.415422 0.428688 0.000000
vt 0.418173 0.411263 0.000000
vt 0.421109 0.393281 0.000000
vt 0.424245 0.374855 0.000000
vt 0.427602 0.356119 0.000000
vt 0.431199 0.337221 0.000000
vt 0.435060 0.318322 0.000000
vt 0.439210 0.299590 0.000000
vt 0.443675 0.281186 0.000000
vt 0.448485 0.263265 0.000000
vt 0.453673 0.245965 0.000000
vt 0.459271 0.229403 0.000000
vt 0.465316 0.213680 0.000000
vt 0.471842 0.198870 0.000000
vt 0.478885 0.185028 0.000000
vt 0.414158 0.486087 0.000000
vt 0.416551 0.471428 0.000000
vt 0.419086 0.456039 0.000000
vt 0.421775 0.439954 0.000000
vt 0.424630 0.423228 0.000000
vt 0.427664 0.405935 0.000000
vt 0.430895 0.388172 0.000000
vt 0.434337 0.370059 0.000000
vt 0.438009 0.351729 0.000000
vt 0.441930 0.333333 0.000000
vt 0.446122 0.315027 0.000000
vt 0.450606 0.296967 0.000000
vt 0.455407 0.279304 0.000000
vt 0.460550 0.262178 0.000000
vt 0.466060 0.245713 0.000000
vt 0.471964 0.230011 0.000000
vt 0.478288 0.215156 0.000000
vt 0.485055 0.201211 0.000000
vt 0.492287 0.188220 0.000000
vt 0.421746 0.485706 0.000000
vt 0.429741 0.485340 0.000000
vt 0.424428 0.470650 0.000000
vt 0.438135 0.484996 0.000000
vt 0.432727 0.469908 0.000000
vt 0.427269 0.454854 0.000000
vt 0.446908 0.484681 0.000000
vt 0.441433 0.469217 0.000000
vt 0.435887 0.453734 0.000000
vt 0.430281 0.438363 0.000000
vt 0.456029 0.484402 0.000000
vt 0.450523 0.468594 0.000000
vt 0.444922 0.452706 0.000000
vt 0.439236 0.436876 0.000000
vt 0.433479 0.421242 0.000000
vt 0.465455 0.484168 0.000000
vt 0.459959 0.468055 0.000000
vt 0.454342 0.451794 0.000000
vt 0.448614 0.435530 0.000000
vt 0.442788 0.419412 0.000000
vt 0.436876 0.403582 0.000000
vt 0.475135 0.483986 0.000000
vt 0.469691 0.467615 0.000000
vt 0.464102 0.451025 0.000000
vt 0.458376 0.434363 0.000000
vt 0.452524 0.417785 0.000000
vt 0.446557 0.401447 0.000000
vt 0.440490 0.385494 0.000000
vt 0.485003 0.483860 0.000000
vt 0.479658 0.467291 0.000000
vt 0.474145 0.450423 0.000000
vt 0.468469 0.433409 0.000000
vt 0.462640 0.416410 0.000000
vt 0.456666 0.399590 0.000000
vt 0.450560 0.383108 0.000000
vt 0.444336 0.367112 0.000000
vt 0.494988 0.483797 0.000000
vt 0.489787 0.467091 0.000000
vt 0.484399 0.450010 0.000000
vt 0.478826 0.432703 0.000000
vt 0.473073 0.415332 0.000000
vt 0.467147 0.398071 0.000000
vt 0.461056 0.381089 0.000000
vt 0.454814 0.364546 0.000000
vt 0.448433 0.348587 0.000000
vt 0.505012 0.483797 0.000000
vt 0.500000 0.467023 0.000000
vt 0.494785 0.449799 0.000000
vt 0.489366 0.432267 0.000000
vt 0.483745 0.414590 0.000000
vt 0.477924 0.396943 0.000000
vt 0.471910 0.379503 0.000000
vt 0.465710 0.362444 0.000000
vt 0.459336 0.345924 0.000000
vt 0.452801 0.330081 0.000000
vt 0.514997 0.483860 0.000000
vt 0.510213 0.467091 0.000000
vt 0.505215 0.449799 0.000000
vt 0.500000 0.432120 0.000000
vt 0.494565 0.414212 0.000000
vt 0.488909 0.396248 0.000000
vt 0.483033 0.378410 0.000000
vt 0.476942 0.360881 0.000000
vt 0.470643 0.343831 0.000000
vt 0.464144 0.327414 0.000000
vt 0.457460 0.311759 0.000000
vt 0.524865 0.483986 0.000000
vt 0.520342 0.467291 0.000000
vt 0.515601 0.450010 0.000000
vt 0.510634 0.432267 0.000000
vt 0.505435 0.414212 0.000000
vt 0.500000 0.396013 0.000000
vt 0.494325 0.377852 0.000000
vt 0.488410 0.359917 0.000000
vt 0.482257 0.342387 0.000000
vt 0.475870 0.325430 0.000000
vt 0.469257 0.309190 0.000000
vt 0.462431 0.293785 0.000000
vt 0.534545 0.484168 0.000000
vt 0.530309 0.467615 0.000000
vt 0.525855 0.450423 0.000000
vt 0.521174 0.432703 0.000000
vt 0.516255 0.414590 0.000000
vt 0.511091 0.396248 0.000000
vt 0.505675 0.377852 0.000000
vt 0.500000 0.359591 0.000000
vt 0.494064 0.341650 0.000000
vt 0.487865 0.324206 0.000000
vt 0.481407 0.307417 0.000000
vt 0.474694 0.291417 0.000000
vt 0.467737 0.276312 0.000000
vt 0.543971 0.484402 0.000000
vt 0.540041 0.468055 0.000000
vt 0.535898 0.451025 0.000000
vt 0.531531 0.433409 0.000000
vt 0.526927 0.415332 0.000000
vt 0.522076 0.396943 0.000000
vt 0.516967 0.378410 0.000000
vt 0.511590 0.359917 0.000000
vt 0.505936 0.341650 0.000000
vt 0.500000 0.323792 0.000000
vt 0.493777 0.306511 0.000000
vt 0.487266 0.289956 0.000000
vt 0.480471 0.274247 0.000000
vt 0.473398 0.259478 0.000000
vt 0.553092 0.484681 0.000000
vt 0.549477 0.468594 0.000000
vt 0.545658 0.451794 0.000000
vt 0.541624 0.434363 0.000000
vt 0.537360 0.416410 0.000000
vt 0.532853 0.398071 0.000000
vt 0.528090 0.379503 0.000000
vt 0.523058 0.360881 0.000000
vt 0.517743 0.342387 0.000000
vt 0.512135 0.324206 0.000000
vt 0.506223 0.306511 0.000000
vt 0.500000 0.289462 0.000000
vt 0.493461 0.273192 0.000000
vt 0.486606 0.257811 0.000000
vt 0.479437 0.243399 0.000000
vt 0.561865 0.484996 0.000000
vt 0.558567 0.469217 0.000000
vt 0.555078 0.452706 0.000000
vt 0.551386 0.435530 0.000000
vt 0.547476 0.417785 0.000000
vt 0.543334 0.399590 0.000000
vt 0.538944 0.381089 0.000000
vt 0.534290 0.362444 0.000000
vt 0.529357 0.343831 0.000000
vt 0.524130 0.325430 0.000000
vt 0.518593 0.307417 0.000000
vt 0.512734 0.289956 0.000000
vt 0.506539 0.273192 0.000000
vt 0.500000 0.257247 0.000000
vt 0.493112 0.242218 0.000000
vt 0.485873 0.228172 0.000000
vt 0.570259 0.485340 0.000000
vt 0.567273 0.469908 0.000000
vt 0.564113 0.453734 0.000000
vt 0.560764 0.436876 0.000000
vt 0.557212 0.419412 0.000000
vt 0.553443 0.401447 0.000000
vt 0.549440 0.383108 0.000000
vt 0.545186 0.364546 0.000000
vt 0.540664 0.345924 0.000000
vt 0.535856 0.327414 0.000000
vt 0.530743 0.309190 0.000000
vt 0.525306 0.291417 0.000000
vt 0.519529 0.274247 0.000000
vt 0.513394 0.257811 0.000000
vt 0.506888 0.242218 0.000000
vt 0.500000 0.227551 0.000000
vt 0.492722 0.213869 0.000000
vt 0.578254 0.485706 0.000000
vt 0.575572 0.470650 0.000000
vt 0.572731 0.454854 0.000000
vt 0.569719 0.438363 0.000000
vt 0.566521 0.421242 0.000000
vt 0.563124 0.403582 0.000000
vt 0.559510 0.385494 0.000000
vt 0.555664 0.367112 0.000000
vt 0.551567 0.348587 0.000000
vt 0.547199 0.330081 0.000000
vt 0.542540 0.311759 0.000000
vt 0.537569 0.293785 0.000000
vt 0.532263 0.276312 0.000000
vt 0.526602 0.259478 0.000000
vt 0.520563 0.243399 0.000000
vt 0.514127 0.228172 0.000000
vt 0.507278 0.213869 0.000000
vt 0.500000 0.200542 0.000000
vt 0.585842 0.486087 0.000000
vt 0.583449 0.471428 0.000000
vt 0.580914 0.456039 0.000000
vt 0.578225 0.439954 0.000000
vt 0.575370 0.423228 0.000000
vt 0.572335 0.405935 0.000000
vt 0.569105 0.388172 0.000000
vt 0.565663 0.370059 0.000000
vt 0.561991 0.351729 0.000000
vt 0.558070 0.333333 0.000000
vt 0.553878 0.315027 0.000000
vt 0.549394 0.296967 0.000000
vt 0.544593 0.279304 0.000000
vt 0.539450 0.262178 0.000000
vt 0.533940 0.245713 0.000000
vt 0.528036 0.230011 0.000000
vt 0.521712 0.215156 0.000000
vt 0.514945 0.201211 0.000000
vt 0.507713 0.188220 0.000000
vt 0.594023 0.491403 0.000000
vt 0.600271 0.482356 0.000000
vt 0.591870 0.476860 0.000000
vt 0.606854 0.472884 0.000000
vt 0.598250 0.467174 0.000000
vt 0.589586 0.461541 0.000000
vt 0.613775 0.463026 0.000000
vt 0.604990 0.457063 0.000000
vt 0.596100 0.451191 0.000000
vt 0.587160 0.445469 0.000000
vt 0.621034 0.452838 0.000000
vt 0.612095 0.446580 0.000000
vt 0.603001 0.440424 0.000000
vt 0.593808 0.434439 0.000000
vt 0.584578 0.428688 0.000000
vt 0.628624 0.442393 0.000000
vt 0.619566 0.435794 0.000000
vt 0.610298 0.429307 0.000000
vt 0.600876 0.423009 0.000000
vt 0.591363 0.416972 0.000000
vt 0.581827 0.411263 0.000000
vt 0.636530 0.431779 0.000000
vt 0.627396 0.424795 0.000000
vt 0.617992 0.417926 0.000000
vt 0.608371 0.411260 0.000000
vt 0.598599 0.404881 0.000000
vt 0.588748 0.398867 0.000000
vt 0.578891 0.393281 0.000000
vt 0.644731 0.421098 0.000000
vt 0.635572 0.413687 0.000000
vt 0.626077 0.406387 0.000000
vt 0.616299 0.399298 0.000000
vt 0.606301 0.392517 0.000000
vt 0.596157 0.386134 0.000000
vt 0.585947 0.380227 0.000000
vt 0.575755 0.374855 0.000000
vt 0.653199 0.410466 0.000000
vt 0.644069 0.402590 0.000000
vt 0.634539 0.394814 0.000000
vt 0.624654 0.387248 0.000000
vt 0.614474 0.380002 0.000000
vt 0.604071 0.373184 0.000000
vt 0.593530 0.366884 0.000000
vt 0.582942 0.361179 0.000000
vt 0.572398 0.356119 0.000000
vt 0.661896 0.400000 0.000000
vt 0.652858 0.391634 0.000000
vt 0.643355 0.383344 0.000000
vt 0.633424 0.375252 0.000000
vt 0.623116 0.367483 0.000000
vt 0.612502 0.360160 0.000000
vt 0.601665 0.353392 0.000000
vt 0.590700 0.347274 0.000000
vt 0.579711 0.341870 0.000000
vt 0.568801 0.337221 0.000000
vt 0.670778 0.389820 0.000000
vt 0.661896 0.380949 0.000000
vt 0.652489 0.372121 0.000000
vt 0.642581 0.363466 0.000000
vt 0.632214 0.355121 0.000000
vt 0.621449 0.347228 0.000000
vt 0.610365 0.339915 0.000000
vt 0.599060 0.333298 0.000000
vt 0.587643 0.327463 0.000000
vt 0.576231 0.322464 0.000000
vt 0.564940 0.318322 0.000000
vt 0.679795 0.380036 0.000000
vt 0.671134 0.370662 0.000000
vt 0.661896 0.361286 0.000000
vt 0.652089 0.352045 0.000000
vt 0.641740 0.343086 0.000000
vt 0.630899 0.334566 0.000000
vt 0.619635 0.326637 0.000000
vt 0.608042 0.319436 0.000000
vt 0.596233 0.313073 0.000000
vt 0.584334 0.307625 0.000000
vt 0.572476 0.303131 0.000000
vt 0.560790 0.299590 0.000000
vt 0.688891 0.370748 0.000000
vt 0.680516 0.360888 0.000000
vt 0.671520 0.350973 0.000000
vt 0.661896 0.341139 0.000000
vt 0.651653 0.331545 0.000000
vt 0.640824 0.322360 0.000000
vt 0.629463 0.313753 0.000000
vt 0.617655 0.305888 0.000000
vt 0.605509 0.298901 0.000000
vt 0.593156 0.292898 0.000000
vt 0.580743 0.287939 0.000000
vt 0.568418 0.284044 0.000000
vt 0.556325 0.281186 0.000000
vt 0.698006 0.362037 0.000000
vt 0.689977 0.351725 0.000000
vt 0.681296 0.341296 0.000000
vt 0.671939 0.330886 0.000000
vt 0.661896 0.320656 0.000000
vt 0.651177 0.310784 0.000000
vt 0.639820 0.301459 0.000000
vt 0.627890 0.292863 0.000000
vt 0.615486 0.285164 0.000000
vt 0.602737 0.278497 0.000000
vt 0.589798 0.272955 0.000000
vt 0.576836 0.268582 0.000000
vt 0.564022 0.265370 0.000000
vt 0.551515 0.263265 0.000000
vt 0.707082 0.353963 0.000000
vt 0.699452 0.343246 0.000000
vt 0.691153 0.332346 0.000000
vt 0.682144 0.321396 0.000000
vt 0.672396 0.310553 0.000000
vt 0.661896 0.300000 0.000000
vt 0.650655 0.289936 0.000000
vt 0.638717 0.280564 0.000000
vt 0.626159 0.272079 0.000000
vt 0.613100 0.264650 0.000000
vt 0.599694 0.258405 0.000000
vt 0.586121 0.253421 0.000000
vt 0.572577 0.249718 0.000000
vt 0.559254 0.247260 0.000000
vt 0.546327 0.245965 0.000000
vt 0.716060 0.346565 0.000000
vt 0.708874 0.335501 0.000000
vt 0.701016 0.324190 0.000000
vt 0.692431 0.312752 0.000000
vt 0.683070 0.301342 0.000000
vt 0.672897 0.290138 0.000000
vt 0.661896 0.279344 0.000000
vt 0.650080 0.269178 0.000000
vt 0.637498 0.259858 0.000000
vt 0.624246 0.251584 0.000000
vt 0.610465 0.244524 0.000000
vt 0.596339 0.238795 0.000000
vt 0.582082 0.234455 0.000000
vt 0.567921 0.231495 0.000000
vt 0.554073 0.229849 0.000000
vt 0.540729 0.229403 0.000000
vt 0.724886 0.339859 0.000000
vt 0.718179 0.328515 0.000000
vt 0.710810 0.316861 0.000000
vt 0.702713 0.305007 0.000000
vt 0.693824 0.293093 0.000000
vt 0.684083 0.281293 0.000000
vt 0.673448 0.269808 0.000000
vt 0.661896 0.258861 0.000000
vt 0.649442 0.248686 0.000000
vt 0.636145 0.239512 0.000000
vt 0.622121 0.231545 0.000000
vt 0.607541 0.224946 0.000000
vt 0.592626 0.219818 0.000000
vt 0.577631 0.216195 0.000000
vt 0.562820 0.214038 0.000000
vt 0.548437 0.213249 0.000000
vt 0.534684 0.213680 0.000000
vt 0.733512 0.333843 0.000000
vt 0.727306 0.322289 0.000000
vt 0.720463 0.310370 0.000000
vt 0.712906 0.298178 0.000000
vt 0.704561 0.285843 0.000000
vt 0.695348 0.273523 0.000000
vt 0.685198 0.261410 0.000000
vt 0.674056 0.249727 0.000000
vt 0.661896 0.238714 0.000000
vt 0.648732 0.228619 0.000000
vt 0.634636 0.219682 0.000000
vt 0.619748 0.212109 0.000000
vt 0.604279 0.206054 0.000000
vt 0.588499 0.201602 0.000000
vt 0.572710 0.198758 0.000000
vt 0.557219 0.197452 0.000000
vt 0.542297 0.197549 0.000000
vt 0.528158 0.198870 0.000000
vt 0.741894 0.328497 0.000000
vt 0.736203 0.316806 0.000000
vt 0.729908 0.304699 0.000000
vt 0.722930 0.292257 0.000000
vt 0.715184 0.279590 0.000000
vt 0.706578 0.266843 0.000000
vt 0.697022 0.254191 0.000000
vt 0.686430 0.241846 0.000000
vt 0.674733 0.230047 0.000000
vt 0.661896 0.219051 0.000000
vt 0.647936 0.209121 0.000000
vt 0.632940 0.200501 0.000000
vt 0.617082 0.193400 0.000000
vt 0.600622 0.187961 0.000000
vt 0.583891 0.184247 0.000000
vt 0.567252 0.182235 0.000000
vt 0.551057 0.181815 0.000000
vt 0.535606 0.182817 0.000000
vt 0.521115 0.185028 0.000000
vt 0.750000 0.338421 0.000000
vt 0.741894 0.343663 0.000000
vt 0.750000 0.353839 0.000000
vt 0.733512 0.349550 0.000000
vt 0.741894 0.359642 0.000000
vt 0.750000 0.370031 0.000000
vt 0.724886 0.356107 0.000000
vt 0.733512 0.366092 0.000000
vt 0.741894 0.376416 0.000000
vt 0.750000 0.386968 0.000000
vt 0.716060 0.363344 0.000000
vt 0.724886 0.373203 0.000000
vt 0.733512 0.383440 0.000000
vt 0.741894 0.393944 0.000000
vt 0.750000 0.404600 0.000000
vt 0.707082 0.371250 0.000000
vt 0.716060 0.380973 0.000000
vt 0.724886 0.391107 0.000000
vt 0.733512 0.401544 0.000000
vt 0.741894 0.412166 0.000000
vt 0.750000 0.422856 0.000000
vt 0.698006 0.379798 0.000000
vt 0.707082 0.389380 0.000000
vt 0.716060 0.399402 0.000000
vt 0.724886 0.409757 0.000000
vt 0.733512 0.420330 0.000000
vt 0.741894 0.430998 0.000000
vt 0.750000 0.441645 0.000000
vt 0.688891 0.388935 0.000000
vt 0.698006 0.398381 0.000000
vt 0.707082 0.408289 0.000000
vt 0.716060 0.418556 0.000000
vt 0.724886 0.429066 0.000000
vt 0.733512 0.439699 0.000000
vt 0.741894 0.450333 0.000000
vt 0.750000 0.460853 0.000000
vt 0.679795 0.398588 0.000000
vt 0.688891 0.407911 0.000000
vt 0.698006 0.417709 0.000000
vt 0.707082 0.427887 0.000000
vt 0.716060 0.438331 0.000000
vt 0.724886 0.448920 0.000000
vt 0.733512 0.459531 0.000000
vt 0.741894 0.470044 0.000000
vt 0.750000 0.480352 0.000000
vt 0.670778 0.408663 0.000000
vt 0.679795 0.417881 0.000000
vt 0.688891 0.427583 0.000000
vt 0.698006 0.437678 0.000000
vt 0.707082 0.448057 0.000000
vt 0.716060 0.458600 0.000000
vt 0.724886 0.469183 0.000000
vt 0.733512 0.479683 0.000000
vt 0.741894 0.489988 0.000000
vt 0.750000 0.500000 0.000000
vt 0.661896 0.419051 0.000000
vt 0.670778 0.428188 0.000000
vt 0.679795 0.437810 0.000000
vt 0.688891 0.447834 0.000000
vt 0.698006 0.458156 0.000000
vt 0.707082 0.468656 0.000000
vt 0.716060 0.479212 0.000000
vt 0.724886 0.489699 0.000000
vt 0.733512 0.500000 0.000000
vt 0.741894 0.510012 0.000000
vt 0.750000 0.519648 0.000000
vt 0.653199 0.429635 0.000000
vt 0.661896 0.438714 0.000000
vt 0.670778 0.448277 0.000000
vt 0.679795 0.458246 0.000000
vt 0.688891 0.468521 0.000000
vt 0.698006 0.478987 0.000000
vt 0.707082 0.489522 0.000000
vt 0.716060 0.500000 0.000000
vt 0.724886 0.510301 0.000000
vt 0.733512 0.520317 0.000000
vt 0.741894 0.529956 0.000000
vt 0.750000 0.539147 0.000000
vt 0.644731 0.440292 0.000000
vt 0.653199 0.449336 0.000000
vt 0.661896 0.458861 0.000000
vt 0.670778 0.468791 0.000000
vt 0.679795 0.479033 0.000000
vt 0.688891 0.489476 0.000000
vt 0.698006 0.500000 0.000000
vt 0.707082 0.510478 0.000000
vt 0.716060 0.520788 0.000000
vt 0.724886 0.530817 0.000000
vt 0.733512 0.540469 0.000000
vt 0.741894 0.549667 0.000000
vt 0.750000 0.558355 0.000000
vt 0.636530 0.450903 0.000000
vt 0.644731 0.459934 0.000000
vt 0.653199 0.469437 0.000000
vt 0.661896 0.479344 0.000000
vt 0.670778 0.489567 0.000000
vt 0.679795 0.500000 0.000000
vt 0.688891 0.510524 0.000000
vt 0.698006 0.521013 0.000000
vt 0.707082 0.531344 0.000000
vt 0.716060 0.541400 0.000000
vt 0.724886 0.551080 0.000000
vt 0.733512 0.560301 0.000000
vt 0.741894 0.569002 0.000000
vt 0.750000 0.577144 0.000000
vt 0.628624 0.461361 0.000000
vt 0.636530 0.470392 0.000000
vt 0.644731 0.479887 0.000000
vt 0.653199 0.489784 0.000000
vt 0.661896 0.500000 0.000000
vt 0.670778 0.510433 0.000000
vt 0.679795 0.520967 0.000000
vt 0.688891 0.531480 0.000000
vt 0.698006 0.541844 0.000000
vt 0.707082 0.551943 0.000000
vt 0.716060 0.561669 0.000000
vt 0.724886 0.570934 0.000000
vt 0.733512 0.579670 0.000000
vt 0.741894 0.587834 0.000000
vt 0.750000 0.595400 0.000000
vt 0.621034 0.471570 0.000000
vt 0.628624 0.480609 0.000000
vt 0.636530 0.490105 0.000000
vt 0.644731 0.500000 0.000000
vt 0.653199 0.510216 0.000000
vt 0.661896 0.520656 0.000000
vt 0.670778 0.531209 0.000000
vt 0.679795 0.541754 0.000000
vt 0.688891 0.552166 0.000000
vt 0.698006 0.562322 0.000000
vt 0.707082 0.572113 0.000000
vt 0.716060 0.581444 0.000000
vt 0.724886 0.590243 0.000000
vt 0.733512 0.598456 0.000000
vt 0.741894 0.606056 0.000000
vt 0.750000 0.613032 0.000000
vt 0.613775 0.481451 0.000000
vt 0.621034 0.490501 0.000000
vt 0.628624 0.500000 0.000000
vt 0.636530 0.509895 0.000000
vt 0.644731 0.520113 0.000000
vt 0.653199 0.530563 0.000000
vt 0.661896 0.541139 0.000000
vt 0.670778 0.551723 0.000000
vt 0.679795 0.562190 0.000000
vt 0.688891 0.572417 0.000000
vt 0.698006 0.582291 0.000000
vt 0.707082 0.591711 0.000000
vt 0.716060 0.600598 0.000000
vt 0.724886 0.608893 0.000000
vt 0.733512 0.616560 0.000000
vt 0.741894 0.623584 0.000000
vt 0.750000 0.629969 0.000000
vt 0.606854 0.490942 0.000000
vt 0.613775 0.500000 0.000000
vt 0.621034 0.509499 0.000000
vt 0.628624 0.519391 0.000000
vt 0.636530 0.529608 0.000000
vt 0.644731 0.540066 0.000000
vt 0.653199 0.550664 0.000000
vt 0.661896 0.561286 0.000000
vt 0.670778 0.571812 0.000000
vt 0.679795 0.582119 0.000000
vt 0.688891 0.592089 0.000000
vt 0.698006 0.601619 0.000000
vt 0.707082 0.610620 0.000000
vt 0.716060 0.619027 0.000000
vt 0.724886 0.626797 0.000000
vt 0.733512 0.633908 0.000000
vt 0.741894 0.640358 0.000000
vt 0.750000 0.646161 0.000000
vt 0.600271 0.500000 0.000000
vt 0.606854 0.509058 0.000000
vt 0.613775 0.518549 0.000000
vt 0.621034 0.528430 0.000000
vt 0.628624 0.538639 0.000000
vt 0.636530 0.549097 0.000000
vt 0.644731 0.559709 0.000000
vt 0.653199 0.570365 0.000000
vt 0.661896 0.580949 0.000000
vt 0.670778 0.591337 0.000000
vt 0.679795 0.601412 0.000000
vt 0.688891 0.611065 0.000000
vt 0.698006 0.620202 0.000000
vt 0.707082 0.628750 0.000000
vt 0.716060 0.636656 0.000000
vt 0.724886 0.643893 0.000000
vt 0.733512 0.650450 0.000000
vt 0.741894 0.656337 0.000000
vt 0.750000 0.661579 0.000000
vt 0.899729 0.500000 0.000000
vt 0.893146 0.490942 0.000000
vt 0.893146 0.509058 0.000000
vt 0.886225 0.481451 0.000000
vt 0.886225 0.500000 0.000000
vt 0.886225 0.518549 0.000000
vt 0.878966 0.471570 0.000000
vt 0.878966 0.490501 0.000000
vt 0.878966 0.509499 0.000000
vt 0.878966 0.528430 0.000000
vt 0.871376 0.461361 0.000000
vt 0.871376 0.480609 0.000000
vt 0.871376 0.500000 0.000000
vt 0.871376 0.519391 0.000000
vt 0.871376 0.538639 0.000000
vt 0.863470 0.450903 0.000000
vt 0.863470 0.470392 0.000000
vt 0.863470 0.490105 0.000000
vt 0.863470 0.509895 0.000000
vt 0.863470 0.529608 0.000000
vt 0.863470 0.549097 0.000000
vt 0.855269 0.440292 0.000000
vt 0.855269 0.459934 0.000000
vt 0.855269 0.479887 0.000000
vt 0.855269 0.500000 0.000000
vt 0.855269 0.520113 0.000000
vt 0.855269 0.540066 0.000000
vt 0.855269 0.559709 0.000000
vt 0.846801 0.429635 0.000000
vt 0.846801 0.449336 0.000000
vt 0.846801 0.469437 0.000000
vt 0.846801 0.489784 0.000000
vt 0.846801 0.510216 0.000000
vt 0.846801 0.530563 0.000000
vt 0.846801 0.550664 0.000000
vt 0.846801 0.570365 0.000000
vt 0.838104 0.419051 0.000000
vt 0.838104 0.438714 0.000000
vt 0.838104 0.458861 0.000000
vt 0.838104 0.479344 0.000000
vt 0.838104 0.500000 0.000000
vt 0.838104 0.520656 0.000000
vt 0.838104 0.541139 0.000000
vt 0.838104 0.561286 0.000000
vt 0.838104 0.580949 0.000000
vt 0.829222 0.408663 0.000000
vt 0.829222 0.428188 0.000000
vt 0.829222 0.448277 0.000000
vt 0.829222 0.468791 0.000000
vt 0.829222 0.489567 0.000000
vt 0.829222 0.510433 0.000000
vt 0.829222 0.531209 0.000000
vt 0.829222 0.551723 0.000000
vt 0.829222 0.571812 0.000000
vt 0.829222 0.591337 0.000000
vt 0.820205 0.398588 0.000000
vt 0.820205 0.417881 0.000000
vt 0.820205 0.437810 0.000000
vt 0.820205 0.458246 0.000000
vt 0.820205 0.479033 0.000000
vt 0.820205 0.500000 0.000000
vt 0.820205 0.520967 0.000000
vt 0.820205 0.541754 0.000000
vt 0.820205 0.562190 0.000000
vt 0.820205 0.582119 0.000000
vt 0.820205 0.601412 0.000000
vt 0.811109 0.388935 0.000000
vt 0.811109 0.407911 0.000000
vt 0.811109 0.427583 0.000000
vt 0.811109 0.447834 0.000000
vt 0.811109 0.468521 0.000000
vt 0.811109 0.489476 0.000000
vt 0.811109 0.510524 0.000000
vt 0.811109 0.531480 0.000000
vt 0.811109 0.552166 0.000000
vt 0.811109 0.572417 0.000000
vt 0.811109 0.592089 0.000000
vt 0.811109 0.611065 0.000000
vt 0.801994 0.379798 0.000000
vt 0.801994 0.398381 0.000000
vt 0.801994 0.417709 0.000000
vt 0.801994 0.437678 0.000000
vt 0.801994 0.458156 0.000000
vt 0.801994 0.478987 0.000000
vt 0.801994 0.500000 0.000000
vt 0.801994 0.521013 0.000000
vt 0.801994 0.541844 0.000000
vt 0.801994 0.562322 0.000000
vt 0.801994 0.582291 0.000000
vt 0.801994 0.601619 0.000000
vt 0.801994 0.620202 0.000000
vt 0.792918 0.371250 0.000000
vt 0.792918 0.389380 0.000000
vt 0.792918 0.408289 0.000000
vt 0.792918 0.427887 0.000000
vt 0.792918 0.448057 0.000000
vt 0.792918 0.468656 0.000000
vt 0.792918 0.489522 0.000000
vt 0.792918 0.510478 0.000000
vt 0.792918 0.531344 0.000000
vt 0.792918 0.551943 0.000000
vt 0.792918 0.572113 0.000000
vt 0.792918 0.591711 0.000000
vt 0.792918 0.610620 0.000000
vt 0.792918 0.628750 0.000000
vt 0.783940 0.363344 0.000000
vt 0.783940 0.380973 0.000000
vt 0.783940 0.399402 0.000000
vt 0.783940 0.418556 0.000000
vt 0.783940 0.438331 0.000000
vt 0.783940 0.458600 0.000000
vt 0.783940 0.479212 0.000000
vt 0.783940 0.500000 0.000000
vt 0.783940 0.520788 0.000000
vt 0.783940 0.541400 0.000000
vt 0.783940 0.561669 0.000000
vt 0.783940 0.581444 0.000000
vt 0.783940 0.600598 0.000000
vt 0.783940 0.619027 0.000000
vt 0.783940 0.636656 0.000000
vt 0.775114 0.356107 0.000000
vt 0.775114 0.373203 0.000000
vt 0.775114 0.391107 0.000000
vt 0.775114 0.409757 0.000000
vt 0.775114 0.429066 0.000000
vt 0.775114 0.448920 0.000000
vt 0.775114 0.469183 0.000000
vt 0.775114 0.489699 0.000000
vt 0.775114 0.510301 0.000000
vt 0.775114 0.530817 0.000000
vt 0.775114 0.551080 0.000000
vt 0.775114 0.570934 0.000000
vt 0.775114 0.590243 0.000000
vt 0.775114 0.608893 0.000000
vt 0.775114 0.626797 0.000000
vt 0.775114 0.643893 0.000000
vt 0.766488 0.349550 0.000000
vt 0.766488 0.366092 0.000000
vt 0.766488 0.383440 0.000000
vt 0.766488 0.401544 0.000000
vt 0.766488 0.420330 0.000000
vt 0.766488 0.439699 0.000000
vt 0.766488 0.459531 0.000000
vt 0.766488 0.479683 0.000000
vt 0.766488 0.500000 0.000000
vt 0.766488 0.520317 0.000000
vt 0.766488 0.540469 0.000000
vt 0.766488 0.560301 0.000000
vt 0.766488 0.579670 0.000000
vt 0.766488 0.598456 0.000000
vt 0.766488 0.616560 0.000000
vt 0.766488 0.633908 0.000000
vt 0.766488 0.650450 0.000000
vt 0.758106 0.343663 0.000000
vt 0.758106 0.359642 0.000000
vt 0.758106 0.376416 0.000000
vt 0.758106 0.393944 0.000000
vt 0.758106 0.412166 0.000000
vt 0.758106 0.430998 0.000000
vt 0.758106 0.450333 0.000000
vt 0.758106 0.470044 0.000000
vt 0.758106 0.489988 0.000000
vt 0.758106 0.510012 0.000000
vt 0.758106 0.529956 0.000000
vt 0.758106 0.549667 0.000000
vt 0.758106 0.569002 0.000000
vt 0.758106 0.587834 0.000000
vt 0.758106 0.606056 0.000000
vt 0.758106 0.623584 0.000000
vt 0.758106 0.640358 0.000000
vt 0.758106 0.656337 0.000000
vt 0.250000 0.661579 0.000000
vt 0.250000 0.646161 0.000000
vt 0.241894 0.656337 0.000000
vt 0.250000 0.629969 0.000000
vt 0.241894 0.640358 0.000000
vt 0.233512 0.650450 0.000000
vt 0.250000 0.613032 0.000000
vt 0.241894 0.623584 0.000000
vt 0.233512 0.633908 0.000000
vt 0.224886 0.643893 0.000000
vt 0.250000 0.595400 0.000000
vt 0.241894 0.606056 0.000000
vt 0.233512 0.616560 0.000000
vt 0.224886 0.626797 0.000000
vt 0.216060 0.636656 0.000000
vt 0.250000 0.577144 0.000000
vt 0.241894 0.587834 0.000000
vt 0.233512 0.598456 0.000000
vt 0.224886 0.608893 0.000000
vt 0.216060 0.619027 0.000000
vt 0.207082 0.628750 0.000000
vt 0.250000 0.558355 0.000000
vt 0.241894 0.569002 0.000000
vt 0.233512 0.579670 0.000000
vt 0.224886 0.590243 0.000000
vt 0.216060 0.600598 0.000000
vt 0.207082 0.610620 0.000000
vt 0.198006 0.620202 0.000000
vt 0.250000 0.539147 0.000000
vt 0.241894 0.549667 0.000000
vt 0.233512 0.560301 0.000000
vt 0.224886 0.570934 0.000000
vt 0.216060 0.581444 0.000000
vt 0.207082 0.591711 0.000000
vt 0.198006 0.601619 0.000000
vt 0.188891 0.611065 0.000000
vt 0.250000 0.519648 0.000000
vt 0.241894 0.529956 0.000000
vt 0.233512 0.540469 0.000000
vt 0.224886 0.551080 0.000000
vt 0.216060 0.561669 0.000000
vt 0.207082 0.572113 0.000000
vt 0.198006 0.582291 0.000000
vt 0.188891 0.592089 0.000000
vt 0.179795 0.601412 0.000000
vt 0.250000 0.500000 0.000000
vt 0.241894 0.510012 0.000000
vt 0.233512 0.520317 0.000000
vt 0.224886 0.530817 0.000000
vt 0.216060 0.541400 0.000000
vt 0.207082 0.551943 0.000000
vt 0.198006 0.562322 0.000000
vt 0.188891 0.572417 0.000000
vt 0.179795 0.582119 0.000000
vt 0.170778 0.591337 0.000000
vt 0.250000 0.480352 0.000000
vt 0.241894 0.489988 0.000000
vt 0.233512 0.500000 0.000000
vt 0.224886 0.510301 0.000000
vt 0.216060 0.520788 0.000000
vt 0.207082 0.531344 0.000000
vt 0.198006 0.541844 0.000000
vt 0.188891 0.552166 0.000000
vt 0.179795 0.562190 0.000000
vt 0.170778 0.571812 0.000000
vt 0.161896 0.580949 0.000000
vt 0.250000 0.460853 0.000000
vt 0.241894 0.470044 0.000000
vt 0.233512 0.479683 0.000000
vt 0.224886 0.489699 0.000000
vt 0.216060 0.500000 0.000000
vt 0.207082 0.510478 0.000000
vt 0.198006 0.521013 0.000000
vt 0.188891 0.531480 0.000000
vt 0.179795 0.541754 0.000000
vt 0.170778 0.551723 0.000000
vt 0.161896 0.561286 0.000000
vt 0.153199 0.570365 0.000000
vt 0.250000 0.441645 0.000000
vt 0.241894 0.450333 0.000000
vt 0.233512 0.459531 0.000000
vt 0.224886 0.469183 0.000000
vt 0.216060 0.479212 0.000000
vt 0.207082 0.489522 0.000000
vt 0.198006 0.500000 0.000000
vt 0.188891 0.510524 0.000000
vt 0.179795 0.520967 0.000000
vt 0.170778 0.531209 0.000000
vt 0.161896 0.541139 0.000000
vt 0.153199 0.550664 0.000000
vt 0.144731 0.559709 0.000000
vt 0.250000 0.422856 0.000000
vt 0.241894 0.430998 0.000000
vt 0.233512 0.439699 0.000000
vt 0.224886 0.448920 0.000000
vt 0.216060 0.458600 0.000000
vt 0.207082 0.468656 0.000000
vt 0.198006 0.478987 0.000000
vt 0.188891 0.489476 0.000000
vt 0.179795 0.500000 0.000000
vt 0.170778 0.510433 0.000000
vt 0.161896 0.520656 0.000000
vt 0.153199 0.530563 0.000000
vt 0.144731 0.540066 0.000000
vt 0.136530 0.549097 0.000000
vt 0.250000 0.404600 0.000000
vt 0.241894 0.412166 0.000000
vt 0.233512 0.420330 0.000000
vt 0.224886 0.429066 0.000000
vt 0.216060 0.438331 0.000000
vt 0.207082 0.448057 0.000000
vt 0.198006 0.458156 0.000000
vt 0.188891 0.468521 0.000000
vt 0.179795 0.479033 0.000000
vt 0.170778 0.489567 0.000000
vt 0.161896 0.500000 0.000000
vt 0.153199 0.510216 0.000000
vt 0.144731 0.520113 0.000000
vt 0.136530 0.529608 0.000000
vt 0.128624 0.538639 0.000000
vt 0.250000 0.386968 0.000000
vt 0.241894 0.393944 0.000000
vt 0.233512 0.401544 0.000000
vt 0.224886 0.409757 0.000000
vt 0.216060 0.418556 0.000000
vt 0.207082 0.427887 0.000000
vt 0.198006 0.437678 0.000000
vt 0.188891 0.447834 0.000000
vt 0.179795 0.458246 0.000000
vt 0.170778 0.468791 0.000000
vt 0.161896 0.479344 0.000000
vt 0.153199 0.489784 0.000000
vt 0.144731 0.500000 0.000000
vt 0.136530 0.509895 0.000000
vt 0.128624 0.519391 0.000000
vt 0.121034 0.528430 0.000000
vt 0.250000 0.370031 0.000000
vt 0.241894 0.376416 0.000000
vt 0.233512 0.383440 0.000000
vt 0.224886 0.391107 0.000000
vt 0.216060 0.399402 0.000000
vt 0.207082 0.408289 0.000000
vt 0.198006 0.417709 0.000000
vt 0.188891 0.427583 0.000000
vt 0.179795 0.437810 0.000000
vt 0.170778 0.448277 0.000000
vt 0.161896 0.458861 0.000000
vt 0.153199 0.469437 0.000000
vt 0.144731 0.479887 0.000000
vt 0.136530 0.490105 0.000000
vt 0.128624 0.500000 0.000000
vt 0.121034 0.509499 0.000000
vt 0.113775 0.518549 0.000000
vt 0.250000 0.353839 0.000000
vt 0.241894 0.359642 0.000000
vt 0.233512 0.366092 0.000000
vt 0.224886 0.373203 0.000000
vt 0.216060 0.380973 0.000000
vt 0.207082 0.389380 0.000000
vt 0.198006 0.398381 0.000000
vt 0.188891 0.407911 0.000000
vt 0.179795 0.417881 0.000000
vt 0.170778 0.428188 0.000000
vt 0.161896 0.438714 0.000000
vt 0.153199 0.449336 0.000000
vt 0.144731 0.459934 0.000000
vt 0.136530 0.470392 0.000000
vt 0.128624 0.480609 0.000000
vt 0.121034 0.490501 0.000000
vt 0.113775 0.500000 0.000000
vt 0.106854 0.509058 0.000000
vt 0.250000 0.338421 0.000000
vt 0.241894 0.343663 0.000000
vt 0.233512 0.349550 0.000000
vt 0.224886 0.356107 0.000000
vt 0.216060 0.363344 0.000000
vt 0.207082 0.371250 0.000000
vt 0.198006 0.379798 0.000000
vt 0.188891 0.388935 0.000000
vt 0.179795 0.398588 0.000000
vt 0.170778 0.408663 0.000000
vt 0.161896 0.419051 0.000000
vt 0.153199 0.429635 0.000000
vt 0.144731 0.440292 0.000000
vt 0.136530 0.450903 0.000000
vt 0.128624 0.461361 0.000000
vt 0.121034 0.471570 0.000000
vt 0.113775 0.481451 0.000000
vt 0.106854 0.490942 0.000000
vt 0.100271 0.500000 0.000000
vt 0.258106 0.656337 0.000000
vt 0.266488 0.650450 0.000000
vt 0.258106 0.640358 0.000000
vt 0.275114 0.643893 0.000000
vt 0.266488 0.633908 0.000000
vt 0.258106 0.623584 0.000000
vt 0.283940 0.636656 0.000000
vt 0.275114 0.626797 0.000000
vt 0.266488 0.616560 0.000000
vt 0.258106 0.606056 0.000000
vt 0.292918 0.628750 0.000000
vt 0.283940 0.619027 0.000000
vt 0.275114 0.608893 0.000000
vt 0.266488 0.598456 0.000000
vt 0.258106 0.587834 0.000000
vt 0.301994 0.620202 0.000000
vt 0.292918 0.610620 0.000000
vt 0.283940 0.600598 0.000000
vt 0.275114 0.590243 0.000000
vt 0.266488 0.579670 0.000000
vt 0.258106 0.569002 0.000000
vt 0.311109 0.611065 0.000000
vt 0.301994 0.601619 0.000000
vt 0.292918 0.591711 0.000000
vt 0.283940 0.581444 0.000000
vt 0.275114 0.570934 0.000000
vt 0.266488 0.560301 0.000000
vt 0.258106 0.549667 0.000000
vt 0.320205 0.601412 0.000000
vt 0.311109 0.592089 0.000000
vt 0.301994 0.582291 0.000000
vt 0.292918 0.572113 0.000000
vt 0.283940 0.561669 0.000000
vt 0.275114 0.551080 0.000000
vt 0.266488 0.540469 0.000000
vt 0.258106 0.529956 0.000000
vt 0.329222 0.591337 0.000000
vt 0.320205 0.582119 0.000000
vt 0.311109 0.572417 0.000000
vt 0.301994 0.562322 0.000000
vt 0.292918 0.551943 0.000000
vt 0.283940 0.541400 0.000000
vt 0.275114 0.530817 0.000000
vt 0.266488 0.520317 0.000000
vt 0.258106 0.510012 0.000000
vt 0.338104 0.580949 0.000000
vt 0.329222 0.571812 0.000000
vt 0.320205 0.562190 0.000000
vt 0.311109 0.552166 0.000000
vt 0.301994 0.541844 0.000000
vt 0.292918 0.531344 0.000000
vt 0.283940 0.520788 0.000000
vt 0.275114 0.510301 0.000000
vt 0.266488 0.500000 0.000000
vt 0.258106 0.489988 0.000000
vt 0.346801 0.570365 0.000000
vt 0.338104 0.561286 0.000000
vt 0.329222 0.551723 0.000000
vt 0.320205 0.541754 0.000000
vt 0.311109 0.531480 0.000000
vt 0.301994 0.521013 0.000000
vt 0.292918 0.510478 0.000000
vt 0.283940 0.500000 0.000000
vt 0.275114 0.489699 0.000000
vt 0.266488 0.479683 0.000000
vt 0.258106 0.470044 0.000000
vt 0.355269 0.559709 0.000000
vt 0.346801 0.550664 0.000000
vt 0.338104 0.541139 0.000000
vt 0.329222 0.531209 0.000000
vt 0.320205 0.520967 0.000000
vt 0.311109 0.510524 0.000000
vt 0.301994 0.500000 0.000000
vt 0.292918 0.489522 0.000000
vt 0.283940 0.479212 0.000000
vt 0.275114 0.469183 0.000000
vt 0.266488 0.459531 0.000000
vt 0.258106 0.450333 0.000000
vt 0.363470 0.549097 0.000000
vt 0.355269 0.540066 0.000000
vt 0.346801 0.530563 0.000000
vt 0.338104 0.520656 0.000000
vt 0.329222 0.510433 0.000000
vt 0.320205 0.500000 0.000000
vt 0.311109 0.489476 0.000000
vt 0.301994 0.478987 0.000000
vt 0.292918 0.468656 0.000000
vt 0.283940 0.458600 0.000000
vt 0.275114 0.448920 0.000000
vt 0.266488 0.439699 0.000000
vt 0.258106 0.430998 0.000000
vt 0.371376 0.538639 0.000000
vt 0.363470 0.529608 0.000000
vt 0.355269 0.520113 0.000000
vt 0.346801 0.510216 0.000000
vt 0.338104 0.500000 0.000000
vt 0.329222 0.489567 0.000000
vt 0.320205 0.479033 0.000000
vt 0.311109 0.468521 0.000000
vt 0.301994 0.458156 0.000000
vt 0.292918 0.448057 0.000000
vt 0.283940 0.438331 0.000000
vt 0.275114 0.429066 0.000000
vt 0.266488 0.420330 0.000000
vt 0.258106 0.412166 0.000000
vt 0.378966 0.528430 0.000000
vt 0.371376 0.519391 0.000000
vt 0.363470 0.509895 0.000000
vt 0.355269 0.500000 0.000000
vt 0.346801 0.489784 0.000000
vt 0.338104 0.479344 0.000000
vt 0.329222 0.468791 0.000000
vt 0.320205 0.458246 0.000000
vt 0.311109 0.447834 0.000000
vt 0.301994 0.437678 0.000000
vt 0.292918 0.427887 0.000000
vt 0.283940 0.418556 0.000000
vt 0.275114 0.409757 0.000000
vt 0.266488 0.401544 0.000000
vt 0.258106 0.393944 0.000000
vt 0.386225 0.518549 0.000000
vt 0.378966 0.509499 0.000000
vt 0.371376 0.500000 0.000000
vt 0.363470 0.490105 0.000000
vt 0.355269 0.479887 0.000000
vt 0.346801 0.469437 0.000000
vt 0.338104 0.458861 0.000000
vt 0.329222 0.448277 0.000000
vt 0.320205 0.437810 0.000000
vt 0.311109 0.427583 0.000000
vt 0.301994 0.417709 0.000000
vt 0.292918 0.408289 0.000000
vt 0.283940 0.399402 0.000000
vt 0.275114 0.391107 0.000000
vt 0.266488 0.383440 0.000000
vt 0.258106 0.376416 0.000000
vt 0.393146 0.509058 0.000000
vt 0.386225 0.500000 0.000000
vt 0.378966 0.490501 0.000000
vt 0.371376 0.480609 0.000000
vt 0.363470 0.470392 0.000000
vt 0.355269 0.459934 0.000000
vt 0.346801 0.449336 0.000000
vt 0.338104 0.438714 0.000000
vt 0.329222 0.428188 0.000000
vt 0.320205 0.417881 0.000000
vt 0.311109 0.407911 0.000000
vt 0.301994 0.398381 0.000000
vt 0.292918 0.389380 0.000000
vt 0.283940 0.380973 0.000000
vt 0.275114 0.373203 0.000000
vt 0.266488 0.366092 0.000000
vt 0.258106 0.359642 0.000000
vt 0.399729 0.500000 0.000000
vt 0.393146 0.490942 0.000000
vt 0.386225 0.481451 0.000000
vt 0.378966 0.471570 0.000000
vt 0.371376 0.461361 0.000000
vt 0.363470 0.450903 0.000000
vt 0.355269 0.440292 0.000000
vt 0.346801 0.429635 0.000000
vt 0.338104 0.419051 0.000000
vt 0.329222 0.408663 0.000000
vt 0.320205 0.398588 0.000000
vt 0.311109 0.388935 0.000000
vt 0.301994 0.379798 0.000000
vt 0.292918 0.371250 0.000000
vt 0.283940 0.363344 0.000000
vt 0.275114 0.356107 0.000000
vt 0.266488 0.349550 0.000000
vt 0.258106 0.343663 0.000000
# 4069 texture coordinates

o Sphere
f 69/3/3 31/2/2 10/1/1
f 583/6/5 30/5/4 31/2/2
f 31/2/2 69/3/3 583/6/5
f 68/7/6 583/6/5 69/3/3
f 584/9/8 29/8/7 30/5/4
f 30/5/4 583/6/5 584/9/8
f 585/10/9 584/9/8 583/6/5
f 583/6/5 68/7/6 585/10/9
f 67/11/10 585/10/9 68/7/6
f 586/13/12 28/12/11 29/8/7
f 29/8/7 584/9/8 586/13/12
f 587/14/13 586/13/12 584/9/8
f 584/9/8 585/10/9 587/14/13
f 588/15/14 587/14/13 585/10/9
f 585/10/9 67/11/10 588/15/14
f 66/16/15 588/15/14 67/11/10
f 589/18/17 27/17/16 28/12/11
f 28/12/11 586/13/12 589/18/17
f 590/19/18 589/18/17 586/13/12
f 586/13/12 587/14/13 590/19/18
f 591/20/19 590/19/18 587/14/13
f 587/14/13 588/15/14 591/20/19
f 592/21/20 591/20/19 588/15/14
f 588/15/14 66/16/15 592/21/20
f 65/22/21 592/21/20 66/16/15
f 593/24/23 26/23/22 27/17/16
f 27/17/16 589/18/17 593/24/23
f 594/25/24 593/24/23 589/18/17
f 589/18/17 590/19/18 594/25/24
f 595/26/25 594/25/24 590/19/18
f 590/19/18 591/20/19 595/26/25
f 596/27/26 595/26/25 591/20/19
f 591/20/19 592/21/20 596/27/26
f 597/28/27 596/27/26 592/21/20
f 592/21/20 65/22/21 597/28/27
f 64/29/28 597/28/27 65/22/21
f 598/31/30 25/30/29 26/23/22
f 26/23/22 593/24/23 598/31/30
f 599/32/31 598/31/30 593/24/23
f 593/24/23 594/25/24 599/32/31
f 600/33/32 599/32/31 594/25/24
f 594/25/24 595/26/25 600/33/32
f 601/34/33 600/33/32 595/26/25
f 595/26/25 596/27/26 601/34/33
f 602/35/34 601/34/33 596/27/26
f 596/27/26 597/28/27 602/35/34
f 603/36/35 602/35/34 597/28/27
f 597/28/27 64/29/28 603/36/35
f 63/37/36 603/36/35 64/29/28
f 604/39/38 24/38/37 25/30/29
f 25/30/29 598/31/30 604/39/38
f 605/40/39 604/39/38 598/31/30
f 598/31/30 599/32/31 605/40/39
f 606/41/40 605/40/39 599/32/31
f 599/32/31 600/33/32 606/41/40
f 607/42/41 606/41/40 600/33/32
f 600/33/32 601/34/33 607/42/41
f 608/43/42 607/42/41 601/34/33
f 601/34/33 602/35/34 608/43/42
f 609/44/43 608/43/42 602/35/34
f 602/35/34 603/36/35 609/44/43
f 610/45/44 609/44/43 603/36/35
f 603/36/35 63/37/36 610/45/44
f 62/46/45 610/45/44 63/37/36
f 611/48/47 23/47/46 24/38/37
f 24/38/37 604/39/38 611/48/47
f 612/49/48 611/48/47 604/39/38
f 604/39/38 605/40/39 612/49/48
f 613/50/49 612/49/48 605/40/39
f 605/40/39 606/41/40 613/50/49
f 614/51/50 613/50/49 606/41/40
f 606/41/40 607/42/41 614/51/50
f 615/52/51 614/51/50 607/42/41
f 607/42/41 608/43/42 615/52/51
f 616/53/52 615/52/51 608/43/42
f 608/43/42 609/44/43 616/53/52
f 617/54/53 616/53/52 609/44/43
f 609/44/43 610/45/44 617/54/53
f 618/55/54 617/54/53 610/45/44
f 610/45/44 62/46/45 618/55/54
f 61/56/55 618/55/54 62/46/45
f 619/58/57 22/57/56 23/47/46
f 23/47/46 611/48/47 619/58/57
f 620/59/58 619/58/57 611/48/47
f 611/48/47 612/49/48 620/59/58
f 621/60/59 620/59/58 612/49/48
f 612/49/48 613/50/49 621/60/59
f 622/61/60 621/60/59 613/50/49
f 613/50/49 614/51/50 622/61/60
f 623/62/61 622/61/60 614/51/50
f 614/51/50 615/52/51 623/62/61
f 624/63/62 623/62/61 615/52/51
f 615/52/51 616/53/52 624/63/62
f 625/64/63 624/63/62 616/53/52
f 616/53/52 617/54/53 625/64/63
f 626/65/64 625/64/63 617/54/53
f 617/54/53 618/55/54 626/65/64
f 627/66/65 626/65/64 618/55/54
f 618/55/54 61/56/55 627/66/65
f 60/67/66 627/66/65 61/56/55
f 628/70/68 21/69/67 22/68/56
f 22/57/56 619/58/57 628/70/68
f 629/71/69 628/70/68 619/58/57
f 619/58/57 620/59/58 629/71/69
f 630/72/70 629/71/69 620/59/58
f 620/59/58 621/60/59 630/72/70
f 631/73/71 630/72/70 621/60/59
f 621/60/59 622/61/60 631/73/71
f 632/74/72 631/73/71 622/61/60
f 622/61/60 623/62/61 632/74/72
f 633/75/73 632/74/72 623/62/61
f 623/62/61 624/63/62 633/75/73
f 634/76/74 633/75/73 624/63/62
f 624/63/62 625/64/63 634/76/74
f 635/77/75 634/76/74 625/64/63
f 625/64/63 626/65/64 635/77/75
f 636/78/76 635/77/75 626/65/64
f 626/65/64 627/66/65 636/78/76
f 637/79/77 636/78/76 627/66/65
f 627/66/65 60/67/66 637/79/77
f 59/80/78 637/79/77 60/67/66
f 638/82/80 20/81/79 21/69/67
f 21/69/67 628/70/68 638/82/80
f 639/83/81 638/82/80 628/70/68
f 628/70/68 629/71/69 639/83/81
f 640/84/82 639/83/81 629/71/69
f 629/71/69 630/72/70 640/84/82
f 641/85/83 640/84/82 630/72/70
f 630/72/70 631/73/71 641/85/83
f 642/86/84 641/85/83 631/73/71
f 631/73/71 632/74/72 642/86/84
f 643/87/85 642/86/84 632/74/72
f 632/74/72 633/75/73 643/87/85
f 644/88/86 643/87/85 633/75/73
f 633/75/73 634/76/74 644/88/86
f 645/89/87 644/88/86 634/76/74
f 634/76/74 635/77/75 645/89/87
f 646/90/88 645/89/87 635/77/75
f 635/77/75 636/78/76 646/90/88
f 647/91/89 646/90/88 636/78/76
f 636/78/76 637/79/77 647/91/89
f 648/92/90 647/91/89 637/79/77
f 637/79/77 59/80/78 648/92/90
f 58/93/91 648/92/90 59/80/78
f 649/95/93 19/94/92 20/81/79
f 20/81/79 638/82/80 649/95/93
f 650/96/94 649/95/93 638/82/80
f 638/82/80 639/83/81 650/96/94
f 651/97/95 650/96/94 639/83/81
f 639/83/81 640/84/82 651/97/95
f 652/98/96 651/97/95 640/84/82
f 640/84/82 641/85/83 652/98/96
f 653/99/97 652/98/96 641/85/83
f 641/85/83 642/86/84 653/99/97
f 654/100/98 653/99/97 642/86/84
f 642/86/84 643/87/85 654/100/98
f 655/101/99 654/100/98 643/87/85
f 643/87/85 644/88/86 655/101/99
f 656/102/100 655/101/99 644/88/86
f 644/88/86 645/89/87 656/102/100
f 657/103/101 656/102/100 645/89/87
f 645/89/87 646/90/88 657/103/101
f 658/104/102 657/103/101 646/90/88
f 646/90/88 647/91/89 658/104/102
f 659/105/103 658/104/102 647/91/89
f 647/91/89 648/92/90 659/105/103
f 660/106/104 659/105/103 648/92/90
f 648/92/90 58/93/91 660/106/104
f 57/107/105 660/106/104 58/93/91
f 661/109/107 18/108/106 19/94/92
f 19/94/92 649/95/93 661/109/107
f 662/110/108 661/109/107 649/95/93
f 649/95/93 650/96/94 662/110/108
f 663/111/109 662/110/108 650/96/94
f 650/96/94 651/97/95 663/111/109
f 664/112/110 663/111/109 651/97/95
f 651/97/95 652/98/96 664/112/110
f 665/113/111 664/112/110 652/98/96
f 652/98/96 653/99/97 665/113/111
f 666/114/112 665/113/111 653/99/97
f 653/99/97 654/100/98 666/114/112
f 667/115/113 666/114/112 654/100/98
f 654/100/98 655/101/99 667/115/113
f 668/116/114 667/115/113 655/101/99
f 655/101/99 656/102/100 668/116/114
f 669/117/115 668/116/114 656/102/100
f 656/102/100 657/103/101 669/117/115
f 670/118/116 669/117/115 657/103/101
f 657/103/101 658/104/102 670/118/116
f 671/119/117 670/118/116 658/104/102
f 658/104/102 659/105/103 671/119/117
f 672/120/118 671/119/117 659/105/103
f 659/105/103 660/106/104 672/120/118
f 673/121/119 672/120/118 660/106/104
f 660/106/104 57/107/105 673/121/119
f 56/122/120 673/121/119 57/107/105
f 674/124/122 17/123/121 18/108/106
f 18/108/106 661/109/107 674/124/122
f 675/125/123 674/124/122 661/109/107
f 661/109/107 662/110/108 675/125/123
f 676/126/124 675/125/123 662/110/108
f 662/110/108 663/111/109 676/126/124
f 677/127/125 676/126/124 663/111/109
f 663/111/109 664/112/110 677/127/125
f 678/128/126 677/127/125 664/112/110
f 664/112/110 665/113/111 678/128/126
f 679/129/127 678/128/126 665/113/111
f 665/113/111 666/114/112 679/129/127
f 680/130/128 679/129/127 666/114/112
f 666/114/112 667/115/113 680/130/128
f 681/131/129 680/130/128 667/115/113
f 667/115/113 668/116/114 681/131/129
f 682/132/130 681/131/129 668/116/114
f 668/116/114 669/117/115 682/132/130
f 683/133/131 682/132/130 669/117/115
f 669/117/115 670/118/116 683/133/131
f 684/134/132 683/133/131 670/118/116
f 670/118/116 671/119/117 684/134/132
f 685/135/133 684/134/132 671/119/117
f 671/119/117 672/120/118 685/135/133
f 686/136/134 685/135/133 672/120/118
f 672/120/118 673/121/119 686/136/134
f 687/137/135 686/136/134 673/121/119
f 673/121/119 56/122/120 687/137/135
f 55/138/136 687/137/135 56/122/120
f 688/140/138 16/139/137 17/123/121
f 17/123/121 674/124/122 688/140/138
f 689/141/139 688/140/138 674/124/122
f 674/124/122 675/125/123 689/141/139
f 690/142/140 689/141/139 675/125/123
f 675/125/123 676/126/124 690/142/140
f 691/143/141 690/142/140 676/126/124
f 676/126/124 677/127/125 691/143/141
f 692/144/142 691/143/141 677/127/125
f 677/127/125 678/128/126 692/144/142
f 693/145/143 692/144/142 678/128/126
f 678/128/126 679/129/127 693/145/143
f 694/146/144 693/145/143 679/129/127
f 679/129/127 680/130/128 694/146/144
f 695/147/145 694/146/144 680/130/128
f 680/130/128 681/131/129 695/147/145
f 696/148/146 695/147/145 681/131/129
f 681/131/129 682/132/130 696/148/146
f 697/149/147 696/148/146 682/132/130
f 682/132/130 683/133/131 697/149/147
f 698/150/148 697/149/147 683/133/131
f 683/133/131 684/134/132 698/150/148
f 699/151/149 698/150/148 684/134/132
f 684/134/132 685/135/133 699/151/149
f 700/152/150 699/151/149 685/135/133
f 685/135/133 686/136/134 700/152/150
f 701/153/151 700/152/150 686/136/134
f 686/136/134 687/137/135 701/153/151
f 702/154/152 701/153/151 687/137/135
f 687/137/135 55/138/136 702/154/152
f 54/155/153 702/154/152 55/138/136
f 703/157/155 15/156/154 16/139/137
f 16/139/137 688/140/138 703/157/155
f 704/158/156 703/157/155 688/140/138
f 688/140/138 689/141/139 704/158/156
f 705/159/157 704/158/156 689/141/139
f 689/141/139 690/142/140 705/159/157
f 706/160/158 705/159/157 690/142/140
f 690/142/140 691/143/141 706/160/158
f 707/161/159 706/160/158 691/143/141
f 691/143/141 692/144/142 707/161/159
f 708/162/160 707/161/159 692/144/142
f 692/144/142 693/145/143 708/162/160
f 709/163/161 708/162/160 693/145/143
f 693/145/143 694/146/144 709/163/161
f 710/164/162 709/163/161 694/146/144
f 694/146/144 695/147/145 710/164/162
f 711/165/163 710/164/162 695/147/145
f 695/147/145 696/148/146 711/165/163
f 712/166/164 711/165/163 696/148/146
f 696/148/146 697/149/147 712/166/164
f 713/167/165 712/166/164 697/149/147
f 697/149/147 698/150/148 713/167/165
f 714/168/166 713/167/165 698/150/148
f 698/150/148 699/151/149 714/168/166
f 715/169/167 714/168/166 699/151/149
f 699/151/149 700/152/150 715/169/167
f 716/170/168 715/169/167 700/152/150
f 700/152/150 701/153/151 716/170/168
f 717/171/169 716/170/168 701/153/151
f 701/153/151 702/154/152 717/171/169
f 718/172/170 717/171/169 702/154/152
f 702/154/152 54/155/153 718/172/170
f 53/173/171 718/172/170 54/155/153
f 719/175/173 14/174/172 15/156/154
f 15/156/154 703/157/155 719/175/173
f 720/176/174 719/175/173 703/157/155
f 703/157/155 704/158/156 720/176/174
f 721/177/175 720/176/174 704/158/156
f 704/158/156 705/159/157 721/177/175
f 722/178/176 721/177/175 705/159/157
f 705/159/157 706/160/158 722/178/176
f 723/179/177 722/178/176 706/160/158
f 706/160/158 707/161/159 723/179/177
f 724/180/178 723/179/177 707/161/159
f 707/161/159 708/162/160 724/180/178
f 725/181/179 724/180/178 708/162/160
f 708/162/160 709/163/161 725/181/179
f 726/182/180 725/181/179 709/163/161
f 709/163/161 710/164/162 726/182/180
f 727/183/181 726/182/180 710/164/162
f 710/164/162 711/165/163 727/183/181
f 728/184/182 727/183/181 711/165/163
f 711/165/163 712/166/164 728/184/182
f 729/185/183 728/184/182 712/166/164
f 712/166/164 713/167/165 729/185/183
f 730/186/184 729/185/183 713/167/165
f 713/167/165 714/168/166 730/186/184
f 731/187/185 730/186/184 714/168/166
f 714/168/166 715/169/167 731/187/185
f 732/188/186 731/187/185 715/169/167
f 715/169/167 716/170/168 732/188/186
f 733/189/187 732/188/186 716/170/168
f 716/170/168 717/171/169 733/189/187
f 734/190/188 733/189/187 717/171/169
f 717/171/169 718/172/170 734/190/188
f 735/191/189 734/190/188 718/172/170
f 718/172/170 53/173/171 735/191/189
f 52/192/190 735/191/189 53/173/171
f 736/194/192 13/193/191 14/174/172
f 14/174/172 719/175/173 736/194/192
f 737/195/193 736/194/192 719/175/173
f 719/175/173 720/176/174 737/195/193
f 738/196/194 737/195/193 720/176/174
f 720/176/174 721/177/175 738/196/194
f 739/197/195 738/196/194 721/177/175
f 721/177/175 722/178/176 739/197/195
f 740/198/196 739/197/195 722/178/176
f 722/178/176 723/179/177 740/198/196
f 741/199/197 740/198/196 723/179/177
f 723/179/177 724/180/178 741/199/197
f 742/200/198 741/199/197 724/180/178
f 724/180/178 725/181/179 742/200/198
f 743/201/199 742/200/198 725/181/179
f 725/181/179 726/182/180 743/201/199
f 744/202/200 743/201/199 726/182/180
f 726/182/180 727/183/181 744/202/200
f 745/203/201 744/202/200 727/183/181
f 727/183/181 728/184/182 745/203/201
f 746/204/202 745/203/201 728/184/182
f 728/184/182 729/185/183 746/204/202
f 747/205/203 746/204/202 729/185/183
f 729/185/183 730/186/184 747/205/203
f 748/206/204 747/205/203 730/186/184
f 730/186/184 731/187/185 748/206/204
f 749/207/205 748/206/204 731/187/185
f 731/187/185 732/188/186 749/207/205
f 750/208/206 749/207/205 732/188/186
f 732/188/186 733/189/187 750/208/206
f 751/209/207 750/208/206 733/189/187
f 733/189/187 734/190/188 751/209/207
f 752/210/208 751/209/207 734/190/188
f 734/190/188 735/191/189 752/210/208
f 753/211/209 752/210/208 735/191/189
f 735/191/189 52/192/190 753/211/209
f 51/212/210 753/211/209 52/192/190
f 50/214/212 9/213/211 13/193/191
f 13/193/191 736/194/192 50/214/212
f 49/215/213 50/214/212 736/194/192
f 736/194/192 737/195/193 49/215/213
f 48/216/214 49/215/213 737/195/193
f 737/195/193 738/196/194 48/216/214
f 47/217/215 48/216/214 738/196/194
f 738/196/194 739/197/195 47/217/215
f 46/218/216 47/217/215 739/197/195
f 739/197/195 740/198/196 46/218/216
f 45/219/217 46/218/216 740/198/196
f 740/198/196 741/199/197 45/219/217
f 44/220/218 45/219/217 741/199/197
f 741/199/197 742/200/198 44/220/218
f 43/221/219 44/220/218 742/200/198
f 742/200/198 743/201/199 43/221/219
f 42/222/220 43/221/219 743/201/199
f 743/201/199 744/202/200 42/222/220
f 41/223/221 42/222/220 744/202/200
f 744/202/200 745/203/201 41/223/221
f 40/224/222 41/223/221 745/203/201
f 745/203/201 746/204/202 40/224/222
f 39/225/223 40/224/222 746/204/202
f 746/204/202 747/205/203 39/225/223
f 38/226/224 39/225/223 747/205/203
f 747/205/203 748/206/204 38/226/224
f 37/227/225 38/226/224 748/206/204
f 748/206/204 749/207/205 37/227/225
f 36/228/226 37/227/225 749/207/205
f 749/207/205 750/208/206 36/228/226
f 35/229/227 36/228/226 750/208/206
f 750/208/206 751/209/207 35/229/227
f 34/230/228 35/229/227 751/209/207
f 751/209/207 752/210/208 34/230/228
f 33/231/229 34/230/228 752/210/208
f 752/210/208 753/211/209 33/231/229
f 32/232/230 33/231/229 753/211/209
f 753/211/209 51/212/210 32/232/230
f 1/233/231 32/232/230 51/212/210
f 50/214/212 88/234/232 9/213/211
f 754/236/234 87/235/233 88/234/232
f 88/234/232 50/214/212 754/236/234
f 49/215/213 754/236/234 50/214/212
f 755/238/236 86/237/235 87/235/233
f 87/235/233 754/236/234 755/238/236
f 756/239/237 755/238/236 754/236/234
f 754/236/234 49/215/213 756/239/237
f 48/216/214 756/239/237 49/215/213
f 757/241/239 85/240/238 86/237/235
f 86/237/235 755/238/236 757/241/239
f 758/242/240 757/241/239 755/238/236
f 755/238/236 756/239/237 758/242/240
f 759/243/241 758/242/240 756/239/237
f 756/239/237 48/216/214 759/243/241
f 47/217/215 759/243/241 48/216/214
f 760/245/243 84/244/242 85/240/238
f 85/240/238 757/241/239 760/245/243
f 761/246/244 760/245/243 757/241/239
f 757/241/239 758/242/240 761/246/244
f 762/247/245 761/246/244 758/242/240
f 758/242/240 759/243/241 762/247/245
f 763/248/246 762/247/245 759/243/241
f 759/243/241 47/217/215 763/248/246
f 46/218/216 763/248/246 47/217/215
f 764/250/248 83/249/247 84/244/242
f 84/244/242 760/245/243 764/250/248
f 765/251/249 764/250/248 760/245/243
f 760/245/243 761/246/244 765/251/249
f 766/252/250 765/251/249 761/246/244
f 761/246/244 762/247/245 766/252/250
f 767/253/251 766/252/250 762/247/245
f 762/247/245 763/248/246 767/253/251
f 768/254/252 767/253/251 763/248/246
f 763/248/246 46/218/216 768/254/252
f 45/219/217 768/254/252 46/218/216
f 769/256/254 82/255/253 83/249/247
f 83/249/247 764/250/248 769/256/254
f 770/257/255 769/256/254 764/250/248
f 764/250/248 765/251/249 770/257/255
f 771/258/256 770/257/255 765/251/249
f 765/251/249 766/252/250 771/258/256
f 772/259/257 771/258/256 766/252/250
f 766/252/250 767/253/251 772/259/257
f 773/260/258 772/259/257 767/253/251
f 767/253/251 768/254/252 773/260/258
f 774/261/259 773/260/258 768/254/252
f 768/254/252 45/219/217 774/261/259
f 44/220/218 774/261/259 45/219/217
f 775/263/261 81/262/260 82/255/253
f 82/255/253 769/256/254 775/263/261
f 776/264/262 775/263/261 769/256/254
f 769/256/254 770/257/255 776/264/262
f 777/265/263 776/264/262 770/257/255
f 770/257/255 771/258/256 777/265/263
f 778/266/264 777/265/263 771/258/256
f 771/258/256 772/259/257 778/266/264
f 779/267/265 778/266/264 772/259/257
f 772/259/257 773/260/258 779/267/265
f 780/268/266 779/267/265 773/260/258
f 773/260/258 774/261/259 780/268/266
f 781/269/267 780/268/266 774/261/259
f 774/261/259 44/220/218 781/269/267
f 43/221/219 781/269/267 44/220/218
f 782/271/269 80/270/268 81/262/260
f 81/262/260 775/263/261 782/271/269
f 783/272/270 782/271/269 775/263/261
f 775/263/261 776/264/262 783/272/270
f 784/273/271 783/272/270 776/264/262
f 776/264/262 777/265/263 784/273/271
f 785/274/272 784/273/271 777/265/263
f 777/265/263 778/266/264 785/274/272
f 786/275/273 785/274/272 778/266/264
f 778/266/264 779/267/265 786/275/273
f 787/276/274 786/275/273 779/267/265
f 779/267/265 780/268/266 787/276/274
f 788/277/275 787/276/274 780/268/266
f 780/268/266 781/269/267 788/277/275
f 789/278/276 788/277/275 781/269/267
f 781/269/267 43/221/219 789/278/276
f 42/222/220 789/278/276 43/221/219
f 790/280/278 79/279/277 80/270/268
f 80/270/268 782/271/269 790/280/278
f 791/281/279 790/280/278 782/271/269
f 782/271/269 783/272/270 791/281/279
f 792/282/280 791/281/279 783/272/270
f 783/272/270 784/273/271 792/282/280
f 793/283/281 792/282/280 784/273/271
f 784/273/271 785/274/272 793/283/281
f 794/284/282 793/283/281 785/274/272
f 785/274/272 786/275/273 794/284/282
f 795/285/283 794/284/282 786/275/273
f 786/275/273 787/276/274 795/285/283
f 796/286/284 795/285/283 787/276/274
f 787/276/274 788/277/275 796/286/284
f 797/287/285 796/286/284 788/277/275
f 788/277/275 789/278/276 797/287/285
f 798/288/286 797/287/285 789/278/276
f 789/278/276 42/222/220 798/288/286
f 41/223/221 798/288/286 42/222/220
f 799/290/288 78/289/287 79/279/277
f 79/279/277 790/280/278 799/290/288
f 800/291/289 799/290/288 790/280/278
f 790/280/278 791/281/279 800/291/289
f 801/292/290 800/291/289 791/281/279
f 791/281/279 792/282/280 801/292/290
f 802/293/291 801/292/290 792/282/280
f 792/282/280 793/283/281 802/293/291
f 803/294/292 802/293/291 793/283/281
f 793/283/281 794/284/282 803/294/292
f 804/295/293 803/294/292 794/284/282
f 794/284/282 795/285/283 804/295/293
f 805/296/294 804/295/293 795/285/283
f 795/285/283 796/286/284 805/296/294
f 806/297/295 805/296/294 796/286/284
f 796/286/284 797/287/285 806/297/295
f 807/298/296 806/297/295 797/287/285
f 797/287/285 798/288/286 807/298/296
f 808/299/297 807/298/296 798/288/286
f 798/288/286 41/223/221 808/299/297
f 40/224/222 808/299/297 41/223/221
f 809/301/299 77/300/298 78/289/287
f 78/289/287 799/290/288 809/301/299
f 810/302/300 809/301/299 799/290/288
f 799/290/288 800/291/289 810/302/300
f 811/303/301 810/302/300 800/291/289
f 800/291/289 801/292/290 811/303/301
f 812/304/302 811/303/301 801/292/290
f 801/292/290 802/293/291 812/304/302
f 813/305/303 812/304/302 802/293/291
f 802/293/291 803/294/292 813/305/303
f 814/306/304 813/305/303 803/294/292
f 803/294/292 804/295/293 814/306/304
f 815/307/305 814/306/304 804/295/293
f 804/295/293 805/296/294 815/307/305
f 816/308/306 815/307/305 805/296/294
f 805/296/294 806/297/295 816/308/306
f 817/309/307 816/308/306 806/297/295
f 806/297/295 807/298/296 817/309/307
f 818/310/308 817/309/307 807/298/296
f 807/298/296 808/299/297 818/310/308
f 819/311/309 818/310/308 808/299/297
f 808/299/297 40/224/222 819/311/309
f 39/225/223 819/311/309 40/224/222
f 820/313/311 76/312/310 77/300/298
f 77/300/298 809/301/299 820/313/311
f 821/314/312 820/313/311 809/301/299
f 809/301/299 810/302/300 821/314/312
f 822/315/313 821/314/312 810/302/300
f 810/302/300 811/303/301 822/315/313
f 823/316/314 822/315/313 811/303/301
f 811/303/301 812/304/302 823/316/314
f 824/317/315 823/316/314 812/304/302
f 812/304/302 813/305/303 824/317/315
f 825/318/316 824/317/315 813/305/303
f 813/305/303 814/306/304 825/318/316
f 826/319/317 825/318/316 814/306/304
f 814/306/304 815/307/305 826/319/317
f 827/320/318 826/319/317 815/307/305
f 815/307/305 816/308/306 827/320/318
f 828/321/319 827/320/318 816/308/306
f 816/308/306 817/309/307 828/321/319
f 829/322/320 828/321/319 817/309/307
f 817/309/307 818/310/308 829/322/320
f 830/323/321 829/322/320 818/310/308
f 818/310/308 819/311/309 830/323/321
f 831/324/322 830/323/321 819/311/309
f 819/311/309 39/225/223 831/324/322
f 38/226/224 831/324/322 39/225/223
f 832/326/324 75/325/323 76/312/310
f 76/312/310 820/313/311 832/326/324
f 833/327/325 832/326/324 820/313/311
f 820/313/311 821/314/312 833/327/325
f 834/328/326 833/327/325 821/314/312
f 821/314/312 822/315/313 834/328/326
f 835/329/327 834/328/326 822/315/313
f 822/315/313 823/316/314 835/329/327
f 836/330/328 835/329/327 823/316/314
f 823/316/314 824/317/315 836/330/328
f 837/331/329 836/330/328 824/317/315
f 824/317/315 825/318/316 837/331/329
f 838/332/330 837/331/329 825/318/316
f 825/318/316 826/319/317 838/332/330
f 839/333/331 838/332/330 826/319/317
f 826/319/317 827/320/318 839/333/331
f 840/334/332 839/333/331 827/320/318
f 827/320/318 828/321/319 840/334/332
f 841/335/333 840/334/332 828/321/319
f 828/321/319 829/322/320 841/335/333
f 842/336/334 841/335/333 829/322/320
f 829/322/320 830/323/321 842/336/334
f 843/337/335 842/336/334 830/323/321
f 830/323/321 831/324/322 843/337/335
f 844/338/336 843/337/335 831/324/322
f 831/324/322 38/226/224 844/338/336
f 37/227/225 844/338/336 38/226/224
f 845/340/338 74/339/337 75/325/323
f 75/325/323 832/326/324 845/340/338
f 846/341/339 845/340/338 832/326/324
f 832/326/324 833/327/325 846/341/339
f 847/342/340 846/341/339 833/327/325
f 833/327/325 834/328/326 847/342/340
f 848/343/341 847/342/340 834/328/326
f 834/328/326 835/329/327 848/343/341
f 849/344/342 848/343/341 835/329/327
f 835/329/327 836/330/328 849/344/342
f 850/345/343 849/344/342 836/330/328
f 836/330/328 837/331/329 850/345/343
f 851/346/344 850/345/343 837/331/329
f 837/331/329 838/332/330 851/346/344
f 852/347/345 851/346/344 838/332/330
f 838/332/330 839/333/331 852/347/345
f 853/348/346 852/347/345 839/333/331
f 839/333/331 840/334/332 853/348/346
f 854/349/347 853/348/346 840/334/332
f 840/334/332 841/335/333 854/349/347
f 855/350/348 854/349/347 841/335/333
f 841/335/333 842/336/334 855/350/348
f 856/351/349 855/350/348 842/336/334
f 842/336/334 843/337/335 856/351/349
f 857/352/350 856/351/349 843/337/335
f 843/337/335 844/338/336 857/352/350
f 858/353/351 857/352/350 844/338/336
f 844/338/336 37/227/225 858/353/351
f 36/228/226 858/353/351 37/227/225
f 859/355/353 73/354/352 74/339/337
f 74/339/337 845/340/338 859/355/353
f 860/356/354 859/355/353 845/340/338
f 845/340/338 846/341/339 860/356/354
f 861/357/355 860/356/354 846/341/339
f 846/341/339 847/342/340 861/357/355
f 862/358/356 861/357/355 847/342/340
f 847/342/340 848/343/341 862/358/356
f 863/359/357 862/358/356 848/343/341
f 848/343/341 849/344/342 863/359/357
f 864/360/358 863/359/357 849/344/342
f 849/344/342 850/345/343 864/360/358
f 865/361/359 864/360/358 850/345/343
f 850/345/343 851/346/344 865/361/359
f 866/362/360 865/361/359 851/346/344
f 851/346/344 852/347/345 866/362/360
f 867/363/361 866/362/360 852/347/345
f 852/347/345 853/348/346 867/363/361
f 868/364/362 867/363/361 853/348/346
f 853/348/346 854/349/347 868/364/362
f 869/365/363 868/364/362 854/349/347
f 854/349/347 855/350/348 869/365/363
f 870/366/364 869/365/363 855/350/348
f 855/350/348 856/351/349 870/366/364
f 871/367/365 870/366/364 856/351/349
f 856/351/349 857/352/350 871/367/365
f 872/368/366 871/367/365 857/352/350
f 857/352/350 858/353/351 872/368/366
f 873/369/367 872/368/366 858/353/351
f 858/353/351 36/228/226 873/369/367
f 35/229/227 873/369/367 36/228/226
f 874/371/369 72/370/368 73/354/352
f 73/354/352 859/355/353 874/371/369
f 875/372/370 874/371/369 859/355/353
f 859/355/353 860/356/354 875/372/370
f 876/373/371 875/372/370 860/356/354
f 860/356/354 861/357/355 876/373/371
f 877/374/372 876/373/371 861/357/355
f 861/357/355 862/358/356 877/374/372
f 878/375/373 877/374/372 862/358/356
f 862/358/356 863/359/357 878/375/373
f 879/376/374 878/375/373 863/359/357
f 863/359/357 864/360/358 879/376/374
f 880/377/375 879/376/374 864/360/358
f 864/360/358 865/361/359 880/377/375
f 881/378/376 880/377/375 865/361/359
f 865/361/359 866/362/360 881/378/376
f 882/379/377 881/378/376 866/362/360
f 866/362/360 867/363/361 882/379/377
f 883/380/378 882/379/377 867/363/361
f 867/363/361 868/364/362 883/380/378
f 884/381/379 883/380/378 868/364/362
f 868/364/362 869/365/363 884/381/379
f 885/382/380 884/381/379 869/365/363
f 869/365/363 870/366/364 885/382/380
f 886/383/381 885/382/380 870/366/364
f 870/366/364 871/367/365 886/383/381
f 887/384/382 886/383/381 871/367/365
f 871/367/365 872/368/366 887/384/382
f 888/385/383 887/384/382 872/368/366
f 872/368/366 873/369/367 888/385/383
f 889/386/384 888/385/383 873/369/367
f 873/369/367 35/229/227 889/386/384
f 34/230/228 889/386/384 35/229/227
f 890/388/386 71/387/385 72/370/368
f 72/370/368 874/371/369 890/388/386
f 891/389/387 890/388/386 874/371/369
f 874/371/369 875/372/370 891/389/387
f 892/390/388 891/389/387 875/372/370
f 875/372/370 876/373/371 892/390/388
f 893/391/389 892/390/388 876/373/371
f 876/373/371 877/374/372 893/391/389
f 894/392/390 893/391/389 877/374/372
f 877/374/372 878/375/373 894/392/390
f 895/393/391 894/392/390 878/375/373
f 878/375/373 879/376/374 895/393/391
f 896/394/392 895/393/391 879/376/374
f 879/376/374 880/377/375 896/394/392
f 897/395/393 896/394/392 880/377/375
f 880/377/375 881/378/376 897/395/393
f 898/396/394 897/395/393 881/378/376
f 881/378/376 882/379/377 898/396/394
f 899/397/395 898/396/394 882/379/377
f 882/379/377 883/380/378 899/397/395
f 900/398/396 899/397/395 883/380/378
f 883/380/378 884/381/379 900/398/396
f 901/399/397 900/398/396 884/381/379
f 884/381/379 885/382/380 901/399/397
f 902/400/398 901/399/397 885/382/380
f 885/382/380 886/383/381 902/400/398
f 903/401/399 902/400/398 886/383/381
f 886/383/381 887/384/382 903/401/399
f 904/402/400 903/401/399 887/384/382
f 887/384/382 888/385/383 904/402/400
f 905/403/401 904/402/400 888/385/383
f 888/385/383 889/386/384 905/403/401
f 906/404/402 905/403/401 889/386/384
f 889/386/384 34/230/228 906/404/402
f 33/231/229 906/404/402 34/230/228
f 907/406/404 70/405/403 71/387/385
f 71/387/385 890/388/386 907/406/404
f 908/407/405 907/406/404 890/388/386
f 890/388/386 891/389/387 908/407/405
f 909/408/406 908/407/405 891/389/387
f 891/389/387 892/390/388 909/408/406
f 910/409/407 909/408/406 892/390/388
f 892/390/388 893/391/389 910/409/407
f 911/410/408 910/409/407 893/391/389
f 893/391/389 894/392/390 911/410/408
f 912/411/409 911/410/408 894/392/390
f 894/392/390 895/393/391 912/411/409
f 913/412/410 912/411/409 895/393/391
f 895/393/391 896/394/392 913/412/410
f 914/413/411 913/412/410 896/394/392
f 896/394/392 897/395/393 914/413/411
f 915/414/412 914/413/411 897/395/393
f 897/395/393 898/396/394 915/414/412
f 916/415/413 915/414/412 898/396/394
f 898/396/394 899/397/395 916/415/413
f 917/416/414 916/415/413 899/397/395
f 899/397/395 900/398/396 917/416/414
f 918/417/415 917/416/414 900/398/396
f 900/398/396 901/399/397 918/417/415
f 919/418/416 918/417/415 901/399/397
f 901/399/397 902/400/398 919/418/416
f 920/419/417 919/418/416 902/400/398
f 902/400/398 903/401/399 920/419/417
f 921/420/418 920/419/417 903/401/399
f 903/401/399 904/402/400 921/420/418
f 922/421/419 921/420/418 904/402/400
f 904/402/400 905/403/401 922/421/419
f 923/422/420 922/421/419 905/403/401
f 905/403/401 906/404/402 923/422/420
f 924/423/421 923/422/420 906/404/402
f 906/404/402 33/231/229 924/423/421
f 32/232/230 924/423/421 33/231/229
f 107/425/423 3/424/422 70/405/403
f 70/405/403 907/406/404 107/425/423
f 106/426/424 107/425/423 907/406/404
f 907/406/404 908/407/405 106/426/424
f 105/427/425 106/426/424 908/407/405
f 908/407/405 909/408/406 105/427/425
f 104/428/426 105/427/425 909/408/406
f 909/408/406 910/409/407 104/428/426
f 103/429/427 104/428/426 910/409/407
f 910/409/407 911/410/408 103/429/427
f 102/430/428 103/429/427 911/410/408
f 911/410/408 912/411/409 102/430/428
f 101/431/429 102/430/428 912/411/409
f 912/411/409 913/412/410 101/431/429
f 100/432/430 101/431/429 913/412/410
f 913/412/410 914/413/411 100/432/430
f 99/433/431 100/432/430 914/413/411
f 914/413/411 915/414/412 99/433/431
f 98/434/432 99/433/431 915/414/412
f 915/414/412 916/415/413 98/434/432
f 97/435/433 98/434/432 916/415/413
f 916/415/413 917/416/414 97/435/433
f 96/436/434 97/435/433 917/416/414
f 917/416/414 918/417/415 96/436/434
f 95/437/435 96/436/434 918/417/415
f 918/417/415 919/418/416 95/437/435
f 94/438/436 95/437/435 919/418/416
f 919/418/416 920/419/417 94/438/436
f 93/439/437 94/438/436 920/419/417
f 920/419/417 921/420/418 93/439/437
f 92/440/438 93/439/437 921/420/418
f 921/420/418 922/421/419 92/440/438
f 91/441/439 92/440/438 922/421/419
f 922/421/419 923/422/420 91/441/439
f 90/442/440 91/441/439 923/422/420
f 923/422/420 924/423/421 90/442/440
f 89/443/441 90/442/440 924/423/421
f 924/423/421 32/232/230 89/443/441
f 1/233/231 89/443/441 32/232/230
f 88/234/232 126/444/442 9/213/211
f 925/447/444 125/446/443 126/445/442
f 126/444/442 88/234/232 925/448/444
f 87/235/233 925/448/444 88/234/232
f 926/450/446 124/449/445 125/446/443
f 125/446/443 925/447/444 926/450/446
f 927/452/447 926/451/446 925/448/444
f 925/448/444 87/235/233 927/452/447
f 86/237/235 927/452/447 87/235/233
f 928/454/449 123/453/448 124/449/445
f 124/449/445 926/450/446 928/454/449
f 929/455/450 928/454/449 926/450/446
f 926/451/446 927/452/447 929/456/450
f 930/457/451 929/456/450 927/452/447
f 927/452/447 86/237/235 930/457/451
f 85/240/238 930/457/451 86/237/235
f 931/459/453 122/458/452 123/453/448
f 123/453/448 928/454/449 931/459/453
f 932/460/454 931/459/453 928/454/449
f 928/454/449 929/455/450 932/460/454
f 933/462/455 932/461/454 929/456/450
f 929/456/450 930/457/451 933/462/455
f 934/463/456 933/462/455 930/457/451
f 930/457/451 85/240/238 934/463/456
f 84/244/242 934/463/456 85/240/238
f 935/465/458 121/464/457 122/458/452
f 122/458/452 931/459/453 935/465/458
f 936/466/459 935/465/458 931/459/453
f 931/459/453 932/460/454 936/466/459
f 937/468/460 936/467/459 932/461/454
f 932/461/454 933/462/455 937/468/460
f 938/469/461 937/468/460 933/462/455
f 933/462/455 934/463/456 938/469/461
f 939/470/462 938/469/461 934/463/456
f 934/463/456 84/244/242 939/470/462
f 83/249/247 939/470/462 84/244/242
f 940/472/464 120/471/463 121/464/457
f 121/464/457 935/465/458 940/472/464
f 941/473/465 940/472/464 935/465/458
f 935/465/458 936/466/459 941/473/465
f 942/474/466 941/473/465 936/466/459
f 936/467/459 937/468/460 942/475/466
f 943/476/467 942/475/466 937/468/460
f 937/468/460 938/469/461 943/476/467
f 944/477/468 943/476/467 938/469/461
f 938/469/461 939/470/462 944/477/468
f 945/478/469 944/477/468 939/470/462
f 939/470/462 83/249/247 945/478/469
f 82/255/253 945/478/469 83/249/247
f 946/480/471 119/479/470 120/471/463
f 120/471/463 940/472/464 946/480/471
f 947/481/472 946/480/471 940/472/464
f 940/472/464 941/473/465 947/481/472
f 948/482/473 947/481/472 941/473/465
f 941/473/465 942/474/466 948/482/473
f 949/484/474 948/483/473 942/475/466
f 942/475/466 943/476/467 949/484/474
f 950/485/475 949/484/474 943/476/467
f 943/476/467 944/477/468 950/485/475
f 951/486/476 950/485/475 944/477/468
f 944/477/468 945/478/469 951/486/476
f 952/487/477 951/486/476 945/478/469
f 945/478/469 82/255/253 952/487/477
f 81/262/260 952/487/477 82/255/253
f 953/489/479 118/488/478 119/479/470
f 119/479/470 946/480/471 953/489/479
f 954/490/480 953/489/479 946/480/471
f 946/480/471 947/481/472 954/490/480
f 955/491/481 954/490/480 947/481/472
f 947/481/472 948/482/473 955/491/481
f 956/492/482 955/491/481 948/482/473
f 948/483/473 949/484/474 956/493/482
f 957/494/483 956/493/482 949/484/474
f 949/484/474 950/485/475 957/494/483
f 958/495/484 957/494/483 950/485/475
f 950/485/475 951/486/476 958/495/484
f 959/496/485 958/495/484 951/486/476
f 951/486/476 952/487/477 959/496/485
f 960/497/486 959/496/485 952/487/477
f 952/487/477 81/262/260 960/497/486
f 80/270/268 960/497/486 81/262/260
f 961/499/488 117/498/487 118/488/478
f 118/488/478 953/489/479 961/499/488
f 962/500/489 961/499/488 953/489/479
f 953/489/479 954/490/480 962/500/489
f 963/501/490 962/500/489 954/490/480
f 954/490/480 955/491/481 963/501/490
f 964/502/491 963/501/490 955/491/481
f 955/491/481 956/492/482 964/502/491
f 965/504/492 964/503/491 956/493/482
f 956/493/482 957/494/483 965/504/492
f 966/505/493 965/504/492 957/494/483
f 957/494/483 958/495/484 966/505/493
f 967/506/494 966/505/493 958/495/484
f 958/495/484 959/496/485 967/506/494
f 968/507/495 967/506/494 959/496/485
f 959/496/485 960/497/486 968/507/495
f 969/508/496 968/507/495 960/497/486
f 960/497/486 80/270/268 969/508/496
f 79/279/277 969/508/496 80/270/268
f 970/510/498 116/509/497 117/498/487
f 117/498/487 961/499/488 970/510/498
f 971/511/499 970/510/498 961/499/488
f 961/499/488 962/500/489 971/511/499
f 972/512/500 971/511/499 962/500/489
f 962/500/489 963/501/490 972/512/500
f 973/513/501 972/512/500 963/501/490
f 963/501/490 964/502/491 973/513/501
f 974/514/502 973/513/501 964/502/491
f 964/503/491 965/504/492 974/515/502
f 975/516/503 974/515/502 965/504/492
f 965/504/492 966/505/493 975/516/503
f 976/517/504 975/516/503 966/505/493
f 966/505/493 967/506/494 976/517/504
f 977/518/505 976/517/504 967/506/494
f 967/506/494 968/507/495 977/518/505
f 978/519/506 977/518/505 968/507/495
f 968/507/495 969/508/496 978/519/506
f 979/520/507 978/519/506 969/508/496
f 969/508/496 79/279/277 979/520/507
f 78/289/287 979/520/507 79/279/277
f 980/522/509 115/521/508 116/509/497
f 116/509/497 970/510/498 980/522/509
f 981/523/510 980/522/509 970/510/498
f 970/510/498 971/511/499 981/523/510
f 982/524/511 981/523/510 971/511/499
f 971/511/499 972/512/500 982/524/511
f 983/525/512 982/524/511 972/512/500
f 972/512/500 973/513/501 983/525/512
f 984/526/513 983/525/512 973/513/501
f 973/513/501 974/514/502 984/526/513
f 985/528/514 984/527/513 974/515/502
f 974/515/502 975/516/503 985/528/514
f 986/529/515 985/528/514 975/516/503
f 975/516/503 976/517/504 986/529/515
f 987/530/516 986/529/515 976/517/504
f 976/517/504 977/518/505 987/530/516
f 988/531/517 987/530/516 977/518/505
f 977/518/505 978/519/506 988/531/517
f 989/532/518 988/531/517 978/519/506
f 978/519/506 979/520/507 989/532/518
f 990/533/519 989/532/518 979/520/507
f 979/520/507 78/289/287 990/533/519
f 77/300/298 990/533/519 78/289/287
f 991/535/521 114/534/520 115/521/508
f 115/521/508 980/522/509 991/535/521
f 992/536/522 991/535/521 980/522/509
f 980/522/509 981/523/510 992/536/522
f 993/537/523 992/536/522 981/523/510
f 981/523/510 982/524/511 993/537/523
f 994/538/524 993/537/523 982/524/511
f 982/524/511 983/525/512 994/538/524
f 995/539/525 994/538/524 983/525/512
f 983/525/512 984/526/513 995/539/525
f 996/540/526 995/539/525 984/526/513
f 984/527/513 985/528/514 996/541/526
f 997/542/527 996/541/526 985/528/514
f 985/528/514 986/529/515 997/542/527
f 998/543/528 997/542/527 986/529/515
f 986/529/515 987/530/516 998/543/528
f 999/544/529 998/543/528 987/530/516
f 987/530/516 988/531/517 999/544/529
f 1000/545/530 999/544/529 988/531/517
f 988/531/517 989/532/518 1000/545/530
f 1001/546/531 1000/545/530 989/532/518
f 989/532/518 990/533/519 1001/546/531
f 1002/547/532 1001/546/531 990/533/519
f 990/533/519 77/300/298 1002/547/532
f 76/312/310 1002/547/532 77/300/298
f 1003/549/534 113/548/533 114/534/520
f 114/534/520 991/535/521 1003/549/534
f 1004/550/535 1003/549/534 991/535/521
f 991/535/521 992/536/522 1004/550/535
f 1005/551/536 1004/550/535 992/536/522
f 992/536/522 993/537/523 1005/551/536
f 1006/552/537 1005/551/536 993/537/523
f 993/537/523 994/538/524 1006/552/537
f 1007/553/538 1006/552/537 994/538/524
f 994/538/524 995/539/525 1007/553/538
f 1008/554/539 1007/553/538 995/539/525
f 995/539/525 996/540/526 1008/554/539
f 1009/555/540 1008/554/539 996/540/526
f 996/541/526 997/542/527 1009/556/540
f 1010/557/541 1009/556/540 997/542/527
f 997/542/527 998/543/528 1010/557/541
f 1011/558/542 1010/557/541 998/543/528
f 998/543/528 999/544/529 1011/558/542
f 1012/559/543 1011/558/542 999/544/529
f 999/544/529 1000/545/530 1012/559/543
f 1013/560/544 1012/559/543 1000/545/530
f 1000/545/530 1001/546/531 1013/560/544
f 1014/561/545 1013/560/544 1001/546/531
f 1001/546/531 1002/547/532 1014/561/545
f 1015/562/546 1014/561/545 1002/547/532
f 1002/547/532 76/312/310 1015/562/546
f 75/325/323 1015/562/546 76/312/310
f 1016/564/548 112/563/547 113/548/533
f 113/548/533 1003/549/534 1016/564/548
f 1017/565/549 1016/564/548 1003/549/534
f 1003/549/534 1004/550/535 1017/565/549
f 1018/566/550 1017/565/549 1004/550/535
f 1004/550/535 1005/551/536 1018/566/550
f 1019/567/551 1018/566/550 1005/551/536
f 1005/551/536 1006/552/537 1019/567/551
f 1020/568/552 1019/567/551 1006/552/537
f 1006/552/537 1007/553/538 1020/568/552
f 1021/569/553 1020/568/552 1007/553/538
f 1007/553/538 1008/554/539 1021/569/553
f 1022/570/554 1021/569/553 1008/554/539
f 1008/554/539 1009/555/540 1022/570/554
f 1023/572/555 1022/571/554 1009/556/540
f 1009/556/540 1010/557/541 1023/572/555
f 1024/573/556 1023/572/555 1010/557/541
f 1010/557/541 1011/558/542 1024/573/556
f 1025/574/557 1024/573/556 1011/558/542
f 1011/558/542 1012/559/543 1025/574/557
f 1026/575/558 1025/574/557 1012/559/543
f 1012/559/543 1013/560/544 1026/575/558
f 1027/576/559 1026/575/558 1013/560/544
f 1013/560/544 1014/561/545 1027/576/559
f 1028/577/560 1027/576/559 1014/561/545
f 1014/561/545 1015/562/546 1028/577/560
f 1029/578/561 1028/577/560 1015/562/546
f 1015/562/546 75/325/323 1029/578/561
f 74/339/337 1029/578/561 75/325/323
f 1030/580/563 111/579/562 112/563/547
f 112/563/547 1016/564/548 1030/580/563
f 1031/581/564 1030/580/563 1016/564/548
f 1016/564/548 1017/565/549 1031/581/564
f 1032/582/565 1031/581/564 1017/565/549
f 1017/565/549 1018/566/550 1032/582/565
f 1033/583/566 1032/582/565 1018/566/550
f 1018/566/550 1019/567/551 1033/583/566
f 1034/584/567 1033/583/566 1019/567/551
f 1019/567/551 1020/568/552 1034/584/567
f 1035/585/568 1034/584/567 1020/568/552
f 1020/568/552 1021/569/553 1035/585/568
f 1036/586/569 1035/585/568 1021/569/553
f 1021/569/553 1022/570/554 1036/586/569
f 1037/587/570 1036/586/569 1022/570/554
f 1022/571/554 1023/572/555 1037/588/570
f 1038/589/571 1037/588/570 1023/572/555
f 1023/572/555 1024/573/556 1038/589/571
f 1039/590/572 1038/589/571 1024/573/556
f 1024/573/556 1025/574/557 1039/590/572
f 1040/591/573 1039/590/572 1025/574/557
f 1025/574/557 1026/575/558 1040/591/573
f 1041/592/574 1040/591/573 1026/575/558
f 1026/575/558 1027/576/559 1041/592/574
f 1042/593/575 1041/592/574 1027/576/559
f 1027/576/559 1028/577/560 1042/593/575
f 1043/594/576 1042/593/575 1028/577/560
f 1028/577/560 1029/578/561 1043/594/576
f 1044/595/577 1043/594/576 1029/578/561
f 1029/578/561 74/339/337 1044/595/577
f 73/354/352 1044/595/577 74/339/337
f 1045/597/579 110/596/578 111/579/562
f 111/579/562 1030/580/563 1045/597/579
f 1046/598/580 1045/597/579 1030/580/563
f 1030/580/563 1031/581/564 1046/598/580
f 1047/599/581 1046/598/580 1031/581/564
f 1031/581/564 1032/582/565 1047/599/581
f 1048/600/582 1047/599/581 1032/582/565
f 1032/582/565 1033/583/566 1048/600/582
f 1049/601/583 1048/600/582 1033/583/566
f 1033/583/566 1034/584/567 1049/601/583
f 1050/602/584 1049/601/583 1034/584/567
f 1034/584/567 1035/585/568 1050/602/584
f 1051/603/585 1050/602/584 1035/585/568
f 1035/585/568 1036/586/569 1051/603/585
f 1052/604/586 1051/603/585 1036/586/569
f 1036/586/569 1037/587/570 1052/604/586
f 1053/606/587 1052/605/586 1037/588/570
f 1037/588/570 1038/589/571 1053/606/587
f 1054/607/588 1053/606/587 1038/589/571
f 1038/589/571 1039/590/572 1054/607/588
f 1055/608/589 1054/607/588 1039/590/572
f 1039/590/572 1040/591/573 1055/608/589
f 1056/609/590 1055/608/589 1040/591/573
f 1040/591/573 1041/592/574 1056/609/590
f 1057/610/591 1056/609/590 1041/592/574
f 1041/592/574 1042/593/575 1057/610/591
f 1058/611/592 1057/610/591 1042/593/575
f 1042/593/575 1043/594/576 1058/611/592
f 1059/612/593 1058/611/592 1043/594/576
f 1043/594/576 1044/595/577 1059/612/593
f 1060/613/594 1059/612/593 1044/595/577
f 1044/595/577 73/354/352 1060/613/594
f 72/370/368 1060/613/594 73/354/352
f 1061/615/596 109/614/595 110/596/578
f 110/596/578 1045/597/579 1061/615/596
f 1062/616/597 1061/615/596 1045/597/579
f 1045/597/579 1046/598/580 1062/616/597
f 1063/617/598 1062/616/597 1046/598/580
f 1046/598/580 1047/599/581 1063/617/598
f 1064/618/599 1063/617/598 1047/599/581
f 1047/599/581 1048/600/582 1064/618/599
f 1065/619/600 1064/618/599 1048/600/582
f 1048/600/582 1049/601/583 1065/619/600
f 1066/620/601 1065/619/600 1049/601/583
f 1049/601/583 1050/602/584 1066/620/601
f 1067/621/602 1066/620/601 1050/602/584
f 1050/602/584 1051/603/585 1067/621/602
f 1068/622/603 1067/621/602 1051/603/585
f 1051/603/585 1052/604/586 1068/622/603
f 1069/623/604 1068/622/603 1052/604/586
f 1052/605/586 1053/606/587 1069/624/604
f 1070/625/605 1069/624/604 1053/606/587
f 1053/606/587 1054/607/588 1070/625/605
f 1071/626/606 1070/625/605 1054/607/588
f 1054/607/588 1055/608/589 1071/626/606
f 1072/627/607 1071/626/606 1055/608/589
f 1055/608/589 1056/609/590 1072/627/607
f 1073/628/608 1072/627/607 1056/609/590
f 1056/609/590 1057/610/591 1073/628/608
f 1074/629/609 1073/628/608 1057/610/591
f 1057/610/591 1058/611/592 1074/629/609
f 1075/630/610 1074/629/609 1058/611/592
f 1058/611/592 1059/612/593 1075/630/610
f 1076/631/611 1075/630/610 1059/612/593
f 1059/612/593 1060/613/594 1076/631/611
f 1077/632/612 1076/631/611 1060/613/594
f 1060/613/594 72/370/368 1077/632/612
f 71/387/385 1077/632/612 72/370/368
f 1078/634/614 108/633/613 109/614/595
f 109/614/595 1061/615/596 1078/634/614
f 1079/635/615 1078/634/614 1061/615/596
f 1061/615/596 1062/616/597 1079/635/615
f 1080/636/616 1079/635/615 1062/616/597
f 1062/616/597 1063/617/598 1080/636/616
f 1081/637/617 1080/636/616 1063/617/598
f 1063/617/598 1064/618/599 1081/637/617
f 1082/638/618 1081/637/617 1064/618/599
f 1064/618/599 1065/619/600 1082/638/618
f 1083/639/619 1082/638/618 1065/619/600
f 1065/619/600 1066/620/601 1083/639/619
f 1084/640/620 1083/639/619 1066/620/601
f 1066/620/601 1067/621/602 1084/640/620
f 1085/641/621 1084/640/620 1067/621/602
f 1067/621/602 1068/622/603 1085/641/621
f 1086/642/622 1085/641/621 1068/622/603
f 1068/622/603 1069/623/604 1086/642/622
f 1087/644/623 1086/643/622 1069/624/604
f 1069/624/604 1070/625/605 1087/644/623
f 1088/645/624 1087/644/623 1070/625/605
f 1070/625/605 1071/626/606 1088/645/624
f 1089/646/625 1088/645/624 1071/626/606
f 1071/626/606 1072/627/607 1089/646/625
f 1090/647/626 1089/646/625 1072/627/607
f 1072/627/607 1073/628/608 1090/647/626
f 1091/648/627 1090/647/626 1073/628/608
f 1073/628/608 1074/629/609 1091/648/627
f 1092/649/628 1091/648/627 1074/629/609
f 1074/629/609 1075/630/610 1092/649/628
f 1093/650/629 1092/649/628 1075/630/610
f 1075/630/610 1076/631/611 1093/650/629
f 1094/651/630 1093/650/629 1076/631/611
f 1076/631/611 1077/632/612 1094/651/630
f 1095/652/631 1094/651/630 1077/632/612
f 1077/632/612 71/387/385 1095/652/631
f 70/405/403 1095/652/631 71/387/385
f 145/654/633 4/653/632 108/633/613
f 108/633/613 1078/634/614 145/654/633
f 144/655/634 145/654/633 1078/634/614
f 1078/634/614 1079/635/615 144/655/634
f 143/656/635 144/655/634 1079/635/615
f 1079/635/615 1080/636/616 143/656/635
f 142/657/636 143/656/635 1080/636/616
f 1080/636/616 1081/637/617 142/657/636
f 141/658/637 142/657/636 1081/637/617
f 1081/637/617 1082/638/618 141/658/637
f 140/659/638 141/658/637 1082/638/618
f 1082/638/618 1083/639/619 140/659/638
f 139/660/639 140/659/638 1083/639/619
f 1083/639/619 1084/640/620 139/660/639
f 138/661/640 139/660/639 1084/640/620
f 1084/640/620 1085/641/621 138/661/640
f 137/662/641 138/661/640 1085/641/621
f 1085/641/621 1086/642/622 137/662/641
f 136/663/642 137/662/641 1086/642/622
f 1086/643/622 1087/644/623 136/664/642
f 135/665/643 136/664/642 1087/644/623
f 1087/644/623 1088/645/624 135/665/643
f 134/666/644 135/665/643 1088/645/624
f 1088/645/624 1089/646/625 134/666/644
f 133/667/645 134/666/644 1089/646/625
f 1089/646/625 1090/647/626 133/667/645
f 132/668/646 133/667/645 1090/647/626
f 1090/647/626 1091/648/627 132/668/646
f 131/669/647 132/668/646 1091/648/627
f 1091/648/627 1092/649/628 131/669/647
f 130/670/648 131/669/647 1092/649/628
f 1092/649/628 1093/650/629 130/670/648
f 129/671/649 130/670/648 1093/650/629
f 1093/650/629 1094/651/630 129/671/649
f 128/672/650 129/671/649 1094/651/630
f 1094/651/630 1095/652/631 128/672/650
f 127/673/651 128/672/650 1095/652/631
f 1095/652/631 70/405/403 127/673/651
f 3/424/422 127/673/651 70/405/403
f 126/445/442 164/675/652 9/674/211
f 1096/677/654 163/676/653 164/675/652
f 164/675/652 126/445/442 1096/677/654
f 125/446/443 1096/677/654 126/445/442
f 1097/679/656 162/678/655 163/676/653
f 163/676/653 1096/677/654 1097/679/656
f 1098/680/657 1097/679/656 1096/677/654
f 1096/677/654 125/446/443 1098/680/657
f 124/449/445 1098/680/657 125/446/443
f 1099/682/659 161/681/658 162/678/655
f 162/678/655 1097/679/656 1099/682/659
f 1100/683/660 1099/682/659 1097/679/656
f 1097/679/656 1098/680/657 1100/683/660
f 1101/684/661 1100/683/660 1098/680/657
f 1098/680/657 124/449/445 1101/684/661
f 123/453/448 1101/684/661 124/449/445
f 1102/686/663 160/685/662 161/681/658
f 161/681/658 1099/682/659 1102/686/663
f 1103/687/664 1102/686/663 1099/682/659
f 1099/682/659 1100/683/660 1103/687/664
f 1104/688/665 1103/687/664 1100/683/660
f 1100/683/660 1101/684/661 1104/688/665
f 1105/689/666 1104/688/665 1101/684/661
f 1101/684/661 123/453/448 1105/689/666
f 122/458/452 1105/689/666 123/453/448
f 1106/691/668 159/690/667 160/685/662
f 160/685/662 1102/686/663 1106/691/668
f 1107/692/669 1106/691/668 1102/686/663
f 1102/686/663 1103/687/664 1107/692/669
f 1108/693/670 1107/692/669 1103/687/664
f 1103/687/664 1104/688/665 1108/693/670
f 1109/694/671 1108/693/670 1104/688/665
f 1104/688/665 1105/689/666 1109/694/671
f 1110/695/672 1109/694/671 1105/689/666
f 1105/689/666 122/458/452 1110/695/672
f 121/464/457 1110/695/672 122/458/452
f 1111/697/674 158/696/673 159/690/667
f 159/690/667 1106/691/668 1111/697/674
f 1112/698/675 1111/697/674 1106/691/668
f 1106/691/668 1107/692/669 1112/698/675
f 1113/699/676 1112/698/675 1107/692/669
f 1107/692/669 1108/693/670 1113/699/676
f 1114/700/677 1113/699/676 1108/693/670
f 1108/693/670 1109/694/671 1114/700/677
f 1115/701/678 1114/700/677 1109/694/671
f 1109/694/671 1110/695/672 1115/701/678
f 1116/702/679 1115/701/678 1110/695/672
f 1110/695/672 121/464/457 1116/702/679
f 120/471/463 1116/702/679 121/464/457
f 1117/704/681 157/703/680 158/696/673
f 158/696/673 1111/697/674 1117/704/681
f 1118/705/682 1117/704/681 1111/697/674
f 1111/697/674 1112/698/675 1118/705/682
f 1119/706/683 1118/705/682 1112/698/675
f 1112/698/675 1113/699/676 1119/706/683
f 1120/707/684 1119/706/683 1113/699/676
f 1113/699/676 1114/700/677 1120/707/684
f 1121/708/685 1120/707/684 1114/700/677
f 1114/700/677 1115/701/678 1121/708/685
f 1122/709/686 1121/708/685 1115/701/678
f 1115/701/678 1116/702/679 1122/709/686
f 1123/710/687 1122/709/686 1116/702/679
f 1116/702/679 120/471/463 1123/710/687
f 119/479/470 1123/710/687 120/471/463
f 1124/712/689 156/711/688 157/703/680
f 157/703/680 1117/704/681 1124/712/689
f 1125/713/690 1124/712/689 1117/704/681
f 1117/704/681 1118/705/682 1125/713/690
f 1126/714/691 1125/713/690 1118/705/682
f 1118/705/682 1119/706/683 1126/714/691
f 1127/715/692 1126/714/691 1119/706/683
f 1119/706/683 1120/707/684 1127/715/692
f 1128/716/693 1127/715/692 1120/707/684
f 1120/707/684 1121/708/685 1128/716/693
f 1129/717/694 1128/716/693 1121/708/685
f 1121/708/685 1122/709/686 1129/717/694
f 1130/718/695 1129/717/694 1122/709/686
f 1122/709/686 1123/710/687 1130/718/695
f 1131/719/696 1130/718/695 1123/710/687
f 1123/710/687 119/479/470 1131/719/696
f 118/488/478 1131/719/696 119/479/470
f 1132/721/698 155/720/697 156/711/688
f 156/711/688 1124/712/689 1132/721/698
f 1133/722/699 1132/721/698 1124/712/689
f 1124/712/689 1125/713/690 1133/722/699
f 1134/723/700 1133/722/699 1125/713/690
f 1125/713/690 1126/714/691 1134/723/700
f 1135/724/701 1134/723/700 1126/714/691
f 1126/714/691 1127/715/692 1135/724/701
f 1136/725/702 1135/724/701 1127/715/692
f 1127/715/692 1128/716/693 1136/725/702
f 1137/726/703 1136/725/702 1128/716/693
f 1128/716/693 1129/717/694 1137/726/703
f 1138/727/704 1137/726/703 1129/717/694
f 1129/717/694 1130/718/695 1138/727/704
f 1139/728/705 1138/727/704 1130/718/695
f 1130/718/695 1131/719/696 1139/728/705
f 1140/729/706 1139/728/705 1131/719/696
f 1131/719/696 118/488/478 1140/729/706
f 117/498/487 1140/729/706 118/488/478
f 1141/731/708 154/730/707 155/720/697
f 155/720/697 1132/721/698 1141/731/708
f 1142/732/709 1141/731/708 1132/721/698
f 1132/721/698 1133/722/699 1142/732/709
f 1143/733/710 1142/732/709 1133/722/699
f 1133/722/699 1134/723/700 1143/733/710
f 1144/734/711 1143/733/710 1134/723/700
f 1134/723/700 1135/724/701 1144/734/711
f 1145/735/712 1144/734/711 1135/724/701
f 1135/724/701 1136/725/702 1145/735/712
f 1146/736/713 1145/735/712 1136/725/702
f 1136/725/702 1137/726/703 1146/736/713
f 1147/737/714 1146/736/713 1137/726/703
f 1137/726/703 1138/727/704 1147/737/714
f 1148/738/715 1147/737/714 1138/727/704
f 1138/727/704 1139/728/705 1148/738/715
f 1149/739/716 1148/738/715 1139/728/705
f 1139/728/705 1140/729/706 1149/739/716
f 1150/740/717 1149/739/716 1140/729/706
f 1140/729/706 117/498/487 1150/740/717
f 116/509/497 1150/740/717 117/498/487
f 1151/742/719 153/741/718 154/730/707
f 154/730/707 1141/731/708 1151/742/719
f 1152/743/720 1151/742/719 1141/731/708
f 1141/731/708 1142/732/709 1152/743/720
f 1153/744/721 1152/743/720 1142/732/709
f 1142/732/709 1143/733/710 1153/744/721
f 1154/745/722 1153/744/721 1143/733/710
f 1143/733/710 1144/734/711 1154/745/722
f 1155/746/723 1154/745/722 1144/734/711
f 1144/734/711 1145/735/712 1155/746/723
f 1156/747/724 1155/746/723 1145/735/712
f 1145/735/712 1146/736/713 1156/747/724
f 1157/748/725 1156/747/724 1146/736/713
f 1146/736/713 1147/737/714 1157/748/725
f 1158/749/726 1157/748/725 1147/737/714
f 1147/737/714 1148/738/715 1158/749/726
f 1159/750/727 1158/749/726 1148/738/715
f 1148/738/715 1149/739/716 1159/750/727
f 1160/751/728 1159/750/727 1149/739/716
f 1149/739/716 1150/740/717 1160/751/728
f 1161/752/729 1160/751/728 1150/740/717
f 1150/740/717 116/509/497 1161/752/729
f 115/521/508 1161/752/729 116/509/497
f 1162/754/731 152/753/730 153/741/718
f 153/741/718 1151/742/719 1162/754/731
f 1163/755/732 1162/754/731 1151/742/719
f 1151/742/719 1152/743/720 1163/755/732
f 1164/756/733 1163/755/732 1152/743/720
f 1152/743/720 1153/744/721 1164/756/733
f 1165/757/734 1164/756/733 1153/744/721
f 1153/744/721 1154/745/722 1165/757/734
f 1166/758/735 1165/757/734 1154/745/722
f 1154/745/722 1155/746/723 1166/758/735
f 1167/759/736 1166/758/735 1155/746/723
f 1155/746/723 1156/747/724 1167/759/736
f 1168/760/737 1167/759/736 1156/747/724
f 1156/747/724 1157/748/725 1168/760/737
f 1169/761/738 1168/760/737 1157/748/725
f 1157/748/725 1158/749/726 1169/761/738
f 1170/762/739 1169/761/738 1158/749/726
f 1158/749/726 1159/750/727 1170/762/739
f 1171/763/740 1170/762/739 1159/750/727
f 1159/750/727 1160/751/728 1171/763/740
f 1172/764/741 1171/763/740 1160/751/728
f 1160/751/728 1161/752/729 1172/764/741
f 1173/765/742 1172/764/741 1161/752/729
f 1161/752/729 115/521/508 1173/765/742
f 114/534/520 1173/765/742 115/521/508
f 1174/767/744 151/766/743 152/753/730
f 152/753/730 1162/754/731 1174/767/744
f 1175/768/745 1174/767/744 1162/754/731
f 1162/754/731 1163/755/732 1175/768/745
f 1176/769/746 1175/768/745 1163/755/732
f 1163/755/732 1164/756/733 1176/769/746
f 1177/770/747 1176/769/746 1164/756/733
f 1164/756/733 1165/757/734 1177/770/747
f 1178/771/748 1177/770/747 1165/757/734
f 1165/757/734 1166/758/735 1178/771/748
f 1179/772/749 1178/771/748 1166/758/735
f 1166/758/735 1167/759/736 1179/772/749
f 1180/773/750 1179/772/749 1167/759/736
f 1167/759/736 1168/760/737 1180/773/750
f 1181/774/751 1180/773/750 1168/760/737
f 1168/760/737 1169/761/738 1181/774/751
f 1182/775/752 1181/774/751 1169/761/738
f 1169/761/738 1170/762/739 1182/775/752
f 1183/776/753 1182/775/752 1170/762/739
f 1170/762/739 1171/763/740 1183/776/753
f 1184/777/754 1183/776/753 1171/763/740
f 1171/763/740 1172/764/741 1184/777/754
f 1185/778/755 1184/777/754 1172/764/741
f 1172/764/741 1173/765/742 1185/778/755
f 1186/779/756 1185/778/755 1173/765/742
f 1173/765/742 114/534/520 1186/779/756
f 113/548/533 1186/779/756 114/534/520
f 1187/781/758 150/780/757 151/766/743
f 151/766/743 1174/767/744 1187/781/758
f 1188/782/759 1187/781/758 1174/767/744
f 1174/767/744 1175/768/745 1188/782/759
f 1189/783/760 1188/782/759 1175/768/745
f 1175/768/745 1176/769/746 1189/783/760
f 1190/784/761 1189/783/760 1176/769/746
f 1176/769/746 1177/770/747 1190/784/761
f 1191/785/762 1190/784/761 1177/770/747
f 1177/770/747 1178/771/748 1191/785/762
f 1192/786/763 1191/785/762 1178/771/748
f 1178/771/748 1179/772/749 1192/786/763
f 1193/787/764 1192/786/763 1179/772/749
f 1179/772/749 1180/773/750 1193/787/764
f 1194/788/765 1193/787/764 1180/773/750
f 1180/773/750 1181/774/751 1194/788/765
f 1195/789/766 1194/788/765 1181/774/751
f 1181/774/751 1182/775/752 1195/789/766
f 1196/790/767 1195/789/766 1182/775/752
f 1182/775/752 1183/776/753 1196/790/767
f 1197/791/768 1196/790/767 1183/776/753
f 1183/776/753 1184/777/754 1197/791/768
f 1198/792/769 1197/791/768 1184/777/754
f 1184/777/754 1185/778/755 1198/792/769
f 1199/793/770 1198/792/769 1185/778/755
f 1185/778/755 1186/779/756 1199/793/770
f 1200/794/771 1199/793/770 1186/779/756
f 1186/779/756 113/548/533 1200/794/771
f 112/563/547 1200/794/771 113/548/533
f 1201/796/773 149/795/772 150/780/757
f 150/780/757 1187/781/758 1201/796/773
f 1202/797/774 1201/796/773 1187/781/758
f 1187/781/758 1188/782/759 1202/797/774
f 1203/798/775 1202/797/774 1188/782/759
f 1188/782/759 1189/783/760 1203/798/775
f 1204/799/776 1203/798/775 1189/783/760
f 1189/783/760 1190/784/761 1204/799/776
f 1205/800/777 1204/799/776 1190/784/761
f 1190/784/761 1191/785/762 1205/800/777
f 1206/801/778 1205/800/777 1191/785/762
f 1191/785/762 1192/786/763 1206/801/778
f 1207/802/779 1206/801/778 1192/786/763
f 1192/786/763 1193/787/764 1207/802/779
f 1208/803/780 1207/802/779 1193/787/764
f 1193/787/764 1194/788/765 1208/803/780
f 1209/804/781 1208/803/780 1194/788/765
f 1194/788/765 1195/789/766 1209/804/781
f 1210/805/782 1209/804/781 1195/789/766
f 1195/789/766 1196/790/767 1210/805/782
f 1211/806/783 1210/805/782 1196/790/767
f 1196/790/767 1197/791/768 1211/806/783
f 1212/807/784 1211/806/783 1197/791/768
f 1197/791/768 1198/792/769 1212/807/784
f 1213/808/785 1212/807/784 1198/792/769
f 1198/792/769 1199/793/770 1213/808/785
f 1214/809/786 1213/808/785 1199/793/770
f 1199/793/770 1200/794/771 1214/809/786
f 1215/810/787 1214/809/786 1200/794/771
f 1200/794/771 112/563/547 1215/810/787
f 111/579/562 1215/810/787 112/563/547
f 1216/812/789 148/811/788 149/795/772
f 149/795/772 1201/796/773 1216/812/789
f 1217/813/790 1216/812/789 1201/796/773
f 1201/796/773 1202/797/774 1217/813/790
f 1218/814/791 1217/813/790 1202/797/774
f 1202/797/774 1203/798/775 1218/814/791
f 1219/815/792 1218/814/791 1203/798/775
f 1203/798/775 1204/799/776 1219/815/792
f 1220/816/793 1219/815/792 1204/799/776
f 1204/799/776 1205/800/777 1220/816/793
f 1221/817/794 1220/816/793 1205/800/777
f 1205/800/777 1206/801/778 1221/817/794
f 1222/818/795 1221/817/794 1206/801/778
f 1206/801/778 1207/802/779 1222/818/795
f 1223/819/796 1222/818/795 1207/802/779
f 1207/802/779 1208/803/780 1223/819/796
f 1224/820/797 1223/819/796 1208/803/780
f 1208/803/780 1209/804/781 1224/820/797
f 1225/821/798 1224/820/797 1209/804/781
f 1209/804/781 1210/805/782 1225/821/798
f 1226/822/799 1225/821/798 1210/805/782
f 1210/805/782 1211/806/783 1226/822/799
f 1227/823/800 1226/822/799 1211/806/783
f 1211/806/783 1212/807/784 1227/823/800
f 1228/824/801 1227/823/800 1212/807/784
f 1212/807/784 1213/808/785 1228/824/801
f 1229/825/802 1228/824/801 1213/808/785
f 1213/808/785 1214/809/786 1229/825/802
f 1230/826/803 1229/825/802 1214/809/786
f 1214/809/786 1215/810/787 1230/826/803
f 1231/827/804 1230/826/803 1215/810/787
f 1215/810/787 111/579/562 1231/827/804
f 110/596/578 1231/827/804 111/579/562
f 1232/829/806 147/828/805 148/811/788
f 148/811/788 1216/812/789 1232/829/806
f 1233/830/807 1232/829/806 1216/812/789
f 1216/812/789 1217/813/790 1233/830/807
f 1234/831/808 1233/830/807 1217/813/790
f 1217/813/790 1218/814/791 1234/831/808
f 1235/832/809 1234/831/808 1218/814/791
f 1218/814/791 1219/815/792 1235/832/809
f 1236/833/810 1235/832/809 1219/815/792
f 1219/815/792 1220/816/793 1236/833/810
f 1237/834/811 1236/833/810 1220/816/793
f 1220/816/793 1221/817/794 1237/834/811
f 1238/835/812 1237/834/811 1221/817/794
f 1221/817/794 1222/818/795 1238/835/812
f 1239/836/813 1238/835/812 1222/818/795
f 1222/818/795 1223/819/796 1239/836/813
f 1240/837/814 1239/836/813 1223/819/796
f 1223/819/796 1224/820/797 1240/837/814
f 1241/838/815 1240/837/814 1224/820/797
f 1224/820/797 1225/821/798 1241/838/815
f 1242/839/816 1241/838/815 1225/821/798
f 1225/821/798 1226/822/799 1242/839/816
f 1243/840/817 1242/839/816 1226/822/799
f 1226/822/799 1227/823/800 1243/840/817
f 1244/841/818 1243/840/817 1227/823/800
f 1227/823/800 1228/824/801 1244/841/818
f 1245/842/819 1244/841/818 1228/824/801
f 1228/824/801 1229/825/802 1245/842/819
f 1246/843/820 1245/842/819 1229/825/802
f 1229/825/802 1230/826/803 1246/843/820
f 1247/844/821 1246/843/820 1230/826/803
f 1230/826/803 1231/827/804 1247/844/821
f 1248/845/822 1247/844/821 1231/827/804
f 1231/827/804 110/596/578 1248/845/822
f 109/614/595 1248/845/822 110/596/578
f 1249/847/824 146/846/823 147/828/805
f 147/828/805 1232/829/806 1249/847/824
f 1250/848/825 1249/847/824 1232/829/806
f 1232/829/806 1233/830/807 1250/848/825
f 1251/849/826 1250/848/825 1233/830/807
f 1233/830/807 1234/831/808 1251/849/826
f 1252/850/827 1251/849/826 1234/831/808
f 1234/831/808 1235/832/809 1252/850/827
f 1253/851/828 1252/850/827 1235/832/809
f 1235/832/809 1236/833/810 1253/851/828
f 1254/852/829 1253/851/828 1236/833/810
f 1236/833/810 1237/834/811 1254/852/829
f 1255/853/830 1254/852/829 1237/834/811
f 1237/834/811 1238/835/812 1255/853/830
f 1256/854/831 1255/853/830 1238/835/812
f 1238/835/812 1239/836/813 1256/854/831
f 1257/855/832 1256/854/831 1239/836/813
f 1239/836/813 1240/837/814 1257/855/832
f 1258/856/833 1257/855/832 1240/837/814
f 1240/837/814 1241/838/815 1258/856/833
f 1259/857/834 1258/856/833 1241/838/815
f 1241/838/815 1242/839/816 1259/857/834
f 1260/858/835 1259/857/834 1242/839/816
f 1242/839/816 1243/840/817 1260/858/835
f 1261/859/836 1260/858/835 1243/840/817
f 1243/840/817 1244/841/818 1261/859/836
f 1262/860/837 1261/859/836 1244/841/818
f 1244/841/818 1245/842/819 1262/860/837
f 1263/861/838 1262/860/837 1245/842/819
f 1245/842/819 1246/843/820 1263/861/838
f 1264/862/839 1263/861/838 1246/843/820
f 1246/843/820 1247/844/821 1264/862/839
f 1265/863/840 1264/862/839 1247/844/821
f 1247/844/821 1248/845/822 1265/863/840
f 1266/864/841 1265/863/840 1248/845/822
f 1248/845/822 109/614/595 1266/864/841
f 108/633/613 1266/864/841 109/614/595
f 183/866/843 5/865/842 146/846/823
f 146/846/823 1249/847/824 183/866/843
f 182/867/844 183/866/843 1249/847/824
f 1249/847/824 1250/848/825 182/867/844
f 181/868/845 182/867/844 1250/848/825
f 1250/848/825 1251/849/826 181/868/845
f 180/869/846 181/868/845 1251/849/826
f 1251/849/826 1252/850/827 180/869/846
f 179/870/847 180/869/846 1252/850/827
f 1252/850/827 1253/851/828 179/870/847
f 178/871/848 179/870/847 1253/851/828
f 1253/851/828 1254/852/829 178/871/848
f 177/872/849 178/871/848 1254/852/829
f 1254/852/829 1255/853/830 177/872/849
f 176/873/850 177/872/849 1255/853/830
f 1255/853/830 1256/854/831 176/873/850
f 175/874/851 176/873/850 1256/854/831
f 1256/854/831 1257/855/832 175/874/851
f 174/875/852 175/874/851 1257/855/832
f 1257/855/832 1258/856/833 174/875/852
f 173/876/853 174/875/852 1258/856/833
f 1258/856/833 1259/857/834 173/876/853
f 172/877/854 173/876/853 1259/857/834
f 1259/857/834 1260/858/835 172/877/854
f 171/878/855 172/877/854 1260/858/835
f 1260/858/835 1261/859/836 171/878/855
f 170/879/856 171/878/855 1261/859/836
f 1261/859/836 1262/860/837 170/879/856
f 169/880/857 170/879/856 1262/860/837
f 1262/860/837 1263/861/838 169/880/857
f 168/881/858 169/880/857 1263/861/838
f 1263/861/838 1264/862/839 168/881/858
f 167/882/859 168/881/858 1264/862/839
f 1264/862/839 1265/863/840 167/882/859
f 166/883/860 167/882/859 1265/863/840
f 1265/863/840 1266/864/841 166/883/860
f 165/884/861 166/883/860 1266/864/841
f 1266/864/841 108/633/613 165/884/861
f 4/653/632 165/884/861 108/633/613
f 164/675/652 13/885/191 9/674/211
f 1267/887/862 14/886/172 13/885/191
f 13/885/191 164/675/652 1267/887/862
f 163/676/653 1267/887/862 164/675/652
f 1268/889/863 15/888/154 14/886/172
f 14/886/172 1267/887/862 1268/889/863
f 1269/890/864 1268/889/863 1267/887/862
f 1267/887/862 163/676/653 1269/890/864
f 162/678/655 1269/890/864 163/676/653
f 1270/892/865 16/891/137 15/888/154
f 15/888/154 1268/889/863 1270/892/865
f 1271/893/866 1270/892/865 1268/889/863
f 1268/889/863 1269/890/864 1271/893/866
f 1272/894/867 1271/893/866 1269/890/864
f 1269/890/864 162/678/655 1272/894/867
f 161/681/658 1272/894/867 162/678/655
f 1273/896/868 17/895/121 16/891/137
f 16/891/137 1270/892/865 1273/896/868
f 1274/897/869 1273/896/868 1270/892/865
f 1270/892/865 1271/893/866 1274/897/869
f 1275/898/870 1274/897/869 1271/893/866
f 1271/893/866 1272/894/867 1275/898/870
f 1276/899/871 1275/898/870 1272/894/867
f 1272/894/867 161/681/658 1276/899/871
f 160/685/662 1276/899/871 161/681/658
f 1277/901/872 18/900/106 17/895/121
f 17/895/121 1273/896/868 1277/901/872
f 1278/902/873 1277/901/872 1273/896/868
f 1273/896/868 1274/897/869 1278/902/873
f 1279/903/874 1278/902/873 1274/897/869
f 1274/897/869 1275/898/870 1279/903/874
f 1280/904/875 1279/903/874 1275/898/870
f 1275/898/870 1276/899/871 1280/904/875
f 1281/905/876 1280/904/875 1276/899/871
f 1276/899/871 160/685/662 1281/905/876
f 159/690/667 1281/905/876 160/685/662
f 1282/907/877 19/906/92 18/900/106
f 18/900/106 1277/901/872 1282/907/877
f 1283/908/878 1282/907/877 1277/901/872
f 1277/901/872 1278/902/873 1283/908/878
f 1284/909/879 1283/908/878 1278/902/873
f 1278/902/873 1279/903/874 1284/909/879
f 1285/910/880 1284/909/879 1279/903/874
f 1279/903/874 1280/904/875 1285/910/880
f 1286/911/881 1285/910/880 1280/904/875
f 1280/904/875 1281/905/876 1286/911/881
f 1287/912/882 1286/911/881 1281/905/876
f 1281/905/876 159/690/667 1287/912/882
f 158/696/673 1287/912/882 159/690/667
f 1288/914/883 20/913/79 19/906/92
f 19/906/92 1282/907/877 1288/914/883
f 1289/915/884 1288/914/883 1282/907/877
f 1282/907/877 1283/908/878 1289/915/884
f 1290/916/885 1289/915/884 1283/908/878
f 1283/908/878 1284/909/879 1290/916/885
f 1291/917/886 1290/916/885 1284/909/879
f 1284/909/879 1285/910/880 1291/917/886
f 1292/918/887 1291/917/886 1285/910/880
f 1285/910/880 1286/911/881 1292/918/887
f 1293/919/888 1292/918/887 1286/911/881
f 1286/911/881 1287/912/882 1293/919/888
f 1294/920/889 1293/919/888 1287/912/882
f 1287/912/882 158/696/673 1294/920/889
f 157/703/680 1294/920/889 158/696/673
f 1295/922/890 21/921/67 20/913/79
f 20/913/79 1288/914/883 1295/922/890
f 1296/923/891 1295/922/890 1288/914/883
f 1288/914/883 1289/915/884 1296/923/891
f 1297/924/892 1296/923/891 1289/915/884
f 1289/915/884 1290/916/885 1297/924/892
f 1298/925/893 1297/924/892 1290/916/885
f 1290/916/885 1291/917/886 1298/925/893
f 1299/926/894 1298/925/893 1291/917/886
f 1291/917/886 1292/918/887 1299/926/894
f 1300/927/895 1299/926/894 1292/918/887
f 1292/918/887 1293/919/888 1300/927/895
f 1301/928/896 1300/927/895 1293/919/888
f 1293/919/888 1294/920/889 1301/928/896
f 1302/929/897 1301/928/896 1294/920/889
f 1294/920/889 157/703/680 1302/929/897
f 156/711/688 1302/929/897 157/703/680
f 1303/931/898 22/930/56 21/921/67
f 21/921/67 1295/922/890 1303/931/898
f 1304/932/899 1303/931/898 1295/922/890
f 1295/922/890 1296/923/891 1304/932/899
f 1305/933/900 1304/932/899 1296/923/891
f 1296/923/891 1297/924/892 1305/933/900
f 1306/934/901 1305/933/900 1297/924/892
f 1297/924/892 1298/925/893 1306/934/901
f 1307/935/902 1306/934/901 1298/925/893
f 1298/925/893 1299/926/894 1307/935/902
f 1308/936/903 1307/935/902 1299/926/894
f 1299/926/894 1300/927/895 1308/936/903
f 1309/937/904 1308/936/903 1300/927/895
f 1300/927/895 1301/928/896 1309/937/904
f 1310/938/905 1309/937/904 1301/928/896
f 1301/928/896 1302/929/897 1310/938/905
f 1311/939/906 1310/938/905 1302/929/897
f 1302/929/897 156/711/688 1311/939/906
f 155/720/697 1311/939/906 156/711/688
f 1312/941/907 23/47/46 22/940/56
f 22/930/56 1303/931/898 1312/941/907
f 1313/942/908 1312/941/907 1303/931/898
f 1303/931/898 1304/932/899 1313/942/908
f 1314/943/909 1313/942/908 1304/932/899
f 1304/932/899 1305/933/900 1314/943/909
f 1315/944/910 1314/943/909 1305/933/900
f 1305/933/900 1306/934/901 1315/944/910
f 1316/945/911 1315/944/910 1306/934/901
f 1306/934/901 1307/935/902 1316/945/911
f 1317/946/912 1316/945/911 1307/935/902
f 1307/935/902 1308/936/903 1317/946/912
f 1318/947/913 1317/946/912 1308/936/903
f 1308/936/903 1309/937/904 1318/947/913
f 1319/948/914 1318/947/913 1309/937/904
f 1309/937/904 1310/938/905 1319/948/914
f 1320/949/915 1319/948/914 1310/938/905
f 1310/938/905 1311/939/906 1320/949/915
f 1321/950/916 1320/949/915 1311/939/906
f 1311/939/906 155/720/697 1321/950/916
f 154/730/707 1321/950/916 155/720/697
f 1322/951/917 24/38/37 23/47/46
f 23/47/46 1312/941/907 1322/951/917
f 1323/952/918 1322/951/917 1312/941/907
f 1312/941/907 1313/942/908 1323/952/918
f 1324/953/919 1323/952/918 1313/942/908
f 1313/942/908 1314/943/909 1324/953/919
f 1325/954/920 1324/953/919 1314/943/909
f 1314/943/909 1315/944/910 1325/954/920
f 1326/955/921 1325/954/920 1315/944/910
f 1315/944/910 1316/945/911 1326/955/921
f 1327/956/922 1326/955/921 1316/945/911
f 1316/945/911 1317/946/912 1327/956/922
f 1328/957/923 1327/956/922 1317/946/912
f 1317/946/912 1318/947/913 1328/957/923
f 1329/958/924 1328/957/923 1318/947/913
f 1318/947/913 1319/948/914 1329/958/924
f 1330/959/925 1329/958/924 1319/948/914
f 1319/948/914 1320/949/915 1330/959/925
f 1331/960/926 1330/959/925 1320/949/915
f 1320/949/915 1321/950/916 1331/960/926
f 1332/961/927 1331/960/926 1321/950/916
f 1321/950/916 154/730/707 1332/961/927
f 153/741/718 1332/961/927 154/730/707
f 1333/962/928 25/30/29 24/38/37
f 24/38/37 1322/951/917 1333/962/928
f 1334/963/929 1333/962/928 1322/951/917
f 1322/951/917 1323/952/918 1334/963/929
f 1335/964/930 1334/963/929 1323/952/918
f 1323/952/918 1324/953/919 1335/964/930
f 1336/965/931 1335/964/930 1324/953/919
f 1324/953/919 1325/954/920 1336/965/931
f 1337/966/932 1336/965/931 1325/954/920
f 1325/954/920 1326/955/921 1337/966/932
f 1338/967/933 1337/966/932 1326/955/921
f 1326/955/921 1327/956/922 1338/967/933
f 1339/968/934 1338/967/933 1327/956/922
f 1327/956/922 1328/957/923 1339/968/934
f 1340/969/935 1339/968/934 1328/957/923
f 1328/957/923 1329/958/924 1340/969/935
f 1341/970/936 1340/969/935 1329/958/924
f 1329/958/924 1330/959/925 1341/970/936
f 1342/971/937 1341/970/936 1330/959/925
f 1330/959/925 1331/960/926 1342/971/937
f 1343/972/938 1342/971/937 1331/960/926
f 1331/960/926 1332/961/927 1343/972/938
f 1344/973/939 1343/972/938 1332/961/927
f 1332/961/927 153/741/718 1344/973/939
f 152/753/730 1344/973/939 153/741/718
f 1345/974/940 26/23/22 25/30/29
f 25/30/29 1333/962/928 1345/974/940
f 1346/975/941 1345/974/940 1333/962/928
f 1333/962/928 1334/963/929 1346/975/941
f 1347/976/942 1346/975/941 1334/963/929
f 1334/963/929 1335/964/930 1347/976/942
f 1348/977/943 1347/976/942 1335/964/930
f 1335/964/930 1336/965/931 1348/977/943
f 1349/978/944 1348/977/943 1336/965/931
f 1336/965/931 1337/966/932 1349/978/944
f 1350/979/945 1349/978/944 1337/966/932
f 1337/966/932 1338/967/933 1350/979/945
f 1351/980/946 1350/979/945 1338/967/933
f 1338/967/933 1339/968/934 1351/980/946
f 1352/981/947 1351/980/946 1339/968/934
f 1339/968/934 1340/969/935 1352/981/947
f 1353/982/948 1352/981/947 1340/969/935
f 1340/969/935 1341/970/936 1353/982/948
f 1354/983/949 1353/982/948 1341/970/936
f 1341/970/936 1342/971/937 1354/983/949
f 1355/984/950 1354/983/949 1342/971/937
f 1342/971/937 1343/972/938 1355/984/950
f 1356/985/951 1355/984/950 1343/972/938
f 1343/972/938 1344/973/939 1356/985/951
f 1357/986/952 1356/985/951 1344/973/939
f 1344/973/939 152/753/730 1357/986/952
f 151/766/743 1357/986/952 152/753/730
f 1358/987/953 27/17/16 26/23/22
f 26/23/22 1345/974/940 1358/987/953
f 1359/988/954 1358/987/953 1345/974/940
f 1345/974/940 1346/975/941 1359/988/954
f 1360/989/955 1359/988/954 1346/975/941
f 1346/975/941 1347/976/942 1360/989/955
f 1361/990/956 1360/989/955 1347/976/942
f 1347/976/942 1348/977/943 1361/990/956
f 1362/991/957 1361/990/956 1348/977/943
f 1348/977/943 1349/978/944 1362/991/957
f 1363/992/958 1362/991/957 1349/978/944
f 1349/978/944 1350/979/945 1363/992/958
f 1364/993/959 1363/992/958 1350/979/945
f 1350/979/945 1351/980/946 1364/993/959
f 1365/994/960 1364/993/959 1351/980/946
f 1351/980/946 1352/981/947 1365/994/960
f 1366/995/961 1365/994/960 1352/981/947
f 1352/981/947 1353/982/948 1366/995/961
f 1367/996/962 1366/995/961 1353/982/948
f 1353/982/948 1354/983/949 1367/996/962
f 1368/997/963 1367/996/962 1354/983/949
f 1354/983/949 1355/984/950 1368/997/963
f 1369/998/964 1368/997/963 1355/984/950
f 1355/984/950 1356/985/951 1369/998/964
f 1370/999/965 1369/998/964 1356/985/951
f 1356/985/951 1357/986/952 1370/999/965
f 1371/1000/966 1370/999/965 1357/986/952
f 1357/986/952 151/766/743 1371/1000/966
f 150/780/757 1371/1000/966 151/766/743
f 1372/1001/967 28/12/11 27/17/16
f 27/17/16 1358/987/953 1372/1001/967
f 1373/1002/968 1372/1001/967 1358/987/953
f 1358/987/953 1359/988/954 1373/1002/968
f 1374/1003/969 1373/1002/968 1359/988/954
f 1359/988/954 1360/989/955 1374/1003/969
f 1375/1004/970 1374/1003/969 1360/989/955
f 1360/989/955 1361/990/956 1375/1004/970
f 1376/1005/971 1375/1004/970 1361/990/956
f 1361/990/956 1362/991/957 1376/1005/971
f 1377/1006/972 1376/1005/971 1362/991/957
f 1362/991/957 1363/992/958 1377/1006/972
f 1378/1007/973 1377/1006/972 1363/992/958
f 1363/992/958 1364/993/959 1378/1007/973
f 1379/1008/974 1378/1007/973 1364/993/959
f 1364/993/959 1365/994/960 1379/1008/974
f 1380/1009/975 1379/1008/974 1365/994/960
f 1365/994/960 1366/995/961 1380/1009/975
f 1381/1010/976 1380/1009/975 1366/995/961
f 1366/995/961 1367/996/962 1381/1010/976
f 1382/1011/977 1381/1010/976 1367/996/962
f 1367/996/962 1368/997/963 1382/1011/977
f 1383/1012/978 1382/1011/977 1368/997/963
f 1368/997/963 1369/998/964 1383/1012/978
f 1384/1013/979 1383/1012/978 1369/998/964
f 1369/998/964 1370/999/965 1384/1013/979
f 1385/1014/980 1384/1013/979 1370/999/965
f 1370/999/965 1371/1000/966 1385/1014/980
f 1386/1015/981 1385/1014/980 1371/1000/966
f 1371/1000/966 150/780/757 1386/1015/981
f 149/795/772 1386/1015/981 150/780/757
f 1387/1016/982 29/8/7 28/12/11
f 28/12/11 1372/1001/967 1387/1016/982
f 1388/1017/983 1387/1016/982 1372/1001/967
f 1372/1001/967 1373/1002/968 1388/1017/983
f 1389/1018/984 1388/1017/983 1373/1002/968
f 1373/1002/968 1374/1003/969 1389/1018/984
f 1390/1019/985 1389/1018/984 1374/1003/969
f 1374/1003/969 1375/1004/970 1390/1019/985
f 1391/1020/986 1390/1019/985 1375/1004/970
f 1375/1004/970 1376/1005/971 1391/1020/986
f 1392/1021/987 1391/1020/986 1376/1005/971
f 1376/1005/971 1377/1006/972 1392/1021/987
f 1393/1022/988 1392/1021/987 1377/1006/972
f 1377/1006/972 1378/1007/973 1393/1022/988
f 1394/1023/989 1393/1022/988 1378/1007/973
f 1378/1007/973 1379/1008/974 1394/1023/989
f 1395/1024/990 1394/1023/989 1379/1008/974
f 1379/1008/974 1380/1009/975 1395/1024/990
f 1396/1025/991 1395/1024/990 1380/1009/975
f 1380/1009/975 1381/1010/976 1396/1025/991
f 1397/1026/992 1396/1025/991 1381/1010/976
f 1381/1010/976 1382/1011/977 1397/1026/992
f 1398/1027/993 1397/1026/992 1382/1011/977
f 1382/1011/977 1383/1012/978 1398/1027/993
f 1399/1028/994 1398/1027/993 1383/1012/978
f 1383/1012/978 1384/1013/979 1399/1028/994
f 1400/1029/995 1399/1028/994 1384/1013/979
f 1384/1013/979 1385/1014/980 1400/1029/995
f 1401/1030/996 1400/1029/995 1385/1014/980
f 1385/1014/980 1386/1015/981 1401/1030/996
f 1402/1031/997 1401/1030/996 1386/1015/981
f 1386/1015/981 149/795/772 1402/1031/997
f 148/811/788 1402/1031/997 149/795/772
f 1403/1032/998 30/5/4 29/8/7
f 29/8/7 1387/1016/982 1403/1032/998
f 1404/1033/999 1403/1032/998 1387/1016/982
f 1387/1016/982 1388/1017/983 1404/1033/999
f 1405/1034/1000 1404/1033/999 1388/1017/983
f 1388/1017/983 1389/1018/984 1405/1034/1000
f 1406/1035/1001 1405/1034/1000 1389/1018/984
f 1389/1018/984 1390/1019/985 1406/1035/1001
f 1407/1036/1002 1406/1035/1001 1390/1019/985
f 1390/1019/985 1391/1020/986 1407/1036/1002
f 1408/1037/1003 1407/1036/1002 1391/1020/986
f 1391/1020/986 1392/1021/987 1408/1037/1003
f 1409/1038/1004 1408/1037/1003 1392/1021/987
f 1392/1021/987 1393/1022/988 1409/1038/1004
f 1410/1039/1005 1409/1038/1004 1393/1022/988
f 1393/1022/988 1394/1023/989 1410/1039/1005
f 1411/1040/1006 1410/1039/1005 1394/1023/989
f 1394/1023/989 1395/1024/990 1411/1040/1006
f 1412/1041/1007 1411/1040/1006 1395/1024/990
f 1395/1024/990 1396/1025/991 1412/1041/1007
f 1413/1042/1008 1412/1041/1007 1396/1025/991
f 1396/1025/991 1397/1026/992 1413/1042/1008
f 1414/1043/1009 1413/1042/1008 1397/1026/992
f 1397/1026/992 1398/1027/993 1414/1043/1009
f 1415/1044/1010 1414/1043/1009 1398/1027/993
f 1398/1027/993 1399/1028/994 1415/1044/1010
f 1416/1045/1011 1415/1044/1010 1399/1028/994
f 1399/1028/994 1400/1029/995 1416/1045/1011
f 1417/1046/1012 1416/1045/1011 1400/1029/995
f 1400/1029/995 1401/1030/996 1417/1046/1012
f 1418/1047/1013 1417/1046/1012 1401/1030/996
f 1401/1030/996 1402/1031/997 1418/1047/1013
f 1419/1048/1014 1418/1047/1013 1402/1031/997
f 1402/1031/997 148/811/788 1419/1048/1014
f 147/828/805 1419/1048/1014 148/811/788
f 1420/1049/1015 31/2/2 30/5/4
f 30/5/4 1403/1032/998 1420/1049/1015
f 1421/1050/1016 1420/1049/1015 1403/1032/998
f 1403/1032/998 1404/1033/999 1421/1050/1016
f 1422/1051/1017 1421/1050/1016 1404/1033/999
f 1404/1033/999 1405/1034/1000 1422/1051/1017
f 1423/1052/1018 1422/1051/1017 1405/1034/1000
f 1405/1034/1000 1406/1035/1001 1423/1052/1018
f 1424/1053/1019 1423/1052/1018 1406/1035/1001
f 1406/1035/1001 1407/1036/1002 1424/1053/1019
f 1425/1054/1020 1424/1053/1019 1407/1036/1002
f 1407/1036/1002 1408/1037/1003 1425/1054/1020
f 1426/1055/1021 1425/1054/1020 1408/1037/1003
f 1408/1037/1003 1409/1038/1004 1426/1055/1021
f 1427/1056/1022 1426/1055/1021 1409/1038/1004
f 1409/1038/1004 1410/1039/1005 1427/1056/1022
f 1428/1057/1023 1427/1056/1022 1410/1039/1005
f 1410/1039/1005 1411/1040/1006 1428/1057/1023
f 1429/1058/1024 1428/1057/1023 1411/1040/1006
f 1411/1040/1006 1412/1041/1007 1429/1058/1024
f 1430/1059/1025 1429/1058/1024 1412/1041/1007
f 1412/1041/1007 1413/1042/1008 1430/1059/1025
f 1431/1060/1026 1430/1059/1025 1413/1042/1008
f 1413/1042/1008 1414/1043/1009 1431/1060/1026
f 1432/1061/1027 1431/1060/1026 1414/1043/1009
f 1414/1043/1009 1415/1044/1010 1432/1061/1027
f 1433/1062/1028 1432/1061/1027 1415/1044/1010
f 1415/1044/1010 1416/1045/1011 1433/1062/1028
f 1434/1063/1029 1433/1062/1028 1416/1045/1011
f 1416/1045/1011 1417/1046/1012 1434/1063/1029
f 1435/1064/1030 1434/1063/1029 1417/1046/1012
f 1417/1046/1012 1418/1047/1013 1435/1064/1030
f 1436/1065/1031 1435/1064/1030 1418/1047/1013
f 1418/1047/1013 1419/1048/1014 1436/1065/1031
f 1437/1066/1032 1436/1065/1031 1419/1048/1014
f 1419/1048/1014 147/828/805 1437/1066/1032
f 146/846/823 1437/1066/1032 147/828/805
f 202/1067/1033 10/1/1 31/2/2
f 31/2/2 1420/1049/1015 202/1067/1033
f 201/1068/1034 202/1067/1033 1420/1049/1015
f 1420/1049/1015 1421/1050/1016 201/1068/1034
f 200/1069/1035 201/1068/1034 1421/1050/1016
f 1421/1050/1016 1422/1051/1017 200/1069/1035
f 199/1070/1036 200/1069/1035 1422/1051/1017
f 1422/1051/1017 1423/1052/1018 199/1070/1036
f 198/1071/1037 199/1070/1036 1423/1052/1018
f 1423/1052/1018 1424/1053/1019 198/1071/1037
f 197/1072/1038 198/1071/1037 1424/1053/1019
f 1424/1053/1019 1425/1054/1020 197/1072/1038
f 196/1073/1039 197/1072/1038 1425/1054/1020
f 1425/1054/1020 1426/1055/1021 196/1073/1039
f 195/1074/1040 196/1073/1039 1426/1055/1021
f 1426/1055/1021 1427/1056/1022 195/1074/1040
f 194/1075/1041 195/1074/1040 1427/1056/1022
f 1427/1056/1022 1428/1057/1023 194/1075/1041
f 193/1076/1042 194/1075/1041 1428/1057/1023
f 1428/1057/1023 1429/1058/1024 193/1076/1042
f 192/1077/1043 193/1076/1042 1429/1058/1024
f 1429/1058/1024 1430/1059/1025 192/1077/1043
f 191/1078/1044 192/1077/1043 1430/1059/1025
f 1430/1059/1025 1431/1060/1026 191/1078/1044
f 190/1079/1045 191/1078/1044 1431/1060/1026
f 1431/1060/1026 1432/1061/1027 190/1079/1045
f 189/1080/1046 190/1079/1045 1432/1061/1027
f 1432/1061/1027 1433/1062/1028 189/1080/1046
f 188/1081/1047 189/1080/1046 1433/1062/1028
f 1433/1062/1028 1434/1063/1029 188/1081/1047
f 187/1082/1048 188/1081/1047 1434/1063/1029
f 1434/1063/1029 1435/1064/1030 187/1082/1048
f 186/1083/1049 187/1082/1048 1435/1064/1030
f 1435/1064/1030 1436/1065/1031 186/1083/1049
f 185/1084/1050 186/1083/1049 1436/1065/1031
f 1436/1065/1031 1437/1066/1032 185/1084/1050
f 184/1085/1051 185/1084/1050 1437/1066/1032
f 1437/1066/1032 146/846/823 184/1085/1051
f 5/865/842 184/1085/1051 146/846/823
f 222/1086/1052 184/1085/1051 5/865/842
f 1438/1087/1053 185/1084/1050 184/1085/1051
f 184/1085/1051 222/1086/1052 1438/1087/1053
f 223/1088/1054 1438/1087/1053 222/1086/1052
f 1439/1089/1055 186/1083/1049 185/1084/1050
f 185/1084/1050 1438/1087/1053 1439/1089/1055
f 1440/1090/1056 1439/1089/1055 1438/1087/1053
f 1438/1087/1053 223/1088/1054 1440/1090/1056
f 224/1091/1057 1440/1090/1056 223/1088/1054
f 1441/1092/1058 187/1082/1048 186/1083/1049
f 186/1083/1049 1439/1089/1055 1441/1092/1058
f 1442/1093/1059 1441/1092/1058 1439/1089/1055
f 1439/1089/1055 1440/1090/1056 1442/1093/1059
f 1443/1094/1060 1442/1093/1059 1440/1090/1056
f 1440/1090/1056 224/1091/1057 1443/1094/1060
f 225/1095/1061 1443/1094/1060 224/1091/1057
f 1444/1096/1062 188/1081/1047 187/1082/1048
f 187/1082/1048 1441/1092/1058 1444/1096/1062
f 1445/1097/1063 1444/1096/1062 1441/1092/1058
f 1441/1092/1058 1442/1093/1059 1445/1097/1063
f 1446/1098/1064 1445/1097/1063 1442/1093/1059
f 1442/1093/1059 1443/1094/1060 1446/1098/1064
f 1447/1099/1065 1446/1098/1064 1443/1094/1060
f 1443/1094/1060 225/1095/1061 1447/1099/1065
f 226/1100/1066 1447/1099/1065 225/1095/1061
f 1448/1101/1067 189/1080/1046 188/1081/1047
f 188/1081/1047 1444/1096/1062 1448/1101/1067
f 1449/1102/1068 1448/1101/1067 1444/1096/1062
f 1444/1096/1062 1445/1097/1063 1449/1102/1068
f 1450/1103/1069 1449/1102/1068 1445/1097/1063
f 1445/1097/1063 1446/1098/1064 1450/1103/1069
f 1451/1104/1070 1450/1103/1069 1446/1098/1064
f 1446/1098/1064 1447/1099/1065 1451/1104/1070
f 1452/1105/1071 1451/1104/1070 1447/1099/1065
f 1447/1099/1065 226/1100/1066 1452/1105/1071
f 227/1106/1072 1452/1105/1071 226/1100/1066
f 1453/1107/1073 190/1079/1045 189/1080/1046
f 189/1080/1046 1448/1101/1067 1453/1107/1073
f 1454/1108/1074 1453/1107/1073 1448/1101/1067
f 1448/1101/1067 1449/1102/1068 1454/1108/1074
f 1455/1109/1075 1454/1108/1074 1449/1102/1068
f 1449/1102/1068 1450/1103/1069 1455/1109/1075
f 1456/1110/1076 1455/1109/1075 1450/1103/1069
f 1450/1103/1069 1451/1104/1070 1456/1110/1076
f 1457/1111/1077 1456/1110/1076 1451/1104/1070
f 1451/1104/1070 1452/1105/1071 1457/1111/1077
f 1458/1112/1078 1457/1111/1077 1452/1105/1071
f 1452/1105/1071 227/1106/1072 1458/1112/1078
f 228/1113/1079 1458/1112/1078 227/1106/1072
f 1459/1114/1080 191/1078/1044 190/1079/1045
f 190/1079/1045 1453/1107/1073 1459/1114/1080
f 1460/1115/1081 1459/1114/1080 1453/1107/1073
f 1453/1107/1073 1454/1108/1074 1460/1115/1081
f 1461/1116/1082 1460/1115/1081 1454/1108/1074
f 1454/1108/1074 1455/1109/1075 1461/1116/1082
f 1462/1117/1083 1461/1116/1082 1455/1109/1075
f 1455/1109/1075 1456/1110/1076 1462/1117/1083
f 1463/1118/1084 1462/1117/1083 1456/1110/1076
f 1456/1110/1076 1457/1111/1077 1463/1118/1084
f 1464/1119/1085 1463/1118/1084 1457/1111/1077
f 1457/1111/1077 1458/1112/1078 1464/1119/1085
f 1465/1120/1086 1464/1119/1085 1458/1112/1078
f 1458/1112/1078 228/1113/1079 1465/1120/1086
f 229/1121/1087 1465/1120/1086 228/1113/1079
f 1466/1122/1088 192/1077/1043 191/1078/1044
f 191/1078/1044 1459/1114/1080 1466/1122/1088
f 1467/1123/1089 1466/1122/1088 1459/1114/1080
f 1459/1114/1080 1460/1115/1081 1467/1123/1089
f 1468/1124/1090 1467/1123/1089 1460/1115/1081
f 1460/1115/1081 1461/1116/1082 1468/1124/1090
f 1469/1125/1091 1468/1124/1090 1461/1116/1082
f 1461/1116/1082 1462/1117/1083 1469/1125/1091
f 1470/1126/1092 1469/1125/1091 1462/1117/1083
f 1462/1117/1083 1463/1118/1084 1470/1126/1092
f 1471/1127/1093 1470/1126/1092 1463/1118/1084
f 1463/1118/1084 1464/1119/1085 1471/1127/1093
f 1472/1128/1094 1471/1127/1093 1464/1119/1085
f 1464/1119/1085 1465/1120/1086 1472/1128/1094
f 1473/1129/1095 1472/1128/1094 1465/1120/1086
f 1465/1120/1086 229/1121/1087 1473/1129/1095
f 230/1130/1096 1473/1129/1095 229/1121/1087
f 1474/1131/1097 193/1076/1042 192/1077/1043
f 192/1077/1043 1466/1122/1088 1474/1131/1097
f 1475/1132/1098 1474/1131/1097 1466/1122/1088
f 1466/1122/1088 1467/1123/1089 1475/1132/1098
f 1476/1133/1099 1475/1132/1098 1467/1123/1089
f 1467/1123/1089 1468/1124/1090 1476/1133/1099
f 1477/1134/1100 1476/1133/1099 1468/1124/1090
f 1468/1124/1090 1469/1125/1091 1477/1134/1100
f 1478/1135/1101 1477/1134/1100 1469/1125/1091
f 1469/1125/1091 1470/1126/1092 1478/1135/1101
f 1479/1136/1102 1478/1135/1101 1470/1126/1092
f 1470/1126/1092 1471/1127/1093 1479/1136/1102
f 1480/1137/1103 1479/1136/1102 1471/1127/1093
f 1471/1127/1093 1472/1128/1094 1480/1137/1103
f 1481/1138/1104 1480/1137/1103 1472/1128/1094
f 1472/1128/1094 1473/1129/1095 1481/1138/1104
f 1482/1139/1105 1481/1138/1104 1473/1129/1095
f 1473/1129/1095 230/1130/1096 1482/1139/1105
f 231/1140/1106 1482/1139/1105 230/1130/1096
f 1483/1141/1107 194/1075/1041 193/1076/1042
f 193/1076/1042 1474/1131/1097 1483/1141/1107
f 1484/1142/1108 1483/1141/1107 1474/1131/1097
f 1474/1131/1097 1475/1132/1098 1484/1142/1108
f 1485/1143/1109 1484/1142/1108 1475/1132/1098
f 1475/1132/1098 1476/1133/1099 1485/1143/1109
f 1486/1144/1110 1485/1143/1109 1476/1133/1099
f 1476/1133/1099 1477/1134/1100 1486/1144/1110
f 1487/1145/1111 1486/1144/1110 1477/1134/1100
f 1477/1134/1100 1478/1135/1101 1487/1145/1111
f 1488/1146/1112 1487/1145/1111 1478/1135/1101
f 1478/1135/1101 1479/1136/1102 1488/1146/1112
f 1489/1147/1113 1488/1146/1112 1479/1136/1102
f 1479/1136/1102 1480/1137/1103 1489/1147/1113
f 1490/1148/1114 1489/1147/1113 1480/1137/1103
f 1480/1137/1103 1481/1138/1104 1490/1148/1114
f 1491/1149/1115 1490/1148/1114 1481/1138/1104
f 1481/1138/1104 1482/1139/1105 1491/1149/1115
f 1492/1150/1116 1491/1149/1115 1482/1139/1105
f 1482/1139/1105 231/1140/1106 1492/1150/1116
f 232/1151/1117 1492/1150/1116 231/1140/1106
f 1493/1152/1118 195/1074/1040 194/1075/1041
f 194/1075/1041 1483/1141/1107 1493/1152/1118
f 1494/1153/1119 1493/1152/1118 1483/1141/1107
f 1483/1141/1107 1484/1142/1108 1494/1153/1119
f 1495/1154/1120 1494/1153/1119 1484/1142/1108
f 1484/1142/1108 1485/1143/1109 1495/1154/1120
f 1496/1155/1121 1495/1154/1120 1485/1143/1109
f 1485/1143/1109 1486/1144/1110 1496/1155/1121
f 1497/1156/1122 1496/1155/1121 1486/1144/1110
f 1486/1144/1110 1487/1145/1111 1497/1156/1122
f 1498/1157/1123 1497/1156/1122 1487/1145/1111
f 1487/1145/1111 1488/1146/1112 1498/1157/1123
f 1499/1158/1124 1498/1157/1123 1488/1146/1112
f 1488/1146/1112 1489/1147/1113 1499/1158/1124
f 1500/1159/1125 1499/1158/1124 1489/1147/1113
f 1489/1147/1113 1490/1148/1114 1500/1159/1125
f 1501/1160/1126 1500/1159/1125 1490/1148/1114
f 1490/1148/1114 1491/1149/1115 1501/1160/1126
f 1502/1161/1127 1501/1160/1126 1491/1149/1115
f 1491/1149/1115 1492/1150/1116 1502/1161/1127
f 1503/1162/1128 1502/1161/1127 1492/1150/1116
f 1492/1150/1116 232/1151/1117 1503/1162/1128
f 233/1163/1129 1503/1162/1128 232/1151/1117
f 1504/1164/1130 196/1073/1039 195/1074/1040
f 195/1074/1040 1493/1152/1118 1504/1164/1130
f 1505/1165/1131 1504/1164/1130 1493/1152/1118
f 1493/1152/1118 1494/1153/1119 1505/1165/1131
f 1506/1166/1132 1505/1165/1131 1494/1153/1119
f 1494/1153/1119 1495/1154/1120 1506/1166/1132
f 1507/1167/1133 1506/1166/1132 1495/1154/1120
f 1495/1154/1120 1496/1155/1121 1507/1167/1133
f 1508/1168/1134 1507/1167/1133 1496/1155/1121
f 1496/1155/1121 1497/1156/1122 1508/1168/1134
f 1509/1169/1135 1508/1168/1134 1497/1156/1122
f 1497/1156/1122 1498/1157/1123 1509/1169/1135
f 1510/1170/1136 1509/1169/1135 1498/1157/1123
f 1498/1157/1123 1499/1158/1124 1510/1170/1136
f 1511/1171/1137 1510/1170/1136 1499/1158/1124
f 1499/1158/1124 1500/1159/1125 1511/1171/1137
f 1512/1172/1138 1511/1171/1137 1500/1159/1125
f 1500/1159/1125 1501/1160/1126 1512/1172/1138
f 1513/1173/1139 1512/1172/1138 1501/1160/1126
f 1501/1160/1126 1502/1161/1127 1513/1173/1139
f 1514/1174/1140 1513/1173/1139 1502/1161/1127
f 1502/1161/1127 1503/1162/1128 1514/1174/1140
f 1515/1175/1141 1514/1174/1140 1503/1162/1128
f 1503/1162/1128 233/1163/1129 1515/1175/1141
f 234/1176/1142 1515/1175/1141 233/1163/1129
f 1516/1177/1143 197/1072/1038 196/1073/1039
f 196/1073/1039 1504/1164/1130 1516/1177/1143
f 1517/1178/1144 1516/1177/1143 1504/1164/1130
f 1504/1164/1130 1505/1165/1131 1517/1178/1144
f 1518/1179/1145 1517/1178/1144 1505/1165/1131
f 1505/1165/1131 1506/1166/1132 1518/1179/1145
f 1519/1180/1146 1518/1179/1145 1506/1166/1132
f 1506/1166/1132 1507/1167/1133 1519/1180/1146
f 1520/1181/1147 1519/1180/1146 1507/1167/1133
f 1507/1167/1133 1508/1168/1134 1520/1181/1147
f 1521/1182/1148 1520/1181/1147 1508/1168/1134
f 1508/1168/1134 1509/1169/1135 1521/1182/1148
f 1522/1183/1149 1521/1182/1148 1509/1169/1135
f 1509/1169/1135 1510/1170/1136 1522/1183/1149
f 1523/1184/1150 1522/1183/1149 1510/1170/1136
f 1510/1170/1136 1511/1171/1137 1523/1184/1150
f 1524/1185/1151 1523/1184/1150 1511/1171/1137
f 1511/1171/1137 1512/1172/1138 1524/1185/1151
f 1525/1186/1152 1524/1185/1151 1512/1172/1138
f 1512/1172/1138 1513/1173/1139 1525/1186/1152
f 1526/1187/1153 1525/1186/1152 1513/1173/1139
f 1513/1173/1139 1514/1174/1140 1526/1187/1153
f 1527/1188/1154 1526/1187/1153 1514/1174/1140
f 1514/1174/1140 1515/1175/1141 1527/1188/1154
f 1528/1189/1155 1527/1188/1154 1515/1175/1141
f 1515/1175/1141 234/1176/1142 1528/1189/1155
f 235/1190/1156 1528/1189/1155 234/1176/1142
f 1529/1191/1157 198/1071/1037 197/1072/1038
f 197/1072/1038 1516/1177/1143 1529/1191/1157
f 1530/1192/1158 1529/1191/1157 1516/1177/1143
f 1516/1177/1143 1517/1178/1144 1530/1192/1158
f 1531/1193/1159 1530/1192/1158 1517/1178/1144
f 1517/1178/1144 1518/1179/1145 1531/1193/1159
f 1532/1194/1160 1531/1193/1159 1518/1179/1145
f 1518/1179/1145 1519/1180/1146 1532/1194/1160
f 1533/1195/1161 1532/1194/1160 1519/1180/1146
f 1519/1180/1146 1520/1181/1147 1533/1195/1161
f 1534/1196/1162 1533/1195/1161 1520/1181/1147
f 1520/1181/1147 1521/1182/1148 1534/1196/1162
f 1535/1197/1163 1534/1196/1162 1521/1182/1148
f 1521/1182/1148 1522/1183/1149 1535/1197/1163
f 1536/1198/1164 1535/1197/1163 1522/1183/1149
f 1522/1183/1149 1523/1184/1150 1536/1198/1164
f 1537/1199/1165 1536/1198/1164 1523/1184/1150
f 1523/1184/1150 1524/1185/1151 1537/1199/1165
f 1538/1200/1166 1537/1199/1165 1524/1185/1151
f 1524/1185/1151 1525/1186/1152 1538/1200/1166
f 1539/1201/1167 1538/1200/1166 1525/1186/1152
f 1525/1186/1152 1526/1187/1153 1539/1201/1167
f 1540/1202/1168 1539/1201/1167 1526/1187/1153
f 1526/1187/1153 1527/1188/1154 1540/1202/1168
f 1541/1203/1169 1540/1202/1168 1527/1188/1154
f 1527/1188/1154 1528/1189/1155 1541/1203/1169
f 1542/1204/1170 1541/1203/1169 1528/1189/1155
f 1528/1189/1155 235/1190/1156 1542/1204/1170
f 236/1205/1171 1542/1204/1170 235/1190/1156
f 1543/1206/1172 199/1070/1036 198/1071/1037
f 198/1071/1037 1529/1191/1157 1543/1206/1172
f 1544/1207/1173 1543/1206/1172 1529/1191/1157
f 1529/1191/1157 1530/1192/1158 1544/1207/1173
f 1545/1208/1174 1544/1207/1173 1530/1192/1158
f 1530/1192/1158 1531/1193/1159 1545/1208/1174
f 1546/1209/1175 1545/1208/1174 1531/1193/1159
f 1531/1193/1159 1532/1194/1160 1546/1209/1175
f 1547/1210/1176 1546/1209/1175 1532/1194/1160
f 1532/1194/1160 1533/1195/1161 1547/1210/1176
f 1548/1211/1177 1547/1210/1176 1533/1195/1161
f 1533/1195/1161 1534/1196/1162 1548/1211/1177
f 1549/1212/1178 1548/1211/1177 1534/1196/1162
f 1534/1196/1162 1535/1197/1163 1549/1212/1178
f 1550/1213/1179 1549/1212/1178 1535/1197/1163
f 1535/1197/1163 1536/1198/1164 1550/1213/1179
f 1551/1214/1180 1550/1213/1179 1536/1198/1164
f 1536/1198/1164 1537/1199/1165 1551/1214/1180
f 1552/1215/1181 1551/1214/1180 1537/1199/1165
f 1537/1199/1165 1538/1200/1166 1552/1215/1181
f 1553/1216/1182 1552/1215/1181 1538/1200/1166
f 1538/1200/1166 1539/1201/1167 1553/1216/1182
f 1554/1217/1183 1553/1216/1182 1539/1201/1167
f 1539/1201/1167 1540/1202/1168 1554/1217/1183
f 1555/1218/1184 1554/1217/1183 1540/1202/1168
f 1540/1202/1168 1541/1203/1169 1555/1218/1184
f 1556/1219/1185 1555/1218/1184 1541/1203/1169
f 1541/1203/1169 1542/1204/1170 1556/1219/1185
f 1557/1220/1186 1556/1219/1185 1542/1204/1170
f 1542/1204/1170 236/1205/1171 1557/1220/1186
f 237/1221/1187 1557/1220/1186 236/1205/1171
f 1558/1222/1188 200/1069/1035 199/1070/1036
f 199/1070/1036 1543/1206/1172 1558/1222/1188
f 1559/1223/1189 1558/1222/1188 1543/1206/1172
f 1543/1206/1172 1544/1207/1173 1559/1223/1189
f 1560/1224/1190 1559/1223/1189 1544/1207/1173
f 1544/1207/1173 1545/1208/1174 1560/1224/1190
f 1561/1225/1191 1560/1224/1190 1545/1208/1174
f 1545/1208/1174 1546/1209/1175 1561/1225/1191
f 1562/1226/1192 1561/1225/1191 1546/1209/1175
f 1546/1209/1175 1547/1210/1176 1562/1226/1192
f 1563/1227/1193 1562/1226/1192 1547/1210/1176
f 1547/1210/1176 1548/1211/1177 1563/1227/1193
f 1564/1228/1194 1563/1227/1193 1548/1211/1177
f 1548/1211/1177 1549/1212/1178 1564/1228/1194
f 1565/1229/1195 1564/1228/1194 1549/1212/1178
f 1549/1212/1178 1550/1213/1179 1565/1229/1195
f 1566/1230/1196 1565/1229/1195 1550/1213/1179
f 1550/1213/1179 1551/1214/1180 1566/1230/1196
f 1567/1231/1197 1566/1230/1196 1551/1214/1180
f 1551/1214/1180 1552/1215/1181 1567/1231/1197
f 1568/1232/1198 1567/1231/1197 1552/1215/1181
f 1552/1215/1181 1553/1216/1182 1568/1232/1198
f 1569/1233/1199 1568/1232/1198 1553/1216/1182
f 1553/1216/1182 1554/1217/1183 1569/1233/1199
f 1570/1234/1200 1569/1233/1199 1554/1217/1183
f 1554/1217/1183 1555/1218/1184 1570/1234/1200
f 1571/1235/1201 1570/1234/1200 1555/1218/1184
f 1555/1218/1184 1556/1219/1185 1571/1235/1201
f 1572/1236/1202 1571/1235/1201 1556/1219/1185
f 1556/1219/1185 1557/1220/1186 1572/1236/1202
f 1573/1237/1203 1572/1236/1202 1557/1220/1186
f 1557/1220/1186 237/1221/1187 1573/1237/1203
f 238/1238/1204 1573/1237/1203 237/1221/1187
f 1574/1239/1205 201/1068/1034 200/1069/1035
f 200/1069/1035 1558/1222/1188 1574/1239/1205
f 1575/1240/1206 1574/1239/1205 1558/1222/1188
f 1558/1222/1188 1559/1223/1189 1575/1240/1206
f 1576/1241/1207 1575/1240/1206 1559/1223/1189
f 1559/1223/1189 1560/1224/1190 1576/1241/1207
f 1577/1242/1208 1576/1241/1207 1560/1224/1190
f 1560/1224/1190 1561/1225/1191 1577/1242/1208
f 1578/1243/1209 1577/1242/1208 1561/1225/1191
f 1561/1225/1191 1562/1226/1192 1578/1243/1209
f 1579/1244/1210 1578/1243/1209 1562/1226/1192
f 1562/1226/1192 1563/1227/1193 1579/1244/1210
f 1580/1245/1211 1579/1244/1210 1563/1227/1193
f 1563/1227/1193 1564/1228/1194 1580/1245/1211
f 1581/1246/1212 1580/1245/1211 1564/1228/1194
f 1564/1228/1194 1565/1229/1195 1581/1246/1212
f 1582/1247/1213 1581/1246/1212 1565/1229/1195
f 1565/1229/1195 1566/1230/1196 1582/1247/1213
f 1583/1248/1214 1582/1247/1213 1566/1230/1196
f 1566/1230/1196 1567/1231/1197 1583/1248/1214
f 1584/1249/1215 1583/1248/1214 1567/1231/1197
f 1567/1231/1197 1568/1232/1198 1584/1249/1215
f 1585/1250/1216 1584/1249/1215 1568/1232/1198
f 1568/1232/1198 1569/1233/1199 1585/1250/1216
f 1586/1251/1217 1585/1250/1216 1569/1233/1199
f 1569/1233/1199 1570/1234/1200 1586/1251/1217
f 1587/1252/1218 1586/1251/1217 1570/1234/1200
f 1570/1234/1200 1571/1235/1201 1587/1252/1218
f 1588/1253/1219 1587/1252/1218 1571/1235/1201
f 1571/1235/1201 1572/1236/1202 1588/1253/1219
f 1589/1254/1220 1588/1253/1219 1572/1236/1202
f 1572/1236/1202 1573/1237/1203 1589/1254/1220
f 1590/1255/1221 1589/1254/1220 1573/1237/1203
f 1573/1237/1203 238/1238/1204 1590/1255/1221
f 239/1256/1222 1590/1255/1221 238/1238/1204
f 1591/1257/1223 202/1067/1033 201/1068/1034
f 201/1068/1034 1574/1239/1205 1591/1257/1223
f 1592/1258/1224 1591/1257/1223 1574/1239/1205
f 1574/1239/1205 1575/1240/1206 1592/1258/1224
f 1593/1259/1225 1592/1258/1224 1575/1240/1206
f 1575/1240/1206 1576/1241/1207 1593/1259/1225
f 1594/1260/1226 1593/1259/1225 1576/1241/1207
f 1576/1241/1207 1577/1242/1208 1594/1260/1226
f 1595/1261/1227 1594/1260/1226 1577/1242/1208
f 1577/1242/1208 1578/1243/1209 1595/1261/1227
f 1596/1262/1228 1595/1261/1227 1578/1243/1209
f 1578/1243/1209 1579/1244/1210 1596/1262/1228
f 1597/1263/1229 1596/1262/1228 1579/1244/1210
f 1579/1244/1210 1580/1245/1211 1597/1263/1229
f 1598/1264/1230 1597/1263/1229 1580/1245/1211
f 1580/1245/1211 1581/1246/1212 1598/1264/1230
f 1599/1265/1231 1598/1264/1230 1581/1246/1212
f 1581/1246/1212 1582/1247/1213 1599/1265/1231
f 1600/1266/1232 1599/1265/1231 1582/1247/1213
f 1582/1247/1213 1583/1248/1214 1600/1266/1232
f 1601/1267/1233 1600/1266/1232 1583/1248/1214
f 1583/1248/1214 1584/1249/1215 1601/1267/1233
f 1602/1268/1234 1601/1267/1233 1584/1249/1215
f 1584/1249/1215 1585/1250/1216 1602/1268/1234
f 1603/1269/1235 1602/1268/1234 1585/1250/1216
f 1585/1250/1216 1586/1251/1217 1603/1269/1235
f 1604/1270/1236 1603/1269/1235 1586/1251/1217
f 1586/1251/1217 1587/1252/1218 1604/1270/1236
f 1605/1271/1237 1604/1270/1236 1587/1252/1218
f 1587/1252/1218 1588/1253/1219 1605/1271/1237
f 1606/1272/1238 1605/1271/1237 1588/1253/1219
f 1588/1253/1219 1589/1254/1220 1606/1272/1238
f 1607/1273/1239 1606/1272/1238 1589/1254/1220
f 1589/1254/1220 1590/1255/1221 1607/1273/1239
f 1608/1274/1240 1607/1273/1239 1590/1255/1221
f 1590/1255/1221 239/1256/1222 1608/1274/1240
f 240/1275/1241 1608/1274/1240 239/1256/1222
f 221/1276/1242 10/1/1 202/1067/1033
f 202/1067/1033 1591/1257/1223 221/1276/1242
f 220/1277/1243 221/1276/1242 1591/1257/1223
f 1591/1257/1223 1592/1258/1224 220/1277/1243
f 219/1278/1244 220/1277/1243 1592/1258/1224
f 1592/1258/1224 1593/1259/1225 219/1278/1244
f 218/1279/1245 219/1278/1244 1593/1259/1225
f 1593/1259/1225 1594/1260/1226 218/1279/1245
f 217/1280/1246 218/1279/1245 1594/1260/1226
f 1594/1260/1226 1595/1261/1227 217/1280/1246
f 216/1281/1247 217/1280/1246 1595/1261/1227
f 1595/1261/1227 1596/1262/1228 216/1281/1247
f 215/1282/1248 216/1281/1247 1596/1262/1228
f 1596/1262/1228 1597/1263/1229 215/1282/1248
f 214/1283/1249 215/1282/1248 1597/1263/1229
f 1597/1263/1229 1598/1264/1230 214/1283/1249
f 213/1284/1250 214/1283/1249 1598/1264/1230
f 1598/1264/1230 1599/1265/1231 213/1284/1250
f 212/1285/1251 213/1284/1250 1599/1265/1231
f 1599/1265/1231 1600/1266/1232 212/1285/1251
f 211/1286/1252 212/1285/1251 1600/1266/1232
f 1600/1266/1232 1601/1267/1233 211/1286/1252
f 210/1287/1253 211/1286/1252 1601/1267/1233
f 1601/1267/1233 1602/1268/1234 210/1287/1253
f 209/1288/1254 210/1287/1253 1602/1268/1234
f 1602/1268/1234 1603/1269/1235 209/1288/1254
f 208/1289/1255 209/1288/1254 1603/1269/1235
f 1603/1269/1235 1604/1270/1236 208/1289/1255
f 207/1290/1256 208/1289/1255 1604/1270/1236
f 1604/1270/1236 1605/1271/1237 207/1290/1256
f 206/1291/1257 207/1290/1256 1605/1271/1237
f 1605/1271/1237 1606/1272/1238 206/1291/1257
f 205/1292/1258 206/1291/1257 1606/1272/1238
f 1606/1272/1238 1607/1273/1239 205/1292/1258
f 204/1293/1259 205/1292/1258 1607/1273/1239
f 1607/1273/1239 1608/1274/1240 204/1293/1259
f 203/1294/1260 204/1293/1259 1608/1274/1240
f 1608/1274/1240 240/1275/1241 203/1294/1260
f 7/1295/1261 203/1294/1260 240/1275/1241
f 260/1296/1262 203/1294/1260 7/1295/1261
f 1609/1297/1263 204/1293/1259 203/1294/1260
f 203/1294/1260 260/1296/1262 1609/1297/1263
f 261/1298/1264 1609/1297/1263 260/1296/1262
f 1610/1299/1265 205/1292/1258 204/1293/1259
f 204/1293/1259 1609/1297/1263 1610/1299/1265
f 1611/1300/1266 1610/1299/1265 1609/1297/1263
f 1609/1297/1263 261/1298/1264 1611/1300/1266
f 262/1301/1267 1611/1300/1266 261/1298/1264
f 1612/1302/1268 206/1291/1257 205/1292/1258
f 205/1292/1258 1610/1299/1265 1612/1302/1268
f 1613/1303/1269 1612/1302/1268 1610/1299/1265
f 1610/1299/1265 1611/1300/1266 1613/1303/1269
f 1614/1304/1270 1613/1303/1269 1611/1300/1266
f 1611/1300/1266 262/1301/1267 1614/1304/1270
f 263/1305/1271 1614/1304/1270 262/1301/1267
f 1615/1306/1272 207/1290/1256 206/1291/1257
f 206/1291/1257 1612/1302/1268 1615/1306/1272
f 1616/1307/1273 1615/1306/1272 1612/1302/1268
f 1612/1302/1268 1613/1303/1269 1616/1307/1273
f 1617/1308/1274 1616/1307/1273 1613/1303/1269
f 1613/1303/1269 1614/1304/1270 1617/1308/1274
f 1618/1309/1275 1617/1308/1274 1614/1304/1270
f 1614/1304/1270 263/1305/1271 1618/1309/1275
f 264/1310/1276 1618/1309/1275 263/1305/1271
f 1619/1311/1277 208/1289/1255 207/1290/1256
f 207/1290/1256 1615/1306/1272 1619/1311/1277
f 1620/1312/1278 1619/1311/1277 1615/1306/1272
f 1615/1306/1272 1616/1307/1273 1620/1312/1278
f 1621/1313/1279 1620/1312/1278 1616/1307/1273
f 1616/1307/1273 1617/1308/1274 1621/1313/1279
f 1622/1314/1280 1621/1313/1279 1617/1308/1274
f 1617/1308/1274 1618/1309/1275 1622/1314/1280
f 1623/1315/1281 1622/1314/1280 1618/1309/1275
f 1618/1309/1275 264/1310/1276 1623/1315/1281
f 265/1316/1282 1623/1315/1281 264/1310/1276
f 1624/1317/1283 209/1288/1254 208/1289/1255
f 208/1289/1255 1619/1311/1277 1624/1317/1283
f 1625/1318/1284 1624/1317/1283 1619/1311/1277
f 1619/1311/1277 1620/1312/1278 1625/1318/1284
f 1626/1319/1285 1625/1318/1284 1620/1312/1278
f 1620/1312/1278 1621/1313/1279 1626/1319/1285
f 1627/1320/1286 1626/1319/1285 1621/1313/1279
f 1621/1313/1279 1622/1314/1280 1627/1320/1286
f 1628/1321/1287 1627/1320/1286 1622/1314/1280
f 1622/1314/1280 1623/1315/1281 1628/1321/1287
f 1629/1322/1288 1628/1321/1287 1623/1315/1281
f 1623/1315/1281 265/1316/1282 1629/1322/1288
f 266/1323/1289 1629/1322/1288 265/1316/1282
f 1630/1324/1290 210/1287/1253 209/1288/1254
f 209/1288/1254 1624/1317/1283 1630/1324/1290
f 1631/1325/1291 1630/1324/1290 1624/1317/1283
f 1624/1317/1283 1625/1318/1284 1631/1325/1291
f 1632/1326/1292 1631/1325/1291 1625/1318/1284
f 1625/1318/1284 1626/1319/1285 1632/1326/1292
f 1633/1327/1293 1632/1326/1292 1626/1319/1285
f 1626/1319/1285 1627/1320/1286 1633/1327/1293
f 1634/1328/1294 1633/1327/1293 1627/1320/1286
f 1627/1320/1286 1628/1321/1287 1634/1328/1294
f 1635/1329/1295 1634/1328/1294 1628/1321/1287
f 1628/1321/1287 1629/1322/1288 1635/1329/1295
f 1636/1330/1296 1635/1329/1295 1629/1322/1288
f 1629/1322/1288 266/1323/1289 1636/1330/1296
f 267/1331/1297 1636/1330/1296 266/1323/1289
f 1637/1332/1298 211/1286/1252 210/1287/1253
f 210/1287/1253 1630/1324/1290 1637/1332/1298
f 1638/1333/1299 1637/1332/1298 1630/1324/1290
f 1630/1324/1290 1631/1325/1291 1638/1333/1299
f 1639/1334/1300 1638/1333/1299 1631/1325/1291
f 1631/1325/1291 1632/1326/1292 1639/1334/1300
f 1640/1335/1301 1639/1334/1300 1632/1326/1292
f 1632/1326/1292 1633/1327/1293 1640/1335/1301
f 1641/1336/1302 1640/1335/1301 1633/1327/1293
f 1633/1327/1293 1634/1328/1294 1641/1336/1302
f 1642/1337/1303 1641/1336/1302 1634/1328/1294
f 1634/1328/1294 1635/1329/1295 1642/1337/1303
f 1643/1338/1304 1642/1337/1303 1635/1329/1295
f 1635/1329/1295 1636/1330/1296 1643/1338/1304
f 1644/1339/1305 1643/1338/1304 1636/1330/1296
f 1636/1330/1296 267/1331/1297 1644/1339/1305
f 268/1340/1306 1644/1339/1305 267/1331/1297
f 1645/1341/1307 212/1285/1251 211/1286/1252
f 211/1286/1252 1637/1332/1298 1645/1341/1307
f 1646/1342/1308 1645/1341/1307 1637/1332/1298
f 1637/1332/1298 1638/1333/1299 1646/1342/1308
f 1647/1343/1309 1646/1342/1308 1638/1333/1299
f 1638/1333/1299 1639/1334/1300 1647/1343/1309
f 1648/1344/1310 1647/1343/1309 1639/1334/1300
f 1639/1334/1300 1640/1335/1301 1648/1344/1310
f 1649/1345/1311 1648/1344/1310 1640/1335/1301
f 1640/1335/1301 1641/1336/1302 1649/1345/1311
f 1650/1346/1312 1649/1345/1311 1641/1336/1302
f 1641/1336/1302 1642/1337/1303 1650/1346/1312
f 1651/1347/1313 1650/1346/1312 1642/1337/1303
f 1642/1337/1303 1643/1338/1304 1651/1347/1313
f 1652/1348/1314 1651/1347/1313 1643/1338/1304
f 1643/1338/1304 1644/1339/1305 1652/1348/1314
f 1653/1349/1315 1652/1348/1314 1644/1339/1305
f 1644/1339/1305 268/1340/1306 1653/1349/1315
f 269/1350/1316 1653/1349/1315 268/1340/1306
f 1654/1351/1317 213/1284/1250 212/1285/1251
f 212/1285/1251 1645/1341/1307 1654/1351/1317
f 1655/1352/1318 1654/1351/1317 1645/1341/1307
f 1645/1341/1307 1646/1342/1308 1655/1352/1318
f 1656/1353/1319 1655/1352/1318 1646/1342/1308
f 1646/1342/1308 1647/1343/1309 1656/1353/1319
f 1657/1354/1320 1656/1353/1319 1647/1343/1309
f 1647/1343/1309 1648/1344/1310 1657/1354/1320
f 1658/1355/1321 1657/1354/1320 1648/1344/1310
f 1648/1344/1310 1649/1345/1311 1658/1355/1321
f 1659/1356/1322 1658/1355/1321 1649/1345/1311
f 1649/1345/1311 1650/1346/1312 1659/1356/1322
f 1660/1357/1323 1659/1356/1322 1650/1346/1312
f 1650/1346/1312 1651/1347/1313 1660/1357/1323
f 1661/1358/1324 1660/1357/1323 1651/1347/1313
f 1651/1347/1313 1652/1348/1314 1661/1358/1324
f 1662/1359/1325 1661/1358/1324 1652/1348/1314
f 1652/1348/1314 1653/1349/1315 1662/1359/1325
f 1663/1360/1326 1662/1359/1325 1653/1349/1315
f 1653/1349/1315 269/1350/1316 1663/1360/1326
f 270/1361/1327 1663/1360/1326 269/1350/1316
f 1664/1362/1328 214/1283/1249 213/1284/1250
f 213/1284/1250 1654/1351/1317 1664/1362/1328
f 1665/1363/1329 1664/1362/1328 1654/1351/1317
f 1654/1351/1317 1655/1352/1318 1665/1363/1329
f 1666/1364/1330 1665/1363/1329 1655/1352/1318
f 1655/1352/1318 1656/1353/1319 1666/1364/1330
f 1667/1365/1331 1666/1364/1330 1656/1353/1319
f 1656/1353/1319 1657/1354/1320 1667/1365/1331
f 1668/1366/1332 1667/1365/1331 1657/1354/1320
f 1657/1354/1320 1658/1355/1321 1668/1366/1332
f 1669/1367/1333 1668/1366/1332 1658/1355/1321
f 1658/1355/1321 1659/1356/1322 1669/1367/1333
f 1670/1368/1334 1669/1367/1333 1659/1356/1322
f 1659/1356/1322 1660/1357/1323 1670/1368/1334
f 1671/1369/1335 1670/1368/1334 1660/1357/1323
f 1660/1357/1323 1661/1358/1324 1671/1369/1335
f 1672/1370/1336 1671/1369/1335 1661/1358/1324
f 1661/1358/1324 1662/1359/1325 1672/1370/1336
f 1673/1371/1337 1672/1370/1336 1662/1359/1325
f 1662/1359/1325 1663/1360/1326 1673/1371/1337
f 1674/1372/1338 1673/1371/1337 1663/1360/1326
f 1663/1360/1326 270/1361/1327 1674/1372/1338
f 271/1373/1339 1674/1372/1338 270/1361/1327
f 1675/1374/1340 215/1282/1248 214/1283/1249
f 214/1283/1249 1664/1362/1328 1675/1374/1340
f 1676/1375/1341 1675/1374/1340 1664/1362/1328
f 1664/1362/1328 1665/1363/1329 1676/1375/1341
f 1677/1376/1342 1676/1375/1341 1665/1363/1329
f 1665/1363/1329 1666/1364/1330 1677/1376/1342
f 1678/1377/1343 1677/1376/1342 1666/1364/1330
f 1666/1364/1330 1667/1365/1331 1678/1377/1343
f 1679/1378/1344 1678/1377/1343 1667/1365/1331
f 1667/1365/1331 1668/1366/1332 1679/1378/1344
f 1680/1379/1345 1679/1378/1344 1668/1366/1332
f 1668/1366/1332 1669/1367/1333 1680/1379/1345
f 1681/1380/1346 1680/1379/1345 1669/1367/1333
f 1669/1367/1333 1670/1368/1334 1681/1380/1346
f 1682/1381/1347 1681/1380/1346 1670/1368/1334
f 1670/1368/1334 1671/1369/1335 1682/1381/1347
f 1683/1382/1348 1682/1381/1347 1671/1369/1335
f 1671/1369/1335 1672/1370/1336 1683/1382/1348
f 1684/1383/1349 1683/1382/1348 1672/1370/1336
f 1672/1370/1336 1673/1371/1337 1684/1383/1349
f 1685/1384/1350 1684/1383/1349 1673/1371/1337
f 1673/1371/1337 1674/1372/1338 1685/1384/1350
f 1686/1385/1351 1685/1384/1350 1674/1372/1338
f 1674/1372/1338 271/1373/1339 1686/1385/1351
f 272/1386/1352 1686/1385/1351 271/1373/1339
f 1687/1387/1353 216/1281/1247 215/1282/1248
f 215/1282/1248 1675/1374/1340 1687/1387/1353
f 1688/1388/1354 1687/1387/1353 1675/1374/1340
f 1675/1374/1340 1676/1375/1341 1688/1388/1354
f 1689/1389/1355 1688/1388/1354 1676/1375/1341
f 1676/1375/1341 1677/1376/1342 1689/1389/1355
f 1690/1390/1356 1689/1389/1355 1677/1376/1342
f 1677/1376/1342 1678/1377/1343 1690/1390/1356
f 1691/1391/1357 1690/1390/1356 1678/1377/1343
f 1678/1377/1343 1679/1378/1344 1691/1391/1357
f 1692/1392/1358 1691/1391/1357 1679/1378/1344
f 1679/1378/1344 1680/1379/1345 1692/1392/1358
f 1693/1393/1359 1692/1392/1358 1680/1379/1345
f 1680/1379/1345 1681/1380/1346 1693/1393/1359
f 1694/1394/1360 1693/1393/1359 1681/1380/1346
f 1681/1380/1346 1682/1381/1347 1694/1394/1360
f 1695/1395/1361 1694/1394/1360 1682/1381/1347
f 1682/1381/1347 1683/1382/1348 1695/1395/1361
f 1696/1396/1362 1695/1395/1361 1683/1382/1348
f 1683/1382/1348 1684/1383/1349 1696/1396/1362
f 1697/1397/1363 1696/1396/1362 1684/1383/1349
f 1684/1383/1349 1685/1384/1350 1697/1397/1363
f 1698/1398/1364 1697/1397/1363 1685/1384/1350
f 1685/1384/1350 1686/1385/1351 1698/1398/1364
f 1699/1399/1365 1698/1398/1364 1686/1385/1351
f 1686/1385/1351 272/1386/1352 1699/1399/1365
f 273/1400/1366 1699/1399/1365 272/1386/1352
f 1700/1401/1367 217/1280/1246 216/1281/1247
f 216/1281/1247 1687/1387/1353 1700/1401/1367
f 1701/1402/1368 1700/1401/1367 1687/1387/1353
f 1687/1387/1353 1688/1388/1354 1701/1402/1368
f 1702/1403/1369 1701/1402/1368 1688/1388/1354
f 1688/1388/1354 1689/1389/1355 1702/1403/1369
f 1703/1404/1370 1702/1403/1369 1689/1389/1355
f 1689/1389/1355 1690/1390/1356 1703/1404/1370
f 1704/1405/1371 1703/1404/1370 1690/1390/1356
f 1690/1390/1356 1691/1391/1357 1704/1405/1371
f 1705/1406/1372 1704/1405/1371 1691/1391/1357
f 1691/1391/1357 1692/1392/1358 1705/1406/1372
f 1706/1407/1373 1705/1406/1372 1692/1392/1358
f 1692/1392/1358 1693/1393/1359 1706/1407/1373
f 1707/1408/1374 1706/1407/1373 1693/1393/1359
f 1693/1393/1359 1694/1394/1360 1707/1408/1374
f 1708/1409/1375 1707/1408/1374 1694/1394/1360
f 1694/1394/1360 1695/1395/1361 1708/1409/1375
f 1709/1410/1376 1708/1409/1375 1695/1395/1361
f 1695/1395/1361 1696/1396/1362 1709/1410/1376
f 1710/1411/1377 1709/1410/1376 1696/1396/1362
f 1696/1396/1362 1697/1397/1363 1710/1411/1377
f 1711/1412/1378 1710/1411/1377 1697/1397/1363
f 1697/1397/1363 1698/1398/1364 1711/1412/1378
f 1712/1413/1379 1711/1412/1378 1698/1398/1364
f 1698/1398/1364 1699/1399/1365 1712/1413/1379
f 1713/1414/1380 1712/1413/1379 1699/1399/1365
f 1699/1399/1365 273/1400/1366 1713/1414/1380
f 274/1415/1381 1713/1414/1380 273/1400/1366
f 1714/1416/1382 218/1279/1245 217/1280/1246
f 217/1280/1246 1700/1401/1367 1714/1416/1382
f 1715/1417/1383 1714/1416/1382 1700/1401/1367
f 1700/1401/1367 1701/1402/1368 1715/1417/1383
f 1716/1418/1384 1715/1417/1383 1701/1402/1368
f 1701/1402/1368 1702/1403/1369 1716/1418/1384
f 1717/1419/1385 1716/1418/1384 1702/1403/1369
f 1702/1403/1369 1703/1404/1370 1717/1419/1385
f 1718/1420/1386 1717/1419/1385 1703/1404/1370
f 1703/1404/1370 1704/1405/1371 1718/1420/1386
f 1719/1421/1387 1718/1420/1386 1704/1405/1371
f 1704/1405/1371 1705/1406/1372 1719/1421/1387
f 1720/1422/1388 1719/1421/1387 1705/1406/1372
f 1705/1406/1372 1706/1407/1373 1720/1422/1388
f 1721/1423/1389 1720/1422/1388 1706/1407/1373
f 1706/1407/1373 1707/1408/1374 1721/1423/1389
f 1722/1424/1390 1721/1423/1389 1707/1408/1374
f 1707/1408/1374 1708/1409/1375 1722/1424/1390
f 1723/1425/1391 1722/1424/1390 1708/1409/1375
f 1708/1409/1375 1709/1410/1376 1723/1425/1391
f 1724/1426/1392 1723/1425/1391 1709/1410/1376
f 1709/1410/1376 1710/1411/1377 1724/1426/1392
f 1725/1427/1393 1724/1426/1392 1710/1411/1377
f 1710/1411/1377 1711/1412/1378 1725/1427/1393
f 1726/1428/1394 1725/1427/1393 1711/1412/1378
f 1711/1412/1378 1712/1413/1379 1726/1428/1394
f 1727/1429/1395 1726/1428/1394 1712/1413/1379
f 1712/1413/1379 1713/1414/1380 1727/1429/1395
f 1728/1430/1396 1727/1429/1395 1713/1414/1380
f 1713/1414/1380 274/1415/1381 1728/1430/1396
f 275/1431/1397 1728/1430/1396 274/1415/1381
f 1729/1432/1398 219/1278/1244 218/1279/1245
f 218/1279/1245 1714/1416/1382 1729/1432/1398
f 1730/1433/1399 1729/1432/1398 1714/1416/1382
f 1714/1416/1382 1715/1417/1383 1730/1433/1399
f 1731/1434/1400 1730/1433/1399 1715/1417/1383
f 1715/1417/1383 1716/1418/1384 1731/1434/1400
f 1732/1435/1401 1731/1434/1400 1716/1418/1384
f 1716/1418/1384 1717/1419/1385 1732/1435/1401
f 1733/1436/1402 1732/1435/1401 1717/1419/1385
f 1717/1419/1385 1718/1420/1386 1733/1436/1402
f 1734/1437/1403 1733/1436/1402 1718/1420/1386
f 1718/1420/1386 1719/1421/1387 1734/1437/1403
f 1735/1438/1404 1734/1437/1403 1719/1421/1387
f 1719/1421/1387 1720/1422/1388 1735/1438/1404
f 1736/1439/1405 1735/1438/1404 1720/1422/1388
f 1720/1422/1388 1721/1423/1389 1736/1439/1405
f 1737/1440/1406 1736/1439/1405 1721/1423/1389
f 1721/1423/1389 1722/1424/1390 1737/1440/1406
f 1738/1441/1407 1737/1440/1406 1722/1424/1390
f 1722/1424/1390 1723/1425/1391 1738/1441/1407
f 1739/1442/1408 1738/1441/1407 1723/1425/1391
f 1723/1425/1391 1724/1426/1392 1739/1442/1408
f 1740/1443/1409 1739/1442/1408 1724/1426/1392
f 1724/1426/1392 1725/1427/1393 1740/1443/1409
f 1741/1444/1410 1740/1443/1409 1725/1427/1393
f 1725/1427/1393 1726/1428/1394 1741/1444/1410
f 1742/1445/1411 1741/1444/1410 1726/1428/1394
f 1726/1428/1394 1727/1429/1395 1742/1445/1411
f 1743/1446/1412 1742/1445/1411 1727/1429/1395
f 1727/1429/1395 1728/1430/1396 1743/1446/1412
f 1744/1447/1413 1743/1446/1412 1728/1430/1396
f 1728/1430/1396 275/1431/1397 1744/1447/1413
f 276/1448/1414 1744/1447/1413 275/1431/1397
f 1745/1449/1415 220/1277/1243 219/1278/1244
f 219/1278/1244 1729/1432/1398 1745/1449/1415
f 1746/1450/1416 1745/1449/1415 1729/1432/1398
f 1729/1432/1398 1730/1433/1399 1746/1450/1416
f 1747/1451/1417 1746/1450/1416 1730/1433/1399
f 1730/1433/1399 1731/1434/1400 1747/1451/1417
f 1748/1452/1418 1747/1451/1417 1731/1434/1400
f 1731/1434/1400 1732/1435/1401 1748/1452/1418
f 1749/1453/1419 1748/1452/1418 1732/1435/1401
f 1732/1435/1401 1733/1436/1402 1749/1453/1419
f 1750/1454/1420 1749/1453/1419 1733/1436/1402
f 1733/1436/1402 1734/1437/1403 1750/1454/1420
f 1751/1455/1421 1750/1454/1420 1734/1437/1403
f 1734/1437/1403 1735/1438/1404 1751/1455/1421
f 1752/1456/1422 1751/1455/1421 1735/1438/1404
f 1735/1438/1404 1736/1439/1405 1752/1456/1422
f 1753/1457/1423 1752/1456/1422 1736/1439/1405
f 1736/1439/1405 1737/1440/1406 1753/1457/1423
f 1754/1458/1424 1753/1457/1423 1737/1440/1406
f 1737/1440/1406 1738/1441/1407 1754/1458/1424
f 1755/1459/1425 1754/1458/1424 1738/1441/1407
f 1738/1441/1407 1739/1442/1408 1755/1459/1425
f 1756/1460/1426 1755/1459/1425 1739/1442/1408
f 1739/1442/1408 1740/1443/1409 1756/1460/1426
f 1757/1461/1427 1756/1460/1426 1740/1443/1409
f 1740/1443/1409 1741/1444/1410 1757/1461/1427
f 1758/1462/1428 1757/1461/1427 1741/1444/1410
f 1741/1444/1410 1742/1445/1411 1758/1462/1428
f 1759/1463/1429 1758/1462/1428 1742/1445/1411
f 1742/1445/1411 1743/1446/1412 1759/1463/1429
f 1760/1464/1430 1759/1463/1429 1743/1446/1412
f 1743/1446/1412 1744/1447/1413 1760/1464/1430
f 1761/1465/1431 1760/1464/1430 1744/1447/1413
f 1744/1447/1413 276/1448/1414 1761/1465/1431
f 277/1466/1432 1761/1465/1431 276/1448/1414
f 1762/1467/1433 221/1276/1242 220/1277/1243
f 220/1277/1243 1745/1449/1415 1762/1467/1433
f 1763/1468/1434 1762/1467/1433 1745/1449/1415
f 1745/1449/1415 1746/1450/1416 1763/1468/1434
f 1764/1469/1435 1763/1468/1434 1746/1450/1416
f 1746/1450/1416 1747/1451/1417 1764/1469/1435
f 1765/1470/1436 1764/1469/1435 1747/1451/1417
f 1747/1451/1417 1748/1452/1418 1765/1470/1436
f 1766/1471/1437 1765/1470/1436 1748/1452/1418
f 1748/1452/1418 1749/1453/1419 1766/1471/1437
f 1767/1472/1438 1766/1471/1437 1749/1453/1419
f 1749/1453/1419 1750/1454/1420 1767/1472/1438
f 1768/1473/1439 1767/1472/1438 1750/1454/1420
f 1750/1454/1420 1751/1455/1421 1768/1473/1439
f 1769/1474/1440 1768/1473/1439 1751/1455/1421
f 1751/1455/1421 1752/1456/1422 1769/1474/1440
f 1770/1475/1441 1769/1474/1440 1752/1456/1422
f 1752/1456/1422 1753/1457/1423 1770/1475/1441
f 1771/1476/1442 1770/1475/1441 1753/1457/1423
f 1753/1457/1423 1754/1458/1424 1771/1476/1442
f 1772/1477/1443 1771/1476/1442 1754/1458/1424
f 1754/1458/1424 1755/1459/1425 1772/1477/1443
f 1773/1478/1444 1772/1477/1443 1755/1459/1425
f 1755/1459/1425 1756/1460/1426 1773/1478/1444
f 1774/1479/1445 1773/1478/1444 1756/1460/1426
f 1756/1460/1426 1757/1461/1427 1774/1479/1445
f 1775/1480/1446 1774/1479/1445 1757/1461/1427
f 1757/1461/1427 1758/1462/1428 1775/1480/1446
f 1776/1481/1447 1775/1480/1446 1758/1462/1428
f 1758/1462/1428 1759/1463/1429 1776/1481/1447
f 1777/1482/1448 1776/1481/1447 1759/1463/1429
f 1759/1463/1429 1760/1464/1430 1777/1482/1448
f 1778/1483/1449 1777/1482/1448 1760/1464/1430
f 1760/1464/1430 1761/1465/1431 1778/1483/1449
f 1779/1484/1450 1778/1483/1449 1761/1465/1431
f 1761/1465/1431 277/1466/1432 1779/1484/1450
f 278/1485/1451 1779/1484/1450 277/1466/1432
f 259/1486/1452 10/1/1 221/1276/1242
f 221/1276/1242 1762/1467/1433 259/1486/1452
f 258/1487/1453 259/1486/1452 1762/1467/1433
f 1762/1467/1433 1763/1468/1434 258/1487/1453
f 257/1488/1454 258/1487/1453 1763/1468/1434
f 1763/1468/1434 1764/1469/1435 257/1488/1454
f 256/1489/1455 257/1488/1454 1764/1469/1435
f 1764/1469/1435 1765/1470/1436 256/1489/1455
f 255/1490/1456 256/1489/1455 1765/1470/1436
f 1765/1470/1436 1766/1471/1437 255/1490/1456
f 254/1491/1457 255/1490/1456 1766/1471/1437
f 1766/1471/1437 1767/1472/1438 254/1491/1457
f 253/1492/1458 254/1491/1457 1767/1472/1438
f 1767/1472/1438 1768/1473/1439 253/1492/1458
f 252/1493/1459 253/1492/1458 1768/1473/1439
f 1768/1473/1439 1769/1474/1440 252/1493/1459
f 251/1494/1460 252/1493/1459 1769/1474/1440
f 1769/1474/1440 1770/1475/1441 251/1494/1460
f 250/1495/1461 251/1494/1460 1770/1475/1441
f 1770/1475/1441 1771/1476/1442 250/1495/1461
f 249/1496/1462 250/1495/1461 1771/1476/1442
f 1771/1476/1442 1772/1477/1443 249/1496/1462
f 248/1497/1463 249/1496/1462 1772/1477/1443
f 1772/1477/1443 1773/1478/1444 248/1497/1463
f 247/1498/1464 248/1497/1463 1773/1478/1444
f 1773/1478/1444 1774/1479/1445 247/1498/1464
f 246/1499/1465 247/1498/1464 1774/1479/1445
f 1774/1479/1445 1775/1480/1446 246/1499/1465
f 245/1500/1466 246/1499/1465 1775/1480/1446
f 1775/1480/1446 1776/1481/1447 245/1500/1466
f 244/1501/1467 245/1500/1466 1776/1481/1447
f 1776/1481/1447 1777/1482/1448 244/1501/1467
f 243/1502/1468 244/1501/1467 1777/1482/1448
f 1777/1482/1448 1778/1483/1449 243/1502/1468
f 242/1503/1469 243/1502/1468 1778/1483/1449
f 1778/1483/1449 1779/1484/1450 242/1503/1469
f 241/1504/1470 242/1503/1469 1779/1484/1450
f 1779/1484/1450 278/1485/1451 241/1504/1470
f 8/1505/1471 241/1504/1470 278/1485/1451
f 259/1486/1452 69/3/3 10/1/1
f 1780/1506/1472 68/7/6 69/3/3
f 69/3/3 259/1486/1452 1780/1506/1472
f 258/1487/1453 1780/1506/1472 259/1486/1452
f 1781/1507/1473 67/11/10 68/7/6
f 68/7/6 1780/1506/1472 1781/1507/1473
f 1782/1508/1474 1781/1507/1473 1780/1506/1472
f 1780/1506/1472 258/1487/1453 1782/1508/1474
f 257/1488/1454 1782/1508/1474 258/1487/1453
f 1783/1509/1475 66/16/15 67/11/10
f 67/11/10 1781/1507/1473 1783/1509/1475
f 1784/1510/1476 1783/1509/1475 1781/1507/1473
f 1781/1507/1473 1782/1508/1474 1784/1510/1476
f 1785/1511/1477 1784/1510/1476 1782/1508/1474
f 1782/1508/1474 257/1488/1454 1785/1511/1477
f 256/1489/1455 1785/1511/1477 257/1488/1454
f 1786/1512/1478 65/22/21 66/16/15
f 66/16/15 1783/1509/1475 1786/1512/1478
f 1787/1513/1479 1786/1512/1478 1783/1509/1475
f 1783/1509/1475 1784/1510/1476 1787/1513/1479
f 1788/1514/1480 1787/1513/1479 1784/1510/1476
f 1784/1510/1476 1785/1511/1477 1788/1514/1480
f 1789/1515/1481 1788/1514/1480 1785/1511/1477
f 1785/1511/1477 256/1489/1455 1789/1515/1481
f 255/1490/1456 1789/1515/1481 256/1489/1455
f 1790/1516/1482 64/29/28 65/22/21
f 65/22/21 1786/1512/1478 1790/1516/1482
f 1791/1517/1483 1790/1516/1482 1786/1512/1478
f 1786/1512/1478 1787/1513/1479 1791/1517/1483
f 1792/1518/1484 1791/1517/1483 1787/1513/1479
f 1787/1513/1479 1788/1514/1480 1792/1518/1484
f 1793/1519/1485 1792/1518/1484 1788/1514/1480
f 1788/1514/1480 1789/1515/1481 1793/1519/1485
f 1794/1520/1486 1793/1519/1485 1789/1515/1481
f 1789/1515/1481 255/1490/1456 1794/1520/1486
f 254/1491/1457 1794/1520/1486 255/1490/1456
f 1795/1521/1487 63/37/36 64/29/28
f 64/29/28 1790/1516/1482 1795/1521/1487
f 1796/1522/1488 1795/1521/1487 1790/1516/1482
f 1790/1516/1482 1791/1517/1483 1796/1522/1488
f 1797/1523/1489 1796/1522/1488 1791/1517/1483
f 1791/1517/1483 1792/1518/1484 1797/1523/1489
f 1798/1524/1490 1797/1523/1489 1792/1518/1484
f 1792/1518/1484 1793/1519/1485 1798/1524/1490
f 1799/1525/1491 1798/1524/1490 1793/1519/1485
f 1793/1519/1485 1794/1520/1486 1799/1525/1491
f 1800/1526/1492 1799/1525/1491 1794/1520/1486
f 1794/1520/1486 254/1491/1457 1800/1526/1492
f 253/1492/1458 1800/1526/1492 254/1491/1457
f 1801/1527/1493 62/46/45 63/37/36
f 63/37/36 1795/1521/1487 1801/1527/1493
f 1802/1528/1494 1801/1527/1493 1795/1521/1487
f 1795/1521/1487 1796/1522/1488 1802/1528/1494
f 1803/1529/1495 1802/1528/1494 1796/1522/1488
f 1796/1522/1488 1797/1523/1489 1803/1529/1495
f 1804/1530/1496 1803/1529/1495 1797/1523/1489
f 1797/1523/1489 1798/1524/1490 1804/1530/1496
f 1805/1531/1497 1804/1530/1496 1798/1524/1490
f 1798/1524/1490 1799/1525/1491 1805/1531/1497
f 1806/1532/1498 1805/1531/1497 1799/1525/1491
f 1799/1525/1491 1800/1526/1492 1806/1532/1498
f 1807/1533/1499 1806/1532/1498 1800/1526/1492
f 1800/1526/1492 253/1492/1458 1807/1533/1499
f 252/1493/1459 1807/1533/1499 253/1492/1458
f 1808/1534/1500 61/56/55 62/46/45
f 62/46/45 1801/1527/1493 1808/1534/1500
f 1809/1535/1501 1808/1534/1500 1801/1527/1493
f 1801/1527/1493 1802/1528/1494 1809/1535/1501
f 1810/1536/1502 1809/1535/1501 1802/1528/1494
f 1802/1528/1494 1803/1529/1495 1810/1536/1502
f 1811/1537/1503 1810/1536/1502 1803/1529/1495
f 1803/1529/1495 1804/1530/1496 1811/1537/1503
f 1812/1538/1504 1811/1537/1503 1804/1530/1496
f 1804/1530/1496 1805/1531/1497 1812/1538/1504
f 1813/1539/1505 1812/1538/1504 1805/1531/1497
f 1805/1531/1497 1806/1532/1498 1813/1539/1505
f 1814/1540/1506 1813/1539/1505 1806/1532/1498
f 1806/1532/1498 1807/1533/1499 1814/1540/1506
f 1815/1541/1507 1814/1540/1506 1807/1533/1499
f 1807/1533/1499 252/1493/1459 1815/1541/1507
f 251/1494/1460 1815/1541/1507 252/1493/1459
f 1816/1542/1508 60/67/66 61/56/55
f 61/56/55 1808/1534/1500 1816/1542/1508
f 1817/1543/1509 1816/1542/1508 1808/1534/1500
f 1808/1534/1500 1809/1535/1501 1817/1543/1509
f 1818/1544/1510 1817/1543/1509 1809/1535/1501
f 1809/1535/1501 1810/1536/1502 1818/1544/1510
f 1819/1545/1511 1818/1544/1510 1810/1536/1502
f 1810/1536/1502 1811/1537/1503 1819/1545/1511
f 1820/1546/1512 1819/1545/1511 1811/1537/1503
f 1811/1537/1503 1812/1538/1504 1820/1546/1512
f 1821/1547/1513 1820/1546/1512 1812/1538/1504
f 1812/1538/1504 1813/1539/1505 1821/1547/1513
f 1822/1548/1514 1821/1547/1513 1813/1539/1505
f 1813/1539/1505 1814/1540/1506 1822/1548/1514
f 1823/1549/1515 1822/1548/1514 1814/1540/1506
f 1814/1540/1506 1815/1541/1507 1823/1549/1515
f 1824/1550/1516 1823/1549/1515 1815/1541/1507
f 1815/1541/1507 251/1494/1460 1824/1550/1516
f 250/1495/1461 1824/1550/1516 251/1494/1460
f 1825/1551/1517 59/80/78 60/67/66
f 60/67/66 1816/1542/1508 1825/1551/1517
f 1826/1552/1518 1825/1551/1517 1816/1542/1508
f 1816/1542/1508 1817/1543/1509 1826/1552/1518
f 1827/1553/1519 1826/1552/1518 1817/1543/1509
f 1817/1543/1509 1818/1544/1510 1827/1553/1519
f 1828/1554/1520 1827/1553/1519 1818/1544/1510
f 1818/1544/1510 1819/1545/1511 1828/1554/1520
f 1829/1555/1521 1828/1554/1520 1819/1545/1511
f 1819/1545/1511 1820/1546/1512 1829/1555/1521
f 1830/1556/1522 1829/1555/1521 1820/1546/1512
f 1820/1546/1512 1821/1547/1513 1830/1556/1522
f 1831/1557/1523 1830/1556/1522 1821/1547/1513
f 1821/1547/1513 1822/1548/1514 1831/1557/1523
f 1832/1558/1524 1831/1557/1523 1822/1548/1514
f 1822/1548/1514 1823/1549/1515 1832/1558/1524
f 1833/1559/1525 1832/1558/1524 1823/1549/1515
f 1823/1549/1515 1824/1550/1516 1833/1559/1525
f 1834/1560/1526 1833/1559/1525 1824/1550/1516
f 1824/1550/1516 250/1495/1461 1834/1560/1526
f 249/1496/1462 1834/1560/1526 250/1495/1461
f 1835/1561/1527 58/93/91 59/80/78
f 59/80/78 1825/1551/1517 1835/1561/1527
f 1836/1562/1528 1835/1561/1527 1825/1551/1517
f 1825/1551/1517 1826/1552/1518 1836/1562/1528
f 1837/1563/1529 1836/1562/1528 1826/1552/1518
f 1826/1552/1518 1827/1553/1519 1837/1563/1529
f 1838/1564/1530 1837/1563/1529 1827/1553/1519
f 1827/1553/1519 1828/1554/1520 1838/1564/1530
f 1839/1565/1531 1838/1564/1530 1828/1554/1520
f 1828/1554/1520 1829/1555/1521 1839/1565/1531
f 1840/1566/1532 1839/1565/1531 1829/1555/1521
f 1829/1555/1521 1830/1556/1522 1840/1566/1532
f 1841/1567/1533 1840/1566/1532 1830/1556/1522
f 1830/1556/1522 1831/1557/1523 1841/1567/1533
f 1842/1568/1534 1841/1567/1533 1831/1557/1523
f 1831/1557/1523 1832/1558/1524 1842/1568/1534
f 1843/1569/1535 1842/1568/1534 1832/1558/1524
f 1832/1558/1524 1833/1559/1525 1843/1569/1535
f 1844/1570/1536 1843/1569/1535 1833/1559/1525
f 1833/1559/1525 1834/1560/1526 1844/1570/1536
f 1845/1571/1537 1844/1570/1536 1834/1560/1526
f 1834/1560/1526 249/1496/1462 1845/1571/1537
f 248/1497/1463 1845/1571/1537 249/1496/1462
f 1846/1572/1538 57/107/105 58/93/91
f 58/93/91 1835/1561/1527 1846/1572/1538
f 1847/1573/1539 1846/1572/1538 1835/1561/1527
f 1835/1561/1527 1836/1562/1528 1847/1573/1539
f 1848/1574/1540 1847/1573/1539 1836/1562/1528
f 1836/1562/1528 1837/1563/1529 1848/1574/1540
f 1849/1575/1541 1848/1574/1540 1837/1563/1529
f 1837/1563/1529 1838/1564/1530 1849/1575/1541
f 1850/1576/1542 1849/1575/1541 1838/1564/1530
f 1838/1564/1530 1839/1565/1531 1850/1576/1542
f 1851/1577/1543 1850/1576/1542 1839/1565/1531
f 1839/1565/1531 1840/1566/1532 1851/1577/1543
f 1852/1578/1544 1851/1577/1543 1840/1566/1532
f 1840/1566/1532 1841/1567/1533 1852/1578/1544
f 1853/1579/1545 1852/1578/1544 1841/1567/1533
f 1841/1567/1533 1842/1568/1534 1853/1579/1545
f 1854/1580/1546 1853/1579/1545 1842/1568/1534
f 1842/1568/1534 1843/1569/1535 1854/1580/1546
f 1855/1581/1547 1854/1580/1546 1843/1569/1535
f 1843/1569/1535 1844/1570/1536 1855/1581/1547
f 1856/1582/1548 1855/1581/1547 1844/1570/1536
f 1844/1570/1536 1845/1571/1537 1856/1582/1548
f 1857/1583/1549 1856/1582/1548 1845/1571/1537
f 1845/1571/1537 248/1497/1463 1857/1583/1549
f 247/1498/1464 1857/1583/1549 248/1497/1463
f 1858/1584/1550 56/122/120 57/107/105
f 57/107/105 1846/1572/1538 1858/1584/1550
f 1859/1585/1551 1858/1584/1550 1846/1572/1538
f 1846/1572/1538 1847/1573/1539 1859/1585/1551
f 1860/1586/1552 1859/1585/1551 1847/1573/1539
f 1847/1573/1539 1848/1574/1540 1860/1586/1552
f 1861/1587/1553 1860/1586/1552 1848/1574/1540
f 1848/1574/1540 1849/1575/1541 1861/1587/1553
f 1862/1588/1554 1861/1587/1553 1849/1575/1541
f 1849/1575/1541 1850/1576/1542 1862/1588/1554
f 1863/1589/1555 1862/1588/1554 1850/1576/1542
f 1850/1576/1542 1851/1577/1543 1863/1589/1555
f 1864/1590/1556 1863/1589/1555 1851/1577/1543
f 1851/1577/1543 1852/1578/1544 1864/1590/1556
f 1865/1591/1557 1864/1590/1556 1852/1578/1544
f 1852/1578/1544 1853/1579/1545 1865/1591/1557
f 1866/1592/1558 1865/1591/1557 1853/1579/1545
f 1853/1579/1545 1854/1580/1546 1866/1592/1558
f 1867/1593/1559 1866/1592/1558 1854/1580/1546
f 1854/1580/1546 1855/1581/1547 1867/1593/1559
f 1868/1594/1560 1867/1593/1559 1855/1581/1547
f 1855/1581/1547 1856/1582/1548 1868/1594/1560
f 1869/1595/1561 1868/1594/1560 1856/1582/1548
f 1856/1582/1548 1857/1583/1549 1869/1595/1561
f 1870/1596/1562 1869/1595/1561 1857/1583/1549
f 1857/1583/1549 247/1498/1464 1870/1596/1562
f 246/1499/1465 1870/1596/1562 247/1498/1464
f 1871/1597/1563 55/138/136 56/122/120
f 56/122/120 1858/1584/1550 1871/1597/1563
f 1872/1598/1564 1871/1597/1563 1858/1584/1550
f 1858/1584/1550 1859/1585/1551 1872/1598/1564
f 1873/1599/1565 1872/1598/1564 1859/1585/1551
f 1859/1585/1551 1860/1586/1552 1873/1599/1565
f 1874/1600/1566 1873/1599/1565 1860/1586/1552
f 1860/1586/1552 1861/1587/1553 1874/1600/1566
f 1875/1601/1567 1874/1600/1566 1861/1587/1553
f 1861/1587/1553 1862/1588/1554 1875/1601/1567
f 1876/1602/1568 1875/1601/1567 1862/1588/1554
f 1862/1588/1554 1863/1589/1555 1876/1602/1568
f 1877/1603/1569 1876/1602/1568 1863/1589/1555
f 1863/1589/1555 1864/1590/1556 1877/1603/1569
f 1878/1604/1570 1877/1603/1569 1864/1590/1556
f 1864/1590/1556 1865/1591/1557 1878/1604/1570
f 1879/1605/1571 1878/1604/1570 1865/1591/1557
f 1865/1591/1557 1866/1592/1558 1879/1605/1571
f 1880/1606/1572 1879/1605/1571 1866/1592/1558
f 1866/1592/1558 1867/1593/1559 1880/1606/1572
f 1881/1607/1573 1880/1606/1572 1867/1593/1559
f 1867/1593/1559 1868/1594/1560 1881/1607/1573
f 1882/1608/1574 1881/1607/1573 1868/1594/1560
f 1868/1594/1560 1869/1595/1561 1882/1608/1574
f 1883/1609/1575 1882/1608/1574 1869/1595/1561
f 1869/1595/1561 1870/1596/1562 1883/1609/1575
f 1884/1610/1576 1883/1609/1575 1870/1596/1562
f 1870/1596/1562 246/1499/1465 1884/1610/1576
f 245/1500/1466 1884/1610/1576 246/1499/1465
f 1885/1611/1577 54/155/153 55/138/136
f 55/138/136 1871/1597/1563 1885/1611/1577
f 1886/1612/1578 1885/1611/1577 1871/1597/1563
f 1871/1597/1563 1872/1598/1564 1886/1612/1578
f 1887/1613/1579 1886/1612/1578 1872/1598/1564
f 1872/1598/1564 1873/1599/1565 1887/1613/1579
f 1888/1614/1580 1887/1613/1579 1873/1599/1565
f 1873/1599/1565 1874/1600/1566 1888/1614/1580
f 1889/1615/1581 1888/1614/1580 1874/1600/1566
f 1874/1600/1566 1875/1601/1567 1889/1615/1581
f 1890/1616/1582 1889/1615/1581 1875/1601/1567
f 1875/1601/1567 1876/1602/1568 1890/1616/1582
f 1891/1617/1583 1890/1616/1582 1876/1602/1568
f 1876/1602/1568 1877/1603/1569 1891/1617/1583
f 1892/1618/1584 1891/1617/1583 1877/1603/1569
f 1877/1603/1569 1878/1604/1570 1892/1618/1584
f 1893/1619/1585 1892/1618/1584 1878/1604/1570
f 1878/1604/1570 1879/1605/1571 1893/1619/1585
f 1894/1620/1586 1893/1619/1585 1879/1605/1571
f 1879/1605/1571 1880/1606/1572 1894/1620/1586
f 1895/1621/1587 1894/1620/1586 1880/1606/1572
f 1880/1606/1572 1881/1607/1573 1895/1621/1587
f 1896/1622/1588 1895/1621/1587 1881/1607/1573
f 1881/1607/1573 1882/1608/1574 1896/1622/1588
f 1897/1623/1589 1896/1622/1588 1882/1608/1574
f 1882/1608/1574 1883/1609/1575 1897/1623/1589
f 1898/1624/1590 1897/1623/1589 1883/1609/1575
f 1883/1609/1575 1884/1610/1576 1898/1624/1590
f 1899/1625/1591 1898/1624/1590 1884/1610/1576
f 1884/1610/1576 245/1500/1466 1899/1625/1591
f 244/1501/1467 1899/1625/1591 245/1500/1466
f 1900/1626/1592 53/173/171 54/155/153
f 54/155/153 1885/1611/1577 1900/1626/1592
f 1901/1627/1593 1900/1626/1592 1885/1611/1577
f 1885/1611/1577 1886/1612/1578 1901/1627/1593
f 1902/1628/1594 1901/1627/1593 1886/1612/1578
f 1886/1612/1578 1887/1613/1579 1902/1628/1594
f 1903/1629/1595 1902/1628/1594 1887/1613/1579
f 1887/1613/1579 1888/1614/1580 1903/1629/1595
f 1904/1630/1596 1903/1629/1595 1888/1614/1580
f 1888/1614/1580 1889/1615/1581 1904/1630/1596
f 1905/1631/1597 1904/1630/1596 1889/1615/1581
f 1889/1615/1581 1890/1616/1582 1905/1631/1597
f 1906/1632/1598 1905/1631/1597 1890/1616/1582
f 1890/1616/1582 1891/1617/1583 1906/1632/1598
f 1907/1633/1599 1906/1632/1598 1891/1617/1583
f 1891/1617/1583 1892/1618/1584 1907/1633/1599
f 1908/1634/1600 1907/1633/1599 1892/1618/1584
f 1892/1618/1584 1893/1619/1585 1908/1634/1600
f 1909/1635/1601 1908/1634/1600 1893/1619/1585
f 1893/1619/1585 1894/1620/1586 1909/1635/1601
f 1910/1636/1602 1909/1635/1601 1894/1620/1586
f 1894/1620/1586 1895/1621/1587 1910/1636/1602
f 1911/1637/1603 1910/1636/1602 1895/1621/1587
f 1895/1621/1587 1896/1622/1588 1911/1637/1603
f 1912/1638/1604 1911/1637/1603 1896/1622/1588
f 1896/1622/1588 1897/1623/1589 1912/1638/1604
f 1913/1639/1605 1912/1638/1604 1897/1623/1589
f 1897/1623/1589 1898/1624/1590 1913/1639/1605
f 1914/1640/1606 1913/1639/1605 1898/1624/1590
f 1898/1624/1590 1899/1625/1591 1914/1640/1606
f 1915/1641/1607 1914/1640/1606 1899/1625/1591
f 1899/1625/1591 244/1501/1467 1915/1641/1607
f 243/1502/1468 1915/1641/1607 244/1501/1467
f 1916/1642/1608 52/192/190 53/173/171
f 53/173/171 1900/1626/1592 1916/1642/1608
f 1917/1643/1609 1916/1642/1608 1900/1626/1592
f 1900/1626/1592 1901/1627/1593 1917/1643/1609
f 1918/1644/1610 1917/1643/1609 1901/1627/1593
f 1901/1627/1593 1902/1628/1594 1918/1644/1610
f 1919/1645/1611 1918/1644/1610 1902/1628/1594
f 1902/1628/1594 1903/1629/1595 1919/1645/1611
f 1920/1646/1612 1919/1645/1611 1903/1629/1595
f 1903/1629/1595 1904/1630/1596 1920/1646/1612
f 1921/1647/1613 1920/1646/1612 1904/1630/1596
f 1904/1630/1596 1905/1631/1597 1921/1647/1613
f 1922/1648/1614 1921/1647/1613 1905/1631/1597
f 1905/1631/1597 1906/1632/1598 1922/1648/1614
f 1923/1649/1615 1922/1648/1614 1906/1632/1598
f 1906/1632/1598 1907/1633/1599 1923/1649/1615
f 1924/1650/1616 1923/1649/1615 1907/1633/1599
f 1907/1633/1599 1908/1634/1600 1924/1650/1616
f 1925/1651/1617 1924/1650/1616 1908/1634/1600
f 1908/1634/1600 1909/1635/1601 1925/1651/1617
f 1926/1652/1618 1925/1651/1617 1909/1635/1601
f 1909/1635/1601 1910/1636/1602 1926/1652/1618
f 1927/1653/1619 1926/1652/1618 1910/1636/1602
f 1910/1636/1602 1911/1637/1603 1927/1653/1619
f 1928/1654/1620 1927/1653/1619 1911/1637/1603
f 1911/1637/1603 1912/1638/1604 1928/1654/1620
f 1929/1655/1621 1928/1654/1620 1912/1638/1604
f 1912/1638/1604 1913/1639/1605 1929/1655/1621
f 1930/1656/1622 1929/1655/1621 1913/1639/1605
f 1913/1639/1605 1914/1640/1606 1930/1656/1622
f 1931/1657/1623 1930/1656/1622 1914/1640/1606
f 1914/1640/1606 1915/1641/1607 1931/1657/1623
f 1932/1658/1624 1931/1657/1623 1915/1641/1607
f 1915/1641/1607 243/1502/1468 1932/1658/1624
f 242/1503/1469 1932/1658/1624 243/1502/1468
f 1933/1659/1625 51/212/210 52/192/190
f 52/192/190 1916/1642/1608 1933/1659/1625
f 1934/1660/1626 1933/1659/1625 1916/1642/1608
f 1916/1642/1608 1917/1643/1609 1934/1660/1626
f 1935/1661/1627 1934/1660/1626 1917/1643/1609
f 1917/1643/1609 1918/1644/1610 1935/1661/1627
f 1936/1662/1628 1935/1661/1627 1918/1644/1610
f 1918/1644/1610 1919/1645/1611 1936/1662/1628
f 1937/1663/1629 1936/1662/1628 1919/1645/1611
f 1919/1645/1611 1920/1646/1612 1937/1663/1629
f 1938/1664/1630 1937/1663/1629 1920/1646/1612
f 1920/1646/1612 1921/1647/1613 1938/1664/1630
f 1939/1665/1631 1938/1664/1630 1921/1647/1613
f 1921/1647/1613 1922/1648/1614 1939/1665/1631
f 1940/1666/1632 1939/1665/1631 1922/1648/1614
f 1922/1648/1614 1923/1649/1615 1940/1666/1632
f 1941/1667/1633 1940/1666/1632 1923/1649/1615
f 1923/1649/1615 1924/1650/1616 1941/1667/1633
f 1942/1668/1634 1941/1667/1633 1924/1650/1616
f 1924/1650/1616 1925/1651/1617 1942/1668/1634
f 1943/1669/1635 1942/1668/1634 1925/1651/1617
f 1925/1651/1617 1926/1652/1618 1943/1669/1635
f 1944/1670/1636 1943/1669/1635 1926/1652/1618
f 1926/1652/1618 1927/1653/1619 1944/1670/1636
f 1945/1671/1637 1944/1670/1636 1927/1653/1619
f 1927/1653/1619 1928/1654/1620 1945/1671/1637
f 1946/1672/1638 1945/1671/1637 1928/1654/1620
f 1928/1654/1620 1929/1655/1621 1946/1672/1638
f 1947/1673/1639 1946/1672/1638 1929/1655/1621
f 1929/1655/1621 1930/1656/1622 1947/1673/1639
f 1948/1674/1640 1947/1673/1639 1930/1656/1622
f 1930/1656/1622 1931/1657/1623 1948/1674/1640
f 1949/1675/1641 1948/1674/1640 1931/1657/1623
f 1931/1657/1623 1932/1658/1624 1949/1675/1641
f 1950/1676/1642 1949/1675/1641 1932/1658/1624
f 1932/1658/1624 242/1503/1469 1950/1676/1642
f 241/1504/1470 1950/1676/1642 242/1503/1469
f 279/1677/1643 1/233/231 51/212/210
f 51/212/210 1933/1659/1625 279/1677/1643
f 280/1678/1644 279/1677/1643 1933/1659/1625
f 1933/1659/1625 1934/1660/1626 280/1678/1644
f 281/1679/1645 280/1678/1644 1934/1660/1626
f 1934/1660/1626 1935/1661/1627 281/1679/1645
f 282/1680/1646 281/1679/1645 1935/1661/1627
f 1935/1661/1627 1936/1662/1628 282/1680/1646
f 283/1681/1647 282/1680/1646 1936/1662/1628
f 1936/1662/1628 1937/1663/1629 283/1681/1647
f 284/1682/1648 283/1681/1647 1937/1663/1629
f 1937/1663/1629 1938/1664/1630 284/1682/1648
f 285/1683/1649 284/1682/1648 1938/1664/1630
f 1938/1664/1630 1939/1665/1631 285/1683/1649
f 286/1684/1650 285/1683/1649 1939/1665/1631
f 1939/1665/1631 1940/1666/1632 286/1684/1650
f 287/1685/1651 286/1684/1650 1940/1666/1632
f 1940/1666/1632 1941/1667/1633 287/1685/1651
f 288/1686/1652 287/1685/1651 1941/1667/1633
f 1941/1667/1633 1942/1668/1634 288/1686/1652
f 289/1687/1653 288/1686/1652 1942/1668/1634
f 1942/1668/1634 1943/1669/1635 289/1687/1653
f 290/1688/1654 289/1687/1653 1943/1669/1635
f 1943/1669/1635 1944/1670/1636 290/1688/1654
f 291/1689/1655 290/1688/1654 1944/1670/1636
f 1944/1670/1636 1945/1671/1637 291/1689/1655
f 292/1690/1656 291/1689/1655 1945/1671/1637
f 1945/1671/1637 1946/1672/1638 292/1690/1656
f 293/1691/1657 292/1690/1656 1946/1672/1638
f 1946/1672/1638 1947/1673/1639 293/1691/1657
f 294/1692/1658 293/1691/1657 1947/1673/1639
f 1947/1673/1639 1948/1674/1640 294/1692/1658
f 295/1693/1659 294/1692/1658 1948/1674/1640
f 1948/1674/1640 1949/1675/1641 295/1693/1659
f 296/1694/1660 295/1693/1659 1949/1675/1641
f 1949/1675/1641 1950/1676/1642 296/1694/1660
f 297/1695/1661 296/1694/1660 1950/1676/1642
f 1950/1676/1642 241/1504/1470 297/1695/1661
f 8/1505/1471 297/1695/1661 241/1504/1470
f 354/1698/1664 316/1697/1663 12/1696/1662
f 1951/1700/1666 315/1699/1665 316/1697/1663
f 316/1697/1663 354/1698/1664 1951/1700/1666
f 353/1701/1667 1951/1700/1666 354/1698/1664
f 1952/1703/1669 314/1702/1668 315/1699/1665
f 315/1699/1665 1951/1700/1666 1952/1703/1669
f 1953/1704/1670 1952/1703/1669 1951/1700/1666
f 1951/1700/1666 353/1701/1667 1953/1704/1670
f 352/1705/1671 1953/1704/1670 353/1701/1667
f 1954/1707/1673 313/1706/1672 314/1702/1668
f 314/1702/1668 1952/1703/1669 1954/1707/1673
f 1955/1708/1674 1954/1707/1673 1952/1703/1669
f 1952/1703/1669 1953/1704/1670 1955/1708/1674
f 1956/1709/1675 1955/1708/1674 1953/1704/1670
f 1953/1704/1670 352/1705/1671 1956/1709/1675
f 351/1710/1676 1956/1709/1675 352/1705/1671
f 1957/1712/1678 312/1711/1677 313/1706/1672
f 313/1706/1672 1954/1707/1673 1957/1712/1678
f 1958/1713/1679 1957/1712/1678 1954/1707/1673
f 1954/1707/1673 1955/1708/1674 1958/1713/1679
f 1959/1714/1680 1958/1713/1679 1955/1708/1674
f 1955/1708/1674 1956/1709/1675 1959/1714/1680
f 1960/1715/1681 1959/1714/1680 1956/1709/1675
f 1956/1709/1675 351/1710/1676 1960/1715/1681
f 350/1716/1682 1960/1715/1681 351/1710/1676
f 1961/1718/1684 311/1717/1683 312/1711/1677
f 312/1711/1677 1957/1712/1678 1961/1718/1684
f 1962/1719/1685 1961/1718/1684 1957/1712/1678
f 1957/1712/1678 1958/1713/1679 1962/1719/1685
f 1963/1720/1686 1962/1719/1685 1958/1713/1679
f 1958/1713/1679 1959/1714/1680 1963/1720/1686
f 1964/1721/1687 1963/1720/1686 1959/1714/1680
f 1959/1714/1680 1960/1715/1681 1964/1721/1687
f 1965/1722/1688 1964/1721/1687 1960/1715/1681
f 1960/1715/1681 350/1716/1682 1965/1722/1688
f 349/1723/1689 1965/1722/1688 350/1716/1682
f 1966/1725/1691 310/1724/1690 311/1717/1683
f 311/1717/1683 1961/1718/1684 1966/1725/1691
f 1967/1726/1692 1966/1725/1691 1961/1718/1684
f 1961/1718/1684 1962/1719/1685 1967/1726/1692
f 1968/1727/1693 1967/1726/1692 1962/1719/1685
f 1962/1719/1685 1963/1720/1686 1968/1727/1693
f 1969/1728/1694 1968/1727/1693 1963/1720/1686
f 1963/1720/1686 1964/1721/1687 1969/1728/1694
f 1970/1729/1695 1969/1728/1694 1964/1721/1687
f 1964/1721/1687 1965/1722/1688 1970/1729/1695
f 1971/1730/1696 1970/1729/1695 1965/1722/1688
f 1965/1722/1688 349/1723/1689 1971/1730/1696
f 348/1731/1697 1971/1730/1696 349/1723/1689
f 1972/1733/1699 309/1732/1698 310/1724/1690
f 310/1724/1690 1966/1725/1691 1972/1733/1699
f 1973/1734/1700 1972/1733/1699 1966/1725/1691
f 1966/1725/1691 1967/1726/1692 1973/1734/1700
f 1974/1735/1701 1973/1734/1700 1967/1726/1692
f 1967/1726/1692 1968/1727/1693 1974/1735/1701
f 1975/1736/1702 1974/1735/1701 1968/1727/1693
f 1968/1727/1693 1969/1728/1694 1975/1736/1702
f 1976/1737/1703 1975/1736/1702 1969/1728/1694
f 1969/1728/1694 1970/1729/1695 1976/1737/1703
f 1977/1738/1704 1976/1737/1703 1970/1729/1695
f 1970/1729/1695 1971/1730/1696 1977/1738/1704
f 1978/1739/1705 1977/1738/1704 1971/1730/1696
f 1971/1730/1696 348/1731/1697 1978/1739/1705
f 347/1740/1706 1978/1739/1705 348/1731/1697
f 1979/1742/1708 308/1741/1707 309/1732/1698
f 309/1732/1698 1972/1733/1699 1979/1742/1708
f 1980/1743/1709 1979/1742/1708 1972/1733/1699
f 1972/1733/1699 1973/1734/1700 1980/1743/1709
f 1981/1744/1710 1980/1743/1709 1973/1734/1700
f 1973/1734/1700 1974/1735/1701 1981/1744/1710
f 1982/1745/1711 1981/1744/1710 1974/1735/1701
f 1974/1735/1701 1975/1736/1702 1982/1745/1711
f 1983/1746/1712 1982/1745/1711 1975/1736/1702
f 1975/1736/1702 1976/1737/1703 1983/1746/1712
f 1984/1747/1713 1983/1746/1712 1976/1737/1703
f 1976/1737/1703 1977/1738/1704 1984/1747/1713
f 1985/1748/1714 1984/1747/1713 1977/1738/1704
f 1977/1738/1704 1978/1739/1705 1985/1748/1714
f 1986/1749/1715 1985/1748/1714 1978/1739/1705
f 1978/1739/1705 347/1740/1706 1986/1749/1715
f 346/1750/1716 1986/1749/1715 347/1740/1706
f 1987/1752/1718 307/1751/1717 308/1741/1707
f 308/1741/1707 1979/1742/1708 1987/1752/1718
f 1988/1753/1719 1987/1752/1718 1979/1742/1708
f 1979/1742/1708 1980/1743/1709 1988/1753/1719
f 1989/1754/1720 1988/1753/1719 1980/1743/1709
f 1980/1743/1709 1981/1744/1710 1989/1754/1720
f 1990/1755/1721 1989/1754/1720 1981/1744/1710
f 1981/1744/1710 1982/1745/1711 1990/1755/1721
f 1991/1756/1722 1990/1755/1721 1982/1745/1711
f 1982/1745/1711 1983/1746/1712 1991/1756/1722
f 1992/1757/1723 1991/1756/1722 1983/1746/1712
f 1983/1746/1712 1984/1747/1713 1992/1757/1723
f 1993/1758/1724 1992/1757/1723 1984/1747/1713
f 1984/1747/1713 1985/1748/1714 1993/1758/1724
f 1994/1759/1725 1993/1758/1724 1985/1748/1714
f 1985/1748/1714 1986/1749/1715 1994/1759/1725
f 1995/1760/1726 1994/1759/1725 1986/1749/1715
f 1986/1749/1715 346/1750/1716 1995/1760/1726
f 345/1761/1727 1995/1760/1726 346/1750/1716
f 1996/1764/1729 306/1763/1728 307/1762/1717
f 307/1751/1717 1987/1752/1718 1996/1764/1729
f 1997/1765/1730 1996/1764/1729 1987/1752/1718
f 1987/1752/1718 1988/1753/1719 1997/1765/1730
f 1998/1766/1731 1997/1765/1730 1988/1753/1719
f 1988/1753/1719 1989/1754/1720 1998/1766/1731
f 1999/1767/1732 1998/1766/1731 1989/1754/1720
f 1989/1754/1720 1990/1755/1721 1999/1767/1732
f 2000/1768/1733 1999/1767/1732 1990/1755/1721
f 1990/1755/1721 1991/1756/1722 2000/1768/1733
f 2001/1769/1734 2000/1768/1733 1991/1756/1722
f 1991/1756/1722 1992/1757/1723 2001/1769/1734
f 2002/1770/1735 2001/1769/1734 1992/1757/1723
f 1992/1757/1723 1993/1758/1724 2002/1770/1735
f 2003/1771/1736 2002/1770/1735 1993/1758/1724
f 1993/1758/1724 1994/1759/1725 2003/1771/1736
f 2004/1772/1737 2003/1771/1736 1994/1759/1725
f 1994/1759/1725 1995/1760/1726 2004/1772/1737
f 2005/1773/1738 2004/1772/1737 1995/1760/1726
f 1995/1760/1726 345/1761/1727 2005/1773/1738
f 344/1774/1739 2005/1773/1738 345/1761/1727
f 2006/1776/1741 305/1775/1740 306/1763/1728
f 306/1763/1728 1996/1764/1729 2006/1776/1741
f 2007/1777/1742 2006/1776/1741 1996/1764/1729
f 1996/1764/1729 1997/1765/1730 2007/1777/1742
f 2008/1778/1743 2007/1777/1742 1997/1765/1730
f 1997/1765/1730 1998/1766/1731 2008/1778/1743
f 2009/1779/1744 2008/1778/1743 1998/1766/1731
f 1998/1766/1731 1999/1767/1732 2009/1779/1744
f 2010/1780/1745 2009/1779/1744 1999/1767/1732
f 1999/1767/1732 2000/1768/1733 2010/1780/1745
f 2011/1781/1746 2010/1780/1745 2000/1768/1733
f 2000/1768/1733 2001/1769/1734 2011/1781/1746
f 2012/1782/1747 2011/1781/1746 2001/1769/1734
f 2001/1769/1734 2002/1770/1735 2012/1782/1747
f 2013/1783/1748 2012/1782/1747 2002/1770/1735
f 2002/1770/1735 2003/1771/1736 2013/1783/1748
f 2014/1784/1749 2013/1783/1748 2003/1771/1736
f 2003/1771/1736 2004/1772/1737 2014/1784/1749
f 2015/1785/1750 2014/1784/1749 2004/1772/1737
f 2004/1772/1737 2005/1773/1738 2015/1785/1750
f 2016/1786/1751 2015/1785/1750 2005/1773/1738
f 2005/1773/1738 344/1774/1739 2016/1786/1751
f 343/1787/1752 2016/1786/1751 344/1774/1739
f 2017/1789/1754 304/1788/1753 305/1775/1740
f 305/1775/1740 2006/1776/1741 2017/1789/1754
f 2018/1790/1755 2017/1789/1754 2006/1776/1741
f 2006/1776/1741 2007/1777/1742 2018/1790/1755
f 2019/1791/1756 2018/1790/1755 2007/1777/1742
f 2007/1777/1742 2008/1778/1743 2019/1791/1756
f 2020/1792/1757 2019/1791/1756 2008/1778/1743
f 2008/1778/1743 2009/1779/1744 2020/1792/1757
f 2021/1793/1758 2020/1792/1757 2009/1779/1744
f 2009/1779/1744 2010/1780/1745 2021/1793/1758
f 2022/1794/1759 2021/1793/1758 2010/1780/1745
f 2010/1780/1745 2011/1781/1746 2022/1794/1759
f 2023/1795/1760 2022/1794/1759 2011/1781/1746
f 2011/1781/1746 2012/1782/1747 2023/1795/1760
f 2024/1796/1761 2023/1795/1760 2012/1782/1747
f 2012/1782/1747 2013/1783/1748 2024/1796/1761
f 2025/1797/1762 2024/1796/1761 2013/1783/1748
f 2013/1783/1748 2014/1784/1749 2025/1797/1762
f 2026/1798/1763 2025/1797/1762 2014/1784/1749
f 2014/1784/1749 2015/1785/1750 2026/1798/1763
f 2027/1799/1764 2026/1798/1763 2015/1785/1750
f 2015/1785/1750 2016/1786/1751 2027/1799/1764
f 2028/1800/1765 2027/1799/1764 2016/1786/1751
f 2016/1786/1751 343/1787/1752 2028/1800/1765
f 342/1801/1766 2028/1800/1765 343/1787/1752
f 2029/1803/1768 303/1802/1767 304/1788/1753
f 304/1788/1753 2017/1789/1754 2029/1803/1768
f 2030/1804/1769 2029/1803/1768 2017/1789/1754
f 2017/1789/1754 2018/1790/1755 2030/1804/1769
f 2031/1805/1770 2030/1804/1769 2018/1790/1755
f 2018/1790/1755 2019/1791/1756 2031/1805/1770
f 2032/1806/1771 2031/1805/1770 2019/1791/1756
f 2019/1791/1756 2020/1792/1757 2032/1806/1771
f 2033/1807/1772 2032/1806/1771 2020/1792/1757
f 2020/1792/1757 2021/1793/1758 2033/1807/1772
f 2034/1808/1773 2033/1807/1772 2021/1793/1758
f 2021/1793/1758 2022/1794/1759 2034/1808/1773
f 2035/1809/1774 2034/1808/1773 2022/1794/1759
f 2022/1794/1759 2023/1795/1760 2035/1809/1774
f 2036/1810/1775 2035/1809/1774 2023/1795/1760
f 2023/1795/1760 2024/1796/1761 2036/1810/1775
f 2037/1811/1776 2036/1810/1775 2024/1796/1761
f 2024/1796/1761 2025/1797/1762 2037/1811/1776
f 2038/1812/1777 2037/1811/1776 2025/1797/1762
f 2025/1797/1762 2026/1798/1763 2038/1812/1777
f 2039/1813/1778 2038/1812/1777 2026/1798/1763
f 2026/1798/1763 2027/1799/1764 2039/1813/1778
f 2040/1814/1779 2039/1813/1778 2027/1799/1764
f 2027/1799/1764 2028/1800/1765 2040/1814/1779
f 2041/1815/1780 2040/1814/1779 2028/1800/1765
f 2028/1800/1765 342/1801/1766 2041/1815/1780
f 341/1816/1781 2041/1815/1780 342/1801/1766
f 2042/1818/1783 302/1817/1782 303/1802/1767
f 303/1802/1767 2029/1803/1768 2042/1818/1783
f 2043/1819/1784 2042/1818/1783 2029/1803/1768
f 2029/1803/1768 2030/1804/1769 2043/1819/1784
f 2044/1820/1785 2043/1819/1784 2030/1804/1769
f 2030/1804/1769 2031/1805/1770 2044/1820/1785
f 2045/1821/1786 2044/1820/1785 2031/1805/1770
f 2031/1805/1770 2032/1806/1771 2045/1821/1786
f 2046/1822/1787 2045/1821/1786 2032/1806/1771
f 2032/1806/1771 2033/1807/1772 2046/1822/1787
f 2047/1823/1788 2046/1822/1787 2033/1807/1772
f 2033/1807/1772 2034/1808/1773 2047/1823/1788
f 2048/1824/1789 2047/1823/1788 2034/1808/1773
f 2034/1808/1773 2035/1809/1774 2048/1824/1789
f 2049/1825/1790 2048/1824/1789 2035/1809/1774
f 2035/1809/1774 2036/1810/1775 2049/1825/1790
f 2050/1826/1791 2049/1825/1790 2036/1810/1775
f 2036/1810/1775 2037/1811/1776 2050/1826/1791
f 2051/1827/1792 2050/1826/1791 2037/1811/1776
f 2037/1811/1776 2038/1812/1777 2051/1827/1792
f 2052/1828/1793 2051/1827/1792 2038/1812/1777
f 2038/1812/1777 2039/1813/1778 2052/1828/1793
f 2053/1829/1794 2052/1828/1793 2039/1813/1778
f 2039/1813/1778 2040/1814/1779 2053/1829/1794
f 2054/1830/1795 2053/1829/1794 2040/1814/1779
f 2040/1814/1779 2041/1815/1780 2054/1830/1795
f 2055/1831/1796 2054/1830/1795 2041/1815/1780
f 2041/1815/1780 341/1816/1781 2055/1831/1796
f 340/1832/1797 2055/1831/1796 341/1816/1781
f 2056/1834/1799 301/1833/1798 302/1817/1782
f 302/1817/1782 2042/1818/1783 2056/1834/1799
f 2057/1835/1800 2056/1834/1799 2042/1818/1783
f 2042/1818/1783 2043/1819/1784 2057/1835/1800
f 2058/1836/1801 2057/1835/1800 2043/1819/1784
f 2043/1819/1784 2044/1820/1785 2058/1836/1801
f 2059/1837/1802 2058/1836/1801 2044/1820/1785
f 2044/1820/1785 2045/1821/1786 2059/1837/1802
f 2060/1838/1803 2059/1837/1802 2045/1821/1786
f 2045/1821/1786 2046/1822/1787 2060/1838/1803
f 2061/1839/1804 2060/1838/1803 2046/1822/1787
f 2046/1822/1787 2047/1823/1788 2061/1839/1804
f 2062/1840/1805 2061/1839/1804 2047/1823/1788
f 2047/1823/1788 2048/1824/1789 2062/1840/1805
f 2063/1841/1806 2062/1840/1805 2048/1824/1789
f 2048/1824/1789 2049/1825/1790 2063/1841/1806
f 2064/1842/1807 2063/1841/1806 2049/1825/1790
f 2049/1825/1790 2050/1826/1791 2064/1842/1807
f 2065/1843/1808 2064/1842/1807 2050/1826/1791
f 2050/1826/1791 2051/1827/1792 2065/1843/1808
f 2066/1844/1809 2065/1843/1808 2051/1827/1792
f 2051/1827/1792 2052/1828/1793 2066/1844/1809
f 2067/1845/1810 2066/1844/1809 2052/1828/1793
f 2052/1828/1793 2053/1829/1794 2067/1845/1810
f 2068/1846/1811 2067/1845/1810 2053/1829/1794
f 2053/1829/1794 2054/1830/1795 2068/1846/1811
f 2069/1847/1812 2068/1846/1811 2054/1830/1795
f 2054/1830/1795 2055/1831/1796 2069/1847/1812
f 2070/1848/1813 2069/1847/1812 2055/1831/1796
f 2055/1831/1796 340/1832/1797 2070/1848/1813
f 339/1849/1814 2070/1848/1813 340/1832/1797
f 2071/1851/1816 300/1850/1815 301/1833/1798
f 301/1833/1798 2056/1834/1799 2071/1851/1816
f 2072/1852/1817 2071/1851/1816 2056/1834/1799
f 2056/1834/1799 2057/1835/1800 2072/1852/1817
f 2073/1853/1818 2072/1852/1817 2057/1835/1800
f 2057/1835/1800 2058/1836/1801 2073/1853/1818
f 2074/1854/1819 2073/1853/1818 2058/1836/1801
f 2058/1836/1801 2059/1837/1802 2074/1854/1819
f 2075/1855/1820 2074/1854/1819 2059/1837/1802
f 2059/1837/1802 2060/1838/1803 2075/1855/1820
f 2076/1856/1821 2075/1855/1820 2060/1838/1803
f 2060/1838/1803 2061/1839/1804 2076/1856/1821
f 2077/1857/1822 2076/1856/1821 2061/1839/1804
f 2061/1839/1804 2062/1840/1805 2077/1857/1822
f 2078/1858/1823 2077/1857/1822 2062/1840/1805
f 2062/1840/1805 2063/1841/1806 2078/1858/1823
f 2079/1859/1824 2078/1858/1823 2063/1841/1806
f 2063/1841/1806 2064/1842/1807 2079/1859/1824
f 2080/1860/1825 2079/1859/1824 2064/1842/1807
f 2064/1842/1807 2065/1843/1808 2080/1860/1825
f 2081/1861/1826 2080/1860/1825 2065/1843/1808
f 2065/1843/1808 2066/1844/1809 2081/1861/1826
f 2082/1862/1827 2081/1861/1826 2066/1844/1809
f 2066/1844/1809 2067/1845/1810 2082/1862/1827
f 2083/1863/1828 2082/1862/1827 2067/1845/1810
f 2067/1845/1810 2068/1846/1811 2083/1863/1828
f 2084/1864/1829 2083/1863/1828 2068/1846/1811
f 2068/1846/1811 2069/1847/1812 2084/1864/1829
f 2085/1865/1830 2084/1864/1829 2069/1847/1812
f 2069/1847/1812 2070/1848/1813 2085/1865/1830
f 2086/1866/1831 2085/1865/1830 2070/1848/1813
f 2070/1848/1813 339/1849/1814 2086/1866/1831
f 338/1867/1832 2086/1866/1831 339/1849/1814
f 2087/1869/1834 299/1868/1833 300/1850/1815
f 300/1850/1815 2071/1851/1816 2087/1869/1834
f 2088/1870/1835 2087/1869/1834 2071/1851/1816
f 2071/1851/1816 2072/1852/1817 2088/1870/1835
f 2089/1871/1836 2088/1870/1835 2072/1852/1817
f 2072/1852/1817 2073/1853/1818 2089/1871/1836
f 2090/1872/1837 2089/1871/1836 2073/1853/1818
f 2073/1853/1818 2074/1854/1819 2090/1872/1837
f 2091/1873/1838 2090/1872/1837 2074/1854/1819
f 2074/1854/1819 2075/1855/1820 2091/1873/1838
f 2092/1874/1839 2091/1873/1838 2075/1855/1820
f 2075/1855/1820 2076/1856/1821 2092/1874/1839
f 2093/1875/1840 2092/1874/1839 2076/1856/1821
f 2076/1856/1821 2077/1857/1822 2093/1875/1840
f 2094/1876/1841 2093/1875/1840 2077/1857/1822
f 2077/1857/1822 2078/1858/1823 2094/1876/1841
f 2095/1877/1842 2094/1876/1841 2078/1858/1823
f 2078/1858/1823 2079/1859/1824 2095/1877/1842
f 2096/1878/1843 2095/1877/1842 2079/1859/1824
f 2079/1859/1824 2080/1860/1825 2096/1878/1843
f 2097/1879/1844 2096/1878/1843 2080/1860/1825
f 2080/1860/1825 2081/1861/1826 2097/1879/1844
f 2098/1880/1845 2097/1879/1844 2081/1861/1826
f 2081/1861/1826 2082/1862/1827 2098/1880/1845
f 2099/1881/1846 2098/1880/1845 2082/1862/1827
f 2082/1862/1827 2083/1863/1828 2099/1881/1846
f 2100/1882/1847 2099/1881/1846 2083/1863/1828
f 2083/1863/1828 2084/1864/1829 2100/1882/1847
f 2101/1883/1848 2100/1882/1847 2084/1864/1829
f 2084/1864/1829 2085/1865/1830 2101/1883/1848
f 2102/1884/1849 2101/1883/1848 2085/1865/1830
f 2085/1865/1830 2086/1866/1831 2102/1884/1849
f 2103/1885/1850 2102/1884/1849 2086/1866/1831
f 2086/1866/1831 338/1867/1832 2103/1885/1850
f 337/1886/1851 2103/1885/1850 338/1867/1832
f 2104/1888/1853 298/1887/1852 299/1868/1833
f 299/1868/1833 2087/1869/1834 2104/1888/1853
f 2105/1889/1854 2104/1888/1853 2087/1869/1834
f 2087/1869/1834 2088/1870/1835 2105/1889/1854
f 2106/1890/1855 2105/1889/1854 2088/1870/1835
f 2088/1870/1835 2089/1871/1836 2106/1890/1855
f 2107/1891/1856 2106/1890/1855 2089/1871/1836
f 2089/1871/1836 2090/1872/1837 2107/1891/1856
f 2108/1892/1857 2107/1891/1856 2090/1872/1837
f 2090/1872/1837 2091/1873/1838 2108/1892/1857
f 2109/1893/1858 2108/1892/1857 2091/1873/1838
f 2091/1873/1838 2092/1874/1839 2109/1893/1858
f 2110/1894/1859 2109/1893/1858 2092/1874/1839
f 2092/1874/1839 2093/1875/1840 2110/1894/1859
f 2111/1895/1860 2110/1894/1859 2093/1875/1840
f 2093/1875/1840 2094/1876/1841 2111/1895/1860
f 2112/1896/1861 2111/1895/1860 2094/1876/1841
f 2094/1876/1841 2095/1877/1842 2112/1896/1861
f 2113/1897/1862 2112/1896/1861 2095/1877/1842
f 2095/1877/1842 2096/1878/1843 2113/1897/1862
f 2114/1898/1863 2113/1897/1862 2096/1878/1843
f 2096/1878/1843 2097/1879/1844 2114/1898/1863
f 2115/1899/1864 2114/1898/1863 2097/1879/1844
f 2097/1879/1844 2098/1880/1845 2115/1899/1864
f 2116/1900/1865 2115/1899/1864 2098/1880/1845
f 2098/1880/1845 2099/1881/1846 2116/1900/1865
f 2117/1901/1866 2116/1900/1865 2099/1881/1846
f 2099/1881/1846 2100/1882/1847 2117/1901/1866
f 2118/1902/1867 2117/1901/1866 2100/1882/1847
f 2100/1882/1847 2101/1883/1848 2118/1902/1867
f 2119/1903/1868 2118/1902/1867 2101/1883/1848
f 2101/1883/1848 2102/1884/1849 2119/1903/1868
f 2120/1904/1869 2119/1903/1868 2102/1884/1849
f 2102/1884/1849 2103/1885/1850 2120/1904/1869
f 2121/1905/1870 2120/1904/1869 2103/1885/1850
f 2103/1885/1850 337/1886/1851 2121/1905/1870
f 336/1906/1871 2121/1905/1870 337/1886/1851
f 335/1908/1873 11/1907/1872 298/1887/1852
f 298/1887/1852 2104/1888/1853 335/1908/1873
f 334/1909/1874 335/1908/1873 2104/1888/1853
f 2104/1888/1853 2105/1889/1854 334/1909/1874
f 333/1910/1875 334/1909/1874 2105/1889/1854
f 2105/1889/1854 2106/1890/1855 333/1910/1875
f 332/1911/1876 333/1910/1875 2106/1890/1855
f 2106/1890/1855 2107/1891/1856 332/1911/1876
f 331/1912/1877 332/1911/1876 2107/1891/1856
f 2107/1891/1856 2108/1892/1857 331/1912/1877
f 330/1913/1878 331/1912/1877 2108/1892/1857
f 2108/1892/1857 2109/1893/1858 330/1913/1878
f 329/1914/1879 330/1913/1878 2109/1893/1858
f 2109/1893/1858 2110/1894/1859 329/1914/1879
f 328/1915/1880 329/1914/1879 2110/1894/1859
f 2110/1894/1859 2111/1895/1860 328/1915/1880
f 327/1916/1881 328/1915/1880 2111/1895/1860
f 2111/1895/1860 2112/1896/1861 327/1916/1881
f 326/1917/1882 327/1916/1881 2112/1896/1861
f 2112/1896/1861 2113/1897/1862 326/1917/1882
f 325/1918/1883 326/1917/1882 2113/1897/1862
f 2113/1897/1862 2114/1898/1863 325/1918/1883
f 324/1919/1884 325/1918/1883 2114/1898/1863
f 2114/1898/1863 2115/1899/1864 324/1919/1884
f 323/1920/1885 324/1919/1884 2115/1899/1864
f 2115/1899/1864 2116/1900/1865 323/1920/1885
f 322/1921/1886 323/1920/1885 2116/1900/1865
f 2116/1900/1865 2117/1901/1866 322/1921/1886
f 321/1922/1887 322/1921/1886 2117/1901/1866
f 2117/1901/1866 2118/1902/1867 321/1922/1887
f 320/1923/1888 321/1922/1887 2118/1902/1867
f 2118/1902/1867 2119/1903/1868 320/1923/1888
f 319/1924/1889 320/1923/1888 2119/1903/1868
f 2119/1903/1868 2120/1904/1869 319/1924/1889
f 318/1925/1890 319/1924/1889 2120/1904/1869
f 2120/1904/1869 2121/1905/1870 318/1925/1890
f 317/1926/1891 318/1925/1890 2121/1905/1870
f 2121/1905/1870 336/1906/1871 317/1926/1891
f 2/1927/1892 317/1926/1891 336/1906/1871
f 392/1929/1894 355/1928/1893 3/424/422
f 2122/1931/1896 356/1930/1895 355/1928/1893
f 355/1928/1893 392/1929/1894 2122/1931/1896
f 391/1932/1897 2122/1931/1896 392/1929/1894
f 2123/1934/1899 357/1933/1898 356/1930/1895
f 356/1930/1895 2122/1931/1896 2123/1934/1899
f 2124/1935/1900 2123/1934/1899 2122/1931/1896
f 2122/1931/1896 391/1932/1897 2124/1935/1900
f 390/1936/1901 2124/1935/1900 391/1932/1897
f 2125/1938/1903 358/1937/1902 357/1933/1898
f 357/1933/1898 2123/1934/1899 2125/1938/1903
f 2126/1939/1904 2125/1938/1903 2123/1934/1899
f 2123/1934/1899 2124/1935/1900 2126/1939/1904
f 2127/1940/1905 2126/1939/1904 2124/1935/1900
f 2124/1935/1900 390/1936/1901 2127/1940/1905
f 389/1941/1906 2127/1940/1905 390/1936/1901
f 2128/1943/1908 359/1942/1907 358/1937/1902
f 358/1937/1902 2125/1938/1903 2128/1943/1908
f 2129/1944/1909 2128/1943/1908 2125/1938/1903
f 2125/1938/1903 2126/1939/1904 2129/1944/1909
f 2130/1945/1910 2129/1944/1909 2126/1939/1904
f 2126/1939/1904 2127/1940/1905 2130/1945/1910
f 2131/1946/1911 2130/1945/1910 2127/1940/1905
f 2127/1940/1905 389/1941/1906 2131/1946/1911
f 388/1947/1912 2131/1946/1911 389/1941/1906
f 2132/1949/1914 360/1948/1913 359/1942/1907
f 359/1942/1907 2128/1943/1908 2132/1949/1914
f 2133/1950/1915 2132/1949/1914 2128/1943/1908
f 2128/1943/1908 2129/1944/1909 2133/1950/1915
f 2134/1951/1916 2133/1950/1915 2129/1944/1909
f 2129/1944/1909 2130/1945/1910 2134/1951/1916
f 2135/1952/1917 2134/1951/1916 2130/1945/1910
f 2130/1945/1910 2131/1946/1911 2135/1952/1917
f 2136/1953/1918 2135/1952/1917 2131/1946/1911
f 2131/1946/1911 388/1947/1912 2136/1953/1918
f 387/1954/1919 2136/1953/1918 388/1947/1912
f 2137/1956/1921 361/1955/1920 360/1948/1913
f 360/1948/1913 2132/1949/1914 2137/1956/1921
f 2138/1957/1922 2137/1956/1921 2132/1949/1914
f 2132/1949/1914 2133/1950/1915 2138/1957/1922
f 2139/1958/1923 2138/1957/1922 2133/1950/1915
f 2133/1950/1915 2134/1951/1916 2139/1958/1923
f 2140/1959/1924 2139/1958/1923 2134/1951/1916
f 2134/1951/1916 2135/1952/1917 2140/1959/1924
f 2141/1960/1925 2140/1959/1924 2135/1952/1917
f 2135/1952/1917 2136/1953/1918 2141/1960/1925
f 2142/1961/1926 2141/1960/1925 2136/1953/1918
f 2136/1953/1918 387/1954/1919 2142/1961/1926
f 386/1962/1927 2142/1961/1926 387/1954/1919
f 2143/1964/1929 362/1963/1928 361/1955/1920
f 361/1955/1920 2137/1956/1921 2143/1964/1929
f 2144/1965/1930 2143/1964/1929 2137/1956/1921
f 2137/1956/1921 2138/1957/1922 2144/1965/1930
f 2145/1966/1931 2144/1965/1930 2138/1957/1922
f 2138/1957/1922 2139/1958/1923 2145/1966/1931
f 2146/1967/1932 2145/1966/1931 2139/1958/1923
f 2139/1958/1923 2140/1959/1924 2146/1967/1932
f 2147/1968/1933 2146/1967/1932 2140/1959/1924
f 2140/1959/1924 2141/1960/1925 2147/1968/1933
f 2148/1969/1934 2147/1968/1933 2141/1960/1925
f 2141/1960/1925 2142/1961/1926 2148/1969/1934
f 2149/1970/1935 2148/1969/1934 2142/1961/1926
f 2142/1961/1926 386/1962/1927 2149/1970/1935
f 385/1971/1936 2149/1970/1935 386/1962/1927
f 2150/1973/1938 363/1972/1937 362/1963/1928
f 362/1963/1928 2143/1964/1929 2150/1973/1938
f 2151/1974/1939 2150/1973/1938 2143/1964/1929
f 2143/1964/1929 2144/1965/1930 2151/1974/1939
f 2152/1975/1940 2151/1974/1939 2144/1965/1930
f 2144/1965/1930 2145/1966/1931 2152/1975/1940
f 2153/1976/1941 2152/1975/1940 2145/1966/1931
f 2145/1966/1931 2146/1967/1932 2153/1976/1941
f 2154/1977/1942 2153/1976/1941 2146/1967/1932
f 2146/1967/1932 2147/1968/1933 2154/1977/1942
f 2155/1978/1943 2154/1977/1942 2147/1968/1933
f 2147/1968/1933 2148/1969/1934 2155/1978/1943
f 2156/1979/1944 2155/1978/1943 2148/1969/1934
f 2148/1969/1934 2149/1970/1935 2156/1979/1944
f 2157/1980/1945 2156/1979/1944 2149/1970/1935
f 2149/1970/1935 385/1971/1936 2157/1980/1945
f 384/1981/1946 2157/1980/1945 385/1971/1936
f 2158/1983/1948 364/1982/1947 363/1972/1937
f 363/1972/1937 2150/1973/1938 2158/1983/1948
f 2159/1984/1949 2158/1983/1948 2150/1973/1938
f 2150/1973/1938 2151/1974/1939 2159/1984/1949
f 2160/1985/1950 2159/1984/1949 2151/1974/1939
f 2151/1974/1939 2152/1975/1940 2160/1985/1950
f 2161/1986/1951 2160/1985/1950 2152/1975/1940
f 2152/1975/1940 2153/1976/1941 2161/1986/1951
f 2162/1987/1952 2161/1986/1951 2153/1976/1941
f 2153/1976/1941 2154/1977/1942 2162/1987/1952
f 2163/1988/1953 2162/1987/1952 2154/1977/1942
f 2154/1977/1942 2155/1978/1943 2163/1988/1953
f 2164/1989/1954 2163/1988/1953 2155/1978/1943
f 2155/1978/1943 2156/1979/1944 2164/1989/1954
f 2165/1990/1955 2164/1989/1954 2156/1979/1944
f 2156/1979/1944 2157/1980/1945 2165/1990/1955
f 2166/1991/1956 2165/1990/1955 2157/1980/1945
f 2157/1980/1945 384/1981/1946 2166/1991/1956
f 383/1992/1957 2166/1991/1956 384/1981/1946
f 2167/1994/1959 365/1993/1958 364/1982/1947
f 364/1982/1947 2158/1983/1948 2167/1994/1959
f 2168/1995/1960 2167/1994/1959 2158/1983/1948
f 2158/1983/1948 2159/1984/1949 2168/1995/1960
f 2169/1996/1961 2168/1995/1960 2159/1984/1949
f 2159/1984/1949 2160/1985/1950 2169/1996/1961
f 2170/1997/1962 2169/1996/1961 2160/1985/1950
f 2160/1985/1950 2161/1986/1951 2170/1997/1962
f 2171/1998/1963 2170/1997/1962 2161/1986/1951
f 2161/1986/1951 2162/1987/1952 2171/1998/1963
f 2172/1999/1964 2171/1998/1963 2162/1987/1952
f 2162/1987/1952 2163/1988/1953 2172/1999/1964
f 2173/2000/1965 2172/1999/1964 2163/1988/1953
f 2163/1988/1953 2164/1989/1954 2173/2000/1965
f 2174/2001/1966 2173/2000/1965 2164/1989/1954
f 2164/1989/1954 2165/1990/1955 2174/2001/1966
f 2175/2002/1967 2174/2001/1966 2165/1990/1955
f 2165/1990/1955 2166/1991/1956 2175/2002/1967
f 2176/2003/1968 2175/2002/1967 2166/1991/1956
f 2166/1991/1956 383/1992/1957 2176/2003/1968
f 382/2004/1969 2176/2003/1968 383/1992/1957
f 2177/2006/1971 366/2005/1970 365/1993/1958
f 365/1993/1958 2167/1994/1959 2177/2006/1971
f 2178/2007/1972 2177/2006/1971 2167/1994/1959
f 2167/1994/1959 2168/1995/1960 2178/2007/1972
f 2179/2008/1973 2178/2007/1972 2168/1995/1960
f 2168/1995/1960 2169/1996/1961 2179/2008/1973
f 2180/2009/1974 2179/2008/1973 2169/1996/1961
f 2169/1996/1961 2170/1997/1962 2180/2009/1974
f 2181/2010/1975 2180/2009/1974 2170/1997/1962
f 2170/1997/1962 2171/1998/1963 2181/2010/1975
f 2182/2011/1976 2181/2010/1975 2171/1998/1963
f 2171/1998/1963 2172/1999/1964 2182/2011/1976
f 2183/2012/1977 2182/2011/1976 2172/1999/1964
f 2172/1999/1964 2173/2000/1965 2183/2012/1977
f 2184/2013/1978 2183/2012/1977 2173/2000/1965
f 2173/2000/1965 2174/2001/1966 2184/2013/1978
f 2185/2014/1979 2184/2013/1978 2174/2001/1966
f 2174/2001/1966 2175/2002/1967 2185/2014/1979
f 2186/2015/1980 2185/2014/1979 2175/2002/1967
f 2175/2002/1967 2176/2003/1968 2186/2015/1980
f 2187/2016/1981 2186/2015/1980 2176/2003/1968
f 2176/2003/1968 382/2004/1969 2187/2016/1981
f 381/2017/1982 2187/2016/1981 382/2004/1969
f 2188/2019/1984 367/2018/1983 366/2005/1970
f 366/2005/1970 2177/2006/1971 2188/2019/1984
f 2189/2020/1985 2188/2019/1984 2177/2006/1971
f 2177/2006/1971 2178/2007/1972 2189/2020/1985
f 2190/2021/1986 2189/2020/1985 2178/2007/1972
f 2178/2007/1972 2179/2008/1973 2190/2021/1986
f 2191/2022/1987 2190/2021/1986 2179/2008/1973
f 2179/2008/1973 2180/2009/1974 2191/2022/1987
f 2192/2023/1988 2191/2022/1987 2180/2009/1974
f 2180/2009/1974 2181/2010/1975 2192/2023/1988
f 2193/2024/1989 2192/2023/1988 2181/2010/1975
f 2181/2010/1975 2182/2011/1976 2193/2024/1989
f 2194/2025/1990 2193/2024/1989 2182/2011/1976
f 2182/2011/1976 2183/2012/1977 2194/2025/1990
f 2195/2026/1991 2194/2025/1990 2183/2012/1977
f 2183/2012/1977 2184/2013/1978 2195/2026/1991
f 2196/2027/1992 2195/2026/1991 2184/2013/1978
f 2184/2013/1978 2185/2014/1979 2196/2027/1992
f 2197/2028/1993 2196/2027/1992 2185/2014/1979
f 2185/2014/1979 2186/2015/1980 2197/2028/1993
f 2198/2029/1994 2197/2028/1993 2186/2015/1980
f 2186/2015/1980 2187/2016/1981 2198/2029/1994
f 2199/2030/1995 2198/2029/1994 2187/2016/1981
f 2187/2016/1981 381/2017/1982 2199/2030/1995
f 380/2031/1996 2199/2030/1995 381/2017/1982
f 2200/2033/1998 368/2032/1997 367/2018/1983
f 367/2018/1983 2188/2019/1984 2200/2033/1998
f 2201/2034/1999 2200/2033/1998 2188/2019/1984
f 2188/2019/1984 2189/2020/1985 2201/2034/1999
f 2202/2035/2000 2201/2034/1999 2189/2020/1985
f 2189/2020/1985 2190/2021/1986 2202/2035/2000
f 2203/2036/2001 2202/2035/2000 2190/2021/1986
f 2190/2021/1986 2191/2022/1987 2203/2036/2001
f 2204/2037/2002 2203/2036/2001 2191/2022/1987
f 2191/2022/1987 2192/2023/1988 2204/2037/2002
f 2205/2038/2003 2204/2037/2002 2192/2023/1988
f 2192/2023/1988 2193/2024/1989 2205/2038/2003
f 2206/2039/2004 2205/2038/2003 2193/2024/1989
f 2193/2024/1989 2194/2025/1990 2206/2039/2004
f 2207/2040/2005 2206/2039/2004 2194/2025/1990
f 2194/2025/1990 2195/2026/1991 2207/2040/2005
f 2208/2041/2006 2207/2040/2005 2195/2026/1991
f 2195/2026/1991 2196/2027/1992 2208/2041/2006
f 2209/2042/2007 2208/2041/2006 2196/2027/1992
f 2196/2027/1992 2197/2028/1993 2209/2042/2007
f 2210/2043/2008 2209/2042/2007 2197/2028/1993
f 2197/2028/1993 2198/2029/1994 2210/2043/2008
f 2211/2044/2009 2210/2043/2008 2198/2029/1994
f 2198/2029/1994 2199/2030/1995 2211/2044/2009
f 2212/2045/2010 2211/2044/2009 2199/2030/1995
f 2199/2030/1995 380/2031/1996 2212/2045/2010
f 379/2046/2011 2212/2045/2010 380/2031/1996
f 2213/2048/2013 369/2047/2012 368/2032/1997
f 368/2032/1997 2200/2033/1998 2213/2048/2013
f 2214/2049/2014 2213/2048/2013 2200/2033/1998
f 2200/2033/1998 2201/2034/1999 2214/2049/2014
f 2215/2050/2015 2214/2049/2014 2201/2034/1999
f 2201/2034/1999 2202/2035/2000 2215/2050/2015
f 2216/2051/2016 2215/2050/2015 2202/2035/2000
f 2202/2035/2000 2203/2036/2001 2216/2051/2016
f 2217/2052/2017 2216/2051/2016 2203/2036/2001
f 2203/2036/2001 2204/2037/2002 2217/2052/2017
f 2218/2053/2018 2217/2052/2017 2204/2037/2002
f 2204/2037/2002 2205/2038/2003 2218/2053/2018
f 2219/2054/2019 2218/2053/2018 2205/2038/2003
f 2205/2038/2003 2206/2039/2004 2219/2054/2019
f 2220/2055/2020 2219/2054/2019 2206/2039/2004
f 2206/2039/2004 2207/2040/2005 2220/2055/2020
f 2221/2056/2021 2220/2055/2020 2207/2040/2005
f 2207/2040/2005 2208/2041/2006 2221/2056/2021
f 2222/2057/2022 2221/2056/2021 2208/2041/2006
f 2208/2041/2006 2209/2042/2007 2222/2057/2022
f 2223/2058/2023 2222/2057/2022 2209/2042/2007
f 2209/2042/2007 2210/2043/2008 2223/2058/2023
f 2224/2059/2024 2223/2058/2023 2210/2043/2008
f 2210/2043/2008 2211/2044/2009 2224/2059/2024
f 2225/2060/2025 2224/2059/2024 2211/2044/2009
f 2211/2044/2009 2212/2045/2010 2225/2060/2025
f 2226/2061/2026 2225/2060/2025 2212/2045/2010
f 2212/2045/2010 379/2046/2011 2226/2061/2026
f 378/2062/2027 2226/2061/2026 379/2046/2011
f 2227/2064/2029 370/2063/2028 369/2047/2012
f 369/2047/2012 2213/2048/2013 2227/2064/2029
f 2228/2065/2030 2227/2064/2029 2213/2048/2013
f 2213/2048/2013 2214/2049/2014 2228/2065/2030
f 2229/2066/2031 2228/2065/2030 2214/2049/2014
f 2214/2049/2014 2215/2050/2015 2229/2066/2031
f 2230/2067/2032 2229/2066/2031 2215/2050/2015
f 2215/2050/2015 2216/2051/2016 2230/2067/2032
f 2231/2068/2033 2230/2067/2032 2216/2051/2016
f 2216/2051/2016 2217/2052/2017 2231/2068/2033
f 2232/2069/2034 2231/2068/2033 2217/2052/2017
f 2217/2052/2017 2218/2053/2018 2232/2069/2034
f 2233/2070/2035 2232/2069/2034 2218/2053/2018
f 2218/2053/2018 2219/2054/2019 2233/2070/2035
f 2234/2071/2036 2233/2070/2035 2219/2054/2019
f 2219/2054/2019 2220/2055/2020 2234/2071/2036
f 2235/2072/2037 2234/2071/2036 2220/2055/2020
f 2220/2055/2020 2221/2056/2021 2235/2072/2037
f 2236/2073/2038 2235/2072/2037 2221/2056/2021
f 2221/2056/2021 2222/2057/2022 2236/2073/2038
f 2237/2074/2039 2236/2073/2038 2222/2057/2022
f 2222/2057/2022 2223/2058/2023 2237/2074/2039
f 2238/2075/2040 2237/2074/2039 2223/2058/2023
f 2223/2058/2023 2224/2059/2024 2238/2075/2040
f 2239/2076/2041 2238/2075/2040 2224/2059/2024
f 2224/2059/2024 2225/2060/2025 2239/2076/2041
f 2240/2077/2042 2239/2076/2041 2225/2060/2025
f 2225/2060/2025 2226/2061/2026 2240/2077/2042
f 2241/2078/2043 2240/2077/2042 2226/2061/2026
f 2226/2061/2026 378/2062/2027 2241/2078/2043
f 377/2079/2044 2241/2078/2043 378/2062/2027
f 2242/2081/2046 371/2080/2045 370/2063/2028
f 370/2063/2028 2227/2064/2029 2242/2081/2046
f 2243/2082/2047 2242/2081/2046 2227/2064/2029
f 2227/2064/2029 2228/2065/2030 2243/2082/2047
f 2244/2083/2048 2243/2082/2047 2228/2065/2030
f 2228/2065/2030 2229/2066/2031 2244/2083/2048
f 2245/2084/2049 2244/2083/2048 2229/2066/2031
f 2229/2066/2031 2230/2067/2032 2245/2084/2049
f 2246/2085/2050 2245/2084/2049 2230/2067/2032
f 2230/2067/2032 2231/2068/2033 2246/2085/2050
f 2247/2086/2051 2246/2085/2050 2231/2068/2033
f 2231/2068/2033 2232/2069/2034 2247/2086/2051
f 2248/2087/2052 2247/2086/2051 2232/2069/2034
f 2232/2069/2034 2233/2070/2035 2248/2087/2052
f 2249/2088/2053 2248/2087/2052 2233/2070/2035
f 2233/2070/2035 2234/2071/2036 2249/2088/2053
f 2250/2089/2054 2249/2088/2053 2234/2071/2036
f 2234/2071/2036 2235/2072/2037 2250/2089/2054
f 2251/2090/2055 2250/2089/2054 2235/2072/2037
f 2235/2072/2037 2236/2073/2038 2251/2090/2055
f 2252/2091/2056 2251/2090/2055 2236/2073/2038
f 2236/2073/2038 2237/2074/2039 2252/2091/2056
f 2253/2092/2057 2252/2091/2056 2237/2074/2039
f 2237/2074/2039 2238/2075/2040 2253/2092/2057
f 2254/2093/2058 2253/2092/2057 2238/2075/2040
f 2238/2075/2040 2239/2076/2041 2254/2093/2058
f 2255/2094/2059 2254/2093/2058 2239/2076/2041
f 2239/2076/2041 2240/2077/2042 2255/2094/2059
f 2256/2095/2060 2255/2094/2059 2240/2077/2042
f 2240/2077/2042 2241/2078/2043 2256/2095/2060
f 2257/2096/2061 2256/2095/2060 2241/2078/2043
f 2241/2078/2043 377/2079/2044 2257/2096/2061
f 376/2097/2062 2257/2096/2061 377/2079/2044
f 2258/2099/2064 372/2098/2063 371/2080/2045
f 371/2080/2045 2242/2081/2046 2258/2099/2064
f 2259/2100/2065 2258/2099/2064 2242/2081/2046
f 2242/2081/2046 2243/2082/2047 2259/2100/2065
f 2260/2101/2066 2259/2100/2065 2243/2082/2047
f 2243/2082/2047 2244/2083/2048 2260/2101/2066
f 2261/2102/2067 2260/2101/2066 2244/2083/2048
f 2244/2083/2048 2245/2084/2049 2261/2102/2067
f 2262/2103/2068 2261/2102/2067 2245/2084/2049
f 2245/2084/2049 2246/2085/2050 2262/2103/2068
f 2263/2104/2069 2262/2103/2068 2246/2085/2050
f 2246/2085/2050 2247/2086/2051 2263/2104/2069
f 2264/2105/2070 2263/2104/2069 2247/2086/2051
f 2247/2086/2051 2248/2087/2052 2264/2105/2070
f 2265/2106/2071 2264/2105/2070 2248/2087/2052
f 2248/2087/2052 2249/2088/2053 2265/2106/2071
f 2266/2107/2072 2265/2106/2071 2249/2088/2053
f 2249/2088/2053 2250/2089/2054 2266/2107/2072
f 2267/2108/2073 2266/2107/2072 2250/2089/2054
f 2250/2089/2054 2251/2090/2055 2267/2108/2073
f 2268/2109/2074 2267/2108/2073 2251/2090/2055
f 2251/2090/2055 2252/2091/2056 2268/2109/2074
f 2269/2110/2075 2268/2109/2074 2252/2091/2056
f 2252/2091/2056 2253/2092/2057 2269/2110/2075
f 2270/2111/2076 2269/2110/2075 2253/2092/2057
f 2253/2092/2057 2254/2093/2058 2270/2111/2076
f 2271/2112/2077 2270/2111/2076 2254/2093/2058
f 2254/2093/2058 2255/2094/2059 2271/2112/2077
f 2272/2113/2078 2271/2112/2077 2255/2094/2059
f 2255/2094/2059 2256/2095/2060 2272/2113/2078
f 2273/2114/2079 2272/2113/2078 2256/2095/2060
f 2256/2095/2060 2257/2096/2061 2273/2114/2079
f 2274/2115/2080 2273/2114/2079 2257/2096/2061
f 2257/2096/2061 376/2097/2062 2274/2115/2080
f 375/2116/2081 2274/2115/2080 376/2097/2062
f 2275/2118/2083 373/2117/2082 372/2098/2063
f 372/2098/2063 2258/2099/2064 2275/2118/2083
f 2276/2119/2084 2275/2118/2083 2258/2099/2064
f 2258/2099/2064 2259/2100/2065 2276/2119/2084
f 2277/2120/2085 2276/2119/2084 2259/2100/2065
f 2259/2100/2065 2260/2101/2066 2277/2120/2085
f 2278/2121/2086 2277/2120/2085 2260/2101/2066
f 2260/2101/2066 2261/2102/2067 2278/2121/2086
f 2279/2122/2087 2278/2121/2086 2261/2102/2067
f 2261/2102/2067 2262/2103/2068 2279/2122/2087
f 2280/2123/2088 2279/2122/2087 2262/2103/2068
f 2262/2103/2068 2263/2104/2069 2280/2123/2088
f 2281/2124/2089 2280/2123/2088 2263/2104/2069
f 2263/2104/2069 2264/2105/2070 2281/2124/2089
f 2282/2125/2090 2281/2124/2089 2264/2105/2070
f 2264/2105/2070 2265/2106/2071 2282/2125/2090
f 2283/2126/2091 2282/2125/2090 2265/2106/2071
f 2265/2106/2071 2266/2107/2072 2283/2126/2091
f 2284/2127/2092 2283/2126/2091 2266/2107/2072
f 2266/2107/2072 2267/2108/2073 2284/2127/2092
f 2285/2128/2093 2284/2127/2092 2267/2108/2073
f 2267/2108/2073 2268/2109/2074 2285/2128/2093
f 2286/2129/2094 2285/2128/2093 2268/2109/2074
f 2268/2109/2074 2269/2110/2075 2286/2129/2094
f 2287/2130/2095 2286/2129/2094 2269/2110/2075
f 2269/2110/2075 2270/2111/2076 2287/2130/2095
f 2288/2131/2096 2287/2130/2095 2270/2111/2076
f 2270/2111/2076 2271/2112/2077 2288/2131/2096
f 2289/2132/2097 2288/2131/2096 2271/2112/2077
f 2271/2112/2077 2272/2113/2078 2289/2132/2097
f 2290/2133/2098 2289/2132/2097 2272/2113/2078
f 2272/2113/2078 2273/2114/2079 2290/2133/2098
f 2291/2134/2099 2290/2133/2098 2273/2114/2079
f 2273/2114/2079 2274/2115/2080 2291/2134/2099
f 2292/2135/2100 2291/2134/2099 2274/2115/2080
f 2274/2115/2080 375/2116/2081 2292/2135/2100
f 374/2136/2101 2292/2135/2100 375/2116/2081
f 354/1698/1664 12/1696/1662 373/2117/2082
f 373/2117/2082 2275/2118/2083 354/1698/1664
f 353/1701/1667 354/1698/1664 2275/2118/2083
f 2275/2118/2083 2276/2119/2084 353/1701/1667
f 352/1705/1671 353/1701/1667 2276/2119/2084
f 2276/2119/2084 2277/2120/2085 352/1705/1671
f 351/1710/1676 352/1705/1671 2277/2120/2085
f 2277/2120/2085 2278/2121/2086 351/1710/1676
f 350/1716/1682 351/1710/1676 2278/2121/2086
f 2278/2121/2086 2279/2122/2087 350/1716/1682
f 349/1723/1689 350/1716/1682 2279/2122/2087
f 2279/2122/2087 2280/2123/2088 349/1723/1689
f 348/1731/1697 349/1723/1689 2280/2123/2088
f 2280/2123/2088 2281/2124/2089 348/1731/1697
f 347/1740/1706 348/1731/1697 2281/2124/2089
f 2281/2124/2089 2282/2125/2090 347/1740/1706
f 346/1750/1716 347/1740/1706 2282/2125/2090
f 2282/2125/2090 2283/2126/2091 346/1750/1716
f 345/1761/1727 346/1750/1716 2283/2126/2091
f 2283/2126/2091 2284/2127/2092 345/1761/1727
f 344/1774/1739 345/1761/1727 2284/2127/2092
f 2284/2127/2092 2285/2128/2093 344/1774/1739
f 343/1787/1752 344/1774/1739 2285/2128/2093
f 2285/2128/2093 2286/2129/2094 343/1787/1752
f 342/1801/1766 343/1787/1752 2286/2129/2094
f 2286/2129/2094 2287/2130/2095 342/1801/1766
f 341/1816/1781 342/1801/1766 2287/2130/2095
f 2287/2130/2095 2288/2131/2096 341/1816/1781
f 340/1832/1797 341/1816/1781 2288/2131/2096
f 2288/2131/2096 2289/2132/2097 340/1832/1797
f 339/1849/1814 340/1832/1797 2289/2132/2097
f 2289/2132/2097 2290/2133/2098 339/1849/1814
f 338/1867/1832 339/1849/1814 2290/2133/2098
f 2290/2133/2098 2291/2134/2099 338/1867/1832
f 337/1886/1851 338/1867/1832 2291/2134/2099
f 2291/2134/2099 2292/2135/2100 337/1886/1851
f 336/1906/1871 337/1886/1851 2292/2135/2100
f 2292/2135/2100 374/2136/2101 336/1906/1871
f 2/1927/1892 336/1906/1871 374/2136/2101
f 355/1928/1893 127/673/651 3/424/422
f 2293/2137/2102 128/672/650 127/673/651
f 127/673/651 355/1928/1893 2293/2137/2102
f 356/1930/1895 2293/2137/2102 355/1928/1893
f 2294/2138/2103 129/671/649 128/672/650
f 128/672/650 2293/2137/2102 2294/2138/2103
f 2295/2139/2104 2294/2138/2103 2293/2137/2102
f 2293/2137/2102 356/1930/1895 2295/2139/2104
f 357/1933/1898 2295/2139/2104 356/1930/1895
f 2296/2140/2105 130/670/648 129/671/649
f 129/671/649 2294/2138/2103 2296/2140/2105
f 2297/2141/2106 2296/2140/2105 2294/2138/2103
f 2294/2138/2103 2295/2139/2104 2297/2141/2106
f 2298/2142/2107 2297/2141/2106 2295/2139/2104
f 2295/2139/2104 357/1933/1898 2298/2142/2107
f 358/1937/1902 2298/2142/2107 357/1933/1898
f 2299/2143/2108 131/669/647 130/670/648
f 130/670/648 2296/2140/2105 2299/2143/2108
f 2300/2144/2109 2299/2143/2108 2296/2140/2105
f 2296/2140/2105 2297/2141/2106 2300/2144/2109
f 2301/2145/2110 2300/2144/2109 2297/2141/2106
f 2297/2141/2106 2298/2142/2107 2301/2145/2110
f 2302/2146/2111 2301/2145/2110 2298/2142/2107
f 2298/2142/2107 358/1937/1902 2302/2146/2111
f 359/1942/1907 2302/2146/2111 358/1937/1902
f 2303/2147/2112 132/668/646 131/669/647
f 131/669/647 2299/2143/2108 2303/2147/2112
f 2304/2148/2113 2303/2147/2112 2299/2143/2108
f 2299/2143/2108 2300/2144/2109 2304/2148/2113
f 2305/2149/2114 2304/2148/2113 2300/2144/2109
f 2300/2144/2109 2301/2145/2110 2305/2149/2114
f 2306/2150/2115 2305/2149/2114 2301/2145/2110
f 2301/2145/2110 2302/2146/2111 2306/2150/2115
f 2307/2151/2116 2306/2150/2115 2302/2146/2111
f 2302/2146/2111 359/1942/1907 2307/2151/2116
f 360/1948/1913 2307/2151/2116 359/1942/1907
f 2308/2152/2117 133/667/645 132/668/646
f 132/668/646 2303/2147/2112 2308/2152/2117
f 2309/2153/2118 2308/2152/2117 2303/2147/2112
f 2303/2147/2112 2304/2148/2113 2309/2153/2118
f 2310/2154/2119 2309/2153/2118 2304/2148/2113
f 2304/2148/2113 2305/2149/2114 2310/2154/2119
f 2311/2155/2120 2310/2154/2119 2305/2149/2114
f 2305/2149/2114 2306/2150/2115 2311/2155/2120
f 2312/2156/2121 2311/2155/2120 2306/2150/2115
f 2306/2150/2115 2307/2151/2116 2312/2156/2121
f 2313/2157/2122 2312/2156/2121 2307/2151/2116
f 2307/2151/2116 360/1948/1913 2313/2157/2122
f 361/1955/1920 2313/2157/2122 360/1948/1913
f 2314/2158/2123 134/666/644 133/667/645
f 133/667/645 2308/2152/2117 2314/2158/2123
f 2315/2159/2124 2314/2158/2123 2308/2152/2117
f 2308/2152/2117 2309/2153/2118 2315/2159/2124
f 2316/2160/2125 2315/2159/2124 2309/2153/2118
f 2309/2153/2118 2310/2154/2119 2316/2160/2125
f 2317/2161/2126 2316/2160/2125 2310/2154/2119
f 2310/2154/2119 2311/2155/2120 2317/2161/2126
f 2318/2162/2127 2317/2161/2126 2311/2155/2120
f 2311/2155/2120 2312/2156/2121 2318/2162/2127
f 2319/2163/2128 2318/2162/2127 2312/2156/2121
f 2312/2156/2121 2313/2157/2122 2319/2163/2128
f 2320/2164/2129 2319/2163/2128 2313/2157/2122
f 2313/2157/2122 361/1955/1920 2320/2164/2129
f 362/1963/1928 2320/2164/2129 361/1955/1920
f 2321/2165/2130 135/665/643 134/666/644
f 134/666/644 2314/2158/2123 2321/2165/2130
f 2322/2166/2131 2321/2165/2130 2314/2158/2123
f 2314/2158/2123 2315/2159/2124 2322/2166/2131
f 2323/2167/2132 2322/2166/2131 2315/2159/2124
f 2315/2159/2124 2316/2160/2125 2323/2167/2132
f 2324/2168/2133 2323/2167/2132 2316/2160/2125
f 2316/2160/2125 2317/2161/2126 2324/2168/2133
f 2325/2169/2134 2324/2168/2133 2317/2161/2126
f 2317/2161/2126 2318/2162/2127 2325/2169/2134
f 2326/2170/2135 2325/2169/2134 2318/2162/2127
f 2318/2162/2127 2319/2163/2128 2326/2170/2135
f 2327/2171/2136 2326/2170/2135 2319/2163/2128
f 2319/2163/2128 2320/2164/2129 2327/2171/2136
f 2328/2172/2137 2327/2171/2136 2320/2164/2129
f 2320/2164/2129 362/1963/1928 2328/2172/2137
f 363/1972/1937 2328/2172/2137 362/1963/1928
f 2329/2173/2138 136/664/642 135/665/643
f 135/665/643 2321/2165/2130 2329/2173/2138
f 2330/2174/2139 2329/2173/2138 2321/2165/2130
f 2321/2165/2130 2322/2166/2131 2330/2174/2139
f 2331/2175/2140 2330/2174/2139 2322/2166/2131
f 2322/2166/2131 2323/2167/2132 2331/2175/2140
f 2332/2176/2141 2331/2175/2140 2323/2167/2132
f 2323/2167/2132 2324/2168/2133 2332/2176/2141
f 2333/2177/2142 2332/2176/2141 2324/2168/2133
f 2324/2168/2133 2325/2169/2134 2333/2177/2142
f 2334/2178/2143 2333/2177/2142 2325/2169/2134
f 2325/2169/2134 2326/2170/2135 2334/2178/2143
f 2335/2179/2144 2334/2178/2143 2326/2170/2135
f 2326/2170/2135 2327/2171/2136 2335/2179/2144
f 2336/2180/2145 2335/2179/2144 2327/2171/2136
f 2327/2171/2136 2328/2172/2137 2336/2180/2145
f 2337/2181/2146 2336/2180/2145 2328/2172/2137
f 2328/2172/2137 363/1972/1937 2337/2181/2146
f 364/1982/1947 2337/2181/2146 363/1972/1937
f 2338/2182/2147 137/662/641 136/663/642
f 136/664/642 2329/2173/2138 2338/2183/2147
f 2339/2184/2148 2338/2183/2147 2329/2173/2138
f 2329/2173/2138 2330/2174/2139 2339/2184/2148
f 2340/2185/2149 2339/2184/2148 2330/2174/2139
f 2330/2174/2139 2331/2175/2140 2340/2185/2149
f 2341/2186/2150 2340/2185/2149 2331/2175/2140
f 2331/2175/2140 2332/2176/2141 2341/2186/2150
f 2342/2187/2151 2341/2186/2150 2332/2176/2141
f 2332/2176/2141 2333/2177/2142 2342/2187/2151
f 2343/2188/2152 2342/2187/2151 2333/2177/2142
f 2333/2177/2142 2334/2178/2143 2343/2188/2152
f 2344/2189/2153 2343/2188/2152 2334/2178/2143
f 2334/2178/2143 2335/2179/2144 2344/2189/2153
f 2345/2190/2154 2344/2189/2153 2335/2179/2144
f 2335/2179/2144 2336/2180/2145 2345/2190/2154
f 2346/2191/2155 2345/2190/2154 2336/2180/2145
f 2336/2180/2145 2337/2181/2146 2346/2191/2155
f 2347/2192/2156 2346/2191/2155 2337/2181/2146
f 2337/2181/2146 364/1982/1947 2347/2192/2156
f 365/1993/1958 2347/2192/2156 364/1982/1947
f 2348/2193/2157 138/661/640 137/662/641
f 137/662/641 2338/2182/2147 2348/2193/2157
f 2349/2194/2158 2348/2193/2157 2338/2182/2147
f 2338/2183/2147 2339/2184/2148 2349/2195/2158
f 2350/2196/2159 2349/2195/2158 2339/2184/2148
f 2339/2184/2148 2340/2185/2149 2350/2196/2159
f 2351/2197/2160 2350/2196/2159 2340/2185/2149
f 2340/2185/2149 2341/2186/2150 2351/2197/2160
f 2352/2198/2161 2351/2197/2160 2341/2186/2150
f 2341/2186/2150 2342/2187/2151 2352/2198/2161
f 2353/2199/2162 2352/2198/2161 2342/2187/2151
f 2342/2187/2151 2343/2188/2152 2353/2199/2162
f 2354/2200/2163 2353/2199/2162 2343/2188/2152
f 2343/2188/2152 2344/2189/2153 2354/2200/2163
f 2355/2201/2164 2354/2200/2163 2344/2189/2153
f 2344/2189/2153 2345/2190/2154 2355/2201/2164
f 2356/2202/2165 2355/2201/2164 2345/2190/2154
f 2345/2190/2154 2346/2191/2155 2356/2202/2165
f 2357/2203/2166 2356/2202/2165 2346/2191/2155
f 2346/2191/2155 2347/2192/2156 2357/2203/2166
f 2358/2204/2167 2357/2203/2166 2347/2192/2156
f 2347/2192/2156 365/1993/1958 2358/2204/2167
f 366/2005/1970 2358/2204/2167 365/1993/1958
f 2359/2205/2168 139/660/639 138/661/640
f 138/661/640 2348/2193/2157 2359/2205/2168
f 2360/2206/2169 2359/2205/2168 2348/2193/2157
f 2348/2193/2157 2349/2194/2158 2360/2206/2169
f 2361/2207/2170 2360/2206/2169 2349/2194/2158
f 2349/2194/2158 2350/2208/2159 2361/2207/2170
f 2362/2209/2171 2361/2207/2170 2350/2208/2159
f 2350/2196/2159 2351/2197/2160 2362/2210/2171
f 2363/2211/2172 2362/2210/2171 2351/2197/2160
f 2351/2197/2160 2352/2198/2161 2363/2211/2172
f 2364/2212/2173 2363/2211/2172 2352/2198/2161
f 2352/2198/2161 2353/2199/2162 2364/2212/2173
f 2365/2213/2174 2364/2212/2173 2353/2199/2162
f 2353/2199/2162 2354/2200/2163 2365/2213/2174
f 2366/2214/2175 2365/2213/2174 2354/2200/2163
f 2354/2200/2163 2355/2201/2164 2366/2214/2175
f 2367/2215/2176 2366/2214/2175 2355/2201/2164
f 2355/2201/2164 2356/2202/2165 2367/2215/2176
f 2368/2216/2177 2367/2215/2176 2356/2202/2165
f 2356/2202/2165 2357/2203/2166 2368/2216/2177
f 2369/2217/2178 2368/2216/2177 2357/2203/2166
f 2357/2203/2166 2358/2204/2167 2369/2217/2178
f 2370/2218/2179 2369/2217/2178 2358/2204/2167
f 2358/2204/2167 366/2005/1970 2370/2218/2179
f 367/2018/1983 2370/2218/2179 366/2005/1970
f 2371/2219/2180 140/659/638 139/660/639
f 139/660/639 2359/2205/2168 2371/2219/2180
f 2372/2220/2181 2371/2219/2180 2359/2205/2168
f 2359/2205/2168 2360/2206/2169 2372/2220/2181
f 2373/2221/2182 2372/2220/2181 2360/2206/2169
f 2360/2206/2169 2361/2207/2170 2373/2221/2182
f 2374/2222/2183 2373/2221/2182 2361/2207/2170
f 2361/2207/2170 2362/2209/2171 2374/2222/2183
f 2375/2223/2184 2374/2222/2183 2362/2209/2171
f 2362/2209/2171 2363/2224/2172 2375/2223/2184
f 2376/2225/2185 2375/2223/2184 2363/2224/2172
f 2363/2224/2172 2364/2226/2173 2376/2225/2185
f 2377/2227/2186 2376/2225/2185 2364/2226/2173
f 2364/2212/2173 2365/2213/2174 2377/2228/2186
f 2378/2229/2187 2377/2228/2186 2365/2213/2174
f 2365/2213/2174 2366/2214/2175 2378/2229/2187
f 2379/2230/2188 2378/2229/2187 2366/2214/2175
f 2366/2214/2175 2367/2215/2176 2379/2230/2188
f 2380/2231/2189 2379/2230/2188 2367/2215/2176
f 2367/2215/2176 2368/2216/2177 2380/2231/2189
f 2381/2232/2190 2380/2231/2189 2368/2216/2177
f 2368/2216/2177 2369/2217/2178 2381/2232/2190
f 2382/2233/2191 2381/2232/2190 2369/2217/2178
f 2369/2217/2178 2370/2218/2179 2382/2233/2191
f 2383/2234/2192 2382/2233/2191 2370/2218/2179
f 2370/2218/2179 367/2018/1983 2383/2234/2192
f 368/2032/1997 2383/2234/2192 367/2018/1983
f 2384/2235/2193 141/658/637 140/659/638
f 140/659/638 2371/2219/2180 2384/2235/2193
f 2385/2236/2194 2384/2235/2193 2371/2219/2180
f 2371/2219/2180 2372/2220/2181 2385/2236/2194
f 2386/2237/2195 2385/2236/2194 2372/2220/2181
f 2372/2220/2181 2373/2221/2182 2386/2237/2195
f 2387/2238/2196 2386/2237/2195 2373/2221/2182
f 2373/2221/2182 2374/2222/2183 2387/2238/2196
f 2388/2239/2197 2387/2238/2196 2374/2222/2183
f 2374/2222/2183 2375/2223/2184 2388/2239/2197
f 2389/2240/2198 2388/2239/2197 2375/2223/2184
f 2375/2223/2184 2376/2225/2185 2389/2240/2198
f 2390/2241/2199 2389/2240/2198 2376/2225/2185
f 2376/2225/2185 2377/2227/2186 2390/2241/2199
f 2391/2242/2200 2390/2241/2199 2377/2227/2186
f 2377/2227/2186 2378/2243/2187 2391/2242/2200
f 2392/2244/2201 2391/2242/2200 2378/2243/2187
f 2378/2229/2187 2379/2230/2188 2392/2245/2201
f 2393/2246/2202 2392/2245/2201 2379/2230/2188
f 2379/2230/2188 2380/2231/2189 2393/2246/2202
f 2394/2247/2203 2393/2246/2202 2380/2231/2189
f 2380/2231/2189 2381/2232/2190 2394/2247/2203
f 2395/2248/2204 2394/2247/2203 2381/2232/2190
f 2381/2232/2190 2382/2233/2191 2395/2248/2204
f 2396/2249/2205 2395/2248/2204 2382/2233/2191
f 2382/2233/2191 2383/2234/2192 2396/2249/2205
f 2397/2250/2206 2396/2249/2205 2383/2234/2192
f 2383/2234/2192 368/2032/1997 2397/2250/2206
f 369/2047/2012 2397/2250/2206 368/2032/1997
f 2398/2251/2207 142/657/636 141/658/637
f 141/658/637 2384/2235/2193 2398/2251/2207
f 2399/2252/2208 2398/2251/2207 2384/2235/2193
f 2384/2235/2193 2385/2236/2194 2399/2252/2208
f 2400/2253/2209 2399/2252/2208 2385/2236/2194
f 2385/2236/2194 2386/2237/2195 2400/2253/2209
f 2401/2254/2210 2400/2253/2209 2386/2237/2195
f 2386/2237/2195 2387/2238/2196 2401/2254/2210
f 2402/2255/2211 2401/2254/2210 2387/2238/2196
f 2387/2238/2196 2388/2239/2197 2402/2255/2211
f 2403/2256/2212 2402/2255/2211 2388/2239/2197
f 2388/2239/2197 2389/2240/2198 2403/2256/2212
f 2404/2257/2213 2403/2256/2212 2389/2240/2198
f 2389/2240/2198 2390/2241/2199 2404/2257/2213
f 2405/2258/2214 2404/2257/2213 2390/2241/2199
f 2390/2241/2199 2391/2242/2200 2405/2258/2214
f 2406/2259/2215 2405/2258/2214 2391/2242/2200
f 2391/2242/2200 2392/2244/2201 2406/2259/2215
f 2407/2260/2216 2406/2259/2215 2392/2244/2201
f 2392/2244/2201 2393/2261/2202 2407/2260/2216
f 2408/2262/2217 2407/2260/2216 2393/2261/2202
f 2393/2246/2202 2394/2247/2203 2408/2263/2217
f 2409/2264/2218 2408/2263/2217 2394/2247/2203
f 2394/2247/2203 2395/2248/2204 2409/2264/2218
f 2410/2265/2219 2409/2264/2218 2395/2248/2204
f 2395/2248/2204 2396/2249/2205 2410/2265/2219
f 2411/2266/2220 2410/2265/2219 2396/2249/2205
f 2396/2249/2205 2397/2250/2206 2411/2266/2220
f 2412/2267/2221 2411/2266/2220 2397/2250/2206
f 2397/2250/2206 369/2047/2012 2412/2267/2221
f 370/2063/2028 2412/2267/2221 369/2047/2012
f 2413/2268/2222 143/656/635 142/657/636
f 142/657/636 2398/2251/2207 2413/2268/2222
f 2414/2269/2223 2413/2268/2222 2398/2251/2207
f 2398/2251/2207 2399/2252/2208 2414/2269/2223
f 2415/2270/2224 2414/2269/2223 2399/2252/2208
f 2399/2252/2208 2400/2253/2209 2415/2270/2224
f 2416/2271/2225 2415/2270/2224 2400/2253/2209
f 2400/2253/2209 2401/2254/2210 2416/2271/2225
f 2417/2272/2226 2416/2271/2225 2401/2254/2210
f 2401/2254/2210 2402/2255/2211 2417/2272/2226
f 2418/2273/2227 2417/2272/2226 2402/2255/2211
f 2402/2255/2211 2403/2256/2212 2418/2273/2227
f 2419/2274/2228 2418/2273/2227 2403/2256/2212
f 2403/2256/2212 2404/2257/2213 2419/2274/2228
f 2420/2275/2229 2419/2274/2228 2404/2257/2213
f 2404/2257/2213 2405/2258/2214 2420/2275/2229
f 2421/2276/2230 2420/2275/2229 2405/2258/2214
f 2405/2258/2214 2406/2259/2215 2421/2276/2230
f 2422/2277/2231 2421/2276/2230 2406/2259/2215
f 2406/2259/2215 2407/2260/2216 2422/2277/2231
f 2423/2278/2232 2422/2277/2231 2407/2260/2216
f 2407/2260/2216 2408/2262/2217 2423/2278/2232
f 2424/2279/2233 2423/2278/2232 2408/2262/2217
f 2408/2262/2217 2409/2280/2218 2424/2279/2233
f 2425/2281/2234 2424/2279/2233 2409/2280/2218
f 2409/2264/2218 2410/2265/2219 2425/2282/2234
f 2426/2283/2235 2425/2282/2234 2410/2265/2219
f 2410/2265/2219 2411/2266/2220 2426/2283/2235
f 2427/2284/2236 2426/2283/2235 2411/2266/2220
f 2411/2266/2220 2412/2267/2221 2427/2284/2236
f 2428/2285/2237 2427/2284/2236 2412/2267/2221
f 2412/2267/2221 370/2063/2028 2428/2285/2237
f 371/2080/2045 2428/2285/2237 370/2063/2028
f 2429/2286/2238 144/655/634 143/656/635
f 143/656/635 2413/2268/2222 2429/2286/2238
f 2430/2287/2239 2429/2286/2238 2413/2268/2222
f 2413/2268/2222 2414/2269/2223 2430/2287/2239
f 2431/2288/2240 2430/2287/2239 2414/2269/2223
f 2414/2269/2223 2415/2270/2224 2431/2288/2240
f 2432/2289/2241 2431/2288/2240 2415/2270/2224
f 2415/2270/2224 2416/2271/2225 2432/2289/2241
f 2433/2290/2242 2432/2289/2241 2416/2271/2225
f 2416/2271/2225 2417/2272/2226 2433/2290/2242
f 2434/2291/2243 2433/2290/2242 2417/2272/2226
f 2417/2272/2226 2418/2273/2227 2434/2291/2243
f 2435/2292/2244 2434/2291/2243 2418/2273/2227
f 2418/2273/2227 2419/2274/2228 2435/2292/2244
f 2436/2293/2245 2435/2292/2244 2419/2274/2228
f 2419/2274/2228 2420/2275/2229 2436/2293/2245
f 2437/2294/2246 2436/2293/2245 2420/2275/2229
f 2420/2275/2229 2421/2276/2230 2437/2294/2246
f 2438/2295/2247 2437/2294/2246 2421/2276/2230
f 2421/2276/2230 2422/2277/2231 2438/2295/2247
f 2439/2296/2248 2438/2295/2247 2422/2277/2231
f 2422/2277/2231 2423/2278/2232 2439/2296/2248
f 2440/2297/2249 2439/2296/2248 2423/2278/2232
f 2423/2278/2232 2424/2279/2233 2440/2297/2249
f 2441/2298/2250 2440/2297/2249 2424/2279/2233
f 2424/2279/2233 2425/2281/2234 2441/2298/2250
f 2442/2299/2251 2441/2298/2250 2425/2281/2234
f 2425/2281/2234 2426/2300/2235 2442/2299/2251
f 2443/2301/2252 2442/2299/2251 2426/2300/2235
f 2426/2283/2235 2427/2284/2236 2443/2302/2252
f 2444/2303/2253 2443/2302/2252 2427/2284/2236
f 2427/2284/2236 2428/2285/2237 2444/2303/2253
f 2445/2304/2254 2444/2303/2253 2428/2285/2237
f 2428/2285/2237 371/2080/2045 2445/2304/2254
f 372/2098/2063 2445/2304/2254 371/2080/2045
f 2446/2305/2255 145/654/633 144/655/634
f 144/655/634 2429/2286/2238 2446/2305/2255
f 2447/2306/2256 2446/2305/2255 2429/2286/2238
f 2429/2286/2238 2430/2287/2239 2447/2306/2256
f 2448/2307/2257 2447/2306/2256 2430/2287/2239
f 2430/2287/2239 2431/2288/2240 2448/2307/2257
f 2449/2308/2258 2448/2307/2257 2431/2288/2240
f 2431/2288/2240 2432/2289/2241 2449/2308/2258
f 2450/2309/2259 2449/2308/2258 2432/2289/2241
f 2432/2289/2241 2433/2290/2242 2450/2309/2259
f 2451/2310/2260 2450/2309/2259 2433/2290/2242
f 2433/2290/2242 2434/2291/2243 2451/2310/2260
f 2452/2311/2261 2451/2310/2260 2434/2291/2243
f 2434/2291/2243 2435/2292/2244 2452/2311/2261
f 2453/2312/2262 2452/2311/2261 2435/2292/2244
f 2435/2292/2244 2436/2293/2245 2453/2312/2262
f 2454/2313/2263 2453/2312/2262 2436/2293/2245
f 2436/2293/2245 2437/2294/2246 2454/2313/2263
f 2455/2314/2264 2454/2313/2263 2437/2294/2246
f 2437/2294/2246 2438/2295/2247 2455/2314/2264
f 2456/2315/2265 2455/2314/2264 2438/2295/2247
f 2438/2295/2247 2439/2296/2248 2456/2315/2265
f 2457/2316/2266 2456/2315/2265 2439/2296/2248
f 2439/2296/2248 2440/2297/2249 2457/2316/2266
f 2458/2317/2267 2457/2316/2266 2440/2297/2249
f 2440/2297/2249 2441/2298/2250 2458/2317/2267
f 2459/2318/2268 2458/2317/2267 2441/2298/2250
f 2441/2298/2250 2442/2299/2251 2459/2318/2268
f 2460/2319/2269 2459/2318/2268 2442/2299/2251
f 2442/2299/2251 2443/2301/2252 2460/2319/2269
f 2461/2320/2270 2460/2319/2269 2443/2301/2252
f 2443/2301/2252 2444/2321/2253 2461/2320/2270
f 2462/2322/2271 2461/2320/2270 2444/2321/2253
f 2444/2303/2253 2445/2304/2254 2462/2323/2271
f 2463/2324/2272 2462/2323/2271 2445/2304/2254
f 2445/2304/2254 372/2098/2063 2463/2324/2272
f 373/2117/2082 2463/2324/2272 372/2098/2063
f 393/2325/2273 4/653/632 145/654/633
f 145/654/633 2446/2305/2255 393/2325/2273
f 394/2326/2274 393/2325/2273 2446/2305/2255
f 2446/2305/2255 2447/2306/2256 394/2326/2274
f 395/2327/2275 394/2326/2274 2447/2306/2256
f 2447/2306/2256 2448/2307/2257 395/2327/2275
f 396/2328/2276 395/2327/2275 2448/2307/2257
f 2448/2307/2257 2449/2308/2258 396/2328/2276
f 397/2329/2277 396/2328/2276 2449/2308/2258
f 2449/2308/2258 2450/2309/2259 397/2329/2277
f 398/2330/2278 397/2329/2277 2450/2309/2259
f 2450/2309/2259 2451/2310/2260 398/2330/2278
f 399/2331/2279 398/2330/2278 2451/2310/2260
f 2451/2310/2260 2452/2311/2261 399/2331/2279
f 400/2332/2280 399/2331/2279 2452/2311/2261
f 2452/2311/2261 2453/2312/2262 400/2332/2280
f 401/2333/2281 400/2332/2280 2453/2312/2262
f 2453/2312/2262 2454/2313/2263 401/2333/2281
f 402/2334/2282 401/2333/2281 2454/2313/2263
f 2454/2313/2263 2455/2314/2264 402/2334/2282
f 403/2335/2283 402/2334/2282 2455/2314/2264
f 2455/2314/2264 2456/2315/2265 403/2335/2283
f 404/2336/2284 403/2335/2283 2456/2315/2265
f 2456/2315/2265 2457/2316/2266 404/2336/2284
f 405/2337/2285 404/2336/2284 2457/2316/2266
f 2457/2316/2266 2458/2317/2267 405/2337/2285
f 406/2338/2286 405/2337/2285 2458/2317/2267
f 2458/2317/2267 2459/2318/2268 406/2338/2286
f 407/2339/2287 406/2338/2286 2459/2318/2268
f 2459/2318/2268 2460/2319/2269 407/2339/2287
f 408/2340/2288 407/2339/2287 2460/2319/2269
f 2460/2319/2269 2461/2320/2270 408/2340/2288
f 409/2341/2289 408/2340/2288 2461/2320/2270
f 2461/2320/2270 2462/2322/2271 409/2341/2289
f 410/2342/2290 409/2341/2289 2462/2322/2271
f 2462/2322/2271 2463/2343/2272 410/2342/2290
f 411/2344/2291 410/2342/2290 2463/2343/2272
f 2463/2324/2272 373/2117/2082 411/2345/2291
f 12/1696/1662 411/2345/2291 373/2117/2082
f 393/2325/2273 412/2346/2292 4/653/632
f 2464/2348/2294 413/2347/2293 412/2346/2292
f 412/2346/2292 393/2325/2273 2464/2348/2294
f 394/2326/2274 2464/2348/2294 393/2325/2273
f 2465/2350/2296 414/2349/2295 413/2347/2293
f 413/2347/2293 2464/2348/2294 2465/2350/2296
f 2466/2351/2297 2465/2350/2296 2464/2348/2294
f 2464/2348/2294 394/2326/2274 2466/2351/2297
f 395/2327/2275 2466/2351/2297 394/2326/2274
f 2467/2353/2299 415/2352/2298 414/2349/2295
f 414/2349/2295 2465/2350/2296 2467/2353/2299
f 2468/2354/2300 2467/2353/2299 2465/2350/2296
f 2465/2350/2296 2466/2351/2297 2468/2354/2300
f 2469/2355/2301 2468/2354/2300 2466/2351/2297
f 2466/2351/2297 395/2327/2275 2469/2355/2301
f 396/2328/2276 2469/2355/2301 395/2327/2275
f 2470/2357/2303 416/2356/2302 415/2352/2298
f 415/2352/2298 2467/2353/2299 2470/2357/2303
f 2471/2358/2304 2470/2357/2303 2467/2353/2299
f 2467/2353/2299 2468/2354/2300 2471/2358/2304
f 2472/2359/2305 2471/2358/2304 2468/2354/2300
f 2468/2354/2300 2469/2355/2301 2472/2359/2305
f 2473/2360/2306 2472/2359/2305 2469/2355/2301
f 2469/2355/2301 396/2328/2276 2473/2360/2306
f 397/2329/2277 2473/2360/2306 396/2328/2276
f 2474/2362/2308 417/2361/2307 416/2356/2302
f 416/2356/2302 2470/2357/2303 2474/2362/2308
f 2475/2363/2309 2474/2362/2308 2470/2357/2303
f 2470/2357/2303 2471/2358/2304 2475/2363/2309
f 2476/2364/2310 2475/2363/2309 2471/2358/2304
f 2471/2358/2304 2472/2359/2305 2476/2364/2310
f 2477/2365/2311 2476/2364/2310 2472/2359/2305
f 2472/2359/2305 2473/2360/2306 2477/2365/2311
f 2478/2366/2312 2477/2365/2311 2473/2360/2306
f 2473/2360/2306 397/2329/2277 2478/2366/2312
f 398/2330/2278 2478/2366/2312 397/2329/2277
f 2479/2368/2314 418/2367/2313 417/2361/2307
f 417/2361/2307 2474/2362/2308 2479/2368/2314
f 2480/2369/2315 2479/2368/2314 2474/2362/2308
f 2474/2362/2308 2475/2363/2309 2480/2369/2315
f 2481/2370/2316 2480/2369/2315 2475/2363/2309
f 2475/2363/2309 2476/2364/2310 2481/2370/2316
f 2482/2371/2317 2481/2370/2316 2476/2364/2310
f 2476/2364/2310 2477/2365/2311 2482/2371/2317
f 2483/2372/2318 2482/2371/2317 2477/2365/2311
f 2477/2365/2311 2478/2366/2312 2483/2372/2318
f 2484/2373/2319 2483/2372/2318 2478/2366/2312
f 2478/2366/2312 398/2330/2278 2484/2373/2319
f 399/2331/2279 2484/2373/2319 398/2330/2278
f 2485/2375/2321 419/2374/2320 418/2367/2313
f 418/2367/2313 2479/2368/2314 2485/2375/2321
f 2486/2376/2322 2485/2375/2321 2479/2368/2314
f 2479/2368/2314 2480/2369/2315 2486/2376/2322
f 2487/2377/2323 2486/2376/2322 2480/2369/2315
f 2480/2369/2315 2481/2370/2316 2487/2377/2323
f 2488/2378/2324 2487/2377/2323 2481/2370/2316
f 2481/2370/2316 2482/2371/2317 2488/2378/2324
f 2489/2379/2325 2488/2378/2324 2482/2371/2317
f 2482/2371/2317 2483/2372/2318 2489/2379/2325
f 2490/2380/2326 2489/2379/2325 2483/2372/2318
f 2483/2372/2318 2484/2373/2319 2490/2380/2326
f 2491/2381/2327 2490/2380/2326 2484/2373/2319
f 2484/2373/2319 399/2331/2279 2491/2381/2327
f 400/2332/2280 2491/2381/2327 399/2331/2279
f 2492/2383/2329 420/2382/2328 419/2374/2320
f 419/2374/2320 2485/2375/2321 2492/2383/2329
f 2493/2384/2330 2492/2383/2329 2485/2375/2321
f 2485/2375/2321 2486/2376/2322 2493/2384/2330
f 2494/2385/2331 2493/2384/2330 2486/2376/2322
f 2486/2376/2322 2487/2377/2323 2494/2385/2331
f 2495/2386/2332 2494/2385/2331 2487/2377/2323
f 2487/2377/2323 2488/2378/2324 2495/2386/2332
f 2496/2387/2333 2495/2386/2332 2488/2378/2324
f 2488/2378/2324 2489/2379/2325 2496/2387/2333
f 2497/2388/2334 2496/2387/2333 2489/2379/2325
f 2489/2379/2325 2490/2380/2326 2497/2388/2334
f 2498/2389/2335 2497/2388/2334 2490/2380/2326
f 2490/2380/2326 2491/2381/2327 2498/2389/2335
f 2499/2390/2336 2498/2389/2335 2491/2381/2327
f 2491/2381/2327 400/2332/2280 2499/2390/2336
f 401/2333/2281 2499/2390/2336 400/2332/2280
f 2500/2392/2338 421/2391/2337 420/2382/2328
f 420/2382/2328 2492/2383/2329 2500/2392/2338
f 2501/2393/2339 2500/2392/2338 2492/2383/2329
f 2492/2383/2329 2493/2384/2330 2501/2393/2339
f 2502/2394/2340 2501/2393/2339 2493/2384/2330
f 2493/2384/2330 2494/2385/2331 2502/2394/2340
f 2503/2395/2341 2502/2394/2340 2494/2385/2331
f 2494/2385/2331 2495/2386/2332 2503/2395/2341
f 2504/2396/2342 2503/2395/2341 2495/2386/2332
f 2495/2386/2332 2496/2387/2333 2504/2396/2342
f 2505/2397/2343 2504/2396/2342 2496/2387/2333
f 2496/2387/2333 2497/2388/2334 2505/2397/2343
f 2506/2398/2344 2505/2397/2343 2497/2388/2334
f 2497/2388/2334 2498/2389/2335 2506/2398/2344
f 2507/2399/2345 2506/2398/2344 2498/2389/2335
f 2498/2389/2335 2499/2390/2336 2507/2399/2345
f 2508/2400/2346 2507/2399/2345 2499/2390/2336
f 2499/2390/2336 401/2333/2281 2508/2400/2346
f 402/2334/2282 2508/2400/2346 401/2333/2281
f 2509/2402/2348 422/2401/2347 421/2391/2337
f 421/2391/2337 2500/2392/2338 2509/2402/2348
f 2510/2403/2349 2509/2402/2348 2500/2392/2338
f 2500/2392/2338 2501/2393/2339 2510/2403/2349
f 2511/2404/2350 2510/2403/2349 2501/2393/2339
f 2501/2393/2339 2502/2394/2340 2511/2404/2350
f 2512/2405/2351 2511/2404/2350 2502/2394/2340
f 2502/2394/2340 2503/2395/2341 2512/2405/2351
f 2513/2406/2352 2512/2405/2351 2503/2395/2341
f 2503/2395/2341 2504/2396/2342 2513/2406/2352
f 2514/2407/2353 2513/2406/2352 2504/2396/2342
f 2504/2396/2342 2505/2397/2343 2514/2407/2353
f 2515/2408/2354 2514/2407/2353 2505/2397/2343
f 2505/2397/2343 2506/2398/2344 2515/2408/2354
f 2516/2409/2355 2515/2408/2354 2506/2398/2344
f 2506/2398/2344 2507/2399/2345 2516/2409/2355
f 2517/2410/2356 2516/2409/2355 2507/2399/2345
f 2507/2399/2345 2508/2400/2346 2517/2410/2356
f 2518/2411/2357 2517/2410/2356 2508/2400/2346
f 2508/2400/2346 402/2334/2282 2518/2411/2357
f 403/2335/2283 2518/2411/2357 402/2334/2282
f 2519/2413/2359 423/2412/2358 422/2401/2347
f 422/2401/2347 2509/2402/2348 2519/2413/2359
f 2520/2414/2360 2519/2413/2359 2509/2402/2348
f 2509/2402/2348 2510/2403/2349 2520/2414/2360
f 2521/2415/2361 2520/2414/2360 2510/2403/2349
f 2510/2403/2349 2511/2404/2350 2521/2415/2361
f 2522/2416/2362 2521/2415/2361 2511/2404/2350
f 2511/2404/2350 2512/2405/2351 2522/2416/2362
f 2523/2417/2363 2522/2416/2362 2512/2405/2351
f 2512/2405/2351 2513/2406/2352 2523/2417/2363
f 2524/2418/2364 2523/2417/2363 2513/2406/2352
f 2513/2406/2352 2514/2407/2353 2524/2418/2364
f 2525/2419/2365 2524/2418/2364 2514/2407/2353
f 2514/2407/2353 2515/2408/2354 2525/2419/2365
f 2526/2420/2366 2525/2419/2365 2515/2408/2354
f 2515/2408/2354 2516/2409/2355 2526/2420/2366
f 2527/2421/2367 2526/2420/2366 2516/2409/2355
f 2516/2409/2355 2517/2410/2356 2527/2421/2367
f 2528/2422/2368 2527/2421/2367 2517/2410/2356
f 2517/2410/2356 2518/2411/2357 2528/2422/2368
f 2529/2423/2369 2528/2422/2368 2518/2411/2357
f 2518/2411/2357 403/2335/2283 2529/2423/2369
f 404/2336/2284 2529/2423/2369 403/2335/2283
f 2530/2425/2371 424/2424/2370 423/2412/2358
f 423/2412/2358 2519/2413/2359 2530/2425/2371
f 2531/2426/2372 2530/2425/2371 2519/2413/2359
f 2519/2413/2359 2520/2414/2360 2531/2426/2372
f 2532/2427/2373 2531/2426/2372 2520/2414/2360
f 2520/2414/2360 2521/2415/2361 2532/2427/2373
f 2533/2428/2374 2532/2427/2373 2521/2415/2361
f 2521/2415/2361 2522/2416/2362 2533/2428/2374
f 2534/2429/2375 2533/2428/2374 2522/2416/2362
f 2522/2416/2362 2523/2417/2363 2534/2429/2375
f 2535/2430/2376 2534/2429/2375 2523/2417/2363
f 2523/2417/2363 2524/2418/2364 2535/2430/2376
f 2536/2431/2377 2535/2430/2376 2524/2418/2364
f 2524/2418/2364 2525/2419/2365 2536/2431/2377
f 2537/2432/2378 2536/2431/2377 2525/2419/2365
f 2525/2419/2365 2526/2420/2366 2537/2432/2378
f 2538/2433/2379 2537/2432/2378 2526/2420/2366
f 2526/2420/2366 2527/2421/2367 2538/2433/2379
f 2539/2434/2380 2538/2433/2379 2527/2421/2367
f 2527/2421/2367 2528/2422/2368 2539/2434/2380
f 2540/2435/2381 2539/2434/2380 2528/2422/2368
f 2528/2422/2368 2529/2423/2369 2540/2435/2381
f 2541/2436/2382 2540/2435/2381 2529/2423/2369
f 2529/2423/2369 404/2336/2284 2541/2436/2382
f 405/2337/2285 2541/2436/2382 404/2336/2284
f 2542/2438/2384 425/2437/2383 424/2424/2370
f 424/2424/2370 2530/2425/2371 2542/2438/2384
f 2543/2439/2385 2542/2438/2384 2530/2425/2371
f 2530/2425/2371 2531/2426/2372 2543/2439/2385
f 2544/2440/2386 2543/2439/2385 2531/2426/2372
f 2531/2426/2372 2532/2427/2373 2544/2440/2386
f 2545/2441/2387 2544/2440/2386 2532/2427/2373
f 2532/2427/2373 2533/2428/2374 2545/2441/2387
f 2546/2442/2388 2545/2441/2387 2533/2428/2374
f 2533/2428/2374 2534/2429/2375 2546/2442/2388
f 2547/2443/2389 2546/2442/2388 2534/2429/2375
f 2534/2429/2375 2535/2430/2376 2547/2443/2389
f 2548/2444/2390 2547/2443/2389 2535/2430/2376
f 2535/2430/2376 2536/2431/2377 2548/2444/2390
f 2549/2445/2391 2548/2444/2390 2536/2431/2377
f 2536/2431/2377 2537/2432/2378 2549/2445/2391
f 2550/2446/2392 2549/2445/2391 2537/2432/2378
f 2537/2432/2378 2538/2433/2379 2550/2446/2392
f 2551/2447/2393 2550/2446/2392 2538/2433/2379
f 2538/2433/2379 2539/2434/2380 2551/2447/2393
f 2552/2448/2394 2551/2447/2393 2539/2434/2380
f 2539/2434/2380 2540/2435/2381 2552/2448/2394
f 2553/2449/2395 2552/2448/2394 2540/2435/2381
f 2540/2435/2381 2541/2436/2382 2553/2449/2395
f 2554/2450/2396 2553/2449/2395 2541/2436/2382
f 2541/2436/2382 405/2337/2285 2554/2450/2396
f 406/2338/2286 2554/2450/2396 405/2337/2285
f 2555/2452/2398 426/2451/2397 425/2437/2383
f 425/2437/2383 2542/2438/2384 2555/2452/2398
f 2556/2453/2399 2555/2452/2398 2542/2438/2384
f 2542/2438/2384 2543/2439/2385 2556/2453/2399
f 2557/2454/2400 2556/2453/2399 2543/2439/2385
f 2543/2439/2385 2544/2440/2386 2557/2454/2400
f 2558/2455/2401 2557/2454/2400 2544/2440/2386
f 2544/2440/2386 2545/2441/2387 2558/2455/2401
f 2559/2456/2402 2558/2455/2401 2545/2441/2387
f 2545/2441/2387 2546/2442/2388 2559/2456/2402
f 2560/2457/2403 2559/2456/2402 2546/2442/2388
f 2546/2442/2388 2547/2443/2389 2560/2457/2403
f 2561/2458/2404 2560/2457/2403 2547/2443/2389
f 2547/2443/2389 2548/2444/2390 2561/2458/2404
f 2562/2459/2405 2561/2458/2404 2548/2444/2390
f 2548/2444/2390 2549/2445/2391 2562/2459/2405
f 2563/2460/2406 2562/2459/2405 2549/2445/2391
f 2549/2445/2391 2550/2446/2392 2563/2460/2406
f 2564/2461/2407 2563/2460/2406 2550/2446/2392
f 2550/2446/2392 2551/2447/2393 2564/2461/2407
f 2565/2462/2408 2564/2461/2407 2551/2447/2393
f 2551/2447/2393 2552/2448/2394 2565/2462/2408
f 2566/2463/2409 2565/2462/2408 2552/2448/2394
f 2552/2448/2394 2553/2449/2395 2566/2463/2409
f 2567/2464/2410 2566/2463/2409 2553/2449/2395
f 2553/2449/2395 2554/2450/2396 2567/2464/2410
f 2568/2465/2411 2567/2464/2410 2554/2450/2396
f 2554/2450/2396 406/2338/2286 2568/2465/2411
f 407/2339/2287 2568/2465/2411 406/2338/2286
f 2569/2467/2413 427/2466/2412 426/2451/2397
f 426/2451/2397 2555/2452/2398 2569/2467/2413
f 2570/2468/2414 2569/2467/2413 2555/2452/2398
f 2555/2452/2398 2556/2453/2399 2570/2468/2414
f 2571/2469/2415 2570/2468/2414 2556/2453/2399
f 2556/2453/2399 2557/2454/2400 2571/2469/2415
f 2572/2470/2416 2571/2469/2415 2557/2454/2400
f 2557/2454/2400 2558/2455/2401 2572/2470/2416
f 2573/2471/2417 2572/2470/2416 2558/2455/2401
f 2558/2455/2401 2559/2456/2402 2573/2471/2417
f 2574/2472/2418 2573/2471/2417 2559/2456/2402
f 2559/2456/2402 2560/2457/2403 2574/2472/2418
f 2575/2473/2419 2574/2472/2418 2560/2457/2403
f 2560/2457/2403 2561/2458/2404 2575/2473/2419
f 2576/2474/2420 2575/2473/2419 2561/2458/2404
f 2561/2458/2404 2562/2459/2405 2576/2474/2420
f 2577/2475/2421 2576/2474/2420 2562/2459/2405
f 2562/2459/2405 2563/2460/2406 2577/2475/2421
f 2578/2476/2422 2577/2475/2421 2563/2460/2406
f 2563/2460/2406 2564/2461/2407 2578/2476/2422
f 2579/2477/2423 2578/2476/2422 2564/2461/2407
f 2564/2461/2407 2565/2462/2408 2579/2477/2423
f 2580/2478/2424 2579/2477/2423 2565/2462/2408
f 2565/2462/2408 2566/2463/2409 2580/2478/2424
f 2581/2479/2425 2580/2478/2424 2566/2463/2409
f 2566/2463/2409 2567/2464/2410 2581/2479/2425
f 2582/2480/2426 2581/2479/2425 2567/2464/2410
f 2567/2464/2410 2568/2465/2411 2582/2480/2426
f 2583/2481/2427 2582/2480/2426 2568/2465/2411
f 2568/2465/2411 407/2339/2287 2583/2481/2427
f 408/2340/2288 2583/2481/2427 407/2339/2287
f 2584/2483/2429 428/2482/2428 427/2466/2412
f 427/2466/2412 2569/2467/2413 2584/2483/2429
f 2585/2484/2430 2584/2483/2429 2569/2467/2413
f 2569/2467/2413 2570/2468/2414 2585/2484/2430
f 2586/2485/2431 2585/2484/2430 2570/2468/2414
f 2570/2468/2414 2571/2469/2415 2586/2485/2431
f 2587/2486/2432 2586/2485/2431 2571/2469/2415
f 2571/2469/2415 2572/2470/2416 2587/2486/2432
f 2588/2487/2433 2587/2486/2432 2572/2470/2416
f 2572/2470/2416 2573/2471/2417 2588/2487/2433
f 2589/2488/2434 2588/2487/2433 2573/2471/2417
f 2573/2471/2417 2574/2472/2418 2589/2488/2434
f 2590/2489/2435 2589/2488/2434 2574/2472/2418
f 2574/2472/2418 2575/2473/2419 2590/2489/2435
f 2591/2490/2436 2590/2489/2435 2575/2473/2419
f 2575/2473/2419 2576/2474/2420 2591/2490/2436
f 2592/2491/2437 2591/2490/2436 2576/2474/2420
f 2576/2474/2420 2577/2475/2421 2592/2491/2437
f 2593/2492/2438 2592/2491/2437 2577/2475/2421
f 2577/2475/2421 2578/2476/2422 2593/2492/2438
f 2594/2493/2439 2593/2492/2438 2578/2476/2422
f 2578/2476/2422 2579/2477/2423 2594/2493/2439
f 2595/2494/2440 2594/2493/2439 2579/2477/2423
f 2579/2477/2423 2580/2478/2424 2595/2494/2440
f 2596/2495/2441 2595/2494/2440 2580/2478/2424
f 2580/2478/2424 2581/2479/2425 2596/2495/2441
f 2597/2496/2442 2596/2495/2441 2581/2479/2425
f 2581/2479/2425 2582/2480/2426 2597/2496/2442
f 2598/2497/2443 2597/2496/2442 2582/2480/2426
f 2582/2480/2426 2583/2481/2427 2598/2497/2443
f 2599/2498/2444 2598/2497/2443 2583/2481/2427
f 2583/2481/2427 408/2340/2288 2599/2498/2444
f 409/2341/2289 2599/2498/2444 408/2340/2288
f 2600/2500/2446 429/2499/2445 428/2482/2428
f 428/2482/2428 2584/2483/2429 2600/2500/2446
f 2601/2501/2447 2600/2500/2446 2584/2483/2429
f 2584/2483/2429 2585/2484/2430 2601/2501/2447
f 2602/2502/2448 2601/2501/2447 2585/2484/2430
f 2585/2484/2430 2586/2485/2431 2602/2502/2448
f 2603/2503/2449 2602/2502/2448 2586/2485/2431
f 2586/2485/2431 2587/2486/2432 2603/2503/2449
f 2604/2504/2450 2603/2503/2449 2587/2486/2432
f 2587/2486/2432 2588/2487/2433 2604/2504/2450
f 2605/2505/2451 2604/2504/2450 2588/2487/2433
f 2588/2487/2433 2589/2488/2434 2605/2505/2451
f 2606/2506/2452 2605/2505/2451 2589/2488/2434
f 2589/2488/2434 2590/2489/2435 2606/2506/2452
f 2607/2507/2453 2606/2506/2452 2590/2489/2435
f 2590/2489/2435 2591/2490/2436 2607/2507/2453
f 2608/2508/2454 2607/2507/2453 2591/2490/2436
f 2591/2490/2436 2592/2491/2437 2608/2508/2454
f 2609/2509/2455 2608/2508/2454 2592/2491/2437
f 2592/2491/2437 2593/2492/2438 2609/2509/2455
f 2610/2510/2456 2609/2509/2455 2593/2492/2438
f 2593/2492/2438 2594/2493/2439 2610/2510/2456
f 2611/2511/2457 2610/2510/2456 2594/2493/2439
f 2594/2493/2439 2595/2494/2440 2611/2511/2457
f 2612/2512/2458 2611/2511/2457 2595/2494/2440
f 2595/2494/2440 2596/2495/2441 2612/2512/2458
f 2613/2513/2459 2612/2512/2458 2596/2495/2441
f 2596/2495/2441 2597/2496/2442 2613/2513/2459
f 2614/2514/2460 2613/2513/2459 2597/2496/2442
f 2597/2496/2442 2598/2497/2443 2614/2514/2460
f 2615/2515/2461 2614/2514/2460 2598/2497/2443
f 2598/2497/2443 2599/2498/2444 2615/2515/2461
f 2616/2516/2462 2615/2515/2461 2599/2498/2444
f 2599/2498/2444 409/2341/2289 2616/2516/2462
f 410/2342/2290 2616/2516/2462 409/2341/2289
f 2617/2518/2464 430/2517/2463 429/2499/2445
f 429/2499/2445 2600/2500/2446 2617/2518/2464
f 2618/2519/2465 2617/2518/2464 2600/2500/2446
f 2600/2500/2446 2601/2501/2447 2618/2519/2465
f 2619/2520/2466 2618/2519/2465 2601/2501/2447
f 2601/2501/2447 2602/2502/2448 2619/2520/2466
f 2620/2521/2467 2619/2520/2466 2602/2502/2448
f 2602/2502/2448 2603/2503/2449 2620/2521/2467
f 2621/2522/2468 2620/2521/2467 2603/2503/2449
f 2603/2503/2449 2604/2504/2450 2621/2522/2468
f 2622/2523/2469 2621/2522/2468 2604/2504/2450
f 2604/2504/2450 2605/2505/2451 2622/2523/2469
f 2623/2524/2470 2622/2523/2469 2605/2505/2451
f 2605/2505/2451 2606/2506/2452 2623/2524/2470
f 2624/2525/2471 2623/2524/2470 2606/2506/2452
f 2606/2506/2452 2607/2507/2453 2624/2525/2471
f 2625/2526/2472 2624/2525/2471 2607/2507/2453
f 2607/2507/2453 2608/2508/2454 2625/2526/2472
f 2626/2527/2473 2625/2526/2472 2608/2508/2454
f 2608/2508/2454 2609/2509/2455 2626/2527/2473
f 2627/2528/2474 2626/2527/2473 2609/2509/2455
f 2609/2509/2455 2610/2510/2456 2627/2528/2474
f 2628/2529/2475 2627/2528/2474 2610/2510/2456
f 2610/2510/2456 2611/2511/2457 2628/2529/2475
f 2629/2530/2476 2628/2529/2475 2611/2511/2457
f 2611/2511/2457 2612/2512/2458 2629/2530/2476
f 2630/2531/2477 2629/2530/2476 2612/2512/2458
f 2612/2512/2458 2613/2513/2459 2630/2531/2477
f 2631/2532/2478 2630/2531/2477 2613/2513/2459
f 2613/2513/2459 2614/2514/2460 2631/2532/2478
f 2632/2533/2479 2631/2532/2478 2614/2514/2460
f 2614/2514/2460 2615/2515/2461 2632/2533/2479
f 2633/2534/2480 2632/2533/2479 2615/2515/2461
f 2615/2515/2461 2616/2516/2462 2633/2534/2480
f 2634/2535/2481 2633/2534/2480 2616/2516/2462
f 2616/2516/2462 410/2342/2290 2634/2535/2481
f 411/2344/2291 2634/2535/2481 410/2342/2290
f 431/2537/2483 6/2536/2482 430/2517/2463
f 430/2517/2463 2617/2518/2464 431/2537/2483
f 432/2538/2484 431/2537/2483 2617/2518/2464
f 2617/2518/2464 2618/2519/2465 432/2538/2484
f 433/2539/2485 432/2538/2484 2618/2519/2465
f 2618/2519/2465 2619/2520/2466 433/2539/2485
f 434/2540/2486 433/2539/2485 2619/2520/2466
f 2619/2520/2466 2620/2521/2467 434/2540/2486
f 435/2541/2487 434/2540/2486 2620/2521/2467
f 2620/2521/2467 2621/2522/2468 435/2541/2487
f 436/2542/2488 435/2541/2487 2621/2522/2468
f 2621/2522/2468 2622/2523/2469 436/2542/2488
f 437/2543/2489 436/2542/2488 2622/2523/2469
f 2622/2523/2469 2623/2524/2470 437/2543/2489
f 438/2544/2490 437/2543/2489 2623/2524/2470
f 2623/2524/2470 2624/2525/2471 438/2544/2490
f 439/2545/2491 438/2544/2490 2624/2525/2471
f 2624/2525/2471 2625/2526/2472 439/2545/2491
f 440/2546/2492 439/2545/2491 2625/2526/2472
f 2625/2526/2472 2626/2527/2473 440/2546/2492
f 441/2547/2493 440/2546/2492 2626/2527/2473
f 2626/2527/2473 2627/2528/2474 441/2547/2493
f 442/2548/2494 441/2547/2493 2627/2528/2474
f 2627/2528/2474 2628/2529/2475 442/2548/2494
f 443/2549/2495 442/2548/2494 2628/2529/2475
f 2628/2529/2475 2629/2530/2476 443/2549/2495
f 444/2550/2496 443/2549/2495 2629/2530/2476
f 2629/2530/2476 2630/2531/2477 444/2550/2496
f 445/2551/2497 444/2550/2496 2630/2531/2477
f 2630/2531/2477 2631/2532/2478 445/2551/2497
f 446/2552/2498 445/2551/2497 2631/2532/2478
f 2631/2532/2478 2632/2533/2479 446/2552/2498
f 447/2553/2499 446/2552/2498 2632/2533/2479
f 2632/2533/2479 2633/2534/2480 447/2553/2499
f 448/2554/2500 447/2553/2499 2633/2534/2480
f 2633/2534/2480 2634/2535/2481 448/2554/2500
f 449/2555/2501 448/2554/2500 2634/2535/2481
f 2634/2535/2481 411/2344/2291 449/2555/2501
f 12/2556/1662 449/2555/2501 411/2344/2291
f 431/2537/2483 450/2557/2502 6/2536/2482
f 2635/2559/2504 451/2558/2503 450/2557/2502
f 450/2557/2502 431/2537/2483 2635/2559/2504
f 432/2538/2484 2635/2559/2504 431/2537/2483
f 2636/2561/2506 452/2560/2505 451/2558/2503
f 451/2558/2503 2635/2559/2504 2636/2561/2506
f 2637/2562/2507 2636/2561/2506 2635/2559/2504
f 2635/2559/2504 432/2538/2484 2637/2562/2507
f 433/2539/2485 2637/2562/2507 432/2538/2484
f 2638/2564/2509 453/2563/2508 452/2560/2505
f 452/2560/2505 2636/2561/2506 2638/2564/2509
f 2639/2565/2510 2638/2564/2509 2636/2561/2506
f 2636/2561/2506 2637/2562/2507 2639/2565/2510
f 2640/2566/2511 2639/2565/2510 2637/2562/2507
f 2637/2562/2507 433/2539/2485 2640/2566/2511
f 434/2540/2486 2640/2566/2511 433/2539/2485
f 2641/2568/2513 454/2567/2512 453/2563/2508
f 453/2563/2508 2638/2564/2509 2641/2568/2513
f 2642/2569/2514 2641/2568/2513 2638/2564/2509
f 2638/2564/2509 2639/2565/2510 2642/2569/2514
f 2643/2570/2515 2642/2569/2514 2639/2565/2510
f 2639/2565/2510 2640/2566/2511 2643/2570/2515
f 2644/2571/2516 2643/2570/2515 2640/2566/2511
f 2640/2566/2511 434/2540/2486 2644/2571/2516
f 435/2541/2487 2644/2571/2516 434/2540/2486
f 2645/2573/2518 455/2572/2517 454/2567/2512
f 454/2567/2512 2641/2568/2513 2645/2573/2518
f 2646/2574/2519 2645/2573/2518 2641/2568/2513
f 2641/2568/2513 2642/2569/2514 2646/2574/2519
f 2647/2575/2520 2646/2574/2519 2642/2569/2514
f 2642/2569/2514 2643/2570/2515 2647/2575/2520
f 2648/2576/2521 2647/2575/2520 2643/2570/2515
f 2643/2570/2515 2644/2571/2516 2648/2576/2521
f 2649/2577/2522 2648/2576/2521 2644/2571/2516
f 2644/2571/2516 435/2541/2487 2649/2577/2522
f 436/2542/2488 2649/2577/2522 435/2541/2487
f 2650/2579/2524 456/2578/2523 455/2572/2517
f 455/2572/2517 2645/2573/2518 2650/2579/2524
f 2651/2580/2525 2650/2579/2524 2645/2573/2518
f 2645/2573/2518 2646/2574/2519 2651/2580/2525
f 2652/2581/2526 2651/2580/2525 2646/2574/2519
f 2646/2574/2519 2647/2575/2520 2652/2581/2526
f 2653/2582/2527 2652/2581/2526 2647/2575/2520
f 2647/2575/2520 2648/2576/2521 2653/2582/2527
f 2654/2583/2528 2653/2582/2527 2648/2576/2521
f 2648/2576/2521 2649/2577/2522 2654/2583/2528
f 2655/2584/2529 2654/2583/2528 2649/2577/2522
f 2649/2577/2522 436/2542/2488 2655/2584/2529
f 437/2543/2489 2655/2584/2529 436/2542/2488
f 2656/2586/2531 457/2585/2530 456/2578/2523
f 456/2578/2523 2650/2579/2524 2656/2586/2531
f 2657/2587/2532 2656/2586/2531 2650/2579/2524
f 2650/2579/2524 2651/2580/2525 2657/2587/2532
f 2658/2588/2533 2657/2587/2532 2651/2580/2525
f 2651/2580/2525 2652/2581/2526 2658/2588/2533
f 2659/2589/2534 2658/2588/2533 2652/2581/2526
f 2652/2581/2526 2653/2582/2527 2659/2589/2534
f 2660/2590/2535 2659/2589/2534 2653/2582/2527
f 2653/2582/2527 2654/2583/2528 2660/2590/2535
f 2661/2591/2536 2660/2590/2535 2654/2583/2528
f 2654/2583/2528 2655/2584/2529 2661/2591/2536
f 2662/2592/2537 2661/2591/2536 2655/2584/2529
f 2655/2584/2529 437/2543/2489 2662/2592/2537
f 438/2544/2490 2662/2592/2537 437/2543/2489
f 2663/2594/2539 458/2593/2538 457/2585/2530
f 457/2585/2530 2656/2586/2531 2663/2594/2539
f 2664/2595/2540 2663/2594/2539 2656/2586/2531
f 2656/2586/2531 2657/2587/2532 2664/2595/2540
f 2665/2596/2541 2664/2595/2540 2657/2587/2532
f 2657/2587/2532 2658/2588/2533 2665/2596/2541
f 2666/2597/2542 2665/2596/2541 2658/2588/2533
f 2658/2588/2533 2659/2589/2534 2666/2597/2542
f 2667/2598/2543 2666/2597/2542 2659/2589/2534
f 2659/2589/2534 2660/2590/2535 2667/2598/2543
f 2668/2599/2544 2667/2598/2543 2660/2590/2535
f 2660/2590/2535 2661/2591/2536 2668/2599/2544
f 2669/2600/2545 2668/2599/2544 2661/2591/2536
f 2661/2591/2536 2662/2592/2537 2669/2600/2545
f 2670/2601/2546 2669/2600/2545 2662/2592/2537
f 2662/2592/2537 438/2544/2490 2670/2601/2546
f 439/2545/2491 2670/2601/2546 438/2544/2490
f 2671/2603/2548 459/2602/2547 458/2593/2538
f 458/2593/2538 2663/2594/2539 2671/2603/2548
f 2672/2604/2549 2671/2603/2548 2663/2594/2539
f 2663/2594/2539 2664/2595/2540 2672/2604/2549
f 2673/2605/2550 2672/2604/2549 2664/2595/2540
f 2664/2595/2540 2665/2596/2541 2673/2605/2550
f 2674/2606/2551 2673/2605/2550 2665/2596/2541
f 2665/2596/2541 2666/2597/2542 2674/2606/2551
f 2675/2607/2552 2674/2606/2551 2666/2597/2542
f 2666/2597/2542 2667/2598/2543 2675/2607/2552
f 2676/2608/2553 2675/2607/2552 2667/2598/2543
f 2667/2598/2543 2668/2599/2544 2676/2608/2553
f 2677/2609/2554 2676/2608/2553 2668/2599/2544
f 2668/2599/2544 2669/2600/2545 2677/2609/2554
f 2678/2610/2555 2677/2609/2554 2669/2600/2545
f 2669/2600/2545 2670/2601/2546 2678/2610/2555
f 2679/2611/2556 2678/2610/2555 2670/2601/2546
f 2670/2601/2546 439/2545/2491 2679/2611/2556
f 440/2546/2492 2679/2611/2556 439/2545/2491
f 2680/2613/2558 460/2612/2557 459/2602/2547
f 459/2602/2547 2671/2603/2548 2680/2613/2558
f 2681/2614/2559 2680/2613/2558 2671/2603/2548
f 2671/2603/2548 2672/2604/2549 2681/2614/2559
f 2682/2615/2560 2681/2614/2559 2672/2604/2549
f 2672/2604/2549 2673/2605/2550 2682/2615/2560
f 2683/2616/2561 2682/2615/2560 2673/2605/2550
f 2673/2605/2550 2674/2606/2551 2683/2616/2561
f 2684/2617/2562 2683/2616/2561 2674/2606/2551
f 2674/2606/2551 2675/2607/2552 2684/2617/2562
f 2685/2618/2563 2684/2617/2562 2675/2607/2552
f 2675/2607/2552 2676/2608/2553 2685/2618/2563
f 2686/2619/2564 2685/2618/2563 2676/2608/2553
f 2676/2608/2553 2677/2609/2554 2686/2619/2564
f 2687/2620/2565 2686/2619/2564 2677/2609/2554
f 2677/2609/2554 2678/2610/2555 2687/2620/2565
f 2688/2621/2566 2687/2620/2565 2678/2610/2555
f 2678/2610/2555 2679/2611/2556 2688/2621/2566
f 2689/2622/2567 2688/2621/2566 2679/2611/2556
f 2679/2611/2556 440/2546/2492 2689/2622/2567
f 441/2547/2493 2689/2622/2567 440/2546/2492
f 2690/2624/2569 461/2623/2568 460/2612/2557
f 460/2612/2557 2680/2613/2558 2690/2624/2569
f 2691/2625/2570 2690/2624/2569 2680/2613/2558
f 2680/2613/2558 2681/2614/2559 2691/2625/2570
f 2692/2626/2571 2691/2625/2570 2681/2614/2559
f 2681/2614/2559 2682/2615/2560 2692/2626/2571
f 2693/2627/2572 2692/2626/2571 2682/2615/2560
f 2682/2615/2560 2683/2616/2561 2693/2627/2572
f 2694/2628/2573 2693/2627/2572 2683/2616/2561
f 2683/2616/2561 2684/2617/2562 2694/2628/2573
f 2695/2629/2574 2694/2628/2573 2684/2617/2562
f 2684/2617/2562 2685/2618/2563 2695/2629/2574
f 2696/2630/2575 2695/2629/2574 2685/2618/2563
f 2685/2618/2563 2686/2619/2564 2696/2630/2575
f 2697/2631/2576 2696/2630/2575 2686/2619/2564
f 2686/2619/2564 2687/2620/2565 2697/2631/2576
f 2698/2632/2577 2697/2631/2576 2687/2620/2565
f 2687/2620/2565 2688/2621/2566 2698/2632/2577
f 2699/2633/2578 2698/2632/2577 2688/2621/2566
f 2688/2621/2566 2689/2622/2567 2699/2633/2578
f 2700/2634/2579 2699/2633/2578 2689/2622/2567
f 2689/2622/2567 441/2547/2493 2700/2634/2579
f 442/2548/2494 2700/2634/2579 441/2547/2493
f 2701/2636/2581 462/2635/2580 461/2623/2568
f 461/2623/2568 2690/2624/2569 2701/2636/2581
f 2702/2637/2582 2701/2636/2581 2690/2624/2569
f 2690/2624/2569 2691/2625/2570 2702/2637/2582
f 2703/2638/2583 2702/2637/2582 2691/2625/2570
f 2691/2625/2570 2692/2626/2571 2703/2638/2583
f 2704/2639/2584 2703/2638/2583 2692/2626/2571
f 2692/2626/2571 2693/2627/2572 2704/2639/2584
f 2705/2640/2585 2704/2639/2584 2693/2627/2572
f 2693/2627/2572 2694/2628/2573 2705/2640/2585
f 2706/2641/2586 2705/2640/2585 2694/2628/2573
f 2694/2628/2573 2695/2629/2574 2706/2641/2586
f 2707/2642/2587 2706/2641/2586 2695/2629/2574
f 2695/2629/2574 2696/2630/2575 2707/2642/2587
f 2708/2643/2588 2707/2642/2587 2696/2630/2575
f 2696/2630/2575 2697/2631/2576 2708/2643/2588
f 2709/2644/2589 2708/2643/2588 2697/2631/2576
f 2697/2631/2576 2698/2632/2577 2709/2644/2589
f 2710/2645/2590 2709/2644/2589 2698/2632/2577
f 2698/2632/2577 2699/2633/2578 2710/2645/2590
f 2711/2646/2591 2710/2645/2590 2699/2633/2578
f 2699/2633/2578 2700/2634/2579 2711/2646/2591
f 2712/2647/2592 2711/2646/2591 2700/2634/2579
f 2700/2634/2579 442/2548/2494 2712/2647/2592
f 443/2549/2495 2712/2647/2592 442/2548/2494
f 2713/2649/2594 463/2648/2593 462/2635/2580
f 462/2635/2580 2701/2636/2581 2713/2649/2594
f 2714/2650/2595 2713/2649/2594 2701/2636/2581
f 2701/2636/2581 2702/2637/2582 2714/2650/2595
f 2715/2651/2596 2714/2650/2595 2702/2637/2582
f 2702/2637/2582 2703/2638/2583 2715/2651/2596
f 2716/2652/2597 2715/2651/2596 2703/2638/2583
f 2703/2638/2583 2704/2639/2584 2716/2652/2597
f 2717/2653/2598 2716/2652/2597 2704/2639/2584
f 2704/2639/2584 2705/2640/2585 2717/2653/2598
f 2718/2654/2599 2717/2653/2598 2705/2640/2585
f 2705/2640/2585 2706/2641/2586 2718/2654/2599
f 2719/2655/2600 2718/2654/2599 2706/2641/2586
f 2706/2641/2586 2707/2642/2587 2719/2655/2600
f 2720/2656/2601 2719/2655/2600 2707/2642/2587
f 2707/2642/2587 2708/2643/2588 2720/2656/2601
f 2721/2657/2602 2720/2656/2601 2708/2643/2588
f 2708/2643/2588 2709/2644/2589 2721/2657/2602
f 2722/2658/2603 2721/2657/2602 2709/2644/2589
f 2709/2644/2589 2710/2645/2590 2722/2658/2603
f 2723/2659/2604 2722/2658/2603 2710/2645/2590
f 2710/2645/2590 2711/2646/2591 2723/2659/2604
f 2724/2660/2605 2723/2659/2604 2711/2646/2591
f 2711/2646/2591 2712/2647/2592 2724/2660/2605
f 2725/2661/2606 2724/2660/2605 2712/2647/2592
f 2712/2647/2592 443/2549/2495 2725/2661/2606
f 444/2550/2496 2725/2661/2606 443/2549/2495
f 2726/2663/2608 464/2662/2607 463/2648/2593
f 463/2648/2593 2713/2649/2594 2726/2663/2608
f 2727/2664/2609 2726/2663/2608 2713/2649/2594
f 2713/2649/2594 2714/2650/2595 2727/2664/2609
f 2728/2665/2610 2727/2664/2609 2714/2650/2595
f 2714/2650/2595 2715/2651/2596 2728/2665/2610
f 2729/2666/2611 2728/2665/2610 2715/2651/2596
f 2715/2651/2596 2716/2652/2597 2729/2666/2611
f 2730/2667/2612 2729/2666/2611 2716/2652/2597
f 2716/2652/2597 2717/2653/2598 2730/2667/2612
f 2731/2668/2613 2730/2667/2612 2717/2653/2598
f 2717/2653/2598 2718/2654/2599 2731/2668/2613
f 2732/2669/2614 2731/2668/2613 2718/2654/2599
f 2718/2654/2599 2719/2655/2600 2732/2669/2614
f 2733/2670/2615 2732/2669/2614 2719/2655/2600
f 2719/2655/2600 2720/2656/2601 2733/2670/2615
f 2734/2671/2616 2733/2670/2615 2720/2656/2601
f 2720/2656/2601 2721/2657/2602 2734/2671/2616
f 2735/2672/2617 2734/2671/2616 2721/2657/2602
f 2721/2657/2602 2722/2658/2603 2735/2672/2617
f 2736/2673/2618 2735/2672/2617 2722/2658/2603
f 2722/2658/2603 2723/2659/2604 2736/2673/2618
f 2737/2674/2619 2736/2673/2618 2723/2659/2604
f 2723/2659/2604 2724/2660/2605 2737/2674/2619
f 2738/2675/2620 2737/2674/2619 2724/2660/2605
f 2724/2660/2605 2725/2661/2606 2738/2675/2620
f 2739/2676/2621 2738/2675/2620 2725/2661/2606
f 2725/2661/2606 444/2550/2496 2739/2676/2621
f 445/2551/2497 2739/2676/2621 444/2550/2496
f 2740/2678/2623 465/2677/2622 464/2662/2607
f 464/2662/2607 2726/2663/2608 2740/2678/2623
f 2741/2679/2624 2740/2678/2623 2726/2663/2608
f 2726/2663/2608 2727/2664/2609 2741/2679/2624
f 2742/2680/2625 2741/2679/2624 2727/2664/2609
f 2727/2664/2609 2728/2665/2610 2742/2680/2625
f 2743/2681/2626 2742/2680/2625 2728/2665/2610
f 2728/2665/2610 2729/2666/2611 2743/2681/2626
f 2744/2682/2627 2743/2681/2626 2729/2666/2611
f 2729/2666/2611 2730/2667/2612 2744/2682/2627
f 2745/2683/2628 2744/2682/2627 2730/2667/2612
f 2730/2667/2612 2731/2668/2613 2745/2683/2628
f 2746/2684/2629 2745/2683/2628 2731/2668/2613
f 2731/2668/2613 2732/2669/2614 2746/2684/2629
f 2747/2685/2630 2746/2684/2629 2732/2669/2614
f 2732/2669/2614 2733/2670/2615 2747/2685/2630
f 2748/2686/2631 2747/2685/2630 2733/2670/2615
f 2733/2670/2615 2734/2671/2616 2748/2686/2631
f 2749/2687/2632 2748/2686/2631 2734/2671/2616
f 2734/2671/2616 2735/2672/2617 2749/2687/2632
f 2750/2688/2633 2749/2687/2632 2735/2672/2617
f 2735/2672/2617 2736/2673/2618 2750/2688/2633
f 2751/2689/2634 2750/2688/2633 2736/2673/2618
f 2736/2673/2618 2737/2674/2619 2751/2689/2634
f 2752/2690/2635 2751/2689/2634 2737/2674/2619
f 2737/2674/2619 2738/2675/2620 2752/2690/2635
f 2753/2691/2636 2752/2690/2635 2738/2675/2620
f 2738/2675/2620 2739/2676/2621 2753/2691/2636
f 2754/2692/2637 2753/2691/2636 2739/2676/2621
f 2739/2676/2621 445/2551/2497 2754/2692/2637
f 446/2552/2498 2754/2692/2637 445/2551/2497
f 2755/2694/2639 466/2693/2638 465/2677/2622
f 465/2677/2622 2740/2678/2623 2755/2694/2639
f 2756/2695/2640 2755/2694/2639 2740/2678/2623
f 2740/2678/2623 2741/2679/2624 2756/2695/2640
f 2757/2696/2641 2756/2695/2640 2741/2679/2624
f 2741/2679/2624 2742/2680/2625 2757/2696/2641
f 2758/2697/2642 2757/2696/2641 2742/2680/2625
f 2742/2680/2625 2743/2681/2626 2758/2697/2642
f 2759/2698/2643 2758/2697/2642 2743/2681/2626
f 2743/2681/2626 2744/2682/2627 2759/2698/2643
f 2760/2699/2644 2759/2698/2643 2744/2682/2627
f 2744/2682/2627 2745/2683/2628 2760/2699/2644
f 2761/2700/2645 2760/2699/2644 2745/2683/2628
f 2745/2683/2628 2746/2684/2629 2761/2700/2645
f 2762/2701/2646 2761/2700/2645 2746/2684/2629
f 2746/2684/2629 2747/2685/2630 2762/2701/2646
f 2763/2702/2647 2762/2701/2646 2747/2685/2630
f 2747/2685/2630 2748/2686/2631 2763/2702/2647
f 2764/2703/2648 2763/2702/2647 2748/2686/2631
f 2748/2686/2631 2749/2687/2632 2764/2703/2648
f 2765/2704/2649 2764/2703/2648 2749/2687/2632
f 2749/2687/2632 2750/2688/2633 2765/2704/2649
f 2766/2705/2650 2765/2704/2649 2750/2688/2633
f 2750/2688/2633 2751/2689/2634 2766/2705/2650
f 2767/2706/2651 2766/2705/2650 2751/2689/2634
f 2751/2689/2634 2752/2690/2635 2767/2706/2651
f 2768/2707/2652 2767/2706/2651 2752/2690/2635
f 2752/2690/2635 2753/2691/2636 2768/2707/2652
f 2769/2708/2653 2768/2707/2652 2753/2691/2636
f 2753/2691/2636 2754/2692/2637 2769/2708/2653
f 2770/2709/2654 2769/2708/2653 2754/2692/2637
f 2754/2692/2637 446/2552/2498 2770/2709/2654
f 447/2553/2499 2770/2709/2654 446/2552/2498
f 2771/2711/2656 467/2710/2655 466/2693/2638
f 466/2693/2638 2755/2694/2639 2771/2711/2656
f 2772/2712/2657 2771/2711/2656 2755/2694/2639
f 2755/2694/2639 2756/2695/2640 2772/2712/2657
f 2773/2713/2658 2772/2712/2657 2756/2695/2640
f 2756/2695/2640 2757/2696/2641 2773/2713/2658
f 2774/2714/2659 2773/2713/2658 2757/2696/2641
f 2757/2696/2641 2758/2697/2642 2774/2714/2659
f 2775/2715/2660 2774/2714/2659 2758/2697/2642
f 2758/2697/2642 2759/2698/2643 2775/2715/2660
f 2776/2716/2661 2775/2715/2660 2759/2698/2643
f 2759/2698/2643 2760/2699/2644 2776/2716/2661
f 2777/2717/2662 2776/2716/2661 2760/2699/2644
f 2760/2699/2644 2761/2700/2645 2777/2717/2662
f 2778/2718/2663 2777/2717/2662 2761/2700/2645
f 2761/2700/2645 2762/2701/2646 2778/2718/2663
f 2779/2719/2664 2778/2718/2663 2762/2701/2646
f 2762/2701/2646 2763/2702/2647 2779/2719/2664
f 2780/2720/2665 2779/2719/2664 2763/2702/2647
f 2763/2702/2647 2764/2703/2648 2780/2720/2665
f 2781/2721/2666 2780/2720/2665 2764/2703/2648
f 2764/2703/2648 2765/2704/2649 2781/2721/2666
f 2782/2722/2667 2781/2721/2666 2765/2704/2649
f 2765/2704/2649 2766/2705/2650 2782/2722/2667
f 2783/2723/2668 2782/2722/2667 2766/2705/2650
f 2766/2705/2650 2767/2706/2651 2783/2723/2668
f 2784/2724/2669 2783/2723/2668 2767/2706/2651
f 2767/2706/2651 2768/2707/2652 2784/2724/2669
f 2785/2725/2670 2784/2724/2669 2768/2707/2652
f 2768/2707/2652 2769/2708/2653 2785/2725/2670
f 2786/2726/2671 2785/2725/2670 2769/2708/2653
f 2769/2708/2653 2770/2709/2654 2786/2726/2671
f 2787/2727/2672 2786/2726/2671 2770/2709/2654
f 2770/2709/2654 447/2553/2499 2787/2727/2672
f 448/2554/2500 2787/2727/2672 447/2553/2499
f 2788/2729/2674 468/2728/2673 467/2710/2655
f 467/2710/2655 2771/2711/2656 2788/2729/2674
f 2789/2730/2675 2788/2729/2674 2771/2711/2656
f 2771/2711/2656 2772/2712/2657 2789/2730/2675
f 2790/2731/2676 2789/2730/2675 2772/2712/2657
f 2772/2712/2657 2773/2713/2658 2790/2731/2676
f 2791/2732/2677 2790/2731/2676 2773/2713/2658
f 2773/2713/2658 2774/2714/2659 2791/2732/2677
f 2792/2733/2678 2791/2732/2677 2774/2714/2659
f 2774/2714/2659 2775/2715/2660 2792/2733/2678
f 2793/2734/2679 2792/2733/2678 2775/2715/2660
f 2775/2715/2660 2776/2716/2661 2793/2734/2679
f 2794/2735/2680 2793/2734/2679 2776/2716/2661
f 2776/2716/2661 2777/2717/2662 2794/2735/2680
f 2795/2736/2681 2794/2735/2680 2777/2717/2662
f 2777/2717/2662 2778/2718/2663 2795/2736/2681
f 2796/2737/2682 2795/2736/2681 2778/2718/2663
f 2778/2718/2663 2779/2719/2664 2796/2737/2682
f 2797/2738/2683 2796/2737/2682 2779/2719/2664
f 2779/2719/2664 2780/2720/2665 2797/2738/2683
f 2798/2739/2684 2797/2738/2683 2780/2720/2665
f 2780/2720/2665 2781/2721/2666 2798/2739/2684
f 2799/2740/2685 2798/2739/2684 2781/2721/2666
f 2781/2721/2666 2782/2722/2667 2799/2740/2685
f 2800/2741/2686 2799/2740/2685 2782/2722/2667
f 2782/2722/2667 2783/2723/2668 2800/2741/2686
f 2801/2742/2687 2800/2741/2686 2783/2723/2668
f 2783/2723/2668 2784/2724/2669 2801/2742/2687
f 2802/2743/2688 2801/2742/2687 2784/2724/2669
f 2784/2724/2669 2785/2725/2670 2802/2743/2688
f 2803/2744/2689 2802/2743/2688 2785/2725/2670
f 2785/2725/2670 2786/2726/2671 2803/2744/2689
f 2804/2745/2690 2803/2744/2689 2786/2726/2671
f 2786/2726/2671 2787/2727/2672 2804/2745/2690
f 2805/2746/2691 2804/2745/2690 2787/2727/2672
f 2787/2727/2672 448/2554/2500 2805/2746/2691
f 449/2555/2501 2805/2746/2691 448/2554/2500
f 298/1887/1852 11/1907/1872 468/2728/2673
f 468/2728/2673 2788/2729/2674 298/1887/1852
f 299/1868/1833 298/1887/1852 2788/2729/2674
f 2788/2729/2674 2789/2730/2675 299/1868/1833
f 300/1850/1815 299/1868/1833 2789/2730/2675
f 2789/2730/2675 2790/2731/2676 300/1850/1815
f 301/1833/1798 300/1850/1815 2790/2731/2676
f 2790/2731/2676 2791/2732/2677 301/1833/1798
f 302/1817/1782 301/1833/1798 2791/2732/2677
f 2791/2732/2677 2792/2733/2678 302/1817/1782
f 303/1802/1767 302/1817/1782 2792/2733/2678
f 2792/2733/2678 2793/2734/2679 303/1802/1767
f 304/1788/1753 303/1802/1767 2793/2734/2679
f 2793/2734/2679 2794/2735/2680 304/1788/1753
f 305/1775/1740 304/1788/1753 2794/2735/2680
f 2794/2735/2680 2795/2736/2681 305/1775/1740
f 306/1763/1728 305/1775/1740 2795/2736/2681
f 2795/2736/2681 2796/2737/2682 306/1763/1728
f 307/2747/1717 306/1763/1728 2796/2737/2682
f 2796/2737/2682 2797/2738/2683 307/2748/1717
f 308/2750/1707 307/2749/1717 2797/2738/2683
f 2797/2738/2683 2798/2739/2684 308/2750/1707
f 309/2751/1698 308/2750/1707 2798/2739/2684
f 2798/2739/2684 2799/2740/2685 309/2751/1698
f 310/2752/1690 309/2751/1698 2799/2740/2685
f 2799/2740/2685 2800/2741/2686 310/2752/1690
f 311/2753/1683 310/2752/1690 2800/2741/2686
f 2800/2741/2686 2801/2742/2687 311/2753/1683
f 312/2754/1677 311/2753/1683 2801/2742/2687
f 2801/2742/2687 2802/2743/2688 312/2754/1677
f 313/2755/1672 312/2754/1677 2802/2743/2688
f 2802/2743/2688 2803/2744/2689 313/2755/1672
f 314/2756/1668 313/2755/1672 2803/2744/2689
f 2803/2744/2689 2804/2745/2690 314/2756/1668
f 315/2757/1665 314/2756/1668 2804/2745/2690
f 2804/2745/2690 2805/2746/2691 315/2757/1665
f 316/2758/1663 315/2757/1665 2805/2746/2691
f 2805/2746/2691 449/2555/2501 316/2758/1663
f 12/2556/1662 316/2758/1663 449/2555/2501
f 450/2557/2502 469/2759/2692 6/2536/2482
f 2806/2761/2694 470/2760/2693 469/2759/2692
f 469/2759/2692 450/2557/2502 2806/2761/2694
f 451/2558/2503 2806/2761/2694 450/2557/2502
f 2807/2763/2696 471/2762/2695 470/2760/2693
f 470/2760/2693 2806/2761/2694 2807/2763/2696
f 2808/2764/2697 2807/2763/2696 2806/2761/2694
f 2806/2761/2694 451/2558/2503 2808/2764/2697
f 452/2560/2505 2808/2764/2697 451/2558/2503
f 2809/2766/2699 472/2765/2698 471/2762/2695
f 471/2762/2695 2807/2763/2696 2809/2766/2699
f 2810/2767/2700 2809/2766/2699 2807/2763/2696
f 2807/2763/2696 2808/2764/2697 2810/2767/2700
f 2811/2768/2701 2810/2767/2700 2808/2764/2697
f 2808/2764/2697 452/2560/2505 2811/2768/2701
f 453/2563/2508 2811/2768/2701 452/2560/2505
f 2812/2770/2703 473/2769/2702 472/2765/2698
f 472/2765/2698 2809/2766/2699 2812/2770/2703
f 2813/2771/2704 2812/2770/2703 2809/2766/2699
f 2809/2766/2699 2810/2767/2700 2813/2771/2704
f 2814/2772/2705 2813/2771/2704 2810/2767/2700
f 2810/2767/2700 2811/2768/2701 2814/2772/2705
f 2815/2773/2706 2814/2772/2705 2811/2768/2701
f 2811/2768/2701 453/2563/2508 2815/2773/2706
f 454/2567/2512 2815/2773/2706 453/2563/2508
f 2816/2775/2708 474/2774/2707 473/2769/2702
f 473/2769/2702 2812/2770/2703 2816/2775/2708
f 2817/2776/2709 2816/2775/2708 2812/2770/2703
f 2812/2770/2703 2813/2771/2704 2817/2776/2709
f 2818/2777/2710 2817/2776/2709 2813/2771/2704
f 2813/2771/2704 2814/2772/2705 2818/2777/2710
f 2819/2778/2711 2818/2777/2710 2814/2772/2705
f 2814/2772/2705 2815/2773/2706 2819/2778/2711
f 2820/2779/2712 2819/2778/2711 2815/2773/2706
f 2815/2773/2706 454/2567/2512 2820/2779/2712
f 455/2572/2517 2820/2779/2712 454/2567/2512
f 2821/2781/2714 475/2780/2713 474/2774/2707
f 474/2774/2707 2816/2775/2708 2821/2781/2714
f 2822/2782/2715 2821/2781/2714 2816/2775/2708
f 2816/2775/2708 2817/2776/2709 2822/2782/2715
f 2823/2783/2716 2822/2782/2715 2817/2776/2709
f 2817/2776/2709 2818/2777/2710 2823/2783/2716
f 2824/2784/2717 2823/2783/2716 2818/2777/2710
f 2818/2777/2710 2819/2778/2711 2824/2784/2717
f 2825/2785/2718 2824/2784/2717 2819/2778/2711
f 2819/2778/2711 2820/2779/2712 2825/2785/2718
f 2826/2786/2719 2825/2785/2718 2820/2779/2712
f 2820/2779/2712 455/2572/2517 2826/2786/2719
f 456/2578/2523 2826/2786/2719 455/2572/2517
f 2827/2788/2721 476/2787/2720 475/2780/2713
f 475/2780/2713 2821/2781/2714 2827/2788/2721
f 2828/2789/2722 2827/2788/2721 2821/2781/2714
f 2821/2781/2714 2822/2782/2715 2828/2789/2722
f 2829/2790/2723 2828/2789/2722 2822/2782/2715
f 2822/2782/2715 2823/2783/2716 2829/2790/2723
f 2830/2791/2724 2829/2790/2723 2823/2783/2716
f 2823/2783/2716 2824/2784/2717 2830/2791/2724
f 2831/2792/2725 2830/2791/2724 2824/2784/2717
f 2824/2784/2717 2825/2785/2718 2831/2792/2725
f 2832/2793/2726 2831/2792/2725 2825/2785/2718
f 2825/2785/2718 2826/2786/2719 2832/2793/2726
f 2833/2794/2727 2832/2793/2726 2826/2786/2719
f 2826/2786/2719 456/2578/2523 2833/2794/2727
f 457/2585/2530 2833/2794/2727 456/2578/2523
f 2834/2796/2729 477/2795/2728 476/2787/2720
f 476/2787/2720 2827/2788/2721 2834/2796/2729
f 2835/2797/2730 2834/2796/2729 2827/2788/2721
f 2827/2788/2721 2828/2789/2722 2835/2797/2730
f 2836/2798/2731 2835/2797/2730 2828/2789/2722
f 2828/2789/2722 2829/2790/2723 2836/2798/2731
f 2837/2799/2732 2836/2798/2731 2829/2790/2723
f 2829/2790/2723 2830/2791/2724 2837/2799/2732
f 2838/2800/2733 2837/2799/2732 2830/2791/2724
f 2830/2791/2724 2831/2792/2725 2838/2800/2733
f 2839/2801/2734 2838/2800/2733 2831/2792/2725
f 2831/2792/2725 2832/2793/2726 2839/2801/2734
f 2840/2802/2735 2839/2801/2734 2832/2793/2726
f 2832/2793/2726 2833/2794/2727 2840/2802/2735
f 2841/2803/2736 2840/2802/2735 2833/2794/2727
f 2833/2794/2727 457/2585/2530 2841/2803/2736
f 458/2593/2538 2841/2803/2736 457/2585/2530
f 2842/2805/2738 478/2804/2737 477/2795/2728
f 477/2795/2728 2834/2796/2729 2842/2805/2738
f 2843/2806/2739 2842/2805/2738 2834/2796/2729
f 2834/2796/2729 2835/2797/2730 2843/2806/2739
f 2844/2807/2740 2843/2806/2739 2835/2797/2730
f 2835/2797/2730 2836/2798/2731 2844/2807/2740
f 2845/2808/2741 2844/2807/2740 2836/2798/2731
f 2836/2798/2731 2837/2799/2732 2845/2808/2741
f 2846/2809/2742 2845/2808/2741 2837/2799/2732
f 2837/2799/2732 2838/2800/2733 2846/2809/2742
f 2847/2810/2743 2846/2809/2742 2838/2800/2733
f 2838/2800/2733 2839/2801/2734 2847/2810/2743
f 2848/2811/2744 2847/2810/2743 2839/2801/2734
f 2839/2801/2734 2840/2802/2735 2848/2811/2744
f 2849/2812/2745 2848/2811/2744 2840/2802/2735
f 2840/2802/2735 2841/2803/2736 2849/2812/2745
f 2850/2813/2746 2849/2812/2745 2841/2803/2736
f 2841/2803/2736 458/2593/2538 2850/2813/2746
f 459/2602/2547 2850/2813/2746 458/2593/2538
f 2851/2815/2748 479/2814/2747 478/2804/2737
f 478/2804/2737 2842/2805/2738 2851/2815/2748
f 2852/2816/2749 2851/2815/2748 2842/2805/2738
f 2842/2805/2738 2843/2806/2739 2852/2816/2749
f 2853/2817/2750 2852/2816/2749 2843/2806/2739
f 2843/2806/2739 2844/2807/2740 2853/2817/2750
f 2854/2818/2751 2853/2817/2750 2844/2807/2740
f 2844/2807/2740 2845/2808/2741 2854/2818/2751
f 2855/2819/2752 2854/2818/2751 2845/2808/2741
f 2845/2808/2741 2846/2809/2742 2855/2819/2752
f 2856/2820/2753 2855/2819/2752 2846/2809/2742
f 2846/2809/2742 2847/2810/2743 2856/2820/2753
f 2857/2821/2754 2856/2820/2753 2847/2810/2743
f 2847/2810/2743 2848/2811/2744 2857/2821/2754
f 2858/2822/2755 2857/2821/2754 2848/2811/2744
f 2848/2811/2744 2849/2812/2745 2858/2822/2755
f 2859/2823/2756 2858/2822/2755 2849/2812/2745
f 2849/2812/2745 2850/2813/2746 2859/2823/2756
f 2860/2824/2757 2859/2823/2756 2850/2813/2746
f 2850/2813/2746 459/2602/2547 2860/2824/2757
f 460/2612/2557 2860/2824/2757 459/2602/2547
f 2861/2826/2759 480/2825/2758 479/2814/2747
f 479/2814/2747 2851/2815/2748 2861/2826/2759
f 2862/2827/2760 2861/2826/2759 2851/2815/2748
f 2851/2815/2748 2852/2816/2749 2862/2827/2760
f 2863/2828/2761 2862/2827/2760 2852/2816/2749
f 2852/2816/2749 2853/2817/2750 2863/2828/2761
f 2864/2829/2762 2863/2828/2761 2853/2817/2750
f 2853/2817/2750 2854/2818/2751 2864/2829/2762
f 2865/2830/2763 2864/2829/2762 2854/2818/2751
f 2854/2818/2751 2855/2819/2752 2865/2830/2763
f 2866/2831/2764 2865/2830/2763 2855/2819/2752
f 2855/2819/2752 2856/2820/2753 2866/2831/2764
f 2867/2832/2765 2866/2831/2764 2856/2820/2753
f 2856/2820/2753 2857/2821/2754 2867/2832/2765
f 2868/2833/2766 2867/2832/2765 2857/2821/2754
f 2857/2821/2754 2858/2822/2755 2868/2833/2766
f 2869/2834/2767 2868/2833/2766 2858/2822/2755
f 2858/2822/2755 2859/2823/2756 2869/2834/2767
f 2870/2835/2768 2869/2834/2767 2859/2823/2756
f 2859/2823/2756 2860/2824/2757 2870/2835/2768
f 2871/2836/2769 2870/2835/2768 2860/2824/2757
f 2860/2824/2757 460/2612/2557 2871/2836/2769
f 461/2623/2568 2871/2836/2769 460/2612/2557
f 2872/2838/2771 481/2837/2770 480/2825/2758
f 480/2825/2758 2861/2826/2759 2872/2838/2771
f 2873/2839/2772 2872/2838/2771 2861/2826/2759
f 2861/2826/2759 2862/2827/2760 2873/2839/2772
f 2874/2840/2773 2873/2839/2772 2862/2827/2760
f 2862/2827/2760 2863/2828/2761 2874/2840/2773
f 2875/2841/2774 2874/2840/2773 2863/2828/2761
f 2863/2828/2761 2864/2829/2762 2875/2841/2774
f 2876/2842/2775 2875/2841/2774 2864/2829/2762
f 2864/2829/2762 2865/2830/2763 2876/2842/2775
f 2877/2843/2776 2876/2842/2775 2865/2830/2763
f 2865/2830/2763 2866/2831/2764 2877/2843/2776
f 2878/2844/2777 2877/2843/2776 2866/2831/2764
f 2866/2831/2764 2867/2832/2765 2878/2844/2777
f 2879/2845/2778 2878/2844/2777 2867/2832/2765
f 2867/2832/2765 2868/2833/2766 2879/2845/2778
f 2880/2846/2779 2879/2845/2778 2868/2833/2766
f 2868/2833/2766 2869/2834/2767 2880/2846/2779
f 2881/2847/2780 2880/2846/2779 2869/2834/2767
f 2869/2834/2767 2870/2835/2768 2881/2847/2780
f 2882/2848/2781 2881/2847/2780 2870/2835/2768
f 2870/2835/2768 2871/2836/2769 2882/2848/2781
f 2883/2849/2782 2882/2848/2781 2871/2836/2769
f 2871/2836/2769 461/2623/2568 2883/2849/2782
f 462/2635/2580 2883/2849/2782 461/2623/2568
f 2884/2851/2784 482/2850/2783 481/2837/2770
f 481/2837/2770 2872/2838/2771 2884/2851/2784
f 2885/2852/2785 2884/2851/2784 2872/2838/2771
f 2872/2838/2771 2873/2839/2772 2885/2852/2785
f 2886/2853/2786 2885/2852/2785 2873/2839/2772
f 2873/2839/2772 2874/2840/2773 2886/2853/2786
f 2887/2854/2787 2886/2853/2786 2874/2840/2773
f 2874/2840/2773 2875/2841/2774 2887/2854/2787
f 2888/2855/2788 2887/2854/2787 2875/2841/2774
f 2875/2841/2774 2876/2842/2775 2888/2855/2788
f 2889/2856/2789 2888/2855/2788 2876/2842/2775
f 2876/2842/2775 2877/2843/2776 2889/2856/2789
f 2890/2857/2790 2889/2856/2789 2877/2843/2776
f 2877/2843/2776 2878/2844/2777 2890/2857/2790
f 2891/2858/2791 2890/2857/2790 2878/2844/2777
f 2878/2844/2777 2879/2845/2778 2891/2858/2791
f 2892/2859/2792 2891/2858/2791 2879/2845/2778
f 2879/2845/2778 2880/2846/2779 2892/2859/2792
f 2893/2860/2793 2892/2859/2792 2880/2846/2779
f 2880/2846/2779 2881/2847/2780 2893/2860/2793
f 2894/2861/2794 2893/2860/2793 2881/2847/2780
f 2881/2847/2780 2882/2848/2781 2894/2861/2794
f 2895/2862/2795 2894/2861/2794 2882/2848/2781
f 2882/2848/2781 2883/2849/2782 2895/2862/2795
f 2896/2863/2796 2895/2862/2795 2883/2849/2782
f 2883/2849/2782 462/2635/2580 2896/2863/2796
f 463/2648/2593 2896/2863/2796 462/2635/2580
f 2897/2865/2798 483/2864/2797 482/2850/2783
f 482/2850/2783 2884/2851/2784 2897/2865/2798
f 2898/2866/2799 2897/2865/2798 2884/2851/2784
f 2884/2851/2784 2885/2852/2785 2898/2866/2799
f 2899/2867/2800 2898/2866/2799 2885/2852/2785
f 2885/2852/2785 2886/2853/2786 2899/2867/2800
f 2900/2868/2801 2899/2867/2800 2886/2853/2786
f 2886/2853/2786 2887/2854/2787 2900/2868/2801
f 2901/2869/2802 2900/2868/2801 2887/2854/2787
f 2887/2854/2787 2888/2855/2788 2901/2869/2802
f 2902/2870/2803 2901/2869/2802 2888/2855/2788
f 2888/2855/2788 2889/2856/2789 2902/2870/2803
f 2903/2871/2804 2902/2870/2803 2889/2856/2789
f 2889/2856/2789 2890/2857/2790 2903/2871/2804
f 2904/2872/2805 2903/2871/2804 2890/2857/2790
f 2890/2857/2790 2891/2858/2791 2904/2872/2805
f 2905/2873/2806 2904/2872/2805 2891/2858/2791
f 2891/2858/2791 2892/2859/2792 2905/2873/2806
f 2906/2874/2807 2905/2873/2806 2892/2859/2792
f 2892/2859/2792 2893/2860/2793 2906/2874/2807
f 2907/2875/2808 2906/2874/2807 2893/2860/2793
f 2893/2860/2793 2894/2861/2794 2907/2875/2808
f 2908/2876/2809 2907/2875/2808 2894/2861/2794
f 2894/2861/2794 2895/2862/2795 2908/2876/2809
f 2909/2877/2810 2908/2876/2809 2895/2862/2795
f 2895/2862/2795 2896/2863/2796 2909/2877/2810
f 2910/2878/2811 2909/2877/2810 2896/2863/2796
f 2896/2863/2796 463/2648/2593 2910/2878/2811
f 464/2662/2607 2910/2878/2811 463/2648/2593
f 2911/2880/2813 484/2879/2812 483/2864/2797
f 483/2864/2797 2897/2865/2798 2911/2880/2813
f 2912/2881/2814 2911/2880/2813 2897/2865/2798
f 2897/2865/2798 2898/2866/2799 2912/2881/2814
f 2913/2882/2815 2912/2881/2814 2898/2866/2799
f 2898/2866/2799 2899/2867/2800 2913/2882/2815
f 2914/2883/2816 2913/2882/2815 2899/2867/2800
f 2899/2867/2800 2900/2868/2801 2914/2883/2816
f 2915/2884/2817 2914/2883/2816 2900/2868/2801
f 2900/2868/2801 2901/2869/2802 2915/2884/2817
f 2916/2885/2818 2915/2884/2817 2901/2869/2802
f 2901/2869/2802 2902/2870/2803 2916/2885/2818
f 2917/2886/2819 2916/2885/2818 2902/2870/2803
f 2902/2870/2803 2903/2871/2804 2917/2886/2819
f 2918/2887/2820 2917/2886/2819 2903/2871/2804
f 2903/2871/2804 2904/2872/2805 2918/2887/2820
f 2919/2888/2821 2918/2887/2820 2904/2872/2805
f 2904/2872/2805 2905/2873/2806 2919/2888/2821
f 2920/2889/2822 2919/2888/2821 2905/2873/2806
f 2905/2873/2806 2906/2874/2807 2920/2889/2822
f 2921/2890/2823 2920/2889/2822 2906/2874/2807
f 2906/2874/2807 2907/2875/2808 2921/2890/2823
f 2922/2891/2824 2921/2890/2823 2907/2875/2808
f 2907/2875/2808 2908/2876/2809 2922/2891/2824
f 2923/2892/2825 2922/2891/2824 2908/2876/2809
f 2908/2876/2809 2909/2877/2810 2923/2892/2825
f 2924/2893/2826 2923/2892/2825 2909/2877/2810
f 2909/2877/2810 2910/2878/2811 2924/2893/2826
f 2925/2894/2827 2924/2893/2826 2910/2878/2811
f 2910/2878/2811 464/2662/2607 2925/2894/2827
f 465/2677/2622 2925/2894/2827 464/2662/2607
f 2926/2896/2829 485/2895/2828 484/2879/2812
f 484/2879/2812 2911/2880/2813 2926/2896/2829
f 2927/2897/2830 2926/2896/2829 2911/2880/2813
f 2911/2880/2813 2912/2881/2814 2927/2897/2830
f 2928/2898/2831 2927/2897/2830 2912/2881/2814
f 2912/2881/2814 2913/2882/2815 2928/2898/2831
f 2929/2899/2832 2928/2898/2831 2913/2882/2815
f 2913/2882/2815 2914/2883/2816 2929/2899/2832
f 2930/2900/2833 2929/2899/2832 2914/2883/2816
f 2914/2883/2816 2915/2884/2817 2930/2900/2833
f 2931/2901/2834 2930/2900/2833 2915/2884/2817
f 2915/2884/2817 2916/2885/2818 2931/2901/2834
f 2932/2902/2835 2931/2901/2834 2916/2885/2818
f 2916/2885/2818 2917/2886/2819 2932/2902/2835
f 2933/2903/2836 2932/2902/2835 2917/2886/2819
f 2917/2886/2819 2918/2887/2820 2933/2903/2836
f 2934/2904/2837 2933/2903/2836 2918/2887/2820
f 2918/2887/2820 2919/2888/2821 2934/2904/2837
f 2935/2905/2838 2934/2904/2837 2919/2888/2821
f 2919/2888/2821 2920/2889/2822 2935/2905/2838
f 2936/2906/2839 2935/2905/2838 2920/2889/2822
f 2920/2889/2822 2921/2890/2823 2936/2906/2839
f 2937/2907/2840 2936/2906/2839 2921/2890/2823
f 2921/2890/2823 2922/2891/2824 2937/2907/2840
f 2938/2908/2841 2937/2907/2840 2922/2891/2824
f 2922/2891/2824 2923/2892/2825 2938/2908/2841
f 2939/2909/2842 2938/2908/2841 2923/2892/2825
f 2923/2892/2825 2924/2893/2826 2939/2909/2842
f 2940/2910/2843 2939/2909/2842 2924/2893/2826
f 2924/2893/2826 2925/2894/2827 2940/2910/2843
f 2941/2911/2844 2940/2910/2843 2925/2894/2827
f 2925/2894/2827 465/2677/2622 2941/2911/2844
f 466/2693/2638 2941/2911/2844 465/2677/2622
f 2942/2913/2846 486/2912/2845 485/2895/2828
f 485/2895/2828 2926/2896/2829 2942/2913/2846
f 2943/2914/2847 2942/2913/2846 2926/2896/2829
f 2926/2896/2829 2927/2897/2830 2943/2914/2847
f 2944/2915/2848 2943/2914/2847 2927/2897/2830
f 2927/2897/2830 2928/2898/2831 2944/2915/2848
f 2945/2916/2849 2944/2915/2848 2928/2898/2831
f 2928/2898/2831 2929/2899/2832 2945/2916/2849
f 2946/2917/2850 2945/2916/2849 2929/2899/2832
f 2929/2899/2832 2930/2900/2833 2946/2917/2850
f 2947/2918/2851 2946/2917/2850 2930/2900/2833
f 2930/2900/2833 2931/2901/2834 2947/2918/2851
f 2948/2919/2852 2947/2918/2851 2931/2901/2834
f 2931/2901/2834 2932/2902/2835 2948/2919/2852
f 2949/2920/2853 2948/2919/2852 2932/2902/2835
f 2932/2902/2835 2933/2903/2836 2949/2920/2853
f 2950/2921/2854 2949/2920/2853 2933/2903/2836
f 2933/2903/2836 2934/2904/2837 2950/2921/2854
f 2951/2922/2855 2950/2921/2854 2934/2904/2837
f 2934/2904/2837 2935/2905/2838 2951/2922/2855
f 2952/2923/2856 2951/2922/2855 2935/2905/2838
f 2935/2905/2838 2936/2906/2839 2952/2923/2856
f 2953/2924/2857 2952/2923/2856 2936/2906/2839
f 2936/2906/2839 2937/2907/2840 2953/2924/2857
f 2954/2925/2858 2953/2924/2857 2937/2907/2840
f 2937/2907/2840 2938/2908/2841 2954/2925/2858
f 2955/2926/2859 2954/2925/2858 2938/2908/2841
f 2938/2908/2841 2939/2909/2842 2955/2926/2859
f 2956/2927/2860 2955/2926/2859 2939/2909/2842
f 2939/2909/2842 2940/2910/2843 2956/2927/2860
f 2957/2928/2861 2956/2927/2860 2940/2910/2843
f 2940/2910/2843 2941/2911/2844 2957/2928/2861
f 2958/2929/2862 2957/2928/2861 2941/2911/2844
f 2941/2911/2844 466/2693/2638 2958/2929/2862
f 467/2710/2655 2958/2929/2862 466/2693/2638
f 2959/2931/2864 487/2930/2863 486/2912/2845
f 486/2912/2845 2942/2913/2846 2959/2931/2864
f 2960/2932/2865 2959/2931/2864 2942/2913/2846
f 2942/2913/2846 2943/2914/2847 2960/2932/2865
f 2961/2933/2866 2960/2932/2865 2943/2914/2847
f 2943/2914/2847 2944/2915/2848 2961/2933/2866
f 2962/2934/2867 2961/2933/2866 2944/2915/2848
f 2944/2915/2848 2945/2916/2849 2962/2934/2867
f 2963/2935/2868 2962/2934/2867 2945/2916/2849
f 2945/2916/2849 2946/2917/2850 2963/2935/2868
f 2964/2936/2869 2963/2935/2868 2946/2917/2850
f 2946/2917/2850 2947/2918/2851 2964/2936/2869
f 2965/2937/2870 2964/2936/2869 2947/2918/2851
f 2947/2918/2851 2948/2919/2852 2965/2937/2870
f 2966/2938/2871 2965/2937/2870 2948/2919/2852
f 2948/2919/2852 2949/2920/2853 2966/2938/2871
f 2967/2939/2872 2966/2938/2871 2949/2920/2853
f 2949/2920/2853 2950/2921/2854 2967/2939/2872
f 2968/2940/2873 2967/2939/2872 2950/2921/2854
f 2950/2921/2854 2951/2922/2855 2968/2940/2873
f 2969/2941/2874 2968/2940/2873 2951/2922/2855
f 2951/2922/2855 2952/2923/2856 2969/2941/2874
f 2970/2942/2875 2969/2941/2874 2952/2923/2856
f 2952/2923/2856 2953/2924/2857 2970/2942/2875
f 2971/2943/2876 2970/2942/2875 2953/2924/2857
f 2953/2924/2857 2954/2925/2858 2971/2943/2876
f 2972/2944/2877 2971/2943/2876 2954/2925/2858
f 2954/2925/2858 2955/2926/2859 2972/2944/2877
f 2973/2945/2878 2972/2944/2877 2955/2926/2859
f 2955/2926/2859 2956/2927/2860 2973/2945/2878
f 2974/2946/2879 2973/2945/2878 2956/2927/2860
f 2956/2927/2860 2957/2928/2861 2974/2946/2879
f 2975/2947/2880 2974/2946/2879 2957/2928/2861
f 2957/2928/2861 2958/2929/2862 2975/2947/2880
f 2976/2948/2881 2975/2947/2880 2958/2929/2862
f 2958/2929/2862 467/2710/2655 2976/2948/2881
f 468/2728/2673 2976/2948/2881 467/2710/2655
f 488/2949/2882 7/1295/1261 487/2930/2863
f 487/2930/2863 2959/2931/2864 488/2949/2882
f 489/2950/2883 488/2949/2882 2959/2931/2864
f 2959/2931/2864 2960/2932/2865 489/2950/2883
f 490/2951/2884 489/2950/2883 2960/2932/2865
f 2960/2932/2865 2961/2933/2866 490/2951/2884
f 491/2952/2885 490/2951/2884 2961/2933/2866
f 2961/2933/2866 2962/2934/2867 491/2952/2885
f 492/2953/2886 491/2952/2885 2962/2934/2867
f 2962/2934/2867 2963/2935/2868 492/2953/2886
f 493/2954/2887 492/2953/2886 2963/2935/2868
f 2963/2935/2868 2964/2936/2869 493/2954/2887
f 494/2955/2888 493/2954/2887 2964/2936/2869
f 2964/2936/2869 2965/2937/2870 494/2955/2888
f 495/2956/2889 494/2955/2888 2965/2937/2870
f 2965/2937/2870 2966/2938/2871 495/2956/2889
f 496/2957/2890 495/2956/2889 2966/2938/2871
f 2966/2938/2871 2967/2939/2872 496/2957/2890
f 497/2958/2891 496/2957/2890 2967/2939/2872
f 2967/2939/2872 2968/2940/2873 497/2958/2891
f 498/2959/2892 497/2958/2891 2968/2940/2873
f 2968/2940/2873 2969/2941/2874 498/2959/2892
f 499/2960/2893 498/2959/2892 2969/2941/2874
f 2969/2941/2874 2970/2942/2875 499/2960/2893
f 500/2961/2894 499/2960/2893 2970/2942/2875
f 2970/2942/2875 2971/2943/2876 500/2961/2894
f 501/2962/2895 500/2961/2894 2971/2943/2876
f 2971/2943/2876 2972/2944/2877 501/2962/2895
f 502/2963/2896 501/2962/2895 2972/2944/2877
f 2972/2944/2877 2973/2945/2878 502/2963/2896
f 503/2964/2897 502/2963/2896 2973/2945/2878
f 2973/2945/2878 2974/2946/2879 503/2964/2897
f 504/2965/2898 503/2964/2897 2974/2946/2879
f 2974/2946/2879 2975/2947/2880 504/2965/2898
f 505/2966/2899 504/2965/2898 2975/2947/2880
f 2975/2947/2880 2976/2948/2881 505/2966/2899
f 506/2967/2900 505/2966/2899 2976/2948/2881
f 2976/2948/2881 468/2728/2673 506/2967/2900
f 11/1907/1872 506/2967/2900 468/2728/2673
f 488/2949/2882 260/1296/1262 7/1295/1261
f 2977/2968/2901 261/1298/1264 260/1296/1262
f 260/1296/1262 488/2949/2882 2977/2968/2901
f 489/2950/2883 2977/2968/2901 488/2949/2882
f 2978/2969/2902 262/1301/1267 261/1298/1264
f 261/1298/1264 2977/2968/2901 2978/2969/2902
f 2979/2970/2903 2978/2969/2902 2977/2968/2901
f 2977/2968/2901 489/2950/2883 2979/2970/2903
f 490/2951/2884 2979/2970/2903 489/2950/2883
f 2980/2971/2904 263/1305/1271 262/1301/1267
f 262/1301/1267 2978/2969/2902 2980/2971/2904
f 2981/2972/2905 2980/2971/2904 2978/2969/2902
f 2978/2969/2902 2979/2970/2903 2981/2972/2905
f 2982/2973/2906 2981/2972/2905 2979/2970/2903
f 2979/2970/2903 490/2951/2884 2982/2973/2906
f 491/2952/2885 2982/2973/2906 490/2951/2884
f 2983/2974/2907 264/1310/1276 263/1305/1271
f 263/1305/1271 2980/2971/2904 2983/2974/2907
f 2984/2975/2908 2983/2974/2907 2980/2971/2904
f 2980/2971/2904 2981/2972/2905 2984/2975/2908
f 2985/2976/2909 2984/2975/2908 2981/2972/2905
f 2981/2972/2905 2982/2973/2906 2985/2976/2909
f 2986/2977/2910 2985/2976/2909 2982/2973/2906
f 2982/2973/2906 491/2952/2885 2986/2977/2910
f 492/2953/2886 2986/2977/2910 491/2952/2885
f 2987/2978/2911 265/1316/1282 264/1310/1276
f 264/1310/1276 2983/2974/2907 2987/2978/2911
f 2988/2979/2912 2987/2978/2911 2983/2974/2907
f 2983/2974/2907 2984/2975/2908 2988/2979/2912
f 2989/2980/2913 2988/2979/2912 2984/2975/2908
f 2984/2975/2908 2985/2976/2909 2989/2980/2913
f 2990/2981/2914 2989/2980/2913 2985/2976/2909
f 2985/2976/2909 2986/2977/2910 2990/2981/2914
f 2991/2982/2915 2990/2981/2914 2986/2977/2910
f 2986/2977/2910 492/2953/2886 2991/2982/2915
f 493/2954/2887 2991/2982/2915 492/2953/2886
f 2992/2983/2916 266/1323/1289 265/1316/1282
f 265/1316/1282 2987/2978/2911 2992/2983/2916
f 2993/2984/2917 2992/2983/2916 2987/2978/2911
f 2987/2978/2911 2988/2979/2912 2993/2984/2917
f 2994/2985/2918 2993/2984/2917 2988/2979/2912
f 2988/2979/2912 2989/2980/2913 2994/2985/2918
f 2995/2986/2919 2994/2985/2918 2989/2980/2913
f 2989/2980/2913 2990/2981/2914 2995/2986/2919
f 2996/2987/2920 2995/2986/2919 2990/2981/2914
f 2990/2981/2914 2991/2982/2915 2996/2987/2920
f 2997/2988/2921 2996/2987/2920 2991/2982/2915
f 2991/2982/2915 493/2954/2887 2997/2988/2921
f 494/2955/2888 2997/2988/2921 493/2954/2887
f 2998/2989/2922 267/1331/1297 266/1323/1289
f 266/1323/1289 2992/2983/2916 2998/2989/2922
f 2999/2990/2923 2998/2989/2922 2992/2983/2916
f 2992/2983/2916 2993/2984/2917 2999/2990/2923
f 3000/2991/2924 2999/2990/2923 2993/2984/2917
f 2993/2984/2917 2994/2985/2918 3000/2991/2924
f 3001/2992/2925 3000/2991/2924 2994/2985/2918
f 2994/2985/2918 2995/2986/2919 3001/2992/2925
f 3002/2993/2926 3001/2992/2925 2995/2986/2919
f 2995/2986/2919 2996/2987/2920 3002/2993/2926
f 3003/2994/2927 3002/2993/2926 2996/2987/2920
f 2996/2987/2920 2997/2988/2921 3003/2994/2927
f 3004/2995/2928 3003/2994/2927 2997/2988/2921
f 2997/2988/2921 494/2955/2888 3004/2995/2928
f 495/2956/2889 3004/2995/2928 494/2955/2888
f 3005/2996/2929 268/1340/1306 267/1331/1297
f 267/1331/1297 2998/2989/2922 3005/2996/2929
f 3006/2997/2930 3005/2996/2929 2998/2989/2922
f 2998/2989/2922 2999/2990/2923 3006/2997/2930
f 3007/2998/2931 3006/2997/2930 2999/2990/2923
f 2999/2990/2923 3000/2991/2924 3007/2998/2931
f 3008/2999/2932 3007/2998/2931 3000/2991/2924
f 3000/2991/2924 3001/2992/2925 3008/2999/2932
f 3009/3000/2933 3008/2999/2932 3001/2992/2925
f 3001/2992/2925 3002/2993/2926 3009/3000/2933
f 3010/3001/2934 3009/3000/2933 3002/2993/2926
f 3002/2993/2926 3003/2994/2927 3010/3001/2934
f 3011/3002/2935 3010/3001/2934 3003/2994/2927
f 3003/2994/2927 3004/2995/2928 3011/3002/2935
f 3012/3003/2936 3011/3002/2935 3004/2995/2928
f 3004/2995/2928 495/2956/2889 3012/3003/2936
f 496/2957/2890 3012/3003/2936 495/2956/2889
f 3013/3004/2937 269/1350/1316 268/1340/1306
f 268/1340/1306 3005/2996/2929 3013/3004/2937
f 3014/3005/2938 3013/3004/2937 3005/2996/2929
f 3005/2996/2929 3006/2997/2930 3014/3005/2938
f 3015/3006/2939 3014/3005/2938 3006/2997/2930
f 3006/2997/2930 3007/2998/2931 3015/3006/2939
f 3016/3007/2940 3015/3006/2939 3007/2998/2931
f 3007/2998/2931 3008/2999/2932 3016/3007/2940
f 3017/3008/2941 3016/3007/2940 3008/2999/2932
f 3008/2999/2932 3009/3000/2933 3017/3008/2941
f 3018/3009/2942 3017/3008/2941 3009/3000/2933
f 3009/3000/2933 3010/3001/2934 3018/3009/2942
f 3019/3010/2943 3018/3009/2942 3010/3001/2934
f 3010/3001/2934 3011/3002/2935 3019/3010/2943
f 3020/3011/2944 3019/3010/2943 3011/3002/2935
f 3011/3002/2935 3012/3003/2936 3020/3011/2944
f 3021/3012/2945 3020/3011/2944 3012/3003/2936
f 3012/3003/2936 496/2957/2890 3021/3012/2945
f 497/2958/2891 3021/3012/2945 496/2957/2890
f 3022/3013/2946 270/1361/1327 269/1350/1316
f 269/1350/1316 3013/3004/2937 3022/3013/2946
f 3023/3014/2947 3022/3013/2946 3013/3004/2937
f 3013/3004/2937 3014/3005/2938 3023/3014/2947
f 3024/3015/2948 3023/3014/2947 3014/3005/2938
f 3014/3005/2938 3015/3006/2939 3024/3015/2948
f 3025/3016/2949 3024/3015/2948 3015/3006/2939
f 3015/3006/2939 3016/3007/2940 3025/3016/2949
f 3026/3017/2950 3025/3016/2949 3016/3007/2940
f 3016/3007/2940 3017/3008/2941 3026/3017/2950
f 3027/3018/2951 3026/3017/2950 3017/3008/2941
f 3017/3008/2941 3018/3009/2942 3027/3018/2951
f 3028/3019/2952 3027/3018/2951 3018/3009/2942
f 3018/3009/2942 3019/3010/2943 3028/3019/2952
f 3029/3020/2953 3028/3019/2952 3019/3010/2943
f 3019/3010/2943 3020/3011/2944 3029/3020/2953
f 3030/3021/2954 3029/3020/2953 3020/3011/2944
f 3020/3011/2944 3021/3012/2945 3030/3021/2954
f 3031/3022/2955 3030/3021/2954 3021/3012/2945
f 3021/3012/2945 497/2958/2891 3031/3022/2955
f 498/2959/2892 3031/3022/2955 497/2958/2891
f 3032/3023/2956 271/1373/1339 270/1361/1327
f 270/1361/1327 3022/3013/2946 3032/3023/2956
f 3033/3024/2957 3032/3023/2956 3022/3013/2946
f 3022/3013/2946 3023/3014/2947 3033/3024/2957
f 3034/3025/2958 3033/3024/2957 3023/3014/2947
f 3023/3014/2947 3024/3015/2948 3034/3025/2958
f 3035/3026/2959 3034/3025/2958 3024/3015/2948
f 3024/3015/2948 3025/3016/2949 3035/3026/2959
f 3036/3027/2960 3035/3026/2959 3025/3016/2949
f 3025/3016/2949 3026/3017/2950 3036/3027/2960
f 3037/3028/2961 3036/3027/2960 3026/3017/2950
f 3026/3017/2950 3027/3018/2951 3037/3028/2961
f 3038/3029/2962 3037/3028/2961 3027/3018/2951
f 3027/3018/2951 3028/3019/2952 3038/3029/2962
f 3039/3030/2963 3038/3029/2962 3028/3019/2952
f 3028/3019/2952 3029/3020/2953 3039/3030/2963
f 3040/3031/2964 3039/3030/2963 3029/3020/2953
f 3029/3020/2953 3030/3021/2954 3040/3031/2964
f 3041/3032/2965 3040/3031/2964 3030/3021/2954
f 3030/3021/2954 3031/3022/2955 3041/3032/2965
f 3042/3033/2966 3041/3032/2965 3031/3022/2955
f 3031/3022/2955 498/2959/2892 3042/3033/2966
f 499/2960/2893 3042/3033/2966 498/2959/2892
f 3043/3034/2967 272/1386/1352 271/1373/1339
f 271/1373/1339 3032/3023/2956 3043/3034/2967
f 3044/3035/2968 3043/3034/2967 3032/3023/2956
f 3032/3023/2956 3033/3024/2957 3044/3035/2968
f 3045/3036/2969 3044/3035/2968 3033/3024/2957
f 3033/3024/2957 3034/3025/2958 3045/3036/2969
f 3046/3037/2970 3045/3036/2969 3034/3025/2958
f 3034/3025/2958 3035/3026/2959 3046/3037/2970
f 3047/3038/2971 3046/3037/2970 3035/3026/2959
f 3035/3026/2959 3036/3027/2960 3047/3038/2971
f 3048/3039/2972 3047/3038/2971 3036/3027/2960
f 3036/3027/2960 3037/3028/2961 3048/3039/2972
f 3049/3040/2973 3048/3039/2972 3037/3028/2961
f 3037/3028/2961 3038/3029/2962 3049/3040/2973
f 3050/3041/2974 3049/3040/2973 3038/3029/2962
f 3038/3029/2962 3039/3030/2963 3050/3041/2974
f 3051/3042/2975 3050/3041/2974 3039/3030/2963
f 3039/3030/2963 3040/3031/2964 3051/3042/2975
f 3052/3043/2976 3051/3042/2975 3040/3031/2964
f 3040/3031/2964 3041/3032/2965 3052/3043/2976
f 3053/3044/2977 3052/3043/2976 3041/3032/2965
f 3041/3032/2965 3042/3033/2966 3053/3044/2977
f 3054/3045/2978 3053/3044/2977 3042/3033/2966
f 3042/3033/2966 499/2960/2893 3054/3045/2978
f 500/2961/2894 3054/3045/2978 499/2960/2893
f 3055/3046/2979 273/1400/1366 272/1386/1352
f 272/1386/1352 3043/3034/2967 3055/3046/2979
f 3056/3047/2980 3055/3046/2979 3043/3034/2967
f 3043/3034/2967 3044/3035/2968 3056/3047/2980
f 3057/3048/2981 3056/3047/2980 3044/3035/2968
f 3044/3035/2968 3045/3036/2969 3057/3048/2981
f 3058/3049/2982 3057/3048/2981 3045/3036/2969
f 3045/3036/2969 3046/3037/2970 3058/3049/2982
f 3059/3050/2983 3058/3049/2982 3046/3037/2970
f 3046/3037/2970 3047/3038/2971 3059/3050/2983
f 3060/3051/2984 3059/3050/2983 3047/3038/2971
f 3047/3038/2971 3048/3039/2972 3060/3051/2984
f 3061/3052/2985 3060/3051/2984 3048/3039/2972
f 3048/3039/2972 3049/3040/2973 3061/3052/2985
f 3062/3053/2986 3061/3052/2985 3049/3040/2973
f 3049/3040/2973 3050/3041/2974 3062/3053/2986
f 3063/3054/2987 3062/3053/2986 3050/3041/2974
f 3050/3041/2974 3051/3042/2975 3063/3054/2987
f 3064/3055/2988 3063/3054/2987 3051/3042/2975
f 3051/3042/2975 3052/3043/2976 3064/3055/2988
f 3065/3056/2989 3064/3055/2988 3052/3043/2976
f 3052/3043/2976 3053/3044/2977 3065/3056/2989
f 3066/3057/2990 3065/3056/2989 3053/3044/2977
f 3053/3044/2977 3054/3045/2978 3066/3057/2990
f 3067/3058/2991 3066/3057/2990 3054/3045/2978
f 3054/3045/2978 500/2961/2894 3067/3058/2991
f 501/2962/2895 3067/3058/2991 500/2961/2894
f 3068/3059/2992 274/1415/1381 273/1400/1366
f 273/1400/1366 3055/3046/2979 3068/3059/2992
f 3069/3060/2993 3068/3059/2992 3055/3046/2979
f 3055/3046/2979 3056/3047/2980 3069/3060/2993
f 3070/3061/2994 3069/3060/2993 3056/3047/2980
f 3056/3047/2980 3057/3048/2981 3070/3061/2994
f 3071/3062/2995 3070/3061/2994 3057/3048/2981
f 3057/3048/2981 3058/3049/2982 3071/3062/2995
f 3072/3063/2996 3071/3062/2995 3058/3049/2982
f 3058/3049/2982 3059/3050/2983 3072/3063/2996
f 3073/3064/2997 3072/3063/2996 3059/3050/2983
f 3059/3050/2983 3060/3051/2984 3073/3064/2997
f 3074/3065/2998 3073/3064/2997 3060/3051/2984
f 3060/3051/2984 3061/3052/2985 3074/3065/2998
f 3075/3066/2999 3074/3065/2998 3061/3052/2985
f 3061/3052/2985 3062/3053/2986 3075/3066/2999
f 3076/3067/3000 3075/3066/2999 3062/3053/2986
f 3062/3053/2986 3063/3054/2987 3076/3067/3000
f 3077/3068/3001 3076/3067/3000 3063/3054/2987
f 3063/3054/2987 3064/3055/2988 3077/3068/3001
f 3078/3069/3002 3077/3068/3001 3064/3055/2988
f 3064/3055/2988 3065/3056/2989 3078/3069/3002
f 3079/3070/3003 3078/3069/3002 3065/3056/2989
f 3065/3056/2989 3066/3057/2990 3079/3070/3003
f 3080/3071/3004 3079/3070/3003 3066/3057/2990
f 3066/3057/2990 3067/3058/2991 3080/3071/3004
f 3081/3072/3005 3080/3071/3004 3067/3058/2991
f 3067/3058/2991 501/2962/2895 3081/3072/3005
f 502/2963/2896 3081/3072/3005 501/2962/2895
f 3082/3073/3006 275/1431/1397 274/1415/1381
f 274/1415/1381 3068/3059/2992 3082/3073/3006
f 3083/3074/3007 3082/3073/3006 3068/3059/2992
f 3068/3059/2992 3069/3060/2993 3083/3074/3007
f 3084/3075/3008 3083/3074/3007 3069/3060/2993
f 3069/3060/2993 3070/3061/2994 3084/3075/3008
f 3085/3076/3009 3084/3075/3008 3070/3061/2994
f 3070/3061/2994 3071/3062/2995 3085/3076/3009
f 3086/3077/3010 3085/3076/3009 3071/3062/2995
f 3071/3062/2995 3072/3063/2996 3086/3077/3010
f 3087/3078/3011 3086/3077/3010 3072/3063/2996
f 3072/3063/2996 3073/3064/2997 3087/3078/3011
f 3088/3079/3012 3087/3078/3011 3073/3064/2997
f 3073/3064/2997 3074/3065/2998 3088/3079/3012
f 3089/3080/3013 3088/3079/3012 3074/3065/2998
f 3074/3065/2998 3075/3066/2999 3089/3080/3013
f 3090/3081/3014 3089/3080/3013 3075/3066/2999
f 3075/3066/2999 3076/3067/3000 3090/3081/3014
f 3091/3082/3015 3090/3081/3014 3076/3067/3000
f 3076/3067/3000 3077/3068/3001 3091/3082/3015
f 3092/3083/3016 3091/3082/3015 3077/3068/3001
f 3077/3068/3001 3078/3069/3002 3092/3083/3016
f 3093/3084/3017 3092/3083/3016 3078/3069/3002
f 3078/3069/3002 3079/3070/3003 3093/3084/3017
f 3094/3085/3018 3093/3084/3017 3079/3070/3003
f 3079/3070/3003 3080/3071/3004 3094/3085/3018
f 3095/3086/3019 3094/3085/3018 3080/3071/3004
f 3080/3071/3004 3081/3072/3005 3095/3086/3019
f 3096/3087/3020 3095/3086/3019 3081/3072/3005
f 3081/3072/3005 502/2963/2896 3096/3087/3020
f 503/2964/2897 3096/3087/3020 502/2963/2896
f 3097/3088/3021 276/1448/1414 275/1431/1397
f 275/1431/1397 3082/3073/3006 3097/3088/3021
f 3098/3089/3022 3097/3088/3021 3082/3073/3006
f 3082/3073/3006 3083/3074/3007 3098/3089/3022
f 3099/3090/3023 3098/3089/3022 3083/3074/3007
f 3083/3074/3007 3084/3075/3008 3099/3090/3023
f 3100/3091/3024 3099/3090/3023 3084/3075/3008
f 3084/3075/3008 3085/3076/3009 3100/3091/3024
f 3101/3092/3025 3100/3091/3024 3085/3076/3009
f 3085/3076/3009 3086/3077/3010 3101/3092/3025
f 3102/3093/3026 3101/3092/3025 3086/3077/3010
f 3086/3077/3010 3087/3078/3011 3102/3093/3026
f 3103/3094/3027 3102/3093/3026 3087/3078/3011
f 3087/3078/3011 3088/3079/3012 3103/3094/3027
f 3104/3095/3028 3103/3094/3027 3088/3079/3012
f 3088/3079/3012 3089/3080/3013 3104/3095/3028
f 3105/3096/3029 3104/3095/3028 3089/3080/3013
f 3089/3080/3013 3090/3081/3014 3105/3096/3029
f 3106/3097/3030 3105/3096/3029 3090/3081/3014
f 3090/3081/3014 3091/3082/3015 3106/3097/3030
f 3107/3098/3031 3106/3097/3030 3091/3082/3015
f 3091/3082/3015 3092/3083/3016 3107/3098/3031
f 3108/3099/3032 3107/3098/3031 3092/3083/3016
f 3092/3083/3016 3093/3084/3017 3108/3099/3032
f 3109/3100/3033 3108/3099/3032 3093/3084/3017
f 3093/3084/3017 3094/3085/3018 3109/3100/3033
f 3110/3101/3034 3109/3100/3033 3094/3085/3018
f 3094/3085/3018 3095/3086/3019 3110/3101/3034
f 3111/3102/3035 3110/3101/3034 3095/3086/3019
f 3095/3086/3019 3096/3087/3020 3111/3102/3035
f 3112/3103/3036 3111/3102/3035 3096/3087/3020
f 3096/3087/3020 503/2964/2897 3112/3103/3036
f 504/2965/2898 3112/3103/3036 503/2964/2897
f 3113/3104/3037 277/1466/1432 276/1448/1414
f 276/1448/1414 3097/3088/3021 3113/3104/3037
f 3114/3105/3038 3113/3104/3037 3097/3088/3021
f 3097/3088/3021 3098/3089/3022 3114/3105/3038
f 3115/3106/3039 3114/3105/3038 3098/3089/3022
f 3098/3089/3022 3099/3090/3023 3115/3106/3039
f 3116/3107/3040 3115/3106/3039 3099/3090/3023
f 3099/3090/3023 3100/3091/3024 3116/3107/3040
f 3117/3108/3041 3116/3107/3040 3100/3091/3024
f 3100/3091/3024 3101/3092/3025 3117/3108/3041
f 3118/3109/3042 3117/3108/3041 3101/3092/3025
f 3101/3092/3025 3102/3093/3026 3118/3109/3042
f 3119/3110/3043 3118/3109/3042 3102/3093/3026
f 3102/3093/3026 3103/3094/3027 3119/3110/3043
f 3120/3111/3044 3119/3110/3043 3103/3094/3027
f 3103/3094/3027 3104/3095/3028 3120/3111/3044
f 3121/3112/3045 3120/3111/3044 3104/3095/3028
f 3104/3095/3028 3105/3096/3029 3121/3112/3045
f 3122/3113/3046 3121/3112/3045 3105/3096/3029
f 3105/3096/3029 3106/3097/3030 3122/3113/3046
f 3123/3114/3047 3122/3113/3046 3106/3097/3030
f 3106/3097/3030 3107/3098/3031 3123/3114/3047
f 3124/3115/3048 3123/3114/3047 3107/3098/3031
f 3107/3098/3031 3108/3099/3032 3124/3115/3048
f 3125/3116/3049 3124/3115/3048 3108/3099/3032
f 3108/3099/3032 3109/3100/3033 3125/3116/3049
f 3126/3117/3050 3125/3116/3049 3109/3100/3033
f 3109/3100/3033 3110/3101/3034 3126/3117/3050
f 3127/3118/3051 3126/3117/3050 3110/3101/3034
f 3110/3101/3034 3111/3102/3035 3127/3118/3051
f 3128/3119/3052 3127/3118/3051 3111/3102/3035
f 3111/3102/3035 3112/3103/3036 3128/3119/3052
f 3129/3120/3053 3128/3119/3052 3112/3103/3036
f 3112/3103/3036 504/2965/2898 3129/3120/3053
f 505/2966/2899 3129/3120/3053 504/2965/2898
f 3130/3121/3054 278/1485/1451 277/1466/1432
f 277/1466/1432 3113/3104/3037 3130/3121/3054
f 3131/3122/3055 3130/3121/3054 3113/3104/3037
f 3113/3104/3037 3114/3105/3038 3131/3122/3055
f 3132/3123/3056 3131/3122/3055 3114/3105/3038
f 3114/3105/3038 3115/3106/3039 3132/3123/3056
f 3133/3124/3057 3132/3123/3056 3115/3106/3039
f 3115/3106/3039 3116/3107/3040 3133/3124/3057
f 3134/3125/3058 3133/3124/3057 3116/3107/3040
f 3116/3107/3040 3117/3108/3041 3134/3125/3058
f 3135/3126/3059 3134/3125/3058 3117/3108/3041
f 3117/3108/3041 3118/3109/3042 3135/3126/3059
f 3136/3127/3060 3135/3126/3059 3118/3109/3042
f 3118/3109/3042 3119/3110/3043 3136/3127/3060
f 3137/3128/3061 3136/3127/3060 3119/3110/3043
f 3119/3110/3043 3120/3111/3044 3137/3128/3061
f 3138/3129/3062 3137/3128/3061 3120/3111/3044
f 3120/3111/3044 3121/3112/3045 3138/3129/3062
f 3139/3130/3063 3138/3129/3062 3121/3112/3045
f 3121/3112/3045 3122/3113/3046 3139/3130/3063
f 3140/3131/3064 3139/3130/3063 3122/3113/3046
f 3122/3113/3046 3123/3114/3047 3140/3131/3064
f 3141/3132/3065 3140/3131/3064 3123/3114/3047
f 3123/3114/3047 3124/3115/3048 3141/3132/3065
f 3142/3133/3066 3141/3132/3065 3124/3115/3048
f 3124/3115/3048 3125/3116/3049 3142/3133/3066
f 3143/3134/3067 3142/3133/3066 3125/3116/3049
f 3125/3116/3049 3126/3117/3050 3143/3134/3067
f 3144/3135/3068 3143/3134/3067 3126/3117/3050
f 3126/3117/3050 3127/3118/3051 3144/3135/3068
f 3145/3136/3069 3144/3135/3068 3127/3118/3051
f 3127/3118/3051 3128/3119/3052 3145/3136/3069
f 3146/3137/3070 3145/3136/3069 3128/3119/3052
f 3128/3119/3052 3129/3120/3053 3146/3137/3070
f 3147/3138/3071 3146/3137/3070 3129/3120/3053
f 3129/3120/3053 505/2966/2899 3147/3138/3071
f 506/2967/2900 3147/3138/3071 505/2966/2899
f 507/3139/3072 8/1505/1471 278/1485/1451
f 278/1485/1451 3130/3121/3054 507/3139/3072
f 508/3140/3073 507/3139/3072 3130/3121/3054
f 3130/3121/3054 3131/3122/3055 508/3140/3073
f 509/3141/3074 508/3140/3073 3131/3122/3055
f 3131/3122/3055 3132/3123/3056 509/3141/3074
f 510/3142/3075 509/3141/3074 3132/3123/3056
f 3132/3123/3056 3133/3124/3057 510/3142/3075
f 511/3143/3076 510/3142/3075 3133/3124/3057
f 3133/3124/3057 3134/3125/3058 511/3143/3076
f 512/3144/3077 511/3143/3076 3134/3125/3058
f 3134/3125/3058 3135/3126/3059 512/3144/3077
f 513/3145/3078 512/3144/3077 3135/3126/3059
f 3135/3126/3059 3136/3127/3060 513/3145/3078
f 514/3146/3079 513/3145/3078 3136/3127/3060
f 3136/3127/3060 3137/3128/3061 514/3146/3079
f 515/3147/3080 514/3146/3079 3137/3128/3061
f 3137/3128/3061 3138/3129/3062 515/3147/3080
f 516/3148/3081 515/3147/3080 3138/3129/3062
f 3138/3129/3062 3139/3130/3063 516/3148/3081
f 517/3149/3082 516/3148/3081 3139/3130/3063
f 3139/3130/3063 3140/3131/3064 517/3149/3082
f 518/3150/3083 517/3149/3082 3140/3131/3064
f 3140/3131/3064 3141/3132/3065 518/3150/3083
f 519/3151/3084 518/3150/3083 3141/3132/3065
f 3141/3132/3065 3142/3133/3066 519/3151/3084
f 520/3152/3085 519/3151/3084 3142/3133/3066
f 3142/3133/3066 3143/3134/3067 520/3152/3085
f 521/3153/3086 520/3152/3085 3143/3134/3067
f 3143/3134/3067 3144/3135/3068 521/3153/3086
f 522/3154/3087 521/3153/3086 3144/3135/3068
f 3144/3135/3068 3145/3136/3069 522/3154/3087
f 523/3155/3088 522/3154/3087 3145/3136/3069
f 3145/3136/3069 3146/3137/3070 523/3155/3088
f 524/3156/3089 523/3155/3088 3146/3137/3070
f 3146/3137/3070 3147/3138/3071 524/3156/3089
f 525/3157/3090 524/3156/3089 3147/3138/3071
f 3147/3138/3071 506/2967/2900 525/3157/3090
f 11/1907/1872 525/3157/3090 506/2967/2900
f 507/3139/3072 544/3158/3091 8/1505/1471
f 3148/3160/3093 543/3159/3092 544/3158/3091
f 544/3158/3091 507/3139/3072 3148/3160/3093
f 508/3140/3073 3148/3160/3093 507/3139/3072
f 3149/3162/3095 542/3161/3094 543/3159/3092
f 543/3159/3092 3148/3160/3093 3149/3162/3095
f 3150/3163/3096 3149/3162/3095 3148/3160/3093
f 3148/3160/3093 508/3140/3073 3150/3163/3096
f 509/3141/3074 3150/3163/3096 508/3140/3073
f 3151/3165/3098 541/3164/3097 542/3161/3094
f 542/3161/3094 3149/3162/3095 3151/3165/3098
f 3152/3166/3099 3151/3165/3098 3149/3162/3095
f 3149/3162/3095 3150/3163/3096 3152/3166/3099
f 3153/3167/3100 3152/3166/3099 3150/3163/3096
f 3150/3163/3096 509/3141/3074 3153/3167/3100
f 510/3142/3075 3153/3167/3100 509/3141/3074
f 3154/3169/3102 540/3168/3101 541/3164/3097
f 541/3164/3097 3151/3165/3098 3154/3169/3102
f 3155/3170/3103 3154/3169/3102 3151/3165/3098
f 3151/3165/3098 3152/3166/3099 3155/3170/3103
f 3156/3171/3104 3155/3170/3103 3152/3166/3099
f 3152/3166/3099 3153/3167/3100 3156/3171/3104
f 3157/3172/3105 3156/3171/3104 3153/3167/3100
f 3153/3167/3100 510/3142/3075 3157/3172/3105
f 511/3143/3076 3157/3172/3105 510/3142/3075
f 3158/3174/3107 539/3173/3106 540/3168/3101
f 540/3168/3101 3154/3169/3102 3158/3174/3107
f 3159/3175/3108 3158/3174/3107 3154/3169/3102
f 3154/3169/3102 3155/3170/3103 3159/3175/3108
f 3160/3176/3109 3159/3175/3108 3155/3170/3103
f 3155/3170/3103 3156/3171/3104 3160/3176/3109
f 3161/3177/3110 3160/3176/3109 3156/3171/3104
f 3156/3171/3104 3157/3172/3105 3161/3177/3110
f 3162/3178/3111 3161/3177/3110 3157/3172/3105
f 3157/3172/3105 511/3143/3076 3162/3178/3111
f 512/3144/3077 3162/3178/3111 511/3143/3076
f 3163/3180/3113 538/3179/3112 539/3173/3106
f 539/3173/3106 3158/3174/3107 3163/3180/3113
f 3164/3181/3114 3163/3180/3113 3158/3174/3107
f 3158/3174/3107 3159/3175/3108 3164/3181/3114
f 3165/3182/3115 3164/3181/3114 3159/3175/3108
f 3159/3175/3108 3160/3176/3109 3165/3182/3115
f 3166/3183/3116 3165/3182/3115 3160/3176/3109
f 3160/3176/3109 3161/3177/3110 3166/3183/3116
f 3167/3184/3117 3166/3183/3116 3161/3177/3110
f 3161/3177/3110 3162/3178/3111 3167/3184/3117
f 3168/3185/3118 3167/3184/3117 3162/3178/3111
f 3162/3178/3111 512/3144/3077 3168/3185/3118
f 513/3145/3078 3168/3185/3118 512/3144/3077
f 3169/3187/3120 537/3186/3119 538/3179/3112
f 538/3179/3112 3163/3180/3113 3169/3187/3120
f 3170/3188/3121 3169/3187/3120 3163/3180/3113
f 3163/3180/3113 3164/3181/3114 3170/3188/3121
f 3171/3189/3122 3170/3188/3121 3164/3181/3114
f 3164/3181/3114 3165/3182/3115 3171/3189/3122
f 3172/3190/3123 3171/3189/3122 3165/3182/3115
f 3165/3182/3115 3166/3183/3116 3172/3190/3123
f 3173/3191/3124 3172/3190/3123 3166/3183/3116
f 3166/3183/3116 3167/3184/3117 3173/3191/3124
f 3174/3192/3125 3173/3191/3124 3167/3184/3117
f 3167/3184/3117 3168/3185/3118 3174/3192/3125
f 3175/3193/3126 3174/3192/3125 3168/3185/3118
f 3168/3185/3118 513/3145/3078 3175/3193/3126
f 514/3146/3079 3175/3193/3126 513/3145/3078
f 3176/3195/3128 536/3194/3127 537/3186/3119
f 537/3186/3119 3169/3187/3120 3176/3195/3128
f 3177/3196/3129 3176/3195/3128 3169/3187/3120
f 3169/3187/3120 3170/3188/3121 3177/3196/3129
f 3178/3197/3130 3177/3196/3129 3170/3188/3121
f 3170/3188/3121 3171/3189/3122 3178/3197/3130
f 3179/3198/3131 3178/3197/3130 3171/3189/3122
f 3171/3189/3122 3172/3190/3123 3179/3198/3131
f 3180/3199/3132 3179/3198/3131 3172/3190/3123
f 3172/3190/3123 3173/3191/3124 3180/3199/3132
f 3181/3200/3133 3180/3199/3132 3173/3191/3124
f 3173/3191/3124 3174/3192/3125 3181/3200/3133
f 3182/3201/3134 3181/3200/3133 3174/3192/3125
f 3174/3192/3125 3175/3193/3126 3182/3201/3134
f 3183/3202/3135 3182/3201/3134 3175/3193/3126
f 3175/3193/3126 514/3146/3079 3183/3202/3135
f 515/3147/3080 3183/3202/3135 514/3146/3079
f 3184/3204/3137 535/3203/3136 536/3194/3127
f 536/3194/3127 3176/3195/3128 3184/3204/3137
f 3185/3205/3138 3184/3204/3137 3176/3195/3128
f 3176/3195/3128 3177/3196/3129 3185/3205/3138
f 3186/3206/3139 3185/3205/3138 3177/3196/3129
f 3177/3196/3129 3178/3197/3130 3186/3206/3139
f 3187/3207/3140 3186/3206/3139 3178/3197/3130
f 3178/3197/3130 3179/3198/3131 3187/3207/3140
f 3188/3208/3141 3187/3207/3140 3179/3198/3131
f 3179/3198/3131 3180/3199/3132 3188/3208/3141
f 3189/3209/3142 3188/3208/3141 3180/3199/3132
f 3180/3199/3132 3181/3200/3133 3189/3209/3142
f 3190/3210/3143 3189/3209/3142 3181/3200/3133
f 3181/3200/3133 3182/3201/3134 3190/3210/3143
f 3191/3211/3144 3190/3210/3143 3182/3201/3134
f 3182/3201/3134 3183/3202/3135 3191/3211/3144
f 3192/3212/3145 3191/3211/3144 3183/3202/3135
f 3183/3202/3135 515/3147/3080 3192/3212/3145
f 516/3148/3081 3192/3212/3145 515/3147/3080
f 3193/3214/3147 534/3213/3146 535/3203/3136
f 535/3203/3136 3184/3204/3137 3193/3214/3147
f 3194/3215/3148 3193/3214/3147 3184/3204/3137
f 3184/3204/3137 3185/3205/3138 3194/3215/3148
f 3195/3216/3149 3194/3215/3148 3185/3205/3138
f 3185/3205/3138 3186/3206/3139 3195/3216/3149
f 3196/3217/3150 3195/3216/3149 3186/3206/3139
f 3186/3206/3139 3187/3207/3140 3196/3217/3150
f 3197/3218/3151 3196/3217/3150 3187/3207/3140
f 3187/3207/3140 3188/3208/3141 3197/3218/3151
f 3198/3219/3152 3197/3218/3151 3188/3208/3141
f 3188/3208/3141 3189/3209/3142 3198/3219/3152
f 3199/3220/3153 3198/3219/3152 3189/3209/3142
f 3189/3209/3142 3190/3210/3143 3199/3220/3153
f 3200/3221/3154 3199/3220/3153 3190/3210/3143
f 3190/3210/3143 3191/3211/3144 3200/3221/3154
f 3201/3222/3155 3200/3221/3154 3191/3211/3144
f 3191/3211/3144 3192/3212/3145 3201/3222/3155
f 3202/3223/3156 3201/3222/3155 3192/3212/3145
f 3192/3212/3145 516/3148/3081 3202/3223/3156
f 517/3149/3082 3202/3223/3156 516/3148/3081
f 3203/3225/3158 533/3224/3157 534/3213/3146
f 534/3213/3146 3193/3214/3147 3203/3225/3158
f 3204/3226/3159 3203/3225/3158 3193/3214/3147
f 3193/3214/3147 3194/3215/3148 3204/3226/3159
f 3205/3227/3160 3204/3226/3159 3194/3215/3148
f 3194/3215/3148 3195/3216/3149 3205/3227/3160
f 3206/3228/3161 3205/3227/3160 3195/3216/3149
f 3195/3216/3149 3196/3217/3150 3206/3228/3161
f 3207/3229/3162 3206/3228/3161 3196/3217/3150
f 3196/3217/3150 3197/3218/3151 3207/3229/3162
f 3208/3230/3163 3207/3229/3162 3197/3218/3151
f 3197/3218/3151 3198/3219/3152 3208/3230/3163
f 3209/3231/3164 3208/3230/3163 3198/3219/3152
f 3198/3219/3152 3199/3220/3153 3209/3231/3164
f 3210/3232/3165 3209/3231/3164 3199/3220/3153
f 3199/3220/3153 3200/3221/3154 3210/3232/3165
f 3211/3233/3166 3210/3232/3165 3200/3221/3154
f 3200/3221/3154 3201/3222/3155 3211/3233/3166
f 3212/3234/3167 3211/3233/3166 3201/3222/3155
f 3201/3222/3155 3202/3223/3156 3212/3234/3167
f 3213/3235/3168 3212/3234/3167 3202/3223/3156
f 3202/3223/3156 517/3149/3082 3213/3235/3168
f 518/3150/3083 3213/3235/3168 517/3149/3082
f 3214/3237/3170 532/3236/3169 533/3224/3157
f 533/3224/3157 3203/3225/3158 3214/3237/3170
f 3215/3238/3171 3214/3237/3170 3203/3225/3158
f 3203/3225/3158 3204/3226/3159 3215/3238/3171
f 3216/3239/3172 3215/3238/3171 3204/3226/3159
f 3204/3226/3159 3205/3227/3160 3216/3239/3172
f 3217/3240/3173 3216/3239/3172 3205/3227/3160
f 3205/3227/3160 3206/3228/3161 3217/3240/3173
f 3218/3241/3174 3217/3240/3173 3206/3228/3161
f 3206/3228/3161 3207/3229/3162 3218/3241/3174
f 3219/3242/3175 3218/3241/3174 3207/3229/3162
f 3207/3229/3162 3208/3230/3163 3219/3242/3175
f 3220/3243/3176 3219/3242/3175 3208/3230/3163
f 3208/3230/3163 3209/3231/3164 3220/3243/3176
f 3221/3244/3177 3220/3243/3176 3209/3231/3164
f 3209/3231/3164 3210/3232/3165 3221/3244/3177
f 3222/3245/3178 3221/3244/3177 3210/3232/3165
f 3210/3232/3165 3211/3233/3166 3222/3245/3178
f 3223/3246/3179 3222/3245/3178 3211/3233/3166
f 3211/3233/3166 3212/3234/3167 3223/3246/3179
f 3224/3247/3180 3223/3246/3179 3212/3234/3167
f 3212/3234/3167 3213/3235/3168 3224/3247/3180
f 3225/3248/3181 3224/3247/3180 3213/3235/3168
f 3213/3235/3168 518/3150/3083 3225/3248/3181
f 519/3151/3084 3225/3248/3181 518/3150/3083
f 3226/3250/3183 531/3249/3182 532/3236/3169
f 532/3236/3169 3214/3237/3170 3226/3250/3183
f 3227/3251/3184 3226/3250/3183 3214/3237/3170
f 3214/3237/3170 3215/3238/3171 3227/3251/3184
f 3228/3252/3185 3227/3251/3184 3215/3238/3171
f 3215/3238/3171 3216/3239/3172 3228/3252/3185
f 3229/3253/3186 3228/3252/3185 3216/3239/3172
f 3216/3239/3172 3217/3240/3173 3229/3253/3186
f 3230/3254/3187 3229/3253/3186 3217/3240/3173
f 3217/3240/3173 3218/3241/3174 3230/3254/3187
f 3231/3255/3188 3230/3254/3187 3218/3241/3174
f 3218/3241/3174 3219/3242/3175 3231/3255/3188
f 3232/3256/3189 3231/3255/3188 3219/3242/3175
f 3219/3242/3175 3220/3243/3176 3232/3256/3189
f 3233/3257/3190 3232/3256/3189 3220/3243/3176
f 3220/3243/3176 3221/3244/3177 3233/3257/3190
f 3234/3258/3191 3233/3257/3190 3221/3244/3177
f 3221/3244/3177 3222/3245/3178 3234/3258/3191
f 3235/3259/3192 3234/3258/3191 3222/3245/3178
f 3222/3245/3178 3223/3246/3179 3235/3259/3192
f 3236/3260/3193 3235/3259/3192 3223/3246/3179
f 3223/3246/3179 3224/3247/3180 3236/3260/3193
f 3237/3261/3194 3236/3260/3193 3224/3247/3180
f 3224/3247/3180 3225/3248/3181 3237/3261/3194
f 3238/3262/3195 3237/3261/3194 3225/3248/3181
f 3225/3248/3181 519/3151/3084 3238/3262/3195
f 520/3152/3085 3238/3262/3195 519/3151/3084
f 3239/3264/3197 530/3263/3196 531/3249/3182
f 531/3249/3182 3226/3250/3183 3239/3264/3197
f 3240/3265/3198 3239/3264/3197 3226/3250/3183
f 3226/3250/3183 3227/3251/3184 3240/3265/3198
f 3241/3266/3199 3240/3265/3198 3227/3251/3184
f 3227/3251/3184 3228/3252/3185 3241/3266/3199
f 3242/3267/3200 3241/3266/3199 3228/3252/3185
f 3228/3252/3185 3229/3253/3186 3242/3267/3200
f 3243/3268/3201 3242/3267/3200 3229/3253/3186
f 3229/3253/3186 3230/3254/3187 3243/3268/3201
f 3244/3269/3202 3243/3268/3201 3230/3254/3187
f 3230/3254/3187 3231/3255/3188 3244/3269/3202
f 3245/3270/3203 3244/3269/3202 3231/3255/3188
f 3231/3255/3188 3232/3256/3189 3245/3270/3203
f 3246/3271/3204 3245/3270/3203 3232/3256/3189
f 3232/3256/3189 3233/3257/3190 3246/3271/3204
f 3247/3272/3205 3246/3271/3204 3233/3257/3190
f 3233/3257/3190 3234/3258/3191 3247/3272/3205
f 3248/3273/3206 3247/3272/3205 3234/3258/3191
f 3234/3258/3191 3235/3259/3192 3248/3273/3206
f 3249/3274/3207 3248/3273/3206 3235/3259/3192
f 3235/3259/3192 3236/3260/3193 3249/3274/3207
f 3250/3275/3208 3249/3274/3207 3236/3260/3193
f 3236/3260/3193 3237/3261/3194 3250/3275/3208
f 3251/3276/3209 3250/3275/3208 3237/3261/3194
f 3237/3261/3194 3238/3262/3195 3251/3276/3209
f 3252/3277/3210 3251/3276/3209 3238/3262/3195
f 3238/3262/3195 520/3152/3085 3252/3277/3210
f 521/3153/3086 3252/3277/3210 520/3152/3085
f 3253/3279/3212 529/3278/3211 530/3263/3196
f 530/3263/3196 3239/3264/3197 3253/3279/3212
f 3254/3280/3213 3253/3279/3212 3239/3264/3197
f 3239/3264/3197 3240/3265/3198 3254/3280/3213
f 3255/3281/3214 3254/3280/3213 3240/3265/3198
f 3240/3265/3198 3241/3266/3199 3255/3281/3214
f 3256/3282/3215 3255/3281/3214 3241/3266/3199
f 3241/3266/3199 3242/3267/3200 3256/3282/3215
f 3257/3283/3216 3256/3282/3215 3242/3267/3200
f 3242/3267/3200 3243/3268/3201 3257/3283/3216
f 3258/3284/3217 3257/3283/3216 3243/3268/3201
f 3243/3268/3201 3244/3269/3202 3258/3284/3217
f 3259/3285/3218 3258/3284/3217 3244/3269/3202
f 3244/3269/3202 3245/3270/3203 3259/3285/3218
f 3260/3286/3219 3259/3285/3218 3245/3270/3203
f 3245/3270/3203 3246/3271/3204 3260/3286/3219
f 3261/3287/3220 3260/3286/3219 3246/3271/3204
f 3246/3271/3204 3247/3272/3205 3261/3287/3220
f 3262/3288/3221 3261/3287/3220 3247/3272/3205
f 3247/3272/3205 3248/3273/3206 3262/3288/3221
f 3263/3289/3222 3262/3288/3221 3248/3273/3206
f 3248/3273/3206 3249/3274/3207 3263/3289/3222
f 3264/3290/3223 3263/3289/3222 3249/3274/3207
f 3249/3274/3207 3250/3275/3208 3264/3290/3223
f 3265/3291/3224 3264/3290/3223 3250/3275/3208
f 3250/3275/3208 3251/3276/3209 3265/3291/3224
f 3266/3292/3225 3265/3291/3224 3251/3276/3209
f 3251/3276/3209 3252/3277/3210 3266/3292/3225
f 3267/3293/3226 3266/3292/3225 3252/3277/3210
f 3252/3277/3210 521/3153/3086 3267/3293/3226
f 522/3154/3087 3267/3293/3226 521/3153/3086
f 3268/3295/3228 528/3294/3227 529/3278/3211
f 529/3278/3211 3253/3279/3212 3268/3295/3228
f 3269/3296/3229 3268/3295/3228 3253/3279/3212
f 3253/3279/3212 3254/3280/3213 3269/3296/3229
f 3270/3297/3230 3269/3296/3229 3254/3280/3213
f 3254/3280/3213 3255/3281/3214 3270/3297/3230
f 3271/3298/3231 3270/3297/3230 3255/3281/3214
f 3255/3281/3214 3256/3282/3215 3271/3298/3231
f 3272/3299/3232 3271/3298/3231 3256/3282/3215
f 3256/3282/3215 3257/3283/3216 3272/3299/3232
f 3273/3300/3233 3272/3299/3232 3257/3283/3216
f 3257/3283/3216 3258/3284/3217 3273/3300/3233
f 3274/3301/3234 3273/3300/3233 3258/3284/3217
f 3258/3284/3217 3259/3285/3218 3274/3301/3234
f 3275/3302/3235 3274/3301/3234 3259/3285/3218
f 3259/3285/3218 3260/3286/3219 3275/3302/3235
f 3276/3303/3236 3275/3302/3235 3260/3286/3219
f 3260/3286/3219 3261/3287/3220 3276/3303/3236
f 3277/3304/3237 3276/3303/3236 3261/3287/3220
f 3261/3287/3220 3262/3288/3221 3277/3304/3237
f 3278/3305/3238 3277/3304/3237 3262/3288/3221
f 3262/3288/3221 3263/3289/3222 3278/3305/3238
f 3279/3306/3239 3278/3305/3238 3263/3289/3222
f 3263/3289/3222 3264/3290/3223 3279/3306/3239
f 3280/3307/3240 3279/3306/3239 3264/3290/3223
f 3264/3290/3223 3265/3291/3224 3280/3307/3240
f 3281/3308/3241 3280/3307/3240 3265/3291/3224
f 3265/3291/3224 3266/3292/3225 3281/3308/3241
f 3282/3309/3242 3281/3308/3241 3266/3292/3225
f 3266/3292/3225 3267/3293/3226 3282/3309/3242
f 3283/3310/3243 3282/3309/3242 3267/3293/3226
f 3267/3293/3226 522/3154/3087 3283/3310/3243
f 523/3155/3088 3283/3310/3243 522/3154/3087
f 3284/3312/3245 527/3311/3244 528/3294/3227
f 528/3294/3227 3268/3295/3228 3284/3312/3245
f 3285/3313/3246 3284/3312/3245 3268/3295/3228
f 3268/3295/3228 3269/3296/3229 3285/3313/3246
f 3286/3314/3247 3285/3313/3246 3269/3296/3229
f 3269/3296/3229 3270/3297/3230 3286/3314/3247
f 3287/3315/3248 3286/3314/3247 3270/3297/3230
f 3270/3297/3230 3271/3298/3231 3287/3315/3248
f 3288/3316/3249 3287/3315/3248 3271/3298/3231
f 3271/3298/3231 3272/3299/3232 3288/3316/3249
f 3289/3317/3250 3288/3316/3249 3272/3299/3232
f 3272/3299/3232 3273/3300/3233 3289/3317/3250
f 3290/3318/3251 3289/3317/3250 3273/3300/3233
f 3273/3300/3233 3274/3301/3234 3290/3318/3251
f 3291/3319/3252 3290/3318/3251 3274/3301/3234
f 3274/3301/3234 3275/3302/3235 3291/3319/3252
f 3292/3320/3253 3291/3319/3252 3275/3302/3235
f 3275/3302/3235 3276/3303/3236 3292/3320/3253
f 3293/3321/3254 3292/3320/3253 3276/3303/3236
f 3276/3303/3236 3277/3304/3237 3293/3321/3254
f 3294/3322/3255 3293/3321/3254 3277/3304/3237
f 3277/3304/3237 3278/3305/3238 3294/3322/3255
f 3295/3323/3256 3294/3322/3255 3278/3305/3238
f 3278/3305/3238 3279/3306/3239 3295/3323/3256
f 3296/3324/3257 3295/3323/3256 3279/3306/3239
f 3279/3306/3239 3280/3307/3240 3296/3324/3257
f 3297/3325/3258 3296/3324/3257 3280/3307/3240
f 3280/3307/3240 3281/3308/3241 3297/3325/3258
f 3298/3326/3259 3297/3325/3258 3281/3308/3241
f 3281/3308/3241 3282/3309/3242 3298/3326/3259
f 3299/3327/3260 3298/3326/3259 3282/3309/3242
f 3282/3309/3242 3283/3310/3243 3299/3327/3260
f 3300/3328/3261 3299/3327/3260 3283/3310/3243
f 3283/3310/3243 523/3155/3088 3300/3328/3261
f 524/3156/3089 3300/3328/3261 523/3155/3088
f 3301/3330/3263 526/3329/3262 527/3311/3244
f 527/3311/3244 3284/3312/3245 3301/3330/3263
f 3302/3331/3264 3301/3330/3263 3284/3312/3245
f 3284/3312/3245 3285/3313/3246 3302/3331/3264
f 3303/3332/3265 3302/3331/3264 3285/3313/3246
f 3285/3313/3246 3286/3314/3247 3303/3332/3265
f 3304/3333/3266 3303/3332/3265 3286/3314/3247
f 3286/3314/3247 3287/3315/3248 3304/3333/3266
f 3305/3334/3267 3304/3333/3266 3287/3315/3248
f 3287/3315/3248 3288/3316/3249 3305/3334/3267
f 3306/3335/3268 3305/3334/3267 3288/3316/3249
f 3288/3316/3249 3289/3317/3250 3306/3335/3268
f 3307/3336/3269 3306/3335/3268 3289/3317/3250
f 3289/3317/3250 3290/3318/3251 3307/3336/3269
f 3308/3337/3270 3307/3336/3269 3290/3318/3251
f 3290/3318/3251 3291/3319/3252 3308/3337/3270
f 3309/3338/3271 3308/3337/3270 3291/3319/3252
f 3291/3319/3252 3292/3320/3253 3309/3338/3271
f 3310/3339/3272 3309/3338/3271 3292/3320/3253
f 3292/3320/3253 3293/3321/3254 3310/3339/3272
f 3311/3340/3273 3310/3339/3272 3293/3321/3254
f 3293/3321/3254 3294/3322/3255 3311/3340/3273
f 3312/3341/3274 3311/3340/3273 3294/3322/3255
f 3294/3322/3255 3295/3323/3256 3312/3341/3274
f 3313/3342/3275 3312/3341/3274 3295/3323/3256
f 3295/3323/3256 3296/3324/3257 3313/3342/3275
f 3314/3343/3276 3313/3342/3275 3296/3324/3257
f 3296/3324/3257 3297/3325/3258 3314/3343/3276
f 3315/3344/3277 3314/3343/3276 3297/3325/3258
f 3297/3325/3258 3298/3326/3259 3315/3344/3277
f 3316/3345/3278 3315/3344/3277 3298/3326/3259
f 3298/3326/3259 3299/3327/3260 3316/3345/3278
f 3317/3346/3279 3316/3345/3278 3299/3327/3260
f 3299/3327/3260 3300/3328/3261 3317/3346/3279
f 3318/3347/3280 3317/3346/3279 3300/3328/3261
f 3300/3328/3261 524/3156/3089 3318/3347/3280
f 525/3157/3090 3318/3347/3280 524/3156/3089
f 317/1926/1891 2/1927/1892 526/3329/3262
f 526/3329/3262 3301/3330/3263 317/1926/1891
f 318/1925/1890 317/1926/1891 3301/3330/3263
f 3301/3330/3263 3302/3331/3264 318/1925/1890
f 319/1924/1889 318/1925/1890 3302/3331/3264
f 3302/3331/3264 3303/3332/3265 319/1924/1889
f 320/1923/1888 319/1924/1889 3303/3332/3265
f 3303/3332/3265 3304/3333/3266 320/1923/1888
f 321/1922/1887 320/1923/1888 3304/3333/3266
f 3304/3333/3266 3305/3334/3267 321/1922/1887
f 322/1921/1886 321/1922/1887 3305/3334/3267
f 3305/3334/3267 3306/3335/3268 322/1921/1886
f 323/1920/1885 322/1921/1886 3306/3335/3268
f 3306/3335/3268 3307/3336/3269 323/1920/1885
f 324/1919/1884 323/1920/1885 3307/3336/3269
f 3307/3336/3269 3308/3337/3270 324/1919/1884
f 325/1918/1883 324/1919/1884 3308/3337/3270
f 3308/3337/3270 3309/3338/3271 325/1918/1883
f 326/1917/1882 325/1918/1883 3309/3338/3271
f 3309/3338/3271 3310/3339/3272 326/1917/1882
f 327/1916/1881 326/1917/1882 3310/3339/3272
f 3310/3339/3272 3311/3340/3273 327/1916/1881
f 328/1915/1880 327/1916/1881 3311/3340/3273
f 3311/3340/3273 3312/3341/3274 328/1915/1880
f 329/1914/1879 328/1915/1880 3312/3341/3274
f 3312/3341/3274 3313/3342/3275 329/1914/1879
f 330/1913/1878 329/1914/1879 3313/3342/3275
f 3313/3342/3275 3314/3343/3276 330/1913/1878
f 331/1912/1877 330/1913/1878 3314/3343/3276
f 3314/3343/3276 3315/3344/3277 331/1912/1877
f 332/1911/1876 331/1912/1877 3315/3344/3277
f 3315/3344/3277 3316/3345/3278 332/1911/1876
f 333/1910/1875 332/1911/1876 3316/3345/3278
f 3316/3345/3278 3317/3346/3279 333/1910/1875
f 334/1909/1874 333/1910/1875 3317/3346/3279
f 3317/3346/3279 3318/3347/3280 334/1909/1874
f 335/1908/1873 334/1909/1874 3318/3347/3280
f 3318/3347/3280 525/3157/3090 335/1908/1873
f 11/1907/1872 335/1908/1873 525/3157/3090
f 563/3348/3281 526/3329/3262 2/1927/1892
f 3319/3349/3282 527/3311/3244 526/3329/3262
f 526/3329/3262 563/3348/3281 3319/3349/3282
f 562/3350/3283 3319/3349/3282 563/3348/3281
f 3320/3351/3284 528/3294/3227 527/3311/3244
f 527/3311/3244 3319/3349/3282 3320/3351/3284
f 3321/3352/3285 3320/3351/3284 3319/3349/3282
f 3319/3349/3282 562/3350/3283 3321/3352/3285
f 561/3353/3286 3321/3352/3285 562/3350/3283
f 3322/3354/3287 529/3278/3211 528/3294/3227
f 528/3294/3227 3320/3351/3284 3322/3354/3287
f 3323/3355/3288 3322/3354/3287 3320/3351/3284
f 3320/3351/3284 3321/3352/3285 3323/3355/3288
f 3324/3356/3289 3323/3355/3288 3321/3352/3285
f 3321/3352/3285 561/3353/3286 3324/3356/3289
f 560/3357/3290 3324/3356/3289 561/3353/3286
f 3325/3358/3291 530/3263/3196 529/3278/3211
f 529/3278/3211 3322/3354/3287 3325/3358/3291
f 3326/3359/3292 3325/3358/3291 3322/3354/3287
f 3322/3354/3287 3323/3355/3288 3326/3359/3292
f 3327/3360/3293 3326/3359/3292 3323/3355/3288
f 3323/3355/3288 3324/3356/3289 3327/3360/3293
f 3328/3361/3294 3327/3360/3293 3324/3356/3289
f 3324/3356/3289 560/3357/3290 3328/3361/3294
f 559/3362/3295 3328/3361/3294 560/3357/3290
f 3329/3363/3296 531/3249/3182 530/3263/3196
f 530/3263/3196 3325/3358/3291 3329/3363/3296
f 3330/3364/3297 3329/3363/3296 3325/3358/3291
f 3325/3358/3291 3326/3359/3292 3330/3364/3297
f 3331/3365/3298 3330/3364/3297 3326/3359/3292
f 3326/3359/3292 3327/3360/3293 3331/3365/3298
f 3332/3366/3299 3331/3365/3298 3327/3360/3293
f 3327/3360/3293 3328/3361/3294 3332/3366/3299
f 3333/3367/3300 3332/3366/3299 3328/3361/3294
f 3328/3361/3294 559/3362/3295 3333/3367/3300
f 558/3368/3301 3333/3367/3300 559/3362/3295
f 3334/3369/3302 532/3236/3169 531/3249/3182
f 531/3249/3182 3329/3363/3296 3334/3369/3302
f 3335/3370/3303 3334/3369/3302 3329/3363/3296
f 3329/3363/3296 3330/3364/3297 3335/3370/3303
f 3336/3371/3304 3335/3370/3303 3330/3364/3297
f 3330/3364/3297 3331/3365/3298 3336/3371/3304
f 3337/3372/3305 3336/3371/3304 3331/3365/3298
f 3331/3365/3298 3332/3366/3299 3337/3372/3305
f 3338/3373/3306 3337/3372/3305 3332/3366/3299
f 3332/3366/3299 3333/3367/3300 3338/3373/3306
f 3339/3374/3307 3338/3373/3306 3333/3367/3300
f 3333/3367/3300 558/3368/3301 3339/3374/3307
f 557/3375/3308 3339/3374/3307 558/3368/3301
f 3340/3376/3309 533/3224/3157 532/3236/3169
f 532/3236/3169 3334/3369/3302 3340/3376/3309
f 3341/3377/3310 3340/3376/3309 3334/3369/3302
f 3334/3369/3302 3335/3370/3303 3341/3377/3310
f 3342/3378/3311 3341/3377/3310 3335/3370/3303
f 3335/3370/3303 3336/3371/3304 3342/3378/3311
f 3343/3379/3312 3342/3378/3311 3336/3371/3304
f 3336/3371/3304 3337/3372/3305 3343/3379/3312
f 3344/3380/3313 3343/3379/3312 3337/3372/3305
f 3337/3372/3305 3338/3373/3306 3344/3380/3313
f 3345/3381/3314 3344/3380/3313 3338/3373/3306
f 3338/3373/3306 3339/3374/3307 3345/3381/3314
f 3346/3382/3315 3345/3381/3314 3339/3374/3307
f 3339/3374/3307 557/3375/3308 3346/3382/3315
f 556/3383/3316 3346/3382/3315 557/3375/3308
f 3347/3384/3317 534/3213/3146 533/3224/3157
f 533/3224/3157 3340/3376/3309 3347/3384/3317
f 3348/3385/3318 3347/3384/3317 3340/3376/3309
f 3340/3376/3309 3341/3377/3310 3348/3385/3318
f 3349/3386/3319 3348/3385/3318 3341/3377/3310
f 3341/3377/3310 3342/3378/3311 3349/3386/3319
f 3350/3387/3320 3349/3386/3319 3342/3378/3311
f 3342/3378/3311 3343/3379/3312 3350/3387/3320
f 3351/3388/3321 3350/3387/3320 3343/3379/3312
f 3343/3379/3312 3344/3380/3313 3351/3388/3321
f 3352/3389/3322 3351/3388/3321 3344/3380/3313
f 3344/3380/3313 3345/3381/3314 3352/3389/3322
f 3353/3390/3323 3352/3389/3322 3345/3381/3314
f 3345/3381/3314 3346/3382/3315 3353/3390/3323
f 3354/3391/3324 3353/3390/3323 3346/3382/3315
f 3346/3382/3315 556/3383/3316 3354/3391/3324
f 555/3392/3325 3354/3391/3324 556/3383/3316
f 3355/3393/3326 535/3203/3136 534/3213/3146
f 534/3213/3146 3347/3384/3317 3355/3393/3326
f 3356/3394/3327 3355/3393/3326 3347/3384/3317
f 3347/3384/3317 3348/3385/3318 3356/3394/3327
f 3357/3395/3328 3356/3394/3327 3348/3385/3318
f 3348/3385/3318 3349/3386/3319 3357/3395/3328
f 3358/3396/3329 3357/3395/3328 3349/3386/3319
f 3349/3386/3319 3350/3387/3320 3358/3396/3329
f 3359/3397/3330 3358/3396/3329 3350/3387/3320
f 3350/3387/3320 3351/3388/3321 3359/3397/3330
f 3360/3398/3331 3359/3397/3330 3351/3388/3321
f 3351/3388/3321 3352/3389/3322 3360/3398/3331
f 3361/3399/3332 3360/3398/3331 3352/3389/3322
f 3352/3389/3322 3353/3390/3323 3361/3399/3332
f 3362/3400/3333 3361/3399/3332 3353/3390/3323
f 3353/3390/3323 3354/3391/3324 3362/3400/3333
f 3363/3401/3334 3362/3400/3333 3354/3391/3324
f 3354/3391/3324 555/3392/3325 3363/3401/3334
f 554/3402/3335 3363/3401/3334 555/3392/3325
f 3364/3403/3336 536/3194/3127 535/3203/3136
f 535/3203/3136 3355/3393/3326 3364/3403/3336
f 3365/3404/3337 3364/3403/3336 3355/3393/3326
f 3355/3393/3326 3356/3394/3327 3365/3404/3337
f 3366/3405/3338 3365/3404/3337 3356/3394/3327
f 3356/3394/3327 3357/3395/3328 3366/3405/3338
f 3367/3406/3339 3366/3405/3338 3357/3395/3328
f 3357/3395/3328 3358/3396/3329 3367/3406/3339
f 3368/3407/3340 3367/3406/3339 3358/3396/3329
f 3358/3396/3329 3359/3397/3330 3368/3407/3340
f 3369/3408/3341 3368/3407/3340 3359/3397/3330
f 3359/3397/3330 3360/3398/3331 3369/3408/3341
f 3370/3409/3342 3369/3408/3341 3360/3398/3331
f 3360/3398/3331 3361/3399/3332 3370/3409/3342
f 3371/3410/3343 3370/3409/3342 3361/3399/3332
f 3361/3399/3332 3362/3400/3333 3371/3410/3343
f 3372/3411/3344 3371/3410/3343 3362/3400/3333
f 3362/3400/3333 3363/3401/3334 3372/3411/3344
f 3373/3412/3345 3372/3411/3344 3363/3401/3334
f 3363/3401/3334 554/3402/3335 3373/3412/3345
f 553/3413/3346 3373/3412/3345 554/3402/3335
f 3374/3414/3347 537/3186/3119 536/3194/3127
f 536/3194/3127 3364/3403/3336 3374/3414/3347
f 3375/3415/3348 3374/3414/3347 3364/3403/3336
f 3364/3403/3336 3365/3404/3337 3375/3415/3348
f 3376/3416/3349 3375/3415/3348 3365/3404/3337
f 3365/3404/3337 3366/3405/3338 3376/3416/3349
f 3377/3417/3350 3376/3416/3349 3366/3405/3338
f 3366/3405/3338 3367/3406/3339 3377/3417/3350
f 3378/3418/3351 3377/3417/3350 3367/3406/3339
f 3367/3406/3339 3368/3407/3340 3378/3418/3351
f 3379/3419/3352 3378/3418/3351 3368/3407/3340
f 3368/3407/3340 3369/3408/3341 3379/3419/3352
f 3380/3420/3353 3379/3419/3352 3369/3408/3341
f 3369/3408/3341 3370/3409/3342 3380/3420/3353
f 3381/3421/3354 3380/3420/3353 3370/3409/3342
f 3370/3409/3342 3371/3410/3343 3381/3421/3354
f 3382/3422/3355 3381/3421/3354 3371/3410/3343
f 3371/3410/3343 3372/3411/3344 3382/3422/3355
f 3383/3423/3356 3382/3422/3355 3372/3411/3344
f 3372/3411/3344 3373/3412/3345 3383/3423/3356
f 3384/3424/3357 3383/3423/3356 3373/3412/3345
f 3373/3412/3345 553/3413/3346 3384/3424/3357
f 552/3425/3358 3384/3424/3357 553/3413/3346
f 3385/3426/3359 538/3179/3112 537/3186/3119
f 537/3186/3119 3374/3414/3347 3385/3426/3359
f 3386/3427/3360 3385/3426/3359 3374/3414/3347
f 3374/3414/3347 3375/3415/3348 3386/3427/3360
f 3387/3428/3361 3386/3427/3360 3375/3415/3348
f 3375/3415/3348 3376/3416/3349 3387/3428/3361
f 3388/3429/3362 3387/3428/3361 3376/3416/3349
f 3376/3416/3349 3377/3417/3350 3388/3429/3362
f 3389/3430/3363 3388/3429/3362 3377/3417/3350
f 3377/3417/3350 3378/3418/3351 3389/3430/3363
f 3390/3431/3364 3389/3430/3363 3378/3418/3351
f 3378/3418/3351 3379/3419/3352 3390/3431/3364
f 3391/3432/3365 3390/3431/3364 3379/3419/3352
f 3379/3419/3352 3380/3420/3353 3391/3432/3365
f 3392/3433/3366 3391/3432/3365 3380/3420/3353
f 3380/3420/3353 3381/3421/3354 3392/3433/3366
f 3393/3434/3367 3392/3433/3366 3381/3421/3354
f 3381/3421/3354 3382/3422/3355 3393/3434/3367
f 3394/3435/3368 3393/3434/3367 3382/3422/3355
f 3382/3422/3355 3383/3423/3356 3394/3435/3368
f 3395/3436/3369 3394/3435/3368 3383/3423/3356
f 3383/3423/3356 3384/3424/3357 3395/3436/3369
f 3396/3437/3370 3395/3436/3369 3384/3424/3357
f 3384/3424/3357 552/3425/3358 3396/3437/3370
f 551/3438/3371 3396/3437/3370 552/3425/3358
f 3397/3439/3372 539/3173/3106 538/3179/3112
f 538/3179/3112 3385/3426/3359 3397/3439/3372
f 3398/3440/3373 3397/3439/3372 3385/3426/3359
f 3385/3426/3359 3386/3427/3360 3398/3440/3373
f 3399/3441/3374 3398/3440/3373 3386/3427/3360
f 3386/3427/3360 3387/3428/3361 3399/3441/3374
f 3400/3442/3375 3399/3441/3374 3387/3428/3361
f 3387/3428/3361 3388/3429/3362 3400/3442/3375
f 3401/3443/3376 3400/3442/3375 3388/3429/3362
f 3388/3429/3362 3389/3430/3363 3401/3443/3376
f 3402/3444/3377 3401/3443/3376 3389/3430/3363
f 3389/3430/3363 3390/3431/3364 3402/3444/3377
f 3403/3445/3378 3402/3444/3377 3390/3431/3364
f 3390/3431/3364 3391/3432/3365 3403/3445/3378
f 3404/3446/3379 3403/3445/3378 3391/3432/3365
f 3391/3432/3365 3392/3433/3366 3404/3446/3379
f 3405/3447/3380 3404/3446/3379 3392/3433/3366
f 3392/3433/3366 3393/3434/3367 3405/3447/3380
f 3406/3448/3381 3405/3447/3380 3393/3434/3367
f 3393/3434/3367 3394/3435/3368 3406/3448/3381
f 3407/3449/3382 3406/3448/3381 3394/3435/3368
f 3394/3435/3368 3395/3436/3369 3407/3449/3382
f 3408/3450/3383 3407/3449/3382 3395/3436/3369
f 3395/3436/3369 3396/3437/3370 3408/3450/3383
f 3409/3451/3384 3408/3450/3383 3396/3437/3370
f 3396/3437/3370 551/3438/3371 3409/3451/3384
f 550/3452/3385 3409/3451/3384 551/3438/3371
f 3410/3453/3386 540/3168/3101 539/3173/3106
f 539/3173/3106 3397/3439/3372 3410/3453/3386
f 3411/3454/3387 3410/3453/3386 3397/3439/3372
f 3397/3439/3372 3398/3440/3373 3411/3454/3387
f 3412/3455/3388 3411/3454/3387 3398/3440/3373
f 3398/3440/3373 3399/3441/3374 3412/3455/3388
f 3413/3456/3389 3412/3455/3388 3399/3441/3374
f 3399/3441/3374 3400/3442/3375 3413/3456/3389
f 3414/3457/3390 3413/3456/3389 3400/3442/3375
f 3400/3442/3375 3401/3443/3376 3414/3457/3390
f 3415/3458/3391 3414/3457/3390 3401/3443/3376
f 3401/3443/3376 3402/3444/3377 3415/3458/3391
f 3416/3459/3392 3415/3458/3391 3402/3444/3377
f 3402/3444/3377 3403/3445/3378 3416/3459/3392
f 3417/3460/3393 3416/3459/3392 3403/3445/3378
f 3403/3445/3378 3404/3446/3379 3417/3460/3393
f 3418/3461/3394 3417/3460/3393 3404/3446/3379
f 3404/3446/3379 3405/3447/3380 3418/3461/3394
f 3419/3462/3395 3418/3461/3394 3405/3447/3380
f 3405/3447/3380 3406/3448/3381 3419/3462/3395
f 3420/3463/3396 3419/3462/3395 3406/3448/3381
f 3406/3448/3381 3407/3449/3382 3420/3463/3396
f 3421/3464/3397 3420/3463/3396 3407/3449/3382
f 3407/3449/3382 3408/3450/3383 3421/3464/3397
f 3422/3465/3398 3421/3464/3397 3408/3450/3383
f 3408/3450/3383 3409/3451/3384 3422/3465/3398
f 3423/3466/3399 3422/3465/3398 3409/3451/3384
f 3409/3451/3384 550/3452/3385 3423/3466/3399
f 549/3467/3400 3423/3466/3399 550/3452/3385
f 3424/3468/3401 541/3164/3097 540/3168/3101
f 540/3168/3101 3410/3453/3386 3424/3468/3401
f 3425/3469/3402 3424/3468/3401 3410/3453/3386
f 3410/3453/3386 3411/3454/3387 3425/3469/3402
f 3426/3470/3403 3425/3469/3402 3411/3454/3387
f 3411/3454/3387 3412/3455/3388 3426/3470/3403
f 3427/3471/3404 3426/3470/3403 3412/3455/3388
f 3412/3455/3388 3413/3456/3389 3427/3471/3404
f 3428/3472/3405 3427/3471/3404 3413/3456/3389
f 3413/3456/3389 3414/3457/3390 3428/3472/3405
f 3429/3473/3406 3428/3472/3405 3414/3457/3390
f 3414/3457/3390 3415/3458/3391 3429/3473/3406
f 3430/3474/3407 3429/3473/3406 3415/3458/3391
f 3415/3458/3391 3416/3459/3392 3430/3474/3407
f 3431/3475/3408 3430/3474/3407 3416/3459/3392
f 3416/3459/3392 3417/3460/3393 3431/3475/3408
f 3432/3476/3409 3431/3475/3408 3417/3460/3393
f 3417/3460/3393 3418/3461/3394 3432/3476/3409
f 3433/3477/3410 3432/3476/3409 3418/3461/3394
f 3418/3461/3394 3419/3462/3395 3433/3477/3410
f 3434/3478/3411 3433/3477/3410 3419/3462/3395
f 3419/3462/3395 3420/3463/3396 3434/3478/3411
f 3435/3479/3412 3434/3478/3411 3420/3463/3396
f 3420/3463/3396 3421/3464/3397 3435/3479/3412
f 3436/3480/3413 3435/3479/3412 3421/3464/3397
f 3421/3464/3397 3422/3465/3398 3436/3480/3413
f 3437/3481/3414 3436/3480/3413 3422/3465/3398
f 3422/3465/3398 3423/3466/3399 3437/3481/3414
f 3438/3482/3415 3437/3481/3414 3423/3466/3399
f 3423/3466/3399 549/3467/3400 3438/3482/3415
f 548/3483/3416 3438/3482/3415 549/3467/3400
f 3439/3484/3417 542/3161/3094 541/3164/3097
f 541/3164/3097 3424/3468/3401 3439/3484/3417
f 3440/3485/3418 3439/3484/3417 3424/3468/3401
f 3424/3468/3401 3425/3469/3402 3440/3485/3418
f 3441/3486/3419 3440/3485/3418 3425/3469/3402
f 3425/3469/3402 3426/3470/3403 3441/3486/3419
f 3442/3487/3420 3441/3486/3419 3426/3470/3403
f 3426/3470/3403 3427/3471/3404 3442/3487/3420
f 3443/3488/3421 3442/3487/3420 3427/3471/3404
f 3427/3471/3404 3428/3472/3405 3443/3488/3421
f 3444/3489/3422 3443/3488/3421 3428/3472/3405
f 3428/3472/3405 3429/3473/3406 3444/3489/3422
f 3445/3490/3423 3444/3489/3422 3429/3473/3406
f 3429/3473/3406 3430/3474/3407 3445/3490/3423
f 3446/3491/3424 3445/3490/3423 3430/3474/3407
f 3430/3474/3407 3431/3475/3408 3446/3491/3424
f 3447/3492/3425 3446/3491/3424 3431/3475/3408
f 3431/3475/3408 3432/3476/3409 3447/3492/3425
f 3448/3493/3426 3447/3492/3425 3432/3476/3409
f 3432/3476/3409 3433/3477/3410 3448/3493/3426
f 3449/3494/3427 3448/3493/3426 3433/3477/3410
f 3433/3477/3410 3434/3478/3411 3449/3494/3427
f 3450/3495/3428 3449/3494/3427 3434/3478/3411
f 3434/3478/3411 3435/3479/3412 3450/3495/3428
f 3451/3496/3429 3450/3495/3428 3435/3479/3412
f 3435/3479/3412 3436/3480/3413 3451/3496/3429
f 3452/3497/3430 3451/3496/3429 3436/3480/3413
f 3436/3480/3413 3437/3481/3414 3452/3497/3430
f 3453/3498/3431 3452/3497/3430 3437/3481/3414
f 3437/3481/3414 3438/3482/3415 3453/3498/3431
f 3454/3499/3432 3453/3498/3431 3438/3482/3415
f 3438/3482/3415 548/3483/3416 3454/3499/3432
f 547/3500/3433 3454/3499/3432 548/3483/3416
f 3455/3501/3434 543/3159/3092 542/3161/3094
f 542/3161/3094 3439/3484/3417 3455/3501/3434
f 3456/3502/3435 3455/3501/3434 3439/3484/3417
f 3439/3484/3417 3440/3485/3418 3456/3502/3435
f 3457/3503/3436 3456/3502/3435 3440/3485/3418
f 3440/3485/3418 3441/3486/3419 3457/3503/3436
f 3458/3504/3437 3457/3503/3436 3441/3486/3419
f 3441/3486/3419 3442/3487/3420 3458/3504/3437
f 3459/3505/3438 3458/3504/3437 3442/3487/3420
f 3442/3487/3420 3443/3488/3421 3459/3505/3438
f 3460/3506/3439 3459/3505/3438 3443/3488/3421
f 3443/3488/3421 3444/3489/3422 3460/3506/3439
f 3461/3507/3440 3460/3506/3439 3444/3489/3422
f 3444/3489/3422 3445/3490/3423 3461/3507/3440
f 3462/3508/3441 3461/3507/3440 3445/3490/3423
f 3445/3490/3423 3446/3491/3424 3462/3508/3441
f 3463/3509/3442 3462/3508/3441 3446/3491/3424
f 3446/3491/3424 3447/3492/3425 3463/3509/3442
f 3464/3510/3443 3463/3509/3442 3447/3492/3425
f 3447/3492/3425 3448/3493/3426 3464/3510/3443
f 3465/3511/3444 3464/3510/3443 3448/3493/3426
f 3448/3493/3426 3449/3494/3427 3465/3511/3444
f 3466/3512/3445 3465/3511/3444 3449/3494/3427
f 3449/3494/3427 3450/3495/3428 3466/3512/3445
f 3467/3513/3446 3466/3512/3445 3450/3495/3428
f 3450/3495/3428 3451/3496/3429 3467/3513/3446
f 3468/3514/3447 3467/3513/3446 3451/3496/3429
f 3451/3496/3429 3452/3497/3430 3468/3514/3447
f 3469/3515/3448 3468/3514/3447 3452/3497/3430
f 3452/3497/3430 3453/3498/3431 3469/3515/3448
f 3470/3516/3449 3469/3515/3448 3453/3498/3431
f 3453/3498/3431 3454/3499/3432 3470/3516/3449
f 3471/3517/3450 3470/3516/3449 3454/3499/3432
f 3454/3499/3432 547/3500/3433 3471/3517/3450
f 546/3518/3451 3471/3517/3450 547/3500/3433
f 3472/3519/3452 544/3158/3091 543/3159/3092
f 543/3159/3092 3455/3501/3434 3472/3519/3452
f 3473/3520/3453 3472/3519/3452 3455/3501/3434
f 3455/3501/3434 3456/3502/3435 3473/3520/3453
f 3474/3521/3454 3473/3520/3453 3456/3502/3435
f 3456/3502/3435 3457/3503/3436 3474/3521/3454
f 3475/3522/3455 3474/3521/3454 3457/3503/3436
f 3457/3503/3436 3458/3504/3437 3475/3522/3455
f 3476/3523/3456 3475/3522/3455 3458/3504/3437
f 3458/3504/3437 3459/3505/3438 3476/3523/3456
f 3477/3524/3457 3476/3523/3456 3459/3505/3438
f 3459/3505/3438 3460/3506/3439 3477/3524/3457
f 3478/3525/3458 3477/3524/3457 3460/3506/3439
f 3460/3506/3439 3461/3507/3440 3478/3525/3458
f 3479/3526/3459 3478/3525/3458 3461/3507/3440
f 3461/3507/3440 3462/3508/3441 3479/3526/3459
f 3480/3527/3460 3479/3526/3459 3462/3508/3441
f 3462/3508/3441 3463/3509/3442 3480/3527/3460
f 3481/3528/3461 3480/3527/3460 3463/3509/3442
f 3463/3509/3442 3464/3510/3443 3481/3528/3461
f 3482/3529/3462 3481/3528/3461 3464/3510/3443
f 3464/3510/3443 3465/3511/3444 3482/3529/3462
f 3483/3530/3463 3482/3529/3462 3465/3511/3444
f 3465/3511/3444 3466/3512/3445 3483/3530/3463
f 3484/3531/3464 3483/3530/3463 3466/3512/3445
f 3466/3512/3445 3467/3513/3446 3484/3531/3464
f 3485/3532/3465 3484/3531/3464 3467/3513/3446
f 3467/3513/3446 3468/3514/3447 3485/3532/3465
f 3486/3533/3466 3485/3532/3465 3468/3514/3447
f 3468/3514/3447 3469/3515/3448 3486/3533/3466
f 3487/3534/3467 3486/3533/3466 3469/3515/3448
f 3469/3515/3448 3470/3516/3449 3487/3534/3467
f 3488/3535/3468 3487/3534/3467 3470/3516/3449
f 3470/3516/3449 3471/3517/3450 3488/3535/3468
f 3489/3536/3469 3488/3535/3468 3471/3517/3450
f 3471/3517/3450 546/3518/3451 3489/3536/3469
f 545/3537/3470 3489/3536/3469 546/3518/3451
f 297/1695/1661 8/1505/1471 544/3158/3091
f 544/3158/3091 3472/3519/3452 297/1695/1661
f 296/1694/1660 297/1695/1661 3472/3519/3452
f 3472/3519/3452 3473/3520/3453 296/1694/1660
f 295/1693/1659 296/1694/1660 3473/3520/3453
f 3473/3520/3453 3474/3521/3454 295/1693/1659
f 294/1692/1658 295/1693/1659 3474/3521/3454
f 3474/3521/3454 3475/3522/3455 294/1692/1658
f 293/1691/1657 294/1692/1658 3475/3522/3455
f 3475/3522/3455 3476/3523/3456 293/1691/1657
f 292/1690/1656 293/1691/1657 3476/3523/3456
f 3476/3523/3456 3477/3524/3457 292/1690/1656
f 291/1689/1655 292/1690/1656 3477/3524/3457
f 3477/3524/3457 3478/3525/3458 291/1689/1655
f 290/1688/1654 291/1689/1655 3478/3525/3458
f 3478/3525/3458 3479/3526/3459 290/1688/1654
f 289/1687/1653 290/1688/1654 3479/3526/3459
f 3479/3526/3459 3480/3527/3460 289/1687/1653
f 288/1686/1652 289/1687/1653 3480/3527/3460
f 3480/3527/3460 3481/3528/3461 288/1686/1652
f 287/1685/1651 288/1686/1652 3481/3528/3461
f 3481/3528/3461 3482/3529/3462 287/1685/1651
f 286/1684/1650 287/1685/1651 3482/3529/3462
f 3482/3529/3462 3483/3530/3463 286/1684/1650
f 285/1683/1649 286/1684/1650 3483/3530/3463
f 3483/3530/3463 3484/3531/3464 285/1683/1649
f 284/1682/1648 285/1683/1649 3484/3531/3464
f 3484/3531/3464 3485/3532/3465 284/1682/1648
f 283/1681/1647 284/1682/1648 3485/3532/3465
f 3485/3532/3465 3486/3533/3466 283/1681/1647
f 282/1680/1646 283/1681/1647 3486/3533/3466
f 3486/3533/3466 3487/3534/3467 282/1680/1646
f 281/1679/1645 282/1680/1646 3487/3534/3467
f 3487/3534/3467 3488/3535/3468 281/1679/1645
f 280/1678/1644 281/1679/1645 3488/3535/3468
f 3488/3535/3468 3489/3536/3469 280/1678/1644
f 279/1677/1643 280/1678/1644 3489/3536/3469
f 3489/3536/3469 545/3537/3470 279/1677/1643
f 1/233/231 279/1677/1643 545/3537/3470
f 107/425/423 392/1929/1894 3/424/422
f 3490/3538/3471 391/1932/1897 392/1929/1894
f 392/1929/1894 107/425/423 3490/3538/3471
f 106/426/424 3490/3538/3471 107/425/423
f 3491/3539/3472 390/1936/1901 391/1932/1897
f 391/1932/1897 3490/3538/3471 3491/3539/3472
f 3492/3540/3473 3491/3539/3472 3490/3538/3471
f 3490/3538/3471 106/426/424 3492/3540/3473
f 105/427/425 3492/3540/3473 106/426/424
f 3493/3541/3474 389/1941/1906 390/1936/1901
f 390/1936/1901 3491/3539/3472 3493/3541/3474
f 3494/3542/3475 3493/3541/3474 3491/3539/3472
f 3491/3539/3472 3492/3540/3473 3494/3542/3475
f 3495/3543/3476 3494/3542/3475 3492/3540/3473
f 3492/3540/3473 105/427/425 3495/3543/3476
f 104/428/426 3495/3543/3476 105/427/425
f 3496/3544/3477 388/1947/1912 389/1941/1906
f 389/1941/1906 3493/3541/3474 3496/3544/3477
f 3497/3545/3478 3496/3544/3477 3493/3541/3474
f 3493/3541/3474 3494/3542/3475 3497/3545/3478
f 3498/3546/3479 3497/3545/3478 3494/3542/3475
f 3494/3542/3475 3495/3543/3476 3498/3546/3479
f 3499/3547/3480 3498/3546/3479 3495/3543/3476
f 3495/3543/3476 104/428/426 3499/3547/3480
f 103/429/427 3499/3547/3480 104/428/426
f 3500/3548/3481 387/1954/1919 388/1947/1912
f 388/1947/1912 3496/3544/3477 3500/3548/3481
f 3501/3549/3482 3500/3548/3481 3496/3544/3477
f 3496/3544/3477 3497/3545/3478 3501/3549/3482
f 3502/3550/3483 3501/3549/3482 3497/3545/3478
f 3497/3545/3478 3498/3546/3479 3502/3550/3483
f 3503/3551/3484 3502/3550/3483 3498/3546/3479
f 3498/3546/3479 3499/3547/3480 3503/3551/3484
f 3504/3552/3485 3503/3551/3484 3499/3547/3480
f 3499/3547/3480 103/429/427 3504/3552/3485
f 102/430/428 3504/3552/3485 103/429/427
f 3505/3553/3486 386/1962/1927 387/1954/1919
f 387/1954/1919 3500/3548/3481 3505/3553/3486
f 3506/3554/3487 3505/3553/3486 3500/3548/3481
f 3500/3548/3481 3501/3549/3482 3506/3554/3487
f 3507/3555/3488 3506/3554/3487 3501/3549/3482
f 3501/3549/3482 3502/3550/3483 3507/3555/3488
f 3508/3556/3489 3507/3555/3488 3502/3550/3483
f 3502/3550/3483 3503/3551/3484 3508/3556/3489
f 3509/3557/3490 3508/3556/3489 3503/3551/3484
f 3503/3551/3484 3504/3552/3485 3509/3557/3490
f 3510/3558/3491 3509/3557/3490 3504/3552/3485
f 3504/3552/3485 102/430/428 3510/3558/3491
f 101/431/429 3510/3558/3491 102/430/428
f 3511/3559/3492 385/1971/1936 386/1962/1927
f 386/1962/1927 3505/3553/3486 3511/3559/3492
f 3512/3560/3493 3511/3559/3492 3505/3553/3486
f 3505/3553/3486 3506/3554/3487 3512/3560/3493
f 3513/3561/3494 3512/3560/3493 3506/3554/3487
f 3506/3554/3487 3507/3555/3488 3513/3561/3494
f 3514/3562/3495 3513/3561/3494 3507/3555/3488
f 3507/3555/3488 3508/3556/3489 3514/3562/3495
f 3515/3563/3496 3514/3562/3495 3508/3556/3489
f 3508/3556/3489 3509/3557/3490 3515/3563/3496
f 3516/3564/3497 3515/3563/3496 3509/3557/3490
f 3509/3557/3490 3510/3558/3491 3516/3564/3497
f 3517/3565/3498 3516/3564/3497 3510/3558/3491
f 3510/3558/3491 101/431/429 3517/3565/3498
f 100/432/430 3517/3565/3498 101/431/429
f 3518/3566/3499 384/1981/1946 385/1971/1936
f 385/1971/1936 3511/3559/3492 3518/3566/3499
f 3519/3567/3500 3518/3566/3499 3511/3559/3492
f 3511/3559/3492 3512/3560/3493 3519/3567/3500
f 3520/3568/3501 3519/3567/3500 3512/3560/3493
f 3512/3560/3493 3513/3561/3494 3520/3568/3501
f 3521/3569/3502 3520/3568/3501 3513/3561/3494
f 3513/3561/3494 3514/3562/3495 3521/3569/3502
f 3522/3570/3503 3521/3569/3502 3514/3562/3495
f 3514/3562/3495 3515/3563/3496 3522/3570/3503
f 3523/3571/3504 3522/3570/3503 3515/3563/3496
f 3515/3563/3496 3516/3564/3497 3523/3571/3504
f 3524/3572/3505 3523/3571/3504 3516/3564/3497
f 3516/3564/3497 3517/3565/3498 3524/3572/3505
f 3525/3573/3506 3524/3572/3505 3517/3565/3498
f 3517/3565/3498 100/432/430 3525/3573/3506
f 99/433/431 3525/3573/3506 100/432/430
f 3526/3574/3507 383/1992/1957 384/1981/1946
f 384/1981/1946 3518/3566/3499 3526/3574/3507
f 3527/3575/3508 3526/3574/3507 3518/3566/3499
f 3518/3566/3499 3519/3567/3500 3527/3575/3508
f 3528/3576/3509 3527/3575/3508 3519/3567/3500
f 3519/3567/3500 3520/3568/3501 3528/3576/3509
f 3529/3577/3510 3528/3576/3509 3520/3568/3501
f 3520/3568/3501 3521/3569/3502 3529/3577/3510
f 3530/3578/3511 3529/3577/3510 3521/3569/3502
f 3521/3569/3502 3522/3570/3503 3530/3578/3511
f 3531/3579/3512 3530/3578/3511 3522/3570/3503
f 3522/3570/3503 3523/3571/3504 3531/3579/3512
f 3532/3580/3513 3531/3579/3512 3523/3571/3504
f 3523/3571/3504 3524/3572/3505 3532/3580/3513
f 3533/3581/3514 3532/3580/3513 3524/3572/3505
f 3524/3572/3505 3525/3573/3506 3533/3581/3514
f 3534/3582/3515 3533/3581/3514 3525/3573/3506
f 3525/3573/3506 99/433/431 3534/3582/3515
f 98/434/432 3534/3582/3515 99/433/431
f 3535/3583/3516 382/2004/1969 383/1992/1957
f 383/1992/1957 3526/3574/3507 3535/3583/3516
f 3536/3584/3517 3535/3583/3516 3526/3574/3507
f 3526/3574/3507 3527/3575/3508 3536/3584/3517
f 3537/3585/3518 3536/3584/3517 3527/3575/3508
f 3527/3575/3508 3528/3576/3509 3537/3585/3518
f 3538/3586/3519 3537/3585/3518 3528/3576/3509
f 3528/3576/3509 3529/3577/3510 3538/3586/3519
f 3539/3587/3520 3538/3586/3519 3529/3577/3510
f 3529/3577/3510 3530/3578/3511 3539/3587/3520
f 3540/3588/3521 3539/3587/3520 3530/3578/3511
f 3530/3578/3511 3531/3579/3512 3540/3588/3521
f 3541/3589/3522 3540/3588/3521 3531/3579/3512
f 3531/3579/3512 3532/3580/3513 3541/3589/3522
f 3542/3590/3523 3541/3589/3522 3532/3580/3513
f 3532/3580/3513 3533/3581/3514 3542/3590/3523
f 3543/3591/3524 3542/3590/3523 3533/3581/3514
f 3533/3581/3514 3534/3582/3515 3543/3591/3524
f 3544/3592/3525 3543/3591/3524 3534/3582/3515
f 3534/3582/3515 98/434/432 3544/3592/3525
f 97/435/433 3544/3592/3525 98/434/432
f 3545/3593/3526 381/2017/1982 382/2004/1969
f 382/2004/1969 3535/3583/3516 3545/3593/3526
f 3546/3594/3527 3545/3593/3526 3535/3583/3516
f 3535/3583/3516 3536/3584/3517 3546/3594/3527
f 3547/3595/3528 3546/3594/3527 3536/3584/3517
f 3536/3584/3517 3537/3585/3518 3547/3595/3528
f 3548/3596/3529 3547/3595/3528 3537/3585/3518
f 3537/3585/3518 3538/3586/3519 3548/3596/3529
f 3549/3597/3530 3548/3596/3529 3538/3586/3519
f 3538/3586/3519 3539/3587/3520 3549/3597/3530
f 3550/3598/3531 3549/3597/3530 3539/3587/3520
f 3539/3587/3520 3540/3588/3521 3550/3598/3531
f 3551/3599/3532 3550/3598/3531 3540/3588/3521
f 3540/3588/3521 3541/3589/3522 3551/3599/3532
f 3552/3600/3533 3551/3599/3532 3541/3589/3522
f 3541/3589/3522 3542/3590/3523 3552/3600/3533
f 3553/3601/3534 3552/3600/3533 3542/3590/3523
f 3542/3590/3523 3543/3591/3524 3553/3601/3534
f 3554/3602/3535 3553/3601/3534 3543/3591/3524
f 3543/3591/3524 3544/3592/3525 3554/3602/3535
f 3555/3603/3536 3554/3602/3535 3544/3592/3525
f 3544/3592/3525 97/435/433 3555/3603/3536
f 96/436/434 3555/3603/3536 97/435/433
f 3556/3604/3537 380/2031/1996 381/2017/1982
f 381/2017/1982 3545/3593/3526 3556/3604/3537
f 3557/3605/3538 3556/3604/3537 3545/3593/3526
f 3545/3593/3526 3546/3594/3527 3557/3605/3538
f 3558/3606/3539 3557/3605/3538 3546/3594/3527
f 3546/3594/3527 3547/3595/3528 3558/3606/3539
f 3559/3607/3540 3558/3606/3539 3547/3595/3528
f 3547/3595/3528 3548/3596/3529 3559/3607/3540
f 3560/3608/3541 3559/3607/3540 3548/3596/3529
f 3548/3596/3529 3549/3597/3530 3560/3608/3541
f 3561/3609/3542 3560/3608/3541 3549/3597/3530
f 3549/3597/3530 3550/3598/3531 3561/3609/3542
f 3562/3610/3543 3561/3609/3542 3550/3598/3531
f 3550/3598/3531 3551/3599/3532 3562/3610/3543
f 3563/3611/3544 3562/3610/3543 3551/3599/3532
f 3551/3599/3532 3552/3600/3533 3563/3611/3544
f 3564/3612/3545 3563/3611/3544 3552/3600/3533
f 3552/3600/3533 3553/3601/3534 3564/3612/3545
f 3565/3613/3546 3564/3612/3545 3553/3601/3534
f 3553/3601/3534 3554/3602/3535 3565/3613/3546
f 3566/3614/3547 3565/3613/3546 3554/3602/3535
f 3554/3602/3535 3555/3603/3536 3566/3614/3547
f 3567/3615/3548 3566/3614/3547 3555/3603/3536
f 3555/3603/3536 96/436/434 3567/3615/3548
f 95/437/435 3567/3615/3548 96/436/434
f 3568/3616/3549 379/2046/2011 380/2031/1996
f 380/2031/1996 3556/3604/3537 3568/3616/3549
f 3569/3617/3550 3568/3616/3549 3556/3604/3537
f 3556/3604/3537 3557/3605/3538 3569/3617/3550
f 3570/3618/3551 3569/3617/3550 3557/3605/3538
f 3557/3605/3538 3558/3606/3539 3570/3618/3551
f 3571/3619/3552 3570/3618/3551 3558/3606/3539
f 3558/3606/3539 3559/3607/3540 3571/3619/3552
f 3572/3620/3553 3571/3619/3552 3559/3607/3540
f 3559/3607/3540 3560/3608/3541 3572/3620/3553
f 3573/3621/3554 3572/3620/3553 3560/3608/3541
f 3560/3608/3541 3561/3609/3542 3573/3621/3554
f 3574/3622/3555 3573/3621/3554 3561/3609/3542
f 3561/3609/3542 3562/3610/3543 3574/3622/3555
f 3575/3623/3556 3574/3622/3555 3562/3610/3543
f 3562/3610/3543 3563/3611/3544 3575/3623/3556
f 3576/3624/3557 3575/3623/3556 3563/3611/3544
f 3563/3611/3544 3564/3612/3545 3576/3624/3557
f 3577/3625/3558 3576/3624/3557 3564/3612/3545
f 3564/3612/3545 3565/3613/3546 3577/3625/3558
f 3578/3626/3559 3577/3625/3558 3565/3613/3546
f 3565/3613/3546 3566/3614/3547 3578/3626/3559
f 3579/3627/3560 3578/3626/3559 3566/3614/3547
f 3566/3614/3547 3567/3615/3548 3579/3627/3560
f 3580/3628/3561 3579/3627/3560 3567/3615/3548
f 3567/3615/3548 95/437/435 3580/3628/3561
f 94/438/436 3580/3628/3561 95/437/435
f 3581/3629/3562 378/2062/2027 379/2046/2011
f 379/2046/2011 3568/3616/3549 3581/3629/3562
f 3582/3630/3563 3581/3629/3562 3568/3616/3549
f 3568/3616/3549 3569/3617/3550 3582/3630/3563
f 3583/3631/3564 3582/3630/3563 3569/3617/3550
f 3569/3617/3550 3570/3618/3551 3583/3631/3564
f 3584/3632/3565 3583/3631/3564 3570/3618/3551
f 3570/3618/3551 3571/3619/3552 3584/3632/3565
f 3585/3633/3566 3584/3632/3565 3571/3619/3552
f 3571/3619/3552 3572/3620/3553 3585/3633/3566
f 3586/3634/3567 3585/3633/3566 3572/3620/3553
f 3572/3620/3553 3573/3621/3554 3586/3634/3567
f 3587/3635/3568 3586/3634/3567 3573/3621/3554
f 3573/3621/3554 3574/3622/3555 3587/3635/3568
f 3588/3636/3569 3587/3635/3568 3574/3622/3555
f 3574/3622/3555 3575/3623/3556 3588/3636/3569
f 3589/3637/3570 3588/3636/3569 3575/3623/3556
f 3575/3623/3556 3576/3624/3557 3589/3637/3570
f 3590/3638/3571 3589/3637/3570 3576/3624/3557
f 3576/3624/3557 3577/3625/3558 3590/3638/3571
f 3591/3639/3572 3590/3638/3571 3577/3625/3558
f 3577/3625/3558 3578/3626/3559 3591/3639/3572
f 3592/3640/3573 3591/3639/3572 3578/3626/3559
f 3578/3626/3559 3579/3627/3560 3592/3640/3573
f 3593/3641/3574 3592/3640/3573 3579/3627/3560
f 3579/3627/3560 3580/3628/3561 3593/3641/3574
f 3594/3642/3575 3593/3641/3574 3580/3628/3561
f 3580/3628/3561 94/438/436 3594/3642/3575
f 93/439/437 3594/3642/3575 94/438/436
f 3595/3643/3576 377/2079/2044 378/2062/2027
f 378/2062/2027 3581/3629/3562 3595/3643/3576
f 3596/3644/3577 3595/3643/3576 3581/3629/3562
f 3581/3629/3562 3582/3630/3563 3596/3644/3577
f 3597/3645/3578 3596/3644/3577 3582/3630/3563
f 3582/3630/3563 3583/3631/3564 3597/3645/3578
f 3598/3646/3579 3597/3645/3578 3583/3631/3564
f 3583/3631/3564 3584/3632/3565 3598/3646/3579
f 3599/3647/3580 3598/3646/3579 3584/3632/3565
f 3584/3632/3565 3585/3633/3566 3599/3647/3580
f 3600/3648/3581 3599/3647/3580 3585/3633/3566
f 3585/3633/3566 3586/3634/3567 3600/3648/3581
f 3601/3649/3582 3600/3648/3581 3586/3634/3567
f 3586/3634/3567 3587/3635/3568 3601/3649/3582
f 3602/3650/3583 3601/3649/3582 3587/3635/3568
f 3587/3635/3568 3588/3636/3569 3602/3650/3583
f 3603/3651/3584 3602/3650/3583 3588/3636/3569
f 3588/3636/3569 3589/3637/3570 3603/3651/3584
f 3604/3652/3585 3603/3651/3584 3589/3637/3570
f 3589/3637/3570 3590/3638/3571 3604/3652/3585
f 3605/3653/3586 3604/3652/3585 3590/3638/3571
f 3590/3638/3571 3591/3639/3572 3605/3653/3586
f 3606/3654/3587 3605/3653/3586 3591/3639/3572
f 3591/3639/3572 3592/3640/3573 3606/3654/3587
f 3607/3655/3588 3606/3654/3587 3592/3640/3573
f 3592/3640/3573 3593/3641/3574 3607/3655/3588
f 3608/3656/3589 3607/3655/3588 3593/3641/3574
f 3593/3641/3574 3594/3642/3575 3608/3656/3589
f 3609/3657/3590 3608/3656/3589 3594/3642/3575
f 3594/3642/3575 93/439/437 3609/3657/3590
f 92/440/438 3609/3657/3590 93/439/437
f 3610/3658/3591 376/2097/2062 377/2079/2044
f 377/2079/2044 3595/3643/3576 3610/3658/3591
f 3611/3659/3592 3610/3658/3591 3595/3643/3576
f 3595/3643/3576 3596/3644/3577 3611/3659/3592
f 3612/3660/3593 3611/3659/3592 3596/3644/3577
f 3596/3644/3577 3597/3645/3578 3612/3660/3593
f 3613/3661/3594 3612/3660/3593 3597/3645/3578
f 3597/3645/3578 3598/3646/3579 3613/3661/3594
f 3614/3662/3595 3613/3661/3594 3598/3646/3579
f 3598/3646/3579 3599/3647/3580 3614/3662/3595
f 3615/3663/3596 3614/3662/3595 3599/3647/3580
f 3599/3647/3580 3600/3648/3581 3615/3663/3596
f 3616/3664/3597 3615/3663/3596 3600/3648/3581
f 3600/3648/3581 3601/3649/3582 3616/3664/3597
f 3617/3665/3598 3616/3664/3597 3601/3649/3582
f 3601/3649/3582 3602/3650/3583 3617/3665/3598
f 3618/3666/3599 3617/3665/3598 3602/3650/3583
f 3602/3650/3583 3603/3651/3584 3618/3666/3599
f 3619/3667/3600 3618/3666/3599 3603/3651/3584
f 3603/3651/3584 3604/3652/3585 3619/3667/3600
f 3620/3668/3601 3619/3667/3600 3604/3652/3585
f 3604/3652/3585 3605/3653/3586 3620/3668/3601
f 3621/3669/3602 3620/3668/3601 3605/3653/3586
f 3605/3653/3586 3606/3654/3587 3621/3669/3602
f 3622/3670/3603 3621/3669/3602 3606/3654/3587
f 3606/3654/3587 3607/3655/3588 3622/3670/3603
f 3623/3671/3604 3622/3670/3603 3607/3655/3588
f 3607/3655/3588 3608/3656/3589 3623/3671/3604
f 3624/3672/3605 3623/3671/3604 3608/3656/3589
f 3608/3656/3589 3609/3657/3590 3624/3672/3605
f 3625/3673/3606 3624/3672/3605 3609/3657/3590
f 3609/3657/3590 92/440/438 3625/3673/3606
f 91/441/439 3625/3673/3606 92/440/438
f 3626/3674/3607 375/2116/2081 376/2097/2062
f 376/2097/2062 3610/3658/3591 3626/3674/3607
f 3627/3675/3608 3626/3674/3607 3610/3658/3591
f 3610/3658/3591 3611/3659/3592 3627/3675/3608
f 3628/3676/3609 3627/3675/3608 3611/3659/3592
f 3611/3659/3592 3612/3660/3593 3628/3676/3609
f 3629/3677/3610 3628/3676/3609 3612/3660/3593
f 3612/3660/3593 3613/3661/3594 3629/3677/3610
f 3630/3678/3611 3629/3677/3610 3613/3661/3594
f 3613/3661/3594 3614/3662/3595 3630/3678/3611
f 3631/3679/3612 3630/3678/3611 3614/3662/3595
f 3614/3662/3595 3615/3663/3596 3631/3679/3612
f 3632/3680/3613 3631/3679/3612 3615/3663/3596
f 3615/3663/3596 3616/3664/3597 3632/3680/3613
f 3633/3681/3614 3632/3680/3613 3616/3664/3597
f 3616/3664/3597 3617/3665/3598 3633/3681/3614
f 3634/3682/3615 3633/3681/3614 3617/3665/3598
f 3617/3665/3598 3618/3666/3599 3634/3682/3615
f 3635/3683/3616 3634/3682/3615 3618/3666/3599
f 3618/3666/3599 3619/3667/3600 3635/3683/3616
f 3636/3684/3617 3635/3683/3616 3619/3667/3600
f 3619/3667/3600 3620/3668/3601 3636/3684/3617
f 3637/3685/3618 3636/3684/3617 3620/3668/3601
f 3620/3668/3601 3621/3669/3602 3637/3685/3618
f 3638/3686/3619 3637/3685/3618 3621/3669/3602
f 3621/3669/3602 3622/3670/3603 3638/3686/3619
f 3639/3687/3620 3638/3686/3619 3622/3670/3603
f 3622/3670/3603 3623/3671/3604 3639/3687/3620
f 3640/3688/3621 3639/3687/3620 3623/3671/3604
f 3623/3671/3604 3624/3672/3605 3640/3688/3621
f 3641/3689/3622 3640/3688/3621 3624/3672/3605
f 3624/3672/3605 3625/3673/3606 3641/3689/3622
f 3642/3690/3623 3641/3689/3622 3625/3673/3606
f 3625/3673/3606 91/441/439 3642/3690/3623
f 90/442/440 3642/3690/3623 91/441/439
f 3643/3691/3624 374/2136/2101 375/2116/2081
f 375/2116/2081 3626/3674/3607 3643/3691/3624
f 3644/3692/3625 3643/3691/3624 3626/3674/3607
f 3626/3674/3607 3627/3675/3608 3644/3692/3625
f 3645/3693/3626 3644/3692/3625 3627/3675/3608
f 3627/3675/3608 3628/3676/3609 3645/3693/3626
f 3646/3694/3627 3645/3693/3626 3628/3676/3609
f 3628/3676/3609 3629/3677/3610 3646/3694/3627
f 3647/3695/3628 3646/3694/3627 3629/3677/3610
f 3629/3677/3610 3630/3678/3611 3647/3695/3628
f 3648/3696/3629 3647/3695/3628 3630/3678/3611
f 3630/3678/3611 3631/3679/3612 3648/3696/3629
f 3649/3697/3630 3648/3696/3629 3631/3679/3612
f 3631/3679/3612 3632/3680/3613 3649/3697/3630
f 3650/3698/3631 3649/3697/3630 3632/3680/3613
f 3632/3680/3613 3633/3681/3614 3650/3698/3631
f 3651/3699/3632 3650/3698/3631 3633/3681/3614
f 3633/3681/3614 3634/3682/3615 3651/3699/3632
f 3652/3700/3633 3651/3699/3632 3634/3682/3615
f 3634/3682/3615 3635/3683/3616 3652/3700/3633
f 3653/3701/3634 3652/3700/3633 3635/3683/3616
f 3635/3683/3616 3636/3684/3617 3653/3701/3634
f 3654/3702/3635 3653/3701/3634 3636/3684/3617
f 3636/3684/3617 3637/3685/3618 3654/3702/3635
f 3655/3703/3636 3654/3702/3635 3637/3685/3618
f 3637/3685/3618 3638/3686/3619 3655/3703/3636
f 3656/3704/3637 3655/3703/3636 3638/3686/3619
f 3638/3686/3619 3639/3687/3620 3656/3704/3637
f 3657/3705/3638 3656/3704/3637 3639/3687/3620
f 3639/3687/3620 3640/3688/3621 3657/3705/3638
f 3658/3706/3639 3657/3705/3638 3640/3688/3621
f 3640/3688/3621 3641/3689/3622 3658/3706/3639
f 3659/3707/3640 3658/3706/3639 3641/3689/3622
f 3641/3689/3622 3642/3690/3623 3659/3707/3640
f 3660/3708/3641 3659/3707/3640 3642/3690/3623
f 3642/3690/3623 90/442/440 3660/3708/3641
f 89/443/441 3660/3708/3641 90/442/440
f 563/3348/3281 2/1927/1892 374/2136/2101
f 374/2136/2101 3643/3691/3624 563/3348/3281
f 562/3350/3283 563/3348/3281 3643/3691/3624
f 3643/3691/3624 3644/3692/3625 562/3350/3283
f 561/3353/3286 562/3350/3283 3644/3692/3625
f 3644/3692/3625 3645/3693/3626 561/3353/3286
f 560/3357/3290 561/3353/3286 3645/3693/3626
f 3645/3693/3626 3646/3694/3627 560/3357/3290
f 559/3362/3295 560/3357/3290 3646/3694/3627
f 3646/3694/3627 3647/3695/3628 559/3362/3295
f 558/3368/3301 559/3362/3295 3647/3695/3628
f 3647/3695/3628 3648/3696/3629 558/3368/3301
f 557/3375/3308 558/3368/3301 3648/3696/3629
f 3648/3696/3629 3649/3697/3630 557/3375/3308
f 556/3383/3316 557/3375/3308 3649/3697/3630
f 3649/3697/3630 3650/3698/3631 556/3383/3316
f 555/3392/3325 556/3383/3316 3650/3698/3631
f 3650/3698/3631 3651/3699/3632 555/3392/3325
f 554/3402/3335 555/3392/3325 3651/3699/3632
f 3651/3699/3632 3652/3700/3633 554/3402/3335
f 553/3413/3346 554/3402/3335 3652/3700/3633
f 3652/3700/3633 3653/3701/3634 553/3413/3346
f 552/3425/3358 553/3413/3346 3653/3701/3634
f 3653/3701/3634 3654/3702/3635 552/3425/3358
f 551/3438/3371 552/3425/3358 3654/3702/3635
f 3654/3702/3635 3655/3703/3636 551/3438/3371
f 550/3452/3385 551/3438/3371 3655/3703/3636
f 3655/3703/3636 3656/3704/3637 550/3452/3385
f 549/3467/3400 550/3452/3385 3656/3704/3637
f 3656/3704/3637 3657/3705/3638 549/3467/3400
f 548/3483/3416 549/3467/3400 3657/3705/3638
f 3657/3705/3638 3658/3706/3639 548/3483/3416
f 547/3500/3433 548/3483/3416 3658/3706/3639
f 3658/3706/3639 3659/3707/3640 547/3500/3433
f 546/3518/3451 547/3500/3433 3659/3707/3640
f 3659/3707/3640 3660/3708/3641 546/3518/3451
f 545/3537/3470 546/3518/3451 3660/3708/3641
f 3660/3708/3641 89/443/441 545/3537/3470
f 1/233/231 545/3537/3470 89/443/441
f 183/866/843 564/3709/3642 5/865/842
f 3661/3711/3644 565/3710/3643 564/3709/3642
f 564/3709/3642 183/866/843 3661/3711/3644
f 182/867/844 3661/3711/3644 183/866/843
f 3662/3713/3646 566/3712/3645 565/3710/3643
f 565/3710/3643 3661/3711/3644 3662/3713/3646
f 3663/3714/3647 3662/3713/3646 3661/3711/3644
f 3661/3711/3644 182/867/844 3663/3714/3647
f 181/868/845 3663/3714/3647 182/867/844
f 3664/3716/3649 567/3715/3648 566/3712/3645
f 566/3712/3645 3662/3713/3646 3664/3716/3649
f 3665/3717/3650 3664/3716/3649 3662/3713/3646
f 3662/3713/3646 3663/3714/3647 3665/3717/3650
f 3666/3718/3651 3665/3717/3650 3663/3714/3647
f 3663/3714/3647 181/868/845 3666/3718/3651
f 180/869/846 3666/3718/3651 181/868/845
f 3667/3720/3653 568/3719/3652 567/3715/3648
f 567/3715/3648 3664/3716/3649 3667/3720/3653
f 3668/3721/3654 3667/3720/3653 3664/3716/3649
f 3664/3716/3649 3665/3717/3650 3668/3721/3654
f 3669/3722/3655 3668/3721/3654 3665/3717/3650
f 3665/3717/3650 3666/3718/3651 3669/3722/3655
f 3670/3723/3656 3669/3722/3655 3666/3718/3651
f 3666/3718/3651 180/869/846 3670/3723/3656
f 179/870/847 3670/3723/3656 180/869/846
f 3671/3725/3658 569/3724/3657 568/3719/3652
f 568/3719/3652 3667/3720/3653 3671/3725/3658
f 3672/3726/3659 3671/3725/3658 3667/3720/3653
f 3667/3720/3653 3668/3721/3654 3672/3726/3659
f 3673/3727/3660 3672/3726/3659 3668/3721/3654
f 3668/3721/3654 3669/3722/3655 3673/3727/3660
f 3674/3728/3661 3673/3727/3660 3669/3722/3655
f 3669/3722/3655 3670/3723/3656 3674/3728/3661
f 3675/3729/3662 3674/3728/3661 3670/3723/3656
f 3670/3723/3656 179/870/847 3675/3729/3662
f 178/871/848 3675/3729/3662 179/870/847
f 3676/3731/3664 570/3730/3663 569/3724/3657
f 569/3724/3657 3671/3725/3658 3676/3731/3664
f 3677/3732/3665 3676/3731/3664 3671/3725/3658
f 3671/3725/3658 3672/3726/3659 3677/3732/3665
f 3678/3733/3666 3677/3732/3665 3672/3726/3659
f 3672/3726/3659 3673/3727/3660 3678/3733/3666
f 3679/3734/3667 3678/3733/3666 3673/3727/3660
f 3673/3727/3660 3674/3728/3661 3679/3734/3667
f 3680/3735/3668 3679/3734/3667 3674/3728/3661
f 3674/3728/3661 3675/3729/3662 3680/3735/3668
f 3681/3736/3669 3680/3735/3668 3675/3729/3662
f 3675/3729/3662 178/871/848 3681/3736/3669
f 177/872/849 3681/3736/3669 178/871/848
f 3682/3738/3671 571/3737/3670 570/3730/3663
f 570/3730/3663 3676/3731/3664 3682/3738/3671
f 3683/3739/3672 3682/3738/3671 3676/3731/3664
f 3676/3731/3664 3677/3732/3665 3683/3739/3672
f 3684/3740/3673 3683/3739/3672 3677/3732/3665
f 3677/3732/3665 3678/3733/3666 3684/3740/3673
f 3685/3741/3674 3684/3740/3673 3678/3733/3666
f 3678/3733/3666 3679/3734/3667 3685/3741/3674
f 3686/3742/3675 3685/3741/3674 3679/3734/3667
f 3679/3734/3667 3680/3735/3668 3686/3742/3675
f 3687/3743/3676 3686/3742/3675 3680/3735/3668
f 3680/3735/3668 3681/3736/3669 3687/3743/3676
f 3688/3744/3677 3687/3743/3676 3681/3736/3669
f 3681/3736/3669 177/872/849 3688/3744/3677
f 176/873/850 3688/3744/3677 177/872/849
f 3689/3746/3679 572/3745/3678 571/3737/3670
f 571/3737/3670 3682/3738/3671 3689/3746/3679
f 3690/3747/3680 3689/3746/3679 3682/3738/3671
f 3682/3738/3671 3683/3739/3672 3690/3747/3680
f 3691/3748/3681 3690/3747/3680 3683/3739/3672
f 3683/3739/3672 3684/3740/3673 3691/3748/3681
f 3692/3749/3682 3691/3748/3681 3684/3740/3673
f 3684/3740/3673 3685/3741/3674 3692/3749/3682
f 3693/3750/3683 3692/3749/3682 3685/3741/3674
f 3685/3741/3674 3686/3742/3675 3693/3750/3683
f 3694/3751/3684 3693/3750/3683 3686/3742/3675
f 3686/3742/3675 3687/3743/3676 3694/3751/3684
f 3695/3752/3685 3694/3751/3684 3687/3743/3676
f 3687/3743/3676 3688/3744/3677 3695/3752/3685
f 3696/3753/3686 3695/3752/3685 3688/3744/3677
f 3688/3744/3677 176/873/850 3696/3753/3686
f 175/874/851 3696/3753/3686 176/873/850
f 3697/3755/3688 573/3754/3687 572/3745/3678
f 572/3745/3678 3689/3746/3679 3697/3755/3688
f 3698/3756/3689 3697/3755/3688 3689/3746/3679
f 3689/3746/3679 3690/3747/3680 3698/3756/3689
f 3699/3757/3690 3698/3756/3689 3690/3747/3680
f 3690/3747/3680 3691/3748/3681 3699/3757/3690
f 3700/3758/3691 3699/3757/3690 3691/3748/3681
f 3691/3748/3681 3692/3749/3682 3700/3758/3691
f 3701/3759/3692 3700/3758/3691 3692/3749/3682
f 3692/3749/3682 3693/3750/3683 3701/3759/3692
f 3702/3760/3693 3701/3759/3692 3693/3750/3683
f 3693/3750/3683 3694/3751/3684 3702/3760/3693
f 3703/3761/3694 3702/3760/3693 3694/3751/3684
f 3694/3751/3684 3695/3752/3685 3703/3761/3694
f 3704/3762/3695 3703/3761/3694 3695/3752/3685
f 3695/3752/3685 3696/3753/3686 3704/3762/3695
f 3705/3763/3696 3704/3762/3695 3696/3753/3686
f 3696/3753/3686 175/874/851 3705/3763/3696
f 174/875/852 3705/3763/3696 175/874/851
f 3706/3765/3698 574/3764/3697 573/3754/3687
f 573/3754/3687 3697/3755/3688 3706/3765/3698
f 3707/3766/3699 3706/3765/3698 3697/3755/3688
f 3697/3755/3688 3698/3756/3689 3707/3766/3699
f 3708/3767/3700 3707/3766/3699 3698/3756/3689
f 3698/3756/3689 3699/3757/3690 3708/3767/3700
f 3709/3768/3701 3708/3767/3700 3699/3757/3690
f 3699/3757/3690 3700/3758/3691 3709/3768/3701
f 3710/3769/3702 3709/3768/3701 3700/3758/3691
f 3700/3758/3691 3701/3759/3692 3710/3769/3702
f 3711/3770/3703 3710/3769/3702 3701/3759/3692
f 3701/3759/3692 3702/3760/3693 3711/3770/3703
f 3712/3771/3704 3711/3770/3703 3702/3760/3693
f 3702/3760/3693 3703/3761/3694 3712/3771/3704
f 3713/3772/3705 3712/3771/3704 3703/3761/3694
f 3703/3761/3694 3704/3762/3695 3713/3772/3705
f 3714/3773/3706 3713/3772/3705 3704/3762/3695
f 3704/3762/3695 3705/3763/3696 3714/3773/3706
f 3715/3774/3707 3714/3773/3706 3705/3763/3696
f 3705/3763/3696 174/875/852 3715/3774/3707
f 173/876/853 3715/3774/3707 174/875/852
f 3716/3776/3709 575/3775/3708 574/3764/3697
f 574/3764/3697 3706/3765/3698 3716/3776/3709
f 3717/3777/3710 3716/3776/3709 3706/3765/3698
f 3706/3765/3698 3707/3766/3699 3717/3777/3710
f 3718/3778/3711 3717/3777/3710 3707/3766/3699
f 3707/3766/3699 3708/3767/3700 3718/3778/3711
f 3719/3779/3712 3718/3778/3711 3708/3767/3700
f 3708/3767/3700 3709/3768/3701 3719/3779/3712
f 3720/3780/3713 3719/3779/3712 3709/3768/3701
f 3709/3768/3701 3710/3769/3702 3720/3780/3713
f 3721/3781/3714 3720/3780/3713 3710/3769/3702
f 3710/3769/3702 3711/3770/3703 3721/3781/3714
f 3722/3782/3715 3721/3781/3714 3711/3770/3703
f 3711/3770/3703 3712/3771/3704 3722/3782/3715
f 3723/3783/3716 3722/3782/3715 3712/3771/3704
f 3712/3771/3704 3713/3772/3705 3723/3783/3716
f 3724/3784/3717 3723/3783/3716 3713/3772/3705
f 3713/3772/3705 3714/3773/3706 3724/3784/3717
f 3725/3785/3718 3724/3784/3717 3714/3773/3706
f 3714/3773/3706 3715/3774/3707 3725/3785/3718
f 3726/3786/3719 3725/3785/3718 3715/3774/3707
f 3715/3774/3707 173/876/853 3726/3786/3719
f 172/877/854 3726/3786/3719 173/876/853
f 3727/3788/3721 576/3787/3720 575/3775/3708
f 575/3775/3708 3716/3776/3709 3727/3788/3721
f 3728/3789/3722 3727/3788/3721 3716/3776/3709
f 3716/3776/3709 3717/3777/3710 3728/3789/3722
f 3729/3790/3723 3728/3789/3722 3717/3777/3710
f 3717/3777/3710 3718/3778/3711 3729/3790/3723
f 3730/3791/3724 3729/3790/3723 3718/3778/3711
f 3718/3778/3711 3719/3779/3712 3730/3791/3724
f 3731/3792/3725 3730/3791/3724 3719/3779/3712
f 3719/3779/3712 3720/3780/3713 3731/3792/3725
f 3732/3793/3726 3731/3792/3725 3720/3780/3713
f 3720/3780/3713 3721/3781/3714 3732/3793/3726
f 3733/3794/3727 3732/3793/3726 3721/3781/3714
f 3721/3781/3714 3722/3782/3715 3733/3794/3727
f 3734/3795/3728 3733/3794/3727 3722/3782/3715
f 3722/3782/3715 3723/3783/3716 3734/3795/3728
f 3735/3796/3729 3734/3795/3728 3723/3783/3716
f 3723/3783/3716 3724/3784/3717 3735/3796/3729
f 3736/3797/3730 3735/3796/3729 3724/3784/3717
f 3724/3784/3717 3725/3785/3718 3736/3797/3730
f 3737/3798/3731 3736/3797/3730 3725/3785/3718
f 3725/3785/3718 3726/3786/3719 3737/3798/3731
f 3738/3799/3732 3737/3798/3731 3726/3786/3719
f 3726/3786/3719 172/877/854 3738/3799/3732
f 171/878/855 3738/3799/3732 172/877/854
f 3739/3801/3734 577/3800/3733 576/3787/3720
f 576/3787/3720 3727/3788/3721 3739/3801/3734
f 3740/3802/3735 3739/3801/3734 3727/3788/3721
f 3727/3788/3721 3728/3789/3722 3740/3802/3735
f 3741/3803/3736 3740/3802/3735 3728/3789/3722
f 3728/3789/3722 3729/3790/3723 3741/3803/3736
f 3742/3804/3737 3741/3803/3736 3729/3790/3723
f 3729/3790/3723 3730/3791/3724 3742/3804/3737
f 3743/3805/3738 3742/3804/3737 3730/3791/3724
f 3730/3791/3724 3731/3792/3725 3743/3805/3738
f 3744/3806/3739 3743/3805/3738 3731/3792/3725
f 3731/3792/3725 3732/3793/3726 3744/3806/3739
f 3745/3807/3740 3744/3806/3739 3732/3793/3726
f 3732/3793/3726 3733/3794/3727 3745/3807/3740
f 3746/3808/3741 3745/3807/3740 3733/3794/3727
f 3733/3794/3727 3734/3795/3728 3746/3808/3741
f 3747/3809/3742 3746/3808/3741 3734/3795/3728
f 3734/3795/3728 3735/3796/3729 3747/3809/3742
f 3748/3810/3743 3747/3809/3742 3735/3796/3729
f 3735/3796/3729 3736/3797/3730 3748/3810/3743
f 3749/3811/3744 3748/3810/3743 3736/3797/3730
f 3736/3797/3730 3737/3798/3731 3749/3811/3744
f 3750/3812/3745 3749/3811/3744 3737/3798/3731
f 3737/3798/3731 3738/3799/3732 3750/3812/3745
f 3751/3813/3746 3750/3812/3745 3738/3799/3732
f 3738/3799/3732 171/878/855 3751/3813/3746
f 170/879/856 3751/3813/3746 171/878/855
f 3752/3815/3748 578/3814/3747 577/3800/3733
f 577/3800/3733 3739/3801/3734 3752/3815/3748
f 3753/3816/3749 3752/3815/3748 3739/3801/3734
f 3739/3801/3734 3740/3802/3735 3753/3816/3749
f 3754/3817/3750 3753/3816/3749 3740/3802/3735
f 3740/3802/3735 3741/3803/3736 3754/3817/3750
f 3755/3818/3751 3754/3817/3750 3741/3803/3736
f 3741/3803/3736 3742/3804/3737 3755/3818/3751
f 3756/3819/3752 3755/3818/3751 3742/3804/3737
f 3742/3804/3737 3743/3805/3738 3756/3819/3752
f 3757/3820/3753 3756/3819/3752 3743/3805/3738
f 3743/3805/3738 3744/3806/3739 3757/3820/3753
f 3758/3821/3754 3757/3820/3753 3744/3806/3739
f 3744/3806/3739 3745/3807/3740 3758/3821/3754
f 3759/3822/3755 3758/3821/3754 3745/3807/3740
f 3745/3807/3740 3746/3808/3741 3759/3822/3755
f 3760/3823/3756 3759/3822/3755 3746/3808/3741
f 3746/3808/3741 3747/3809/3742 3760/3823/3756
f 3761/3824/3757 3760/3823/3756 3747/3809/3742
f 3747/3809/3742 3748/3810/3743 3761/3824/3757
f 3762/3825/3758 3761/3824/3757 3748/3810/3743
f 3748/3810/3743 3749/3811/3744 3762/3825/3758
f 3763/3826/3759 3762/3825/3758 3749/3811/3744
f 3749/3811/3744 3750/3812/3745 3763/3826/3759
f 3764/3827/3760 3763/3826/3759 3750/3812/3745
f 3750/3812/3745 3751/3813/3746 3764/3827/3760
f 3765/3828/3761 3764/3827/3760 3751/3813/3746
f 3751/3813/3746 170/879/856 3765/3828/3761
f 169/880/857 3765/3828/3761 170/879/856
f 3766/3830/3763 579/3829/3762 578/3814/3747
f 578/3814/3747 3752/3815/3748 3766/3830/3763
f 3767/3831/3764 3766/3830/3763 3752/3815/3748
f 3752/3815/3748 3753/3816/3749 3767/3831/3764
f 3768/3832/3765 3767/3831/3764 3753/3816/3749
f 3753/3816/3749 3754/3817/3750 3768/3832/3765
f 3769/3833/3766 3768/3832/3765 3754/3817/3750
f 3754/3817/3750 3755/3818/3751 3769/3833/3766
f 3770/3834/3767 3769/3833/3766 3755/3818/3751
f 3755/3818/3751 3756/3819/3752 3770/3834/3767
f 3771/3835/3768 3770/3834/3767 3756/3819/3752
f 3756/3819/3752 3757/3820/3753 3771/3835/3768
f 3772/3836/3769 3771/3835/3768 3757/3820/3753
f 3757/3820/3753 3758/3821/3754 3772/3836/3769
f 3773/3837/3770 3772/3836/3769 3758/3821/3754
f 3758/3821/3754 3759/3822/3755 3773/3837/3770
f 3774/3838/3771 3773/3837/3770 3759/3822/3755
f 3759/3822/3755 3760/3823/3756 3774/3838/3771
f 3775/3839/3772 3774/3838/3771 3760/3823/3756
f 3760/3823/3756 3761/3824/3757 3775/3839/3772
f 3776/3840/3773 3775/3839/3772 3761/3824/3757
f 3761/3824/3757 3762/3825/3758 3776/3840/3773
f 3777/3841/3774 3776/3840/3773 3762/3825/3758
f 3762/3825/3758 3763/3826/3759 3777/3841/3774
f 3778/3842/3775 3777/3841/3774 3763/3826/3759
f 3763/3826/3759 3764/3827/3760 3778/3842/3775
f 3779/3843/3776 3778/3842/3775 3764/3827/3760
f 3764/3827/3760 3765/3828/3761 3779/3843/3776
f 3780/3844/3777 3779/3843/3776 3765/3828/3761
f 3765/3828/3761 169/880/857 3780/3844/3777
f 168/881/858 3780/3844/3777 169/880/857
f 3781/3846/3779 580/3845/3778 579/3829/3762
f 579/3829/3762 3766/3830/3763 3781/3846/3779
f 3782/3847/3780 3781/3846/3779 3766/3830/3763
f 3766/3830/3763 3767/3831/3764 3782/3847/3780
f 3783/3848/3781 3782/3847/3780 3767/3831/3764
f 3767/3831/3764 3768/3832/3765 3783/3848/3781
f 3784/3849/3782 3783/3848/3781 3768/3832/3765
f 3768/3832/3765 3769/3833/3766 3784/3849/3782
f 3785/3850/3783 3784/3849/3782 3769/3833/3766
f 3769/3833/3766 3770/3834/3767 3785/3850/3783
f 3786/3851/3784 3785/3850/3783 3770/3834/3767
f 3770/3834/3767 3771/3835/3768 3786/3851/3784
f 3787/3852/3785 3786/3851/3784 3771/3835/3768
f 3771/3835/3768 3772/3836/3769 3787/3852/3785
f 3788/3853/3786 3787/3852/3785 3772/3836/3769
f 3772/3836/3769 3773/3837/3770 3788/3853/3786
f 3789/3854/3787 3788/3853/3786 3773/3837/3770
f 3773/3837/3770 3774/3838/3771 3789/3854/3787
f 3790/3855/3788 3789/3854/3787 3774/3838/3771
f 3774/3838/3771 3775/3839/3772 3790/3855/3788
f 3791/3856/3789 3790/3855/3788 3775/3839/3772
f 3775/3839/3772 3776/3840/3773 3791/3856/3789
f 3792/3857/3790 3791/3856/3789 3776/3840/3773
f 3776/3840/3773 3777/3841/3774 3792/3857/3790
f 3793/3858/3791 3792/3857/3790 3777/3841/3774
f 3777/3841/3774 3778/3842/3775 3793/3858/3791
f 3794/3859/3792 3793/3858/3791 3778/3842/3775
f 3778/3842/3775 3779/3843/3776 3794/3859/3792
f 3795/3860/3793 3794/3859/3792 3779/3843/3776
f 3779/3843/3776 3780/3844/3777 3795/3860/3793
f 3796/3861/3794 3795/3860/3793 3780/3844/3777
f 3780/3844/3777 168/881/858 3796/3861/3794
f 167/882/859 3796/3861/3794 168/881/858
f 3797/3863/3796 581/3862/3795 580/3845/3778
f 580/3845/3778 3781/3846/3779 3797/3863/3796
f 3798/3864/3797 3797/3863/3796 3781/3846/3779
f 3781/3846/3779 3782/3847/3780 3798/3864/3797
f 3799/3865/3798 3798/3864/3797 3782/3847/3780
f 3782/3847/3780 3783/3848/3781 3799/3865/3798
f 3800/3866/3799 3799/3865/3798 3783/3848/3781
f 3783/3848/3781 3784/3849/3782 3800/3866/3799
f 3801/3867/3800 3800/3866/3799 3784/3849/3782
f 3784/3849/3782 3785/3850/3783 3801/3867/3800
f 3802/3868/3801 3801/3867/3800 3785/3850/3783
f 3785/3850/3783 3786/3851/3784 3802/3868/3801
f 3803/3869/3802 3802/3868/3801 3786/3851/3784
f 3786/3851/3784 3787/3852/3785 3803/3869/3802
f 3804/3870/3803 3803/3869/3802 3787/3852/3785
f 3787/3852/3785 3788/3853/3786 3804/3870/3803
f 3805/3871/3804 3804/3870/3803 3788/3853/3786
f 3788/3853/3786 3789/3854/3787 3805/3871/3804
f 3806/3872/3805 3805/3871/3804 3789/3854/3787
f 3789/3854/3787 3790/3855/3788 3806/3872/3805
f 3807/3873/3806 3806/3872/3805 3790/3855/3788
f 3790/3855/3788 3791/3856/3789 3807/3873/3806
f 3808/3874/3807 3807/3873/3806 3791/3856/3789
f 3791/3856/3789 3792/3857/3790 3808/3874/3807
f 3809/3875/3808 3808/3874/3807 3792/3857/3790
f 3792/3857/3790 3793/3858/3791 3809/3875/3808
f 3810/3876/3809 3809/3875/3808 3793/3858/3791
f 3793/3858/3791 3794/3859/3792 3810/3876/3809
f 3811/3877/3810 3810/3876/3809 3794/3859/3792
f 3794/3859/3792 3795/3860/3793 3811/3877/3810
f 3812/3878/3811 3811/3877/3810 3795/3860/3793
f 3795/3860/3793 3796/3861/3794 3812/3878/3811
f 3813/3879/3812 3812/3878/3811 3796/3861/3794
f 3796/3861/3794 167/882/859 3813/3879/3812
f 166/883/860 3813/3879/3812 167/882/859
f 3814/3881/3814 582/3880/3813 581/3862/3795
f 581/3862/3795 3797/3863/3796 3814/3881/3814
f 3815/3882/3815 3814/3881/3814 3797/3863/3796
f 3797/3863/3796 3798/3864/3797 3815/3882/3815
f 3816/3883/3816 3815/3882/3815 3798/3864/3797
f 3798/3864/3797 3799/3865/3798 3816/3883/3816
f 3817/3884/3817 3816/3883/3816 3799/3865/3798
f 3799/3865/3798 3800/3866/3799 3817/3884/3817
f 3818/3885/3818 3817/3884/3817 3800/3866/3799
f 3800/3866/3799 3801/3867/3800 3818/3885/3818
f 3819/3886/3819 3818/3885/3818 3801/3867/3800
f 3801/3867/3800 3802/3868/3801 3819/3886/3819
f 3820/3887/3820 3819/3886/3819 3802/3868/3801
f 3802/3868/3801 3803/3869/3802 3820/3887/3820
f 3821/3888/3821 3820/3887/3820 3803/3869/3802
f 3803/3869/3802 3804/3870/3803 3821/3888/3821
f 3822/3889/3822 3821/3888/3821 3804/3870/3803
f 3804/3870/3803 3805/3871/3804 3822/3889/3822
f 3823/3890/3823 3822/3889/3822 3805/3871/3804
f 3805/3871/3804 3806/3872/3805 3823/3890/3823
f 3824/3891/3824 3823/3890/3823 3806/3872/3805
f 3806/3872/3805 3807/3873/3806 3824/3891/3824
f 3825/3892/3825 3824/3891/3824 3807/3873/3806
f 3807/3873/3806 3808/3874/3807 3825/3892/3825
f 3826/3893/3826 3825/3892/3825 3808/3874/3807
f 3808/3874/3807 3809/3875/3808 3826/3893/3826
f 3827/3894/3827 3826/3893/3826 3809/3875/3808
f 3809/3875/3808 3810/3876/3809 3827/3894/3827
f 3828/3895/3828 3827/3894/3827 3810/3876/3809
f 3810/3876/3809 3811/3877/3810 3828/3895/3828
f 3829/3896/3829 3828/3895/3828 3811/3877/3810
f 3811/3877/3810 3812/3878/3811 3829/3896/3829
f 3830/3897/3830 3829/3896/3829 3812/3878/3811
f 3812/3878/3811 3813/3879/3812 3830/3897/3830
f 3831/3898/3831 3830/3897/3830 3813/3879/3812
f 3813/3879/3812 166/883/860 3831/3898/3831
f 165/884/861 3831/3898/3831 166/883/860
f 430/2517/2463 6/2536/2482 582/3880/3813
f 582/3880/3813 3814/3881/3814 430/2517/2463
f 429/2499/2445 430/2517/2463 3814/3881/3814
f 3814/3881/3814 3815/3882/3815 429/2499/2445
f 428/2482/2428 429/2499/2445 3815/3882/3815
f 3815/3882/3815 3816/3883/3816 428/2482/2428
f 427/2466/2412 428/2482/2428 3816/3883/3816
f 3816/3883/3816 3817/3884/3817 427/2466/2412
f 426/2451/2397 427/2466/2412 3817/3884/3817
f 3817/3884/3817 3818/3885/3818 426/2451/2397
f 425/2437/2383 426/2451/2397 3818/3885/3818
f 3818/3885/3818 3819/3886/3819 425/2437/2383
f 424/2424/2370 425/2437/2383 3819/3886/3819
f 3819/3886/3819 3820/3887/3820 424/2424/2370
f 423/2412/2358 424/2424/2370 3820/3887/3820
f 3820/3887/3820 3821/3888/3821 423/2412/2358
f 422/2401/2347 423/2412/2358 3821/3888/3821
f 3821/3888/3821 3822/3889/3822 422/2401/2347
f 421/2391/2337 422/2401/2347 3822/3889/3822
f 3822/3889/3822 3823/3890/3823 421/2391/2337
f 420/2382/2328 421/2391/2337 3823/3890/3823
f 3823/3890/3823 3824/3891/3824 420/2382/2328
f 419/2374/2320 420/2382/2328 3824/3891/3824
f 3824/3891/3824 3825/3892/3825 419/2374/2320
f 418/2367/2313 419/2374/2320 3825/3892/3825
f 3825/3892/3825 3826/3893/3826 418/2367/2313
f 417/2361/2307 418/2367/2313 3826/3893/3826
f 3826/3893/3826 3827/3894/3827 417/2361/2307
f 416/2356/2302 417/2361/2307 3827/3894/3827
f 3827/3894/3827 3828/3895/3828 416/2356/2302
f 415/2352/2298 416/2356/2302 3828/3895/3828
f 3828/3895/3828 3829/3896/3829 415/2352/2298
f 414/2349/2295 415/2352/2298 3829/3896/3829
f 3829/3896/3829 3830/3897/3830 414/2349/2295
f 413/2347/2293 414/2349/2295 3830/3897/3830
f 3830/3897/3830 3831/3898/3831 413/2347/2293
f 412/2346/2292 413/2347/2293 3831/3898/3831
f 3831/3898/3831 165/884/861 412/2346/2292
f 4/653/632 412/2346/2292 165/884/861
f 564/3709/3642 222/1086/1052 5/865/842
f 3832/3899/3832 223/1088/1054 222/1086/1052
f 222/1086/1052 564/3709/3642 3832/3899/3832
f 565/3710/3643 3832/3899/3832 564/3709/3642
f 3833/3900/3833 224/1091/1057 223/1088/1054
f 223/1088/1054 3832/3899/3832 3833/3900/3833
f 3834/3901/3834 3833/3900/3833 3832/3899/3832
f 3832/3899/3832 565/3710/3643 3834/3901/3834
f 566/3712/3645 3834/3901/3834 565/3710/3643
f 3835/3902/3835 225/1095/1061 224/1091/1057
f 224/1091/1057 3833/3900/3833 3835/3902/3835
f 3836/3903/3836 3835/3902/3835 3833/3900/3833
f 3833/3900/3833 3834/3901/3834 3836/3903/3836
f 3837/3904/3837 3836/3903/3836 3834/3901/3834
f 3834/3901/3834 566/3712/3645 3837/3904/3837
f 567/3715/3648 3837/3904/3837 566/3712/3645
f 3838/3905/3838 226/1100/1066 225/1095/1061
f 225/1095/1061 3835/3902/3835 3838/3905/3838
f 3839/3906/3839 3838/3905/3838 3835/3902/3835
f 3835/3902/3835 3836/3903/3836 3839/3906/3839
f 3840/3907/3840 3839/3906/3839 3836/3903/3836
f 3836/3903/3836 3837/3904/3837 3840/3907/3840
f 3841/3908/3841 3840/3907/3840 3837/3904/3837
f 3837/3904/3837 567/3715/3648 3841/3908/3841
f 568/3719/3652 3841/3908/3841 567/3715/3648
f 3842/3909/3842 227/1106/1072 226/1100/1066
f 226/1100/1066 3838/3905/3838 3842/3909/3842
f 3843/3910/3843 3842/3909/3842 3838/3905/3838
f 3838/3905/3838 3839/3906/3839 3843/3910/3843
f 3844/3911/3844 3843/3910/3843 3839/3906/3839
f 3839/3906/3839 3840/3907/3840 3844/3911/3844
f 3845/3912/3845 3844/3911/3844 3840/3907/3840
f 3840/3907/3840 3841/3908/3841 3845/3912/3845
f 3846/3913/3846 3845/3912/3845 3841/3908/3841
f 3841/3908/3841 568/3719/3652 3846/3913/3846
f 569/3724/3657 3846/3913/3846 568/3719/3652
f 3847/3914/3847 228/1113/1079 227/1106/1072
f 227/1106/1072 3842/3909/3842 3847/3914/3847
f 3848/3915/3848 3847/3914/3847 3842/3909/3842
f 3842/3909/3842 3843/3910/3843 3848/3915/3848
f 3849/3916/3849 3848/3915/3848 3843/3910/3843
f 3843/3910/3843 3844/3911/3844 3849/3916/3849
f 3850/3917/3850 3849/3916/3849 3844/3911/3844
f 3844/3911/3844 3845/3912/3845 3850/3917/3850
f 3851/3918/3851 3850/3917/3850 3845/3912/3845
f 3845/3912/3845 3846/3913/3846 3851/3918/3851
f 3852/3919/3852 3851/3918/3851 3846/3913/3846
f 3846/3913/3846 569/3724/3657 3852/3919/3852
f 570/3730/3663 3852/3919/3852 569/3724/3657
f 3853/3920/3853 229/1121/1087 228/1113/1079
f 228/1113/1079 3847/3914/3847 3853/3920/3853
f 3854/3921/3854 3853/3920/3853 3847/3914/3847
f 3847/3914/3847 3848/3915/3848 3854/3921/3854
f 3855/3922/3855 3854/3921/3854 3848/3915/3848
f 3848/3915/3848 3849/3916/3849 3855/3922/3855
f 3856/3923/3856 3855/3922/3855 3849/3916/3849
f 3849/3916/3849 3850/3917/3850 3856/3923/3856
f 3857/3924/3857 3856/3923/3856 3850/3917/3850
f 3850/3917/3850 3851/3918/3851 3857/3924/3857
f 3858/3925/3858 3857/3924/3857 3851/3918/3851
f 3851/3918/3851 3852/3919/3852 3858/3925/3858
f 3859/3926/3859 3858/3925/3858 3852/3919/3852
f 3852/3919/3852 570/3730/3663 3859/3926/3859
f 571/3737/3670 3859/3926/3859 570/3730/3663
f 3860/3927/3860 230/1130/1096 229/1121/1087
f 229/1121/1087 3853/3920/3853 3860/3927/3860
f 3861/3928/3861 3860/3927/3860 3853/3920/3853
f 3853/3920/3853 3854/3921/3854 3861/3928/3861
f 3862/3929/3862 3861/3928/3861 3854/3921/3854
f 3854/3921/3854 3855/3922/3855 3862/3929/3862
f 3863/3930/3863 3862/3929/3862 3855/3922/3855
f 3855/3922/3855 3856/3923/3856 3863/3930/3863
f 3864/3931/3864 3863/3930/3863 3856/3923/3856
f 3856/3923/3856 3857/3924/3857 3864/3931/3864
f 3865/3932/3865 3864/3931/3864 3857/3924/3857
f 3857/3924/3857 3858/3925/3858 3865/3932/3865
f 3866/3933/3866 3865/3932/3865 3858/3925/3858
f 3858/3925/3858 3859/3926/3859 3866/3933/3866
f 3867/3934/3867 3866/3933/3866 3859/3926/3859
f 3859/3926/3859 571/3737/3670 3867/3934/3867
f 572/3745/3678 3867/3934/3867 571/3737/3670
f 3868/3935/3868 231/1140/1106 230/1130/1096
f 230/1130/1096 3860/3927/3860 3868/3935/3868
f 3869/3936/3869 3868/3935/3868 3860/3927/3860
f 3860/3927/3860 3861/3928/3861 3869/3936/3869
f 3870/3937/3870 3869/3936/3869 3861/3928/3861
f 3861/3928/3861 3862/3929/3862 3870/3937/3870
f 3871/3938/3871 3870/3937/3870 3862/3929/3862
f 3862/3929/3862 3863/3930/3863 3871/3938/3871
f 3872/3939/3872 3871/3938/3871 3863/3930/3863
f 3863/3930/3863 3864/3931/3864 3872/3939/3872
f 3873/3940/3873 3872/3939/3872 3864/3931/3864
f 3864/3931/3864 3865/3932/3865 3873/3940/3873
f 3874/3941/3874 3873/3940/3873 3865/3932/3865
f 3865/3932/3865 3866/3933/3866 3874/3941/3874
f 3875/3942/3875 3874/3941/3874 3866/3933/3866
f 3866/3933/3866 3867/3934/3867 3875/3942/3875
f 3876/3943/3876 3875/3942/3875 3867/3934/3867
f 3867/3934/3867 572/3745/3678 3876/3943/3876
f 573/3754/3687 3876/3943/3876 572/3745/3678
f 3877/3944/3877 232/1151/1117 231/1140/1106
f 231/1140/1106 3868/3935/3868 3877/3944/3877
f 3878/3945/3878 3877/3944/3877 3868/3935/3868
f 3868/3935/3868 3869/3936/3869 3878/3945/3878
f 3879/3946/3879 3878/3945/3878 3869/3936/3869
f 3869/3936/3869 3870/3937/3870 3879/3946/3879
f 3880/3947/3880 3879/3946/3879 3870/3937/3870
f 3870/3937/3870 3871/3938/3871 3880/3947/3880
f 3881/3948/3881 3880/3947/3880 3871/3938/3871
f 3871/3938/3871 3872/3939/3872 3881/3948/3881
f 3882/3949/3882 3881/3948/3881 3872/3939/3872
f 3872/3939/3872 3873/3940/3873 3882/3949/3882
f 3883/3950/3883 3882/3949/3882 3873/3940/3873
f 3873/3940/3873 3874/3941/3874 3883/3950/3883
f 3884/3951/3884 3883/3950/3883 3874/3941/3874
f 3874/3941/3874 3875/3942/3875 3884/3951/3884
f 3885/3952/3885 3884/3951/3884 3875/3942/3875
f 3875/3942/3875 3876/3943/3876 3885/3952/3885
f 3886/3953/3886 3885/3952/3885 3876/3943/3876
f 3876/3943/3876 573/3754/3687 3886/3953/3886
f 574/3764/3697 3886/3953/3886 573/3754/3687
f 3887/3954/3887 233/1163/1129 232/1151/1117
f 232/1151/1117 3877/3944/3877 3887/3954/3887
f 3888/3955/3888 3887/3954/3887 3877/3944/3877
f 3877/3944/3877 3878/3945/3878 3888/3955/3888
f 3889/3956/3889 3888/3955/3888 3878/3945/3878
f 3878/3945/3878 3879/3946/3879 3889/3956/3889
f 3890/3957/3890 3889/3956/3889 3879/3946/3879
f 3879/3946/3879 3880/3947/3880 3890/3957/3890
f 3891/3958/3891 3890/3957/3890 3880/3947/3880
f 3880/3947/3880 3881/3948/3881 3891/3958/3891
f 3892/3959/3892 3891/3958/3891 3881/3948/3881
f 3881/3948/3881 3882/3949/3882 3892/3959/3892
f 3893/3960/3893 3892/3959/3892 3882/3949/3882
f 3882/3949/3882 3883/3950/3883 3893/3960/3893
f 3894/3961/3894 3893/3960/3893 3883/3950/3883
f 3883/3950/3883 3884/3951/3884 3894/3961/3894
f 3895/3962/3895 3894/3961/3894 3884/3951/3884
f 3884/3951/3884 3885/3952/3885 3895/3962/3895
f 3896/3963/3896 3895/3962/3895 3885/3952/3885
f 3885/3952/3885 3886/3953/3886 3896/3963/3896
f 3897/3964/3897 3896/3963/3896 3886/3953/3886
f 3886/3953/3886 574/3764/3697 3897/3964/3897
f 575/3775/3708 3897/3964/3897 574/3764/3697
f 3898/3965/3898 234/1176/1142 233/1163/1129
f 233/1163/1129 3887/3954/3887 3898/3965/3898
f 3899/3966/3899 3898/3965/3898 3887/3954/3887
f 3887/3954/3887 3888/3955/3888 3899/3966/3899
f 3900/3967/3900 3899/3966/3899 3888/3955/3888
f 3888/3955/3888 3889/3956/3889 3900/3967/3900
f 3901/3968/3901 3900/3967/3900 3889/3956/3889
f 3889/3956/3889 3890/3957/3890 3901/3968/3901
f 3902/3969/3902 3901/3968/3901 3890/3957/3890
f 3890/3957/3890 3891/3958/3891 3902/3969/3902
f 3903/3970/3903 3902/3969/3902 3891/3958/3891
f 3891/3958/3891 3892/3959/3892 3903/3970/3903
f 3904/3971/3904 3903/3970/3903 3892/3959/3892
f 3892/3959/3892 3893/3960/3893 3904/3971/3904
f 3905/3972/3905 3904/3971/3904 3893/3960/3893
f 3893/3960/3893 3894/3961/3894 3905/3972/3905
f 3906/3973/3906 3905/3972/3905 3894/3961/3894
f 3894/3961/3894 3895/3962/3895 3906/3973/3906
f 3907/3974/3907 3906/3973/3906 3895/3962/3895
f 3895/3962/3895 3896/3963/3896 3907/3974/3907
f 3908/3975/3908 3907/3974/3907 3896/3963/3896
f 3896/3963/3896 3897/3964/3897 3908/3975/3908
f 3909/3976/3909 3908/3975/3908 3897/3964/3897
f 3897/3964/3897 575/3775/3708 3909/3976/3909
f 576/3787/3720 3909/3976/3909 575/3775/3708
f 3910/3977/3910 235/1190/1156 234/1176/1142
f 234/1176/1142 3898/3965/3898 3910/3977/3910
f 3911/3978/3911 3910/3977/3910 3898/3965/3898
f 3898/3965/3898 3899/3966/3899 3911/3978/3911
f 3912/3979/3912 3911/3978/3911 3899/3966/3899
f 3899/3966/3899 3900/3967/3900 3912/3979/3912
f 3913/3980/3913 3912/3979/3912 3900/3967/3900
f 3900/3967/3900 3901/3968/3901 3913/3980/3913
f 3914/3981/3914 3913/3980/3913 3901/3968/3901
f 3901/3968/3901 3902/3969/3902 3914/3981/3914
f 3915/3982/3915 3914/3981/3914 3902/3969/3902
f 3902/3969/3902 3903/3970/3903 3915/3982/3915
f 3916/3983/3916 3915/3982/3915 3903/3970/3903
f 3903/3970/3903 3904/3971/3904 3916/3983/3916
f 3917/3984/3917 3916/3983/3916 3904/3971/3904
f 3904/3971/3904 3905/3972/3905 3917/3984/3917
f 3918/3985/3918 3917/3984/3917 3905/3972/3905
f 3905/3972/3905 3906/3973/3906 3918/3985/3918
f 3919/3986/3919 3918/3985/3918 3906/3973/3906
f 3906/3973/3906 3907/3974/3907 3919/3986/3919
f 3920/3987/3920 3919/3986/3919 3907/3974/3907
f 3907/3974/3907 3908/3975/3908 3920/3987/3920
f 3921/3988/3921 3920/3987/3920 3908/3975/3908
f 3908/3975/3908 3909/3976/3909 3921/3988/3921
f 3922/3989/3922 3921/3988/3921 3909/3976/3909
f 3909/3976/3909 576/3787/3720 3922/3989/3922
f 577/3800/3733 3922/3989/3922 576/3787/3720
f 3923/3990/3923 236/1205/1171 235/1190/1156
f 235/1190/1156 3910/3977/3910 3923/3990/3923
f 3924/3991/3924 3923/3990/3923 3910/3977/3910
f 3910/3977/3910 3911/3978/3911 3924/3991/3924
f 3925/3992/3925 3924/3991/3924 3911/3978/3911
f 3911/3978/3911 3912/3979/3912 3925/3992/3925
f 3926/3993/3926 3925/3992/3925 3912/3979/3912
f 3912/3979/3912 3913/3980/3913 3926/3993/3926
f 3927/3994/3927 3926/3993/3926 3913/3980/3913
f 3913/3980/3913 3914/3981/3914 3927/3994/3927
f 3928/3995/3928 3927/3994/3927 3914/3981/3914
f 3914/3981/3914 3915/3982/3915 3928/3995/3928
f 3929/3996/3929 3928/3995/3928 3915/3982/3915
f 3915/3982/3915 3916/3983/3916 3929/3996/3929
f 3930/3997/3930 3929/3996/3929 3916/3983/3916
f 3916/3983/3916 3917/3984/3917 3930/3997/3930
f 3931/3998/3931 3930/3997/3930 3917/3984/3917
f 3917/3984/3917 3918/3985/3918 3931/3998/3931
f 3932/3999/3932 3931/3998/3931 3918/3985/3918
f 3918/3985/3918 3919/3986/3919 3932/3999/3932
f 3933/4000/3933 3932/3999/3932 3919/3986/3919
f 3919/3986/3919 3920/3987/3920 3933/4000/3933
f 3934/4001/3934 3933/4000/3933 3920/3987/3920
f 3920/3987/3920 3921/3988/3921 3934/4001/3934
f 3935/4002/3935 3934/4001/3934 3921/3988/3921
f 3921/3988/3921 3922/3989/3922 3935/4002/3935
f 3936/4003/3936 3935/4002/3935 3922/3989/3922
f 3922/3989/3922 577/3800/3733 3936/4003/3936
f 578/3814/3747 3936/4003/3936 577/3800/3733
f 3937/4004/3937 237/1221/1187 236/1205/1171
f 236/1205/1171 3923/3990/3923 3937/4004/3937
f 3938/4005/3938 3937/4004/3937 3923/3990/3923
f 3923/3990/3923 3924/3991/3924 3938/4005/3938
f 3939/4006/3939 3938/4005/3938 3924/3991/3924
f 3924/3991/3924 3925/3992/3925 3939/4006/3939
f 3940/4007/3940 3939/4006/3939 3925/3992/3925
f 3925/3992/3925 3926/3993/3926 3940/4007/3940
f 3941/4008/3941 3940/4007/3940 3926/3993/3926
f 3926/3993/3926 3927/3994/3927 3941/4008/3941
f 3942/4009/3942 3941/4008/3941 3927/3994/3927
f 3927/3994/3927 3928/3995/3928 3942/4009/3942
f 3943/4010/3943 3942/4009/3942 3928/3995/3928
f 3928/3995/3928 3929/3996/3929 3943/4010/3943
f 3944/4011/3944 3943/4010/3943 3929/3996/3929
f 3929/3996/3929 3930/3997/3930 3944/4011/3944
f 3945/4012/3945 3944/4011/3944 3930/3997/3930
f 3930/3997/3930 3931/3998/3931 3945/4012/3945
f 3946/4013/3946 3945/4012/3945 3931/3998/3931
f 3931/3998/3931 3932/3999/3932 3946/4013/3946
f 3947/4014/3947 3946/4013/3946 3932/3999/3932
f 3932/3999/3932 3933/4000/3933 3947/4014/3947
f 3948/4015/3948 3947/4014/3947 3933/4000/3933
f 3933/4000/3933 3934/4001/3934 3948/4015/3948
f 3949/4016/3949 3948/4015/3948 3934/4001/3934
f 3934/4001/3934 3935/4002/3935 3949/4016/3949
f 3950/4017/3950 3949/4016/3949 3935/4002/3935
f 3935/4002/3935 3936/4003/3936 3950/4017/3950
f 3951/4018/3951 3950/4017/3950 3936/4003/3936
f 3936/4003/3936 578/3814/3747 3951/4018/3951
f 579/3829/3762 3951/4018/3951 578/3814/3747
f 3952/4019/3952 238/1238/1204 237/1221/1187
f 237/1221/1187 3937/4004/3937 3952/4019/3952
f 3953/4020/3953 3952/4019/3952 3937/4004/3937
f 3937/4004/3937 3938/4005/3938 3953/4020/3953
f 3954/4021/3954 3953/4020/3953 3938/4005/3938
f 3938/4005/3938 3939/4006/3939 3954/4021/3954
f 3955/4022/3955 3954/4021/3954 3939/4006/3939
f 3939/4006/3939 3940/4007/3940 3955/4022/3955
f 3956/4023/3956 3955/4022/3955 3940/4007/3940
f 3940/4007/3940 3941/4008/3941 3956/4023/3956
f 3957/4024/3957 3956/4023/3956 3941/4008/3941
f 3941/4008/3941 3942/4009/3942 3957/4024/3957
f 3958/4025/3958 3957/4024/3957 3942/4009/3942
f 3942/4009/3942 3943/4010/3943 3958/4025/3958
f 3959/4026/3959 3958/4025/3958 3943/4010/3943
f 3943/4010/3943 3944/4011/3944 3959/4026/3959
f 3960/4027/3960 3959/4026/3959 3944/4011/3944
f 3944/4011/3944 3945/4012/3945 3960/4027/3960
f 3961/4028/3961 3960/4027/3960 3945/4012/3945
f 3945/4012/3945 3946/4013/3946 3961/4028/3961
f 3962/4029/3962 3961/4028/3961 3946/4013/3946
f 3946/4013/3946 3947/4014/3947 3962/4029/3962
f 3963/4030/3963 3962/4029/3962 3947/4014/3947
f 3947/4014/3947 3948/4015/3948 3963/4030/3963
f 3964/4031/3964 3963/4030/3963 3948/4015/3948
f 3948/4015/3948 3949/4016/3949 3964/4031/3964
f 3965/4032/3965 3964/4031/3964 3949/4016/3949
f 3949/4016/3949 3950/4017/3950 3965/4032/3965
f 3966/4033/3966 3965/4032/3965 3950/4017/3950
f 3950/4017/3950 3951/4018/3951 3966/4033/3966
f 3967/4034/3967 3966/4033/3966 3951/4018/3951
f 3951/4018/3951 579/3829/3762 3967/4034/3967
f 580/3845/3778 3967/4034/3967 579/3829/3762
f 3968/4035/3968 239/1256/1222 238/1238/1204
f 238/1238/1204 3952/4019/3952 3968/4035/3968
f 3969/4036/3969 3968/4035/3968 3952/4019/3952
f 3952/4019/3952 3953/4020/3953 3969/4036/3969
f 3970/4037/3970 3969/4036/3969 3953/4020/3953
f 3953/4020/3953 3954/4021/3954 3970/4037/3970
f 3971/4038/3971 3970/4037/3970 3954/4021/3954
f 3954/4021/3954 3955/4022/3955 3971/4038/3971
f 3972/4039/3972 3971/4038/3971 3955/4022/3955
f 3955/4022/3955 3956/4023/3956 3972/4039/3972
f 3973/4040/3973 3972/4039/3972 3956/4023/3956
f 3956/4023/3956 3957/4024/3957 3973/4040/3973
f 3974/4041/3974 3973/4040/3973 3957/4024/3957
f 3957/4024/3957 3958/4025/3958 3974/4041/3974
f 3975/4042/3975 3974/4041/3974 3958/4025/3958
f 3958/4025/3958 3959/4026/3959 3975/4042/3975
f 3976/4043/3976 3975/4042/3975 3959/4026/3959
f 3959/4026/3959 3960/4027/3960 3976/4043/3976
f 3977/4044/3977 3976/4043/3976 3960/4027/3960
f 3960/4027/3960 3961/4028/3961 3977/4044/3977
f 3978/4045/3978 3977/4044/3977 3961/4028/3961
f 3961/4028/3961 3962/4029/3962 3978/4045/3978
f 3979/4046/3979 3978/4045/3978 3962/4029/3962
f 3962/4029/3962 3963/4030/3963 3979/4046/3979
f 3980/4047/3980 3979/4046/3979 3963/4030/3963
f 3963/4030/3963 3964/4031/3964 3980/4047/3980
f 3981/4048/3981 3980/4047/3980 3964/4031/3964
f 3964/4031/3964 3965/4032/3965 3981/4048/3981
f 3982/4049/3982 3981/4048/3981 3965/4032/3965
f 3965/4032/3965 3966/4033/3966 3982/4049/3982
f 3983/4050/3983 3982/4049/3982 3966/4033/3966
f 3966/4033/3966 3967/4034/3967 3983/4050/3983
f 3984/4051/3984 3983/4050/3983 3967/4034/3967
f 3967/4034/3967 580/3845/3778 3984/4051/3984
f 581/3862/3795 3984/4051/3984 580/3845/3778
f 3985/4052/3985 240/1275/1241 239/1256/1222
f 239/1256/1222 3968/4035/3968 3985/4052/3985
f 3986/4053/3986 3985/4052/3985 3968/4035/3968
f 3968/4035/3968 3969/4036/3969 3986/4053/3986
f 3987/4054/3987 3986/4053/3986 3969/4036/3969
f 3969/4036/3969 3970/4037/3970 3987/4054/3987
f 3988/4055/3988 3987/4054/3987 3970/4037/3970
f 3970/4037/3970 3971/4038/3971 3988/4055/3988
f 3989/4056/3989 3988/4055/3988 3971/4038/3971
f 3971/4038/3971 3972/4039/3972 3989/4056/3989
f 3990/4057/3990 3989/4056/3989 3972/4039/3972
f 3972/4039/3972 3973/4040/3973 3990/4057/3990
f 3991/4058/3991 3990/4057/3990 3973/4040/3973
f 3973/4040/3973 3974/4041/3974 3991/4058/3991
f 3992/4059/3992 3991/4058/3991 3974/4041/3974
f 3974/4041/3974 3975/4042/3975 3992/4059/3992
f 3993/4060/3993 3992/4059/3992 3975/4042/3975
f 3975/4042/3975 3976/4043/3976 3993/4060/3993
f 3994/4061/3994 3993/4060/3993 3976/4043/3976
f 3976/4043/3976 3977/4044/3977 3994/4061/3994
f 3995/4062/3995 3994/4061/3994 3977/4044/3977
f 3977/4044/3977 3978/4045/3978 3995/4062/3995
f 3996/4063/3996 3995/4062/3995 3978/4045/3978
f 3978/4045/3978 3979/4046/3979 3996/4063/3996
f 3997/4064/3997 3996/4063/3996 3979/4046/3979
f 3979/4046/3979 3980/4047/3980 3997/4064/3997
f 3998/4065/3998 3997/4064/3997 3980/4047/3980
f 3980/4047/3980 3981/4048/3981 3998/4065/3998
f 3999/4066/3999 3998/4065/3998 3981/4048/3981
f 3981/4048/3981 3982/4049/3982 3999/4066/3999
f 4000/4067/4000 3999/4066/3999 3982/4049/3982
f 3982/4049/3982 3983/4050/3983 4000/4067/4000
f 4001/4068/4001 4000/4067/4000 3983/4050/3983
f 3983/4050/3983 3984/4051/3984 4001/4068/4001
f 4002/4069/4002 4001/4068/4001 3984/4051/3984
f 3984/4051/3984 581/3862/3795 4002/4069/4002
f 582/3880/3813 4002/4069/4002 581/3862/3795
f 487/2930/2863 7/1295/1261 240/1275/1241
f 240/1275/1241 3985/4052/3985 487/2930/2863
f 486/2912/2845 487/2930/2863 3985/4052/3985
f 3985/4052/3985 3986/4053/3986 486/2912/2845
f 485/2895/2828 486/2912/2845 3986/4053/3986
f 3986/4053/3986 3987/4054/3987 485/2895/2828
f 484/2879/2812 485/2895/2828 3987/4054/3987
f 3987/4054/3987 3988/4055/3988 484/2879/2812
f 483/2864/2797 484/2879/2812 3988/4055/3988
f 3988/4055/3988 3989/4056/3989 483/2864/2797
f 482/2850/2783 483/2864/2797 3989/4056/3989
f 3989/4056/3989 3990/4057/3990 482/2850/2783
f 481/2837/2770 482/2850/2783 3990/4057/3990
f 3990/4057/3990 3991/4058/3991 481/2837/2770
f 480/2825/2758 481/2837/2770 3991/4058/3991
f 3991/4058/3991 3992/4059/3992 480/2825/2758
f 479/2814/2747 480/2825/2758 3992/4059/3992
f 3992/4059/3992 3993/4060/3993 479/2814/2747
f 478/2804/2737 479/2814/2747 3993/4060/3993
f 3993/4060/3993 3994/4061/3994 478/2804/2737
f 477/2795/2728 478/2804/2737 3994/4061/3994
f 3994/4061/3994 3995/4062/3995 477/2795/2728
f 476/2787/2720 477/2795/2728 3995/4062/3995
f 3995/4062/3995 3996/4063/3996 476/2787/2720
f 475/2780/2713 476/2787/2720 3996/4063/3996
f 3996/4063/3996 3997/4064/3997 475/2780/2713
f 474/2774/2707 475/2780/2713 3997/4064/3997
f 3997/4064/3997 3998/4065/3998 474/2774/2707
f 473/2769/2702 474/2774/2707 3998/4065/3998
f 3998/4065/3998 3999/4066/3999 473/2769/2702
f 472/2765/2698 473/2769/2702 3999/4066/3999
f 3999/4066/3999 4000/4067/4000 472/2765/2698
f 471/2762/2695 472/2765/2698 4000/4067/4000
f 4000/4067/4000 4001/4068/4001 471/2762/2695
f 470/2760/2693 471/2762/2695 4001/4068/4001
f 4001/4068/4001 4002/4069/4002 470/2760/2693
f 469/2759/2692 470/2760/2693 4002/4069/4002
f 4002/4069/4002 582/3880/3813 469/2759/2692
f 6/2536/2482 469/2759/2692 582/3880/3813

